{
"type": "FeatureCollection",
"name": "geo_15_居宅介護支援",
"crs": { "type": "name", "properties": { "name": "urn:ogc:def:crs:OGC:1.3:CRS84" } },
"features": [
{ "type": "Feature", "properties": { "内容": "おやま居宅支援センター【居宅介護支援】新潟県新潟市北区木崎754", "url": "https://www.kaigokensaku.mhlw.go.jp/15/index.php?action_kouhyou_detail_004_kani=true&JigyosyoCd=1550180176-00&ServiceCd=430&Type=search", "url2": "http://www.aiko.or.jp" }, "geometry": { "type": "Point", "coordinates": [ 139.173014599999988, 37.9306468 ] } },
{ "type": "Feature", "properties": { "内容": "ケアプランセンターカナン【居宅介護支援】新潟県新潟市北区太子堂239番地", "url": "https://www.kaigokensaku.mhlw.go.jp/15/index.php?action_kouhyou_detail_004_kani=true&JigyosyoCd=1570107316-00&ServiceCd=430&Type=search", "url2": "http://www.canaan-nii.com/" }, "geometry": { "type": "Point", "coordinates": [ 139.165344900000036, 37.8887518 ] } },
{ "type": "Feature", "properties": { "内容": "加藤ケアマネ事務所【居宅介護支援】新潟県新潟市北区仏伝１３４番地１６", "url": "https://www.kaigokensaku.mhlw.go.jp/15/index.php?action_kouhyou_detail_004_kani=true&JigyosyoCd=1570113637-00&ServiceCd=430&Type=search", "url2": "http://butsuden.com" }, "geometry": { "type": "Point", "coordinates": [ 139.175098400000024, 37.9177233 ] } },
{ "type": "Feature", "properties": { "内容": "居宅介護支援事業所まつはま園【居宅介護支援】新潟県新潟市北区太夫浜１７４７番地", "url": "https://www.kaigokensaku.mhlw.go.jp/15/index.php?action_kouhyou_detail_004_kani=true&JigyosyoCd=1570100014-00&ServiceCd=430&Type=search", "url2": "http://matsuhamaen.com" }, "geometry": { "type": "Point", "coordinates": [ 139.154917699999942, 37.953850100000011 ] } },
{ "type": "Feature", "properties": { "内容": "ケアプランセンターやまのうえ【居宅介護支援】新潟県新潟市北区松浜1丁目1番地6", "url": "https://www.kaigokensaku.mhlw.go.jp/15/index.php?action_kouhyou_detail_004_kani=true&JigyosyoCd=1570115921-00&ServiceCd=430&Type=search", "url2": null }, "geometry": { "type": "Point", "coordinates": [ 139.1438851, 37.953013 ] } },
{ "type": "Feature", "properties": { "内容": "居宅介護支援事業所なぎさの里【居宅介護支援】新潟県新潟市北区島見町4524-13", "url": "https://www.kaigokensaku.mhlw.go.jp/15/index.php?action_kouhyou_detail_004_kani=true&JigyosyoCd=1570113934-00&ServiceCd=430&Type=search", "url2": "http://www.nagisanosato.sakura.ne.jp/" }, "geometry": { "type": "Point", "coordinates": [ 139.1871784, 37.9584108 ] } },
{ "type": "Feature", "properties": { "内容": "居宅介護支援事業所　新潟北愛宕の園【居宅介護支援】新潟県新潟市北区前新田甲74番地1特別養護老人ホーム　新潟北愛宕の園", "url": "https://www.kaigokensaku.mhlw.go.jp/15/index.php?action_kouhyou_detail_004_kani=true&JigyosyoCd=1570112522-00&ServiceCd=430&Type=search", "url2": "http://www.atago.or.jp/" }, "geometry": { "type": "Point", "coordinates": [ 139.2251463, 37.9103801 ] } },
{ "type": "Feature", "properties": { "内容": "はまべの里　居宅介護支援事業所【居宅介護支援】新潟県新潟市北区島見町2190番地", "url": "https://www.kaigokensaku.mhlw.go.jp/15/index.php?action_kouhyou_detail_004_kani=true&JigyosyoCd=1570102275-00&ServiceCd=430&Type=search", "url2": "http://www.saikake.com" }, "geometry": { "type": "Point", "coordinates": [ 139.201395400000024, 37.9716235 ] } },
{ "type": "Feature", "properties": { "内容": "在宅介護支援センター愛宕の園【居宅介護支援】新潟県新潟市北区松潟1510番地", "url": "https://www.kaigokensaku.mhlw.go.jp/15/index.php?action_kouhyou_detail_004_kani=true&JigyosyoCd=1570100378-00&ServiceCd=430&Type=search", "url2": "http://www.atago.or.jp/" }, "geometry": { "type": "Point", "coordinates": [ 139.173787035581995, 37.93023136231605 ] } },
{ "type": "Feature", "properties": { "内容": "まごころ居宅介護支援センター・松浜【居宅介護支援】新潟県新潟市北区神谷内５４番地２", "url": "https://www.kaigokensaku.mhlw.go.jp/15/index.php?action_kouhyou_detail_004_kani=true&JigyosyoCd=1570103208-00&ServiceCd=430&Type=search", "url2": null }, "geometry": { "type": "Point", "coordinates": [ 139.157862, 37.951878 ] } },
{ "type": "Feature", "properties": { "内容": "在宅介護支援センターほうせい園【居宅介護支援】新潟県新潟市北区葛塚618番地", "url": "https://www.kaigokensaku.mhlw.go.jp/15/index.php?action_kouhyou_detail_004_kani=true&JigyosyoCd=1570104321-00&ServiceCd=430&Type=search", "url2": "https://www.houseifukushikai.or.jp" }, "geometry": { "type": "Point", "coordinates": [ 139.213821300000063, 37.9320084 ] } },
{ "type": "Feature", "properties": { "内容": "在宅介護支援センターとよさか【居宅介護支援】新潟県新潟市北区石動1丁目11番地1号", "url": "https://www.kaigokensaku.mhlw.go.jp/15/index.php?action_kouhyou_detail_004_kani=true&JigyosyoCd=1570104347-00&ServiceCd=430&Type=search", "url2": "http://www.toyosaka-hospital.jp/" }, "geometry": { "type": "Point", "coordinates": [ 139.213788499999964, 37.9224926 ] } },
{ "type": "Feature", "properties": { "内容": "社会福祉法人新潟市社会福祉協議会　北区介護支援センター【居宅介護支援】新潟県新潟市北区東栄町1丁目1番35号", "url": "https://www.kaigokensaku.mhlw.go.jp/15/index.php?action_kouhyou_detail_004_kani=true&JigyosyoCd=1570104735-00&ServiceCd=430&Type=search", "url2": "https://www.syakyo-niigatacity.or.jp" }, "geometry": { "type": "Point", "coordinates": [ 139.221138200000041, 37.9140408 ] } },
{ "type": "Feature", "properties": { "内容": "アビラ大形　居宅介護支援事業所【居宅介護支援】新潟県新潟市東区一日市80番地", "url": "https://www.kaigokensaku.mhlw.go.jp/15/index.php?action_kouhyou_detail_004_kani=true&JigyosyoCd=1550180119-00&ServiceCd=430&Type=search", "url2": "https://www.avilla-ogata.com" }, "geometry": { "type": "Point", "coordinates": [ 139.134693199999987, 37.922292 ] } },
{ "type": "Feature", "properties": { "内容": "在宅介護支援センターあしぬま荘【居宅介護支援】新潟市東区下木戸2-28-16", "url": "https://www.kaigokensaku.mhlw.go.jp/15/index.php?action_kouhyou_detail_004_kani=true&JigyosyoCd=1570100055-00&ServiceCd=430&Type=search", "url2": "http://www.ashinuma.com" }, "geometry": { "type": "Point", "coordinates": [ 139.094909762132062, 37.928829806099294 ] } },
{ "type": "Feature", "properties": { "内容": "ケアプランセンター河渡の郷【居宅介護支援】新潟県新潟市東区河渡2丁目4番65号", "url": "https://www.kaigokensaku.mhlw.go.jp/15/index.php?action_kouhyou_detail_004_kani=true&JigyosyoCd=1570107183-00&ServiceCd=430&Type=search", "url2": "http://www.koudonosato.or.jp" }, "geometry": { "type": "Point", "coordinates": [ 139.098662, 37.9364232 ] } },
{ "type": "Feature", "properties": { "内容": "ケアプラン山王苑にいがた【居宅介護支援】新潟県新潟市東区海老ヶ瀬643", "url": "https://www.kaigokensaku.mhlw.go.jp/15/index.php?action_kouhyou_detail_004_kani=true&JigyosyoCd=1570106987-00&ServiceCd=430&Type=search", "url2": "http://www.ibaraduka.or.jp" }, "geometry": { "type": "Point", "coordinates": [ 139.1224664, 37.926410900000015 ] } },
{ "type": "Feature", "properties": { "内容": "株式会社　エヌ介護サービス　新潟東センター【居宅介護支援】新潟県新潟市東区太平３丁目１４番地１１", "url": "https://www.kaigokensaku.mhlw.go.jp/15/index.php?action_kouhyou_detail_004_kani=true&JigyosyoCd=1570107399-00&ServiceCd=430&Type=search", "url2": "https://n-kaigo.jp" }, "geometry": { "type": "Point", "coordinates": [ 139.113244900000041, 37.944802 ] } },
{ "type": "Feature", "properties": { "内容": "東中野山居宅支援センター【居宅介護支援】新潟県新潟市東区新岡山2丁目1番13号", "url": "https://www.kaigokensaku.mhlw.go.jp/15/index.php?action_kouhyou_detail_004_kani=true&JigyosyoCd=1570114221-00&ServiceCd=430&Type=search", "url2": "http://www.aiko.or.jp" }, "geometry": { "type": "Point", "coordinates": [ 139.120089399999983, 37.908418 ] } },
{ "type": "Feature", "properties": { "内容": "ケアプランあゆみより【居宅介護支援】新潟県新潟市東区海老ケ瀬４９４番地５", "url": "https://www.kaigokensaku.mhlw.go.jp/15/index.php?action_kouhyou_detail_004_kani=true&JigyosyoCd=1570115616-00&ServiceCd=430&Type=search", "url2": null }, "geometry": { "type": "Point", "coordinates": [ 139.125839425794993, 37.923118115187421 ] } },
{ "type": "Feature", "properties": { "内容": "ケアプラン柚子【居宅介護支援】新潟県新潟市東区一日市912番地", "url": "https://www.kaigokensaku.mhlw.go.jp/15/index.php?action_kouhyou_detail_004_kani=true&JigyosyoCd=1570116556-00&ServiceCd=430&Type=search", "url2": "https://www.luck1234.jp/" }, "geometry": { "type": "Point", "coordinates": [ 139.140114709262122, 37.925519105474798 ] } },
{ "type": "Feature", "properties": { "内容": "ケアプランセンターおり鶴【居宅介護支援】新潟県新潟市東区幸栄３丁目３番８号", "url": "https://www.kaigokensaku.mhlw.go.jp/15/index.php?action_kouhyou_detail_004_kani=true&JigyosyoCd=1570115640-00&ServiceCd=430&Type=search", "url2": null }, "geometry": { "type": "Point", "coordinates": [ 139.105086320866803, 37.943297633157286 ] } },
{ "type": "Feature", "properties": { "内容": "居宅介護支援事業所　大山台【居宅介護支援】新潟県新潟市東区大山２丁目１３番３４号", "url": "https://www.kaigokensaku.mhlw.go.jp/15/index.php?action_kouhyou_detail_004_kani=true&JigyosyoCd=1570116051-00&ServiceCd=430&Type=search", "url2": "https://www.atago.or.jp" }, "geometry": { "type": "Point", "coordinates": [ 139.078244092413939, 37.937031194980925 ] } },
{ "type": "Feature", "properties": { "内容": "ＳＯＭＰＯケア　新潟　居宅介護支援【居宅介護支援】新潟県新潟市東区紫竹５丁目２６番１号２F", "url": "https://www.kaigokensaku.mhlw.go.jp/15/index.php?action_kouhyou_detail_004_kani=true&JigyosyoCd=1570114486-00&ServiceCd=430&Type=search", "url2": null }, "geometry": { "type": "Point", "coordinates": [ 139.081160665117352, 37.906264301106873 ] } },
{ "type": "Feature", "properties": { "内容": "ケアプラン　カトウ【居宅介護支援】新潟県新潟市東区河渡１丁目４番２４号", "url": "https://www.kaigokensaku.mhlw.go.jp/15/index.php?action_kouhyou_detail_004_kani=true&JigyosyoCd=1570111789-00&ServiceCd=430&Type=search", "url2": null }, "geometry": { "type": "Point", "coordinates": [ 139.097720500000037, 37.9349344 ] } },
{ "type": "Feature", "properties": { "内容": "ケアプランセンター新潟東【居宅介護支援】新潟県新潟市東区紫竹７丁目８番１０号", "url": "https://www.kaigokensaku.mhlw.go.jp/15/index.php?action_kouhyou_detail_004_kani=true&JigyosyoCd=1570111805-00&ServiceCd=430&Type=search", "url2": null }, "geometry": { "type": "Point", "coordinates": [ 139.087187200000017, 37.9110168 ] } },
{ "type": "Feature", "properties": { "内容": "羽ばたきケアプランセンター【居宅介護支援】新潟県新潟市東区寺山3丁目32番21号", "url": "https://www.kaigokensaku.mhlw.go.jp/15/index.php?action_kouhyou_detail_004_kani=true&JigyosyoCd=1570111268-00&ServiceCd=430&Type=search", "url2": "https://www.friendland.or.jp/habatakicareplancenter" }, "geometry": { "type": "Point", "coordinates": [ 139.113300799999934, 37.9186058 ] } },
{ "type": "Feature", "properties": { "内容": "居宅介護支援事業所　新潟東愛宕の園【居宅介護支援】新潟県新潟市東区若葉町２丁目１７番４０号", "url": "https://www.kaigokensaku.mhlw.go.jp/15/index.php?action_kouhyou_detail_004_kani=true&JigyosyoCd=1570110997-00&ServiceCd=430&Type=search", "url2": "http://www.atago.or.jp/" }, "geometry": { "type": "Point", "coordinates": [ 139.116220800000065, 37.8996077 ] } },
{ "type": "Feature", "properties": { "内容": "カーネーションケアプランセンター【居宅介護支援】新潟県新潟市東区石山2丁目1-9ライフタウンB102号", "url": "https://www.kaigokensaku.mhlw.go.jp/15/index.php?action_kouhyou_detail_004_kani=true&JigyosyoCd=1570115962-00&ServiceCd=430&Type=search", "url2": null }, "geometry": { "type": "Point", "coordinates": [ 139.093375604893453, 37.897174725769865 ] } },
{ "type": "Feature", "properties": { "内容": "さくらメディカル株式会社　新潟東居宅介護支援事業所【居宅介護支援】新潟県新潟市東区竹尾2-19-7", "url": "https://www.kaigokensaku.mhlw.go.jp/15/index.php?action_kouhyou_detail_004_kani=true&JigyosyoCd=1570116010-00&ServiceCd=430&Type=search", "url2": "http://www.sakura-medical.com/" }, "geometry": { "type": "Point", "coordinates": [ 139.090675500000032, 37.9115966 ] } },
{ "type": "Feature", "properties": { "内容": "ケアサポート　夢プラン東【居宅介護支援】新潟県新潟市東区上木戸1丁目４－１２T&K上木戸", "url": "https://www.kaigokensaku.mhlw.go.jp/15/index.php?action_kouhyou_detail_004_kani=true&JigyosyoCd=1570115269-00&ServiceCd=430&Type=search", "url2": "http://www.folks-niigata.com" }, "geometry": { "type": "Point", "coordinates": [ 139.103059699999989, 37.9247333 ] } },
{ "type": "Feature", "properties": { "内容": "居宅介護支援センターいなほ下山【居宅介護支援】新潟県新潟市東区下山2丁目587番地1", "url": "https://www.kaigokensaku.mhlw.go.jp/15/index.php?action_kouhyou_detail_004_kani=true&JigyosyoCd=1570116259-00&ServiceCd=430&Type=search", "url2": "inahonosato.jp" }, "geometry": { "type": "Point", "coordinates": [ 139.1266181, 37.9483027 ] } },
{ "type": "Feature", "properties": { "内容": "シルバーサポート新潟店【居宅介護支援】新潟県新潟市東区紫竹卸新町1998番地1", "url": "https://www.kaigokensaku.mhlw.go.jp/15/index.php?action_kouhyou_detail_004_kani=true&JigyosyoCd=1570114460-00&ServiceCd=430&Type=search", "url2": "http://www.ramico.co.jp" }, "geometry": { "type": "Point", "coordinates": [ 139.0889403, 37.9060839 ] } },
{ "type": "Feature", "properties": { "内容": "ケアプランセンター愛広苑参番館【居宅介護支援】新潟県新潟市東区有楽２丁目１３番地８", "url": "https://www.kaigokensaku.mhlw.go.jp/15/index.php?action_kouhyou_detail_004_kani=true&JigyosyoCd=1570115459-00&ServiceCd=430&Type=search", "url2": null }, "geometry": { "type": "Point", "coordinates": [ 139.110208483114263, 37.938440935308535 ] } },
{ "type": "Feature", "properties": { "内容": "あかりケアプランセンター【居宅介護支援】新潟県新潟市東区空港西１丁目１番２号アルトベールⅠ　１０１号室", "url": "https://www.kaigokensaku.mhlw.go.jp/15/index.php?action_kouhyou_detail_004_kani=true&JigyosyoCd=1570115509-00&ServiceCd=430&Type=search", "url2": null }, "geometry": { "type": "Point", "coordinates": [ 139.091150746627051, 37.946077362276007 ] } },
{ "type": "Feature", "properties": { "内容": "ケアプランベストライフ【居宅介護支援】新潟県新潟市東区もえぎ野三丁目7番24号", "url": "https://www.kaigokensaku.mhlw.go.jp/15/index.php?action_kouhyou_detail_004_kani=true&JigyosyoCd=1570114841-00&ServiceCd=430&Type=search", "url2": null }, "geometry": { "type": "Point", "coordinates": [ 139.106084518846274, 37.894106577291886 ] } },
{ "type": "Feature", "properties": { "内容": "ぼたんやま居宅支援センター【居宅介護支援】新潟県新潟市東区牡丹山4丁目8番5号", "url": "https://www.kaigokensaku.mhlw.go.jp/15/index.php?action_kouhyou_detail_004_kani=true&JigyosyoCd=1570111573-00&ServiceCd=430&Type=search", "url2": null }, "geometry": { "type": "Point", "coordinates": [ 139.0942662, 37.9218882 ] } },
{ "type": "Feature", "properties": { "内容": "居宅介護支援センターケアシステム【居宅介護支援】新潟県新潟市東区山木戸5丁目25番18号", "url": "https://www.kaigokensaku.mhlw.go.jp/15/index.php?action_kouhyou_detail_004_kani=true&JigyosyoCd=1570113538-00&ServiceCd=430&Type=search", "url2": null }, "geometry": { "type": "Point", "coordinates": [ 139.088913531895003, 37.921048885464494 ] } },
{ "type": "Feature", "properties": { "内容": "逢谷内居宅介護支援センター【居宅介護支援】新潟県新潟市東区新松崎１丁目１番２号", "url": "https://www.kaigokensaku.mhlw.go.jp/15/index.php?action_kouhyou_detail_004_kani=true&JigyosyoCd=1570103042-00&ServiceCd=430&Type=search", "url2": "http://www.ogatafukushi.or.jp" }, "geometry": { "type": "Point", "coordinates": [ 139.115332314065313, 37.929562763008711 ] } },
{ "type": "Feature", "properties": { "内容": "ツクイ新潟石山【居宅介護支援】新潟県新潟市東区新石山4丁目7番地10", "url": "https://www.kaigokensaku.mhlw.go.jp/15/index.php?action_kouhyou_detail_004_kani=true&JigyosyoCd=1570110955-00&ServiceCd=430&Type=search", "url2": "https://www.tsukui.net" }, "geometry": { "type": "Point", "coordinates": [ 139.094851, 37.9016738 ] } },
{ "type": "Feature", "properties": { "内容": "居宅介護支援事業所なかの【居宅介護支援】新潟県新潟市東区粟山706番地1", "url": "https://www.kaigokensaku.mhlw.go.jp/15/index.php?action_kouhyou_detail_004_kani=true&JigyosyoCd=1570107696-00&ServiceCd=430&Type=search", "url2": "http://yuukikai.com" }, "geometry": { "type": "Point", "coordinates": [ 139.10073680000005, 37.89177116796656 ] } },
{ "type": "Feature", "properties": { "内容": "山の下ケアプラン【居宅介護支援】新潟県新潟市東区大山2丁目3-10", "url": "https://www.kaigokensaku.mhlw.go.jp/15/index.php?action_kouhyou_detail_004_kani=true&JigyosyoCd=1570105211-00&ServiceCd=430&Type=search", "url2": null }, "geometry": { "type": "Point", "coordinates": [ 139.076002600000038, 37.9365693 ] } },
{ "type": "Feature", "properties": { "内容": "ケアプラン　結い【居宅介護支援】新潟県新潟市東区紫竹7丁目27-9ウエルネス　０２　１０３", "url": "https://www.kaigokensaku.mhlw.go.jp/15/index.php?action_kouhyou_detail_004_kani=true&JigyosyoCd=1570106912-00&ServiceCd=430&Type=search", "url2": null }, "geometry": { "type": "Point", "coordinates": [ 139.085921871163947, 37.909290756882172 ] } },
{ "type": "Feature", "properties": { "内容": "居宅介護支援事業所　藍の杜【居宅介護支援】新潟県新潟市東区逢谷内467-1", "url": "https://www.kaigokensaku.mhlw.go.jp/15/index.php?action_kouhyou_detail_004_kani=true&JigyosyoCd=1570108223-00&ServiceCd=430&Type=search", "url2": "http://www.ito-c.com" }, "geometry": { "type": "Point", "coordinates": [ 139.118418200000036, 37.917182799999971 ] } },
{ "type": "Feature", "properties": { "内容": "河渡はじめ居宅支援室【居宅介護支援】新潟県新潟市東区河渡甲135番地7", "url": "https://www.kaigokensaku.mhlw.go.jp/15/index.php?action_kouhyou_detail_004_kani=true&JigyosyoCd=1570110187-00&ServiceCd=430&Type=search", "url2": null }, "geometry": { "type": "Point", "coordinates": [ 139.099748199045109, 37.949387765770425 ] } },
{ "type": "Feature", "properties": { "内容": "ケアプランセンター有楽園【居宅介護支援】新潟県新潟市東区有楽１丁目15-3", "url": "https://www.kaigokensaku.mhlw.go.jp/15/index.php?action_kouhyou_detail_004_kani=true&JigyosyoCd=1570100360-00&ServiceCd=430&Type=search", "url2": "https://yu-rakuen.jp" }, "geometry": { "type": "Point", "coordinates": [ 139.106675399999972, 37.93817880000001 ] } },
{ "type": "Feature", "properties": { "内容": "セコムケアセンター新潟【居宅介護支援】新潟県新潟市東区秋葉１-１-１５", "url": "https://www.kaigokensaku.mhlw.go.jp/15/index.php?action_kouhyou_detail_004_kani=true&JigyosyoCd=1570100188-00&ServiceCd=430&Type=search", "url2": null }, "geometry": { "type": "Point", "coordinates": [ 139.079337959382656, 37.940015133185895 ] } },
{ "type": "Feature", "properties": { "内容": "在宅介護支援センター　サンライフ中野山【居宅介護支援】新潟県新潟市東区中野山４－１６－１３", "url": "https://www.kaigokensaku.mhlw.go.jp/15/index.php?action_kouhyou_detail_004_kani=true&JigyosyoCd=1570100279-00&ServiceCd=430&Type=search", "url2": "http://care-net.biz/15/tokuei-1999/" }, "geometry": { "type": "Point", "coordinates": [ 139.103224157672116, 37.903820456906836 ] } },
{ "type": "Feature", "properties": { "内容": "新潟医療生活協同組合木戸病院【居宅介護支援】新潟県新潟市東区上木戸５丁目２番１号なじょも4号館１階　木戸病院居宅介護支援事業所", "url": "https://www.kaigokensaku.mhlw.go.jp/15/index.php?action_kouhyou_detail_004_kani=true&JigyosyoCd=1570101657-00&ServiceCd=430&Type=search", "url2": "http://najomo.iryo-coop.com" }, "geometry": { "type": "Point", "coordinates": [ 139.103000711006189, 37.920610070365043 ] } },
{ "type": "Feature", "properties": { "内容": "ケアプラン・クローバー【居宅介護支援】新潟県新潟市東区下木戸1-12-16", "url": "https://www.kaigokensaku.mhlw.go.jp/15/index.php?action_kouhyou_detail_004_kani=true&JigyosyoCd=1570116614-00&ServiceCd=430&Type=search", "url2": null }, "geometry": { "type": "Point", "coordinates": [ 139.092367699999983, 37.9261935 ] } },
{ "type": "Feature", "properties": { "内容": "有限会社　きゃすと【居宅介護支援】新潟県新潟市東区有楽２丁目３番地２", "url": "https://www.kaigokensaku.mhlw.go.jp/15/index.php?action_kouhyou_detail_004_kani=true&JigyosyoCd=1570101905-00&ServiceCd=430&Type=search", "url2": null }, "geometry": { "type": "Point", "coordinates": [ 139.108086400000047, 37.9385983 ] } },
{ "type": "Feature", "properties": { "内容": "はあとふるあたご居宅介護支援センター新潟東【居宅介護支援】新潟県新潟市東区木工新町１０６６番地１新潟光商事ビル2階", "url": "https://www.kaigokensaku.mhlw.go.jp/15/index.php?action_kouhyou_detail_004_kani=true&JigyosyoCd=1570102705-00&ServiceCd=430&Type=search", "url2": "http://www.heartfull.jp" }, "geometry": { "type": "Point", "coordinates": [ 139.125814875021462, 37.935009596451138 ] } },
{ "type": "Feature", "properties": { "内容": "桑名病院【居宅介護支援】新潟県新潟市東区河渡甲140番地", "url": "https://www.kaigokensaku.mhlw.go.jp/15/index.php?action_kouhyou_detail_004_kani=true&JigyosyoCd=1570102770-00&ServiceCd=430&Type=search", "url2": "http://www.ngt-kuwana.or.jp/" }, "geometry": { "type": "Point", "coordinates": [ 139.100814200000059, 37.9489804 ] } },
{ "type": "Feature", "properties": { "内容": "居宅介護支援事業所　臨港病院【居宅介護支援】新潟県新潟市東区桃山町1-114-3", "url": "https://www.kaigokensaku.mhlw.go.jp/15/index.php?action_kouhyou_detail_004_kani=true&JigyosyoCd=1570102903-00&ServiceCd=430&Type=search", "url2": null }, "geometry": { "type": "Point", "coordinates": [ 139.076441100000011, 37.9457603 ] } },
{ "type": "Feature", "properties": { "内容": "まごころ居宅介護支援センター木戸【居宅介護支援】新潟県新潟市東区上木戸４－７－１１", "url": "https://www.kaigokensaku.mhlw.go.jp/15/index.php?action_kouhyou_detail_004_kani=true&JigyosyoCd=1570103216-00&ServiceCd=430&Type=search", "url2": null }, "geometry": { "type": "Point", "coordinates": [ 139.101613, 37.9185943 ] } },
{ "type": "Feature", "properties": { "内容": "アレック北栄　新潟東【居宅介護支援】新潟県新潟市東区船江町２－５－１５", "url": "https://www.kaigokensaku.mhlw.go.jp/15/index.php?action_kouhyou_detail_004_kani=true&JigyosyoCd=1570105906-00&ServiceCd=430&Type=search", "url2": "http://www.alec-hokuei.co.jp" }, "geometry": { "type": "Point", "coordinates": [ 139.098411400000032, 37.9538855 ] } },
{ "type": "Feature", "properties": { "内容": "ちいきてらす居宅介護支援センター【居宅介護支援】新潟県新潟市中央区西堀通5番町855番地5フロンティア古町ビル５階", "url": "https://www.kaigokensaku.mhlw.go.jp/15/index.php?action_kouhyou_detail_004_kani=true&JigyosyoCd=1570116093-00&ServiceCd=430&Type=search", "url2": "https://www.chiiki-terrace.co.jp/" }, "geometry": { "type": "Point", "coordinates": [ 139.0420153, 37.9222451 ] } },
{ "type": "Feature", "properties": { "内容": "居宅介護支援事業所千歳園【居宅介護支援】新潟県新潟市中央区新光町１番地33", "url": "https://www.kaigokensaku.mhlw.go.jp/15/index.php?action_kouhyou_detail_004_kani=true&JigyosyoCd=1550180093-00&ServiceCd=430&Type=search", "url2": "http://www.nice-hp.or.jp/chitose/" }, "geometry": { "type": "Point", "coordinates": [ 139.024983300000031, 37.9047377 ] } },
{ "type": "Feature", "properties": { "内容": "居宅介護支援事業所　常陽会駅南【居宅介護支援】新潟県新潟市中央区南長潟8-12", "url": "https://www.kaigokensaku.mhlw.go.jp/15/index.php?action_kouhyou_detail_004_kani=true&JigyosyoCd=1570102812-00&ServiceCd=430&Type=search", "url2": "http://www.jyouyoukai.or.jp/" }, "geometry": { "type": "Point", "coordinates": [ 139.073844902207838, 37.88439629704321 ] } },
{ "type": "Feature", "properties": { "内容": "株式会社　エヌ介護サービス　新潟センター【居宅介護支援】新潟県新潟市中央区鳥屋野462番地２", "url": "https://www.kaigokensaku.mhlw.go.jp/15/index.php?action_kouhyou_detail_004_kani=true&JigyosyoCd=1570101616-00&ServiceCd=430&Type=search", "url2": "https://n-kaigo.jp" }, "geometry": { "type": "Point", "coordinates": [ 139.037922200000025, 37.8870543 ] } },
{ "type": "Feature", "properties": { "内容": "特定非営利活動法人　新潟介護予防協会　ケアサービス西海岸【居宅介護支援】新潟県新潟市中央区白山浦２丁目１８６番地５コーポ糸きんA１０６号", "url": "https://www.kaigokensaku.mhlw.go.jp/15/index.php?action_kouhyou_detail_004_kani=true&JigyosyoCd=1570107019-00&ServiceCd=430&Type=search", "url2": null }, "geometry": { "type": "Point", "coordinates": [ 139.029729017057775, 37.913955727274789 ] } },
{ "type": "Feature", "properties": { "内容": "できじま居宅支援センター【居宅介護支援】新潟県新潟市中央区東出来島1番30号", "url": "https://www.kaigokensaku.mhlw.go.jp/15/index.php?action_kouhyou_detail_004_kani=true&JigyosyoCd=1570114700-00&ServiceCd=430&Type=search", "url2": "https://www.aiko.or.jp/" }, "geometry": { "type": "Point", "coordinates": [ 139.029913152387707, 37.903510525085217 ] } },
{ "type": "Feature", "properties": { "内容": "ケアプランかがやき【居宅介護支援】新潟県新潟市中央区鐙３丁目１３番１９号", "url": "https://www.kaigokensaku.mhlw.go.jp/15/index.php?action_kouhyou_detail_004_kani=true&JigyosyoCd=1570113009-00&ServiceCd=430&Type=search", "url2": "http://hp.kaipoke.biz/apu/" }, "geometry": { "type": "Point", "coordinates": [ 139.073155199999974, 37.9056307 ] } },
{ "type": "Feature", "properties": { "内容": "ベストライフ新潟居宅介護支援事業所【居宅介護支援】新潟県新潟市中央区米山4-10-12ベストライフ新潟", "url": "https://www.kaigokensaku.mhlw.go.jp/15/index.php?action_kouhyou_detail_004_kani=true&JigyosyoCd=1570116549-00&ServiceCd=430&Type=search", "url2": "http://bestlife.jp" }, "geometry": { "type": "Point", "coordinates": [ 139.0603671, 37.9045174 ] } },
{ "type": "Feature", "properties": { "内容": "在宅介護支援センター　東新潟病院【居宅介護支援】新潟県新潟市中央区姥ヶ山２７４番地１", "url": "https://www.kaigokensaku.mhlw.go.jp/15/index.php?action_kouhyou_detail_004_kani=true&JigyosyoCd=1570100071-00&ServiceCd=430&Type=search", "url2": "http://www.higashi-niigata-hp.or.jp" }, "geometry": { "type": "Point", "coordinates": [ 139.079772300000059, 37.8847663 ] } },
{ "type": "Feature", "properties": { "内容": "さくらメディカル株式会社　新潟みなと居宅介護支援事業所【居宅介護支援】新潟県新潟市中央区東堀前通11番町1771-1アイエスビル1階", "url": "https://www.kaigokensaku.mhlw.go.jp/15/index.php?action_kouhyou_detail_004_kani=true&JigyosyoCd=1570112894-00&ServiceCd=430&Type=search", "url2": "http://www.sakura-medical.com/" }, "geometry": { "type": "Point", "coordinates": [ 139.047215710416026, 37.92783713137549 ] } },
{ "type": "Feature", "properties": { "内容": "さくらメディカル株式会社　新潟居宅介護支援事業所【居宅介護支援】新潟県新潟市中央区上沼393-3", "url": "https://www.kaigokensaku.mhlw.go.jp/15/index.php?action_kouhyou_detail_004_kani=true&JigyosyoCd=1570103000-00&ServiceCd=430&Type=search", "url2": "http://www.sakura-medical.com/" }, "geometry": { "type": "Point", "coordinates": [ 139.03559925828381, 37.883124535791104 ] } },
{ "type": "Feature", "properties": { "内容": "本町ケアプラン【居宅介護支援】新潟県新潟市中央区有明大橋町6番18号本町調剤薬局　せきや店２階", "url": "https://www.kaigokensaku.mhlw.go.jp/15/index.php?action_kouhyou_detail_004_kani=true&JigyosyoCd=1570113827-00&ServiceCd=430&Type=search", "url2": null }, "geometry": { "type": "Point", "coordinates": [ 139.010176199999933, 37.903554 ] } },
{ "type": "Feature", "properties": { "内容": "ケアプランセンターのぞみ【居宅介護支援】新潟県新潟市中央区南万代町13番9号", "url": "https://www.kaigokensaku.mhlw.go.jp/15/index.php?action_kouhyou_detail_004_kani=true&JigyosyoCd=1570114551-00&ServiceCd=430&Type=search", "url2": null }, "geometry": { "type": "Point", "coordinates": [ 139.055961364418096, 37.911932264581552 ] } },
{ "type": "Feature", "properties": { "内容": "居宅介護支援事業所柳都の杜【居宅介護支援】新潟県新潟市中央区四ツ屋町3丁目5116番地1", "url": "https://www.kaigokensaku.mhlw.go.jp/15/index.php?action_kouhyou_detail_004_kani=true&JigyosyoCd=1570115806-00&ServiceCd=430&Type=search", "url2": "https://yuukikai.com/" }, "geometry": { "type": "Point", "coordinates": [ 139.048039357672138, 37.934630991794855 ] } },
{ "type": "Feature", "properties": { "内容": "サニーライフ新潟紫竹山　居宅介護支援事業所【居宅介護支援】新潟県新潟市中央区紫竹山5丁目9番16号サニーライフ新潟紫竹山", "url": "https://www.kaigokensaku.mhlw.go.jp/15/index.php?action_kouhyou_detail_004_kani=true&JigyosyoCd=1570115996-00&ServiceCd=430&Type=search", "url2": "https://www.sunnylife-group.co.jp" }, "geometry": { "type": "Point", "coordinates": [ 139.0702193, 37.8994925 ] } },
{ "type": "Feature", "properties": { "内容": "ツクイ・サンフォレスト新潟山潟【居宅介護支援】新潟県新潟市中央区長潟1204番地1", "url": "https://www.kaigokensaku.mhlw.go.jp/15/index.php?action_kouhyou_detail_004_kani=true&JigyosyoCd=1570113462-00&ServiceCd=430&Type=search", "url2": "https:www.tsukui.net" }, "geometry": { "type": "Point", "coordinates": [ 139.066276600000037, 37.883640900000032 ] } },
{ "type": "Feature", "properties": { "内容": "ケアプラン　ほたる【居宅介護支援】新潟県新潟市中央区横七番町通５丁目４６９４番地", "url": "https://www.kaigokensaku.mhlw.go.jp/15/index.php?action_kouhyou_detail_004_kani=true&JigyosyoCd=1570113066-00&ServiceCd=430&Type=search", "url2": "http://hotaru.niigata-kaigo.jp/" }, "geometry": { "type": "Point", "coordinates": [ 139.053496499999937, 37.934385 ] } },
{ "type": "Feature", "properties": { "内容": "ケアプランみつや【居宅介護支援】新潟県新潟市中央区三和町５－３ハイツ居村１０３号", "url": "https://www.kaigokensaku.mhlw.go.jp/15/index.php?action_kouhyou_detail_004_kani=true&JigyosyoCd=1570114783-00&ServiceCd=430&Type=search", "url2": null }, "geometry": { "type": "Point", "coordinates": [ 139.062314499999957, 37.9227323 ] } },
{ "type": "Feature", "properties": { "内容": "あさがお居宅介護支援事務所【居宅介護支援】新潟県新潟市中央区春日町１１番３号清野アパート102", "url": "https://www.kaigokensaku.mhlw.go.jp/15/index.php?action_kouhyou_detail_004_kani=true&JigyosyoCd=1570115368-00&ServiceCd=430&Type=search", "url2": null }, "geometry": { "type": "Point", "coordinates": [ 139.054902407040629, 37.913326436966997 ] } },
{ "type": "Feature", "properties": { "内容": "あずさの樹【居宅介護支援】新潟県新潟市中央区西堀通10番町1632番地", "url": "https://www.kaigokensaku.mhlw.go.jp/15/index.php?action_kouhyou_detail_004_kani=true&JigyosyoCd=1570112704-00&ServiceCd=430&Type=search", "url2": null }, "geometry": { "type": "Point", "coordinates": [ 139.045339000663745, 37.928903914246135 ] } },
{ "type": "Feature", "properties": { "内容": "居宅介護支援事業所江東園【居宅介護支援】新潟県新潟市中央区姥ケ山359番地1", "url": "https://www.kaigokensaku.mhlw.go.jp/15/index.php?action_kouhyou_detail_004_kani=true&JigyosyoCd=1570110443-00&ServiceCd=430&Type=search", "url2": "https://www.koutouen.jp/" }, "geometry": { "type": "Point", "coordinates": [ 139.081730015552722, 37.886140265389059 ] } },
{ "type": "Feature", "properties": { "内容": "萬代やすらぎケアセンター【居宅介護支援】新潟県新潟市中央区東大通1丁目８番１０号", "url": "https://www.kaigokensaku.mhlw.go.jp/15/index.php?action_kouhyou_detail_004_kani=true&JigyosyoCd=1570109445-00&ServiceCd=430&Type=search", "url2": "https://www.niigata-jikeikai.jp" }, "geometry": { "type": "Point", "coordinates": [ 139.062913500000036, 37.9156987 ] } },
{ "type": "Feature", "properties": { "内容": "居宅介護支援事業所きずな【居宅介護支援】新潟県新潟市中央区礎町通上１ノ町1931番地3", "url": "https://www.kaigokensaku.mhlw.go.jp/15/index.php?action_kouhyou_detail_004_kani=true&JigyosyoCd=1570109957-00&ServiceCd=430&Type=search", "url2": "http://www.ra-pport.co.jp" }, "geometry": { "type": "Point", "coordinates": [ 139.049281, 37.9195117 ] } },
{ "type": "Feature", "properties": { "内容": "居宅介護支援センター　グッドスマイル【居宅介護支援】新潟県新潟市中央区網川原1丁目9番12号ツインハウスB棟１０１号室", "url": "https://www.kaigokensaku.mhlw.go.jp/15/index.php?action_kouhyou_detail_004_kani=true&JigyosyoCd=1570111185-00&ServiceCd=430&Type=search", "url2": "http://www.gs-ni.com" }, "geometry": { "type": "Point", "coordinates": [ 139.022564198440904, 37.894625658152258 ] } },
{ "type": "Feature", "properties": { "内容": "ウイング関屋居宅介護支援事業所【居宅介護支援】新潟県新潟市中央区関屋下川原町1丁目６７６番地１", "url": "https://www.kaigokensaku.mhlw.go.jp/15/index.php?action_kouhyou_detail_004_kani=true&JigyosyoCd=1570109338-00&ServiceCd=430&Type=search", "url2": "http://www.maj.co.jp" }, "geometry": { "type": "Point", "coordinates": [ 139.026174907409626, 37.916197911531128 ] } },
{ "type": "Feature", "properties": { "内容": "ケアプラン・ラック【居宅介護支援】新潟県新潟市中央区浜浦町2丁目12番1号ジョイロードハマウラ104号", "url": "https://www.kaigokensaku.mhlw.go.jp/15/index.php?action_kouhyou_detail_004_kani=true&JigyosyoCd=1570109437-00&ServiceCd=430&Type=search", "url2": null }, "geometry": { "type": "Point", "coordinates": [ 139.0094755, 37.9098231 ] } },
{ "type": "Feature", "properties": { "内容": "ケアプランありす【居宅介護支援】新潟県新潟市中央区南笹口１丁目１３番２０コーポ田園１０２号", "url": "https://www.kaigokensaku.mhlw.go.jp/15/index.php?action_kouhyou_detail_004_kani=true&JigyosyoCd=1570109726-00&ServiceCd=430&Type=search", "url2": null }, "geometry": { "type": "Point", "coordinates": [ 139.0684171, 37.907138 ] } },
{ "type": "Feature", "properties": { "内容": "ゆうりん居宅介護支援センター【居宅介護支援】新潟県新潟市中央区紫竹山4丁目1番26号", "url": "https://www.kaigokensaku.mhlw.go.jp/15/index.php?action_kouhyou_detail_004_kani=true&JigyosyoCd=1570106292-00&ServiceCd=430&Type=search", "url2": "http://yuurin.niigata-kaigo.jp" }, "geometry": { "type": "Point", "coordinates": [ 139.07129180000004, 37.8983147 ] } },
{ "type": "Feature", "properties": { "内容": "医療法人恒仁会　在宅介護支援センター女池南風苑【居宅介護支援】新潟県新潟市中央区鳥屋野2009番地3", "url": "https://www.kaigokensaku.mhlw.go.jp/15/index.php?action_kouhyou_detail_004_kani=true&JigyosyoCd=1570100105-00&ServiceCd=430&Type=search", "url2": "http://www.niigataminami-hp.com/" }, "geometry": { "type": "Point", "coordinates": [ 139.031553991572082, 37.882922007488489 ] } },
{ "type": "Feature", "properties": { "内容": "介護老人保健施設　緑樹苑【居宅介護支援】新潟県新潟市中央区神道寺2丁目4番24号", "url": "https://www.kaigokensaku.mhlw.go.jp/15/index.php?action_kouhyou_detail_004_kani=true&JigyosyoCd=1550180028-00&ServiceCd=430&Type=search", "url2": "http://www.midori-gr.jp" }, "geometry": { "type": "Point", "coordinates": [ 139.056225, 37.897381700000018 ] } },
{ "type": "Feature", "properties": { "内容": "ロングライフ支援サポート【居宅介護支援】新潟県新潟市中央区有明大橋町3番25号NIC有明ビル2階", "url": "https://www.kaigokensaku.mhlw.go.jp/15/index.php?action_kouhyou_detail_004_kani=true&JigyosyoCd=1570109122-00&ServiceCd=430&Type=search", "url2": "http://longlife-niigata.com/" }, "geometry": { "type": "Point", "coordinates": [ 139.011527340683728, 37.904692460367698 ] } },
{ "type": "Feature", "properties": { "内容": "有限会社ケーワ【居宅介護支援】新潟県新潟市中央区湊町通2ﾉ町2645", "url": "https://www.kaigokensaku.mhlw.go.jp/15/index.php?action_kouhyou_detail_004_kani=true&JigyosyoCd=1570105435-00&ServiceCd=430&Type=search", "url2": null }, "geometry": { "type": "Point", "coordinates": [ 139.0517198, 37.9282824 ] } },
{ "type": "Feature", "properties": { "内容": "信越ユニオン株式会社ハンド・ハンド【居宅介護支援】新潟県新潟市中央区堀割町２番３０号", "url": "https://www.kaigokensaku.mhlw.go.jp/15/index.php?action_kouhyou_detail_004_kani=true&JigyosyoCd=1570103117-00&ServiceCd=430&Type=search", "url2": null }, "geometry": { "type": "Point", "coordinates": [ 139.009130579352131, 37.904808065322207 ] } },
{ "type": "Feature", "properties": { "内容": "介護支援センター　かりん【居宅介護支援】新潟県新潟市中央区南笹口1丁目1-30アメニティオアシス駅南　1Ｆ", "url": "https://www.kaigokensaku.mhlw.go.jp/15/index.php?action_kouhyou_detail_004_kani=true&JigyosyoCd=1570107738-00&ServiceCd=430&Type=search", "url2": "http://www.ss-karin.com/" }, "geometry": { "type": "Point", "coordinates": [ 139.065075337434337, 37.907994890221985 ] } },
{ "type": "Feature", "properties": { "内容": "居宅介護支援事業所るぴなす【居宅介護支援】新潟県新潟市中央区高志２丁目20番10号", "url": "https://www.kaigokensaku.mhlw.go.jp/15/index.php?action_kouhyou_detail_004_kani=true&JigyosyoCd=1570107928-00&ServiceCd=430&Type=search", "url2": "http://smc-kanwa.jp/" }, "geometry": { "type": "Point", "coordinates": [ 139.077153599999974, 37.8979991 ] } },
{ "type": "Feature", "properties": { "内容": "居宅介護支援事業所ヒロセの介護【居宅介護支援】新潟県新潟市中央区西堀前通5番町745-1", "url": "https://www.kaigokensaku.mhlw.go.jp/15/index.php?action_kouhyou_detail_004_kani=true&JigyosyoCd=1570107712-00&ServiceCd=430&Type=search", "url2": "http://www.hirose-kaigo.com/" }, "geometry": { "type": "Point", "coordinates": [ 139.042896519693699, 37.919370706983777 ] } },
{ "type": "Feature", "properties": { "内容": "ケアプランせせらぎ女池【居宅介護支援】新潟県新潟市中央区女池上山4丁目5番1号", "url": "https://www.kaigokensaku.mhlw.go.jp/15/index.php?action_kouhyou_detail_004_kani=true&JigyosyoCd=1570107225-00&ServiceCd=430&Type=search", "url2": "http://www.sanwameike.co.jp" }, "geometry": { "type": "Point", "coordinates": [ 139.0264644, 37.8929616 ] } },
{ "type": "Feature", "properties": { "内容": "在宅介護支援センター浜浦町【居宅介護支援】新潟県新潟市中央区浜浦町１丁目１８１番地３", "url": "https://www.kaigokensaku.mhlw.go.jp/15/index.php?action_kouhyou_detail_004_kani=true&JigyosyoCd=1570100139-00&ServiceCd=430&Type=search", "url2": "https://horikawa-clinic.com/" }, "geometry": { "type": "Point", "coordinates": [ 139.012381299999987, 37.9107591 ] } },
{ "type": "Feature", "properties": { "内容": "ケアプランセンターはなことば新潟【居宅介護支援】新潟県新潟市中央区鳥屋野３９８－１　２階", "url": "https://www.kaigokensaku.mhlw.go.jp/15/index.php?action_kouhyou_detail_004_kani=true&JigyosyoCd=1570113603-00&ServiceCd=430&Type=search", "url2": null }, "geometry": { "type": "Point", "coordinates": [ 139.036004324263018, 37.883558129285234 ] } },
{ "type": "Feature", "properties": { "内容": "在宅介護支援センターおもと園【居宅介護支援】新潟県新潟市中央区女池西2丁目6番25号", "url": "https://www.kaigokensaku.mhlw.go.jp/15/index.php?action_kouhyou_detail_004_kani=true&JigyosyoCd=1570100113-00&ServiceCd=430&Type=search", "url2": "http://jinsei-g.com/" }, "geometry": { "type": "Point", "coordinates": [ 139.035263843493226, 37.891031037316118 ] } },
{ "type": "Feature", "properties": { "内容": "ツクイ新潟神道寺【居宅介護支援】新潟県新潟市中央区神道寺1丁目１０番６号", "url": "https://www.kaigokensaku.mhlw.go.jp/15/index.php?action_kouhyou_detail_004_kani=true&JigyosyoCd=1570100337-00&ServiceCd=430&Type=search", "url2": "https://www.tsukui.net" }, "geometry": { "type": "Point", "coordinates": [ 139.055452799999983, 37.901327 ] } },
{ "type": "Feature", "properties": { "内容": "長潟スワンの里【居宅介護支援】新潟県新潟市中央区長潟1134番地1", "url": "https://www.kaigokensaku.mhlw.go.jp/15/index.php?action_kouhyou_detail_004_kani=true&JigyosyoCd=1570106235-00&ServiceCd=430&Type=search", "url2": "https://swan-partners.com/" }, "geometry": { "type": "Point", "coordinates": [ 139.067374323387185, 37.887056401164763 ] } },
{ "type": "Feature", "properties": { "内容": "ケアプラン康和園【居宅介護支援】新潟県新潟市中央区附船町一丁目４３７５番地１康和園別邸　笑顔の家　２階", "url": "https://www.kaigokensaku.mhlw.go.jp/15/index.php?action_kouhyou_detail_004_kani=true&JigyosyoCd=1570100220-00&ServiceCd=430&Type=search", "url2": "http://www.kouwaen.jp" }, "geometry": { "type": "Point", "coordinates": [ 139.055817216407121, 37.935485764864545 ] } },
{ "type": "Feature", "properties": { "内容": "合同会社　湊町矢島ケアマネ事務所【居宅介護支援】新潟県新潟市中央区本間町2丁目2598番地矢島呉服店2階", "url": "https://www.kaigokensaku.mhlw.go.jp/15/index.php?action_kouhyou_detail_004_kani=true&JigyosyoCd=1570108876-00&ServiceCd=430&Type=search", "url2": "http://yajima-keamane.net/" }, "geometry": { "type": "Point", "coordinates": [ 139.05009960000001, 37.927492800000017 ] } },
{ "type": "Feature", "properties": { "内容": "ニチイケアセンター新潟南【居宅介護支援】新潟県新潟市中央区鐙2丁目１４番21号", "url": "https://www.kaigokensaku.mhlw.go.jp/15/index.php?action_kouhyou_detail_004_kani=true&JigyosyoCd=1570105138-00&ServiceCd=430&Type=search", "url2": "http://www.nichiigakkan.co.jp" }, "geometry": { "type": "Point", "coordinates": [ 139.069975, 37.9040391 ] } },
{ "type": "Feature", "properties": { "内容": "共創みらいケアステーション新潟中央【居宅介護支援】新潟県新潟市中央区白山浦２丁目６４６番地１０７", "url": "https://www.kaigokensaku.mhlw.go.jp/15/index.php?action_kouhyou_detail_004_kani=true&JigyosyoCd=1570116747-00&ServiceCd=430&Type=search", "url2": "https://www.kyosomirai-carest.com/nigatachuo" }, "geometry": { "type": "Point", "coordinates": [ 139.029344, 37.9114495 ] } },
{ "type": "Feature", "properties": { "内容": "はあとふるあたご居宅介護支援センター柳都大橋【居宅介護支援】新潟県新潟市中央区新島町通3ノ町2284番地", "url": "https://www.kaigokensaku.mhlw.go.jp/15/index.php?action_kouhyou_detail_004_kani=true&JigyosyoCd=1570102622-00&ServiceCd=430&Type=search", "url2": "http://www.heartfull.jp" }, "geometry": { "type": "Point", "coordinates": [ 139.052325306915236, 37.924649384733527 ] } },
{ "type": "Feature", "properties": { "内容": "アースサポート新潟【居宅介護支援】新潟県新潟市中央区鐙1丁目4番28号", "url": "https://www.kaigokensaku.mhlw.go.jp/15/index.php?action_kouhyou_detail_004_kani=true&JigyosyoCd=1570102762-00&ServiceCd=430&Type=search", "url2": "http://www.earthsupport.co.jp" }, "geometry": { "type": "Point", "coordinates": [ 139.066091899999947, 37.9041167 ] } },
{ "type": "Feature", "properties": { "内容": "社会医療法人　新潟勤労者医療協会　ケアプランひだまり【居宅介護支援】新潟県新潟市中央区附船町1丁目４４１７－１７", "url": "https://www.kaigokensaku.mhlw.go.jp/15/index.php?action_kouhyou_detail_004_kani=true&JigyosyoCd=1570102887-00&ServiceCd=430&Type=search", "url2": "https://niigata-min.or.jp/funae/" }, "geometry": { "type": "Point", "coordinates": [ 139.055840699999948, 37.9347433 ] } },
{ "type": "Feature", "properties": { "内容": "ケアプランばんだい桜園【居宅介護支援】新潟県新潟市中央区幸西4丁目5番15号", "url": "https://www.kaigokensaku.mhlw.go.jp/15/index.php?action_kouhyou_detail_004_kani=true&JigyosyoCd=1570103273-00&ServiceCd=430&Type=search", "url2": "http://care-net.biz/15/bandaicare/" }, "geometry": { "type": "Point", "coordinates": [ 139.049456299999946, 37.9134679 ] } },
{ "type": "Feature", "properties": { "内容": "居宅介護支援事業関屋おもと園【居宅介護支援】新潟県新潟市中央区関屋大川前1丁目2番36号", "url": "https://www.kaigokensaku.mhlw.go.jp/15/index.php?action_kouhyou_detail_004_kani=true&JigyosyoCd=1570107621-00&ServiceCd=430&Type=search", "url2": "http://jinsei-g.com/" }, "geometry": { "type": "Point", "coordinates": [ 139.015292499999987, 37.9019322 ] } },
{ "type": "Feature", "properties": { "内容": "社会福祉法人新潟市社会福祉協議会中央区介護支援センター【居宅介護支援】新潟県新潟市中央区白山浦２丁目１８０番地３白新地区ふれあい福祉センター", "url": "https://www.kaigokensaku.mhlw.go.jp/15/index.php?action_kouhyou_detail_004_kani=true&JigyosyoCd=1570104669-00&ServiceCd=430&Type=search", "url2": "https://www.syakyo-niigatacity.or.jp" }, "geometry": { "type": "Point", "coordinates": [ 139.029731357672119, 37.914666414162944 ] } },
{ "type": "Feature", "properties": { "内容": "ALPHASさわやか苑鳥屋野ケアプランセンター【居宅介護支援】新潟県新潟市中央区小張木3丁目6番2号", "url": "https://www.kaigokensaku.mhlw.go.jp/15/index.php?action_kouhyou_detail_004_kani=true&JigyosyoCd=1570105963-00&ServiceCd=430&Type=search", "url2": "http://www.nmi-net.com/creamedicaux/" }, "geometry": { "type": "Point", "coordinates": [ 139.043030199999976, 37.8846102 ] } },
{ "type": "Feature", "properties": { "内容": "ケアプラン　つむぎ【居宅介護支援】新潟県新潟市江南区木津2丁目3番33号", "url": "https://www.kaigokensaku.mhlw.go.jp/15/index.php?action_kouhyou_detail_004_kani=true&JigyosyoCd=1570116606-00&ServiceCd=430&Type=search", "url2": null }, "geometry": { "type": "Point", "coordinates": [ 139.1327062, 37.8375672 ] } },
{ "type": "Feature", "properties": { "内容": "ケアプランｍｙ舞【居宅介護支援】新潟県新潟市江南区平賀７０番地", "url": "https://www.kaigokensaku.mhlw.go.jp/15/index.php?action_kouhyou_detail_004_kani=true&JigyosyoCd=1570114718-00&ServiceCd=430&Type=search", "url2": "https://sunlife-mai.com/" }, "geometry": { "type": "Point", "coordinates": [ 139.040955190023794, 37.843034762167754 ] } },
{ "type": "Feature", "properties": { "内容": "はあとふるあたご居宅介護支援センター慶寿苑【居宅介護支援】新潟県新潟市江南区俵柳176番地", "url": "https://www.kaigokensaku.mhlw.go.jp/15/index.php?action_kouhyou_detail_004_kani=true&JigyosyoCd=1570116267-00&ServiceCd=430&Type=search", "url2": "https://heartfull.jp" }, "geometry": { "type": "Point", "coordinates": [ 139.026860300000038, 37.8615482 ] } },
{ "type": "Feature", "properties": { "内容": "アイアイケアプラン居宅介護支援事業所【居宅介護支援】新潟県新潟市江南区曽野木二丁目１０番３３号", "url": "https://www.kaigokensaku.mhlw.go.jp/15/index.php?action_kouhyou_detail_004_kani=true&JigyosyoCd=1570114767-00&ServiceCd=430&Type=search", "url2": null }, "geometry": { "type": "Point", "coordinates": [ 139.041449699999987, 37.8633518 ] } },
{ "type": "Feature", "properties": { "内容": "ケアプラン　ゆきよし【居宅介護支援】新潟県新潟市江南区稲葉1-4-3ゆきよしクリニック内", "url": "https://www.kaigokensaku.mhlw.go.jp/15/index.php?action_kouhyou_detail_004_kani=true&JigyosyoCd=1570112977-00&ServiceCd=430&Type=search", "url2": "http://www.rnhj.jp/" }, "geometry": { "type": "Point", "coordinates": [ 139.11434797856964, 37.875761252400871 ] } },
{ "type": "Feature", "properties": { "内容": "トーク＆トークかめだケアプランセンター【居宅介護支援】新潟県新潟市江南区東本町5-6-1", "url": "https://www.kaigokensaku.mhlw.go.jp/15/index.php?action_kouhyou_detail_004_kani=true&JigyosyoCd=1570112589-00&ServiceCd=430&Type=search", "url2": "http://talkandtalk.jp/" }, "geometry": { "type": "Point", "coordinates": [ 139.109145300000023, 37.8696579 ] } },
{ "type": "Feature", "properties": { "内容": "ケアプラン　にじいろ【居宅介護支援】新潟県新潟市江南荻曽根４丁目４番８号", "url": "https://www.kaigokensaku.mhlw.go.jp/15/index.php?action_kouhyou_detail_004_kani=true&JigyosyoCd=1570114080-00&ServiceCd=430&Type=search", "url2": null }, "geometry": { "type": "Point", "coordinates": [ 139.098302131307946, 37.86617551964887 ] } },
{ "type": "Feature", "properties": { "内容": "あしたばケアプラン【居宅介護支援】新潟県新潟市江南区早通４丁目１番５３号", "url": "https://www.kaigokensaku.mhlw.go.jp/15/index.php?action_kouhyou_detail_004_kani=true&JigyosyoCd=1570109866-00&ServiceCd=430&Type=search", "url2": null }, "geometry": { "type": "Point", "coordinates": [ 139.087589200000025, 37.8601303 ] } },
{ "type": "Feature", "properties": { "内容": "有限会社　鈴の音【居宅介護支援】新潟県新潟市江南区所島２丁目2番57号", "url": "https://www.kaigokensaku.mhlw.go.jp/15/index.php?action_kouhyou_detail_004_kani=true&JigyosyoCd=1570105260-00&ServiceCd=430&Type=search", "url2": null }, "geometry": { "type": "Point", "coordinates": [ 139.116939300000013, 37.8628231 ] } },
{ "type": "Feature", "properties": { "内容": "在宅介護支援センター　にいがた恵風園【居宅介護支援】新潟県新潟市江南区鍋潟新田３８２番地", "url": "https://www.kaigokensaku.mhlw.go.jp/15/index.php?action_kouhyou_detail_004_kani=true&JigyosyoCd=1570100212-00&ServiceCd=430&Type=search", "url2": null }, "geometry": { "type": "Point", "coordinates": [ 139.0603238, 37.8725508 ] } },
{ "type": "Feature", "properties": { "内容": "特別養護老人ホーム　にいがた新生園　居宅介護支援事業所【居宅介護支援】新潟県新潟市江南区曽川甲1333番地1", "url": "https://www.kaigokensaku.mhlw.go.jp/15/index.php?action_kouhyou_detail_004_kani=true&JigyosyoCd=1570101830-00&ServiceCd=430&Type=search", "url2": "http://jinsei-g.com/" }, "geometry": { "type": "Point", "coordinates": [ 139.049157838992301, 37.867574663949526 ] } },
{ "type": "Feature", "properties": { "内容": "ケアプランりりふるLife【居宅介護支援】新潟県新潟市江南区荻曽根3-4-7アパートメントハウスキティ1", "url": "https://www.kaigokensaku.mhlw.go.jp/15/index.php?action_kouhyou_detail_004_kani=true&JigyosyoCd=1570116739-00&ServiceCd=430&Type=search", "url2": "https://reliful-life.com/" }, "geometry": { "type": "Point", "coordinates": [ 139.098212499999988, 37.867730099999989 ] } },
{ "type": "Feature", "properties": { "内容": "在宅介護支援センター横雲の里【居宅介護支援】新潟県新潟市江南区阿賀野１丁目２番１号", "url": "https://www.kaigokensaku.mhlw.go.jp/15/index.php?action_kouhyou_detail_004_kani=true&JigyosyoCd=1570104370-00&ServiceCd=430&Type=search", "url2": "http://nakakan.wix.com/nakakan" }, "geometry": { "type": "Point", "coordinates": [ 139.168382654631046, 37.832647295249714 ] } },
{ "type": "Feature", "properties": { "内容": "在宅介護支援センター　かめだ【居宅介護支援】新潟県新潟市江南区早通6丁目7番34号介護老人保健施設亀田園", "url": "https://www.kaigokensaku.mhlw.go.jp/15/index.php?action_kouhyou_detail_004_kani=true&JigyosyoCd=1570104396-00&ServiceCd=430&Type=search", "url2": "http://www.ijn.or.jp" }, "geometry": { "type": "Point", "coordinates": [ 139.08132, 37.8635908 ] } },
{ "type": "Feature", "properties": { "内容": "在宅介護支援センター　向陽の里【居宅介護支援】新潟県新潟市江南区亀田向陽2丁目6番1号", "url": "https://www.kaigokensaku.mhlw.go.jp/15/index.php?action_kouhyou_detail_004_kani=true&JigyosyoCd=1570104420-00&ServiceCd=430&Type=search", "url2": null }, "geometry": { "type": "Point", "coordinates": [ 139.111991900000021, 37.8782849 ] } },
{ "type": "Feature", "properties": { "内容": "在宅介護支援センターかめだなかの【居宅介護支援】新潟県新潟市江南区砂岡5丁目2番14号2", "url": "https://www.kaigokensaku.mhlw.go.jp/15/index.php?action_kouhyou_detail_004_kani=true&JigyosyoCd=1570104438-00&ServiceCd=430&Type=search", "url2": "http://yuukikai.com/roujin/kyotaku.html#k2" }, "geometry": { "type": "Point", "coordinates": [ 139.125283169975319, 37.862938664892674 ] } },
{ "type": "Feature", "properties": { "内容": "居宅介護支援センターいなほ【居宅介護支援】新潟県新潟市江南区大渕１１７７番地", "url": "https://www.kaigokensaku.mhlw.go.jp/15/index.php?action_kouhyou_detail_004_kani=true&JigyosyoCd=1570105278-00&ServiceCd=430&Type=search", "url2": "http://www.inahonosato.jp/" }, "geometry": { "type": "Point", "coordinates": [ 139.148073987271914, 37.895404373063165 ] } },
{ "type": "Feature", "properties": { "内容": "江南ケアプランセンター【居宅介護支援】新潟県新潟市江南区亀田向陽1丁目１番11号ニュー・ジーニアス向陽101号", "url": "https://www.kaigokensaku.mhlw.go.jp/15/index.php?action_kouhyou_detail_004_kani=true&JigyosyoCd=1570110740-00&ServiceCd=430&Type=search", "url2": "http://www.ej-welfare.jp" }, "geometry": { "type": "Point", "coordinates": [ 139.111015586508188, 37.875989949749922 ] } },
{ "type": "Feature", "properties": { "内容": "在宅介護支援センター大江山園【居宅介護支援】新潟県新潟市江南区大淵２７７番地", "url": "https://www.kaigokensaku.mhlw.go.jp/15/index.php?action_kouhyou_detail_004_kani=true&JigyosyoCd=1570100253-00&ServiceCd=430&Type=search", "url2": null }, "geometry": { "type": "Point", "coordinates": [ 139.144832400000041, 37.8919928 ] } },
{ "type": "Feature", "properties": { "内容": "居宅介護支援事業所さつきの里【居宅介護支援】新潟県新潟市秋葉区新津本町１丁目６番２５号", "url": "https://www.kaigokensaku.mhlw.go.jp/15/index.php?action_kouhyou_detail_004_kani=true&JigyosyoCd=1570109494-00&ServiceCd=430&Type=search", "url2": "http://ja-kagayaki.or.jp" }, "geometry": { "type": "Point", "coordinates": [ 139.1229, 37.7989106 ] } },
{ "type": "Feature", "properties": { "内容": "居宅介護支援事業所　藍の里【居宅介護支援】新潟県新潟市秋葉区市之瀬1030-1", "url": "https://www.kaigokensaku.mhlw.go.jp/15/index.php?action_kouhyou_detail_004_kani=true&JigyosyoCd=1570107688-00&ServiceCd=430&Type=search", "url2": "http://www.ito-c.com" }, "geometry": { "type": "Point", "coordinates": [ 139.07698240000002, 37.8326811 ] } },
{ "type": "Feature", "properties": { "内容": "居宅介護支援事業所　おぎかわ【居宅介護支援】新潟県新潟市秋葉区荻野町1番23号", "url": "https://www.kaigokensaku.mhlw.go.jp/15/index.php?action_kouhyou_detail_004_kani=true&JigyosyoCd=1570113900-00&ServiceCd=430&Type=search", "url2": null }, "geometry": { "type": "Point", "coordinates": [ 139.108389890679234, 37.829584929434894 ] } },
{ "type": "Feature", "properties": { "内容": "ケアプランセンターはさぎ【居宅介護支援】新潟県新潟市秋葉区七日町2186番地9特別養護老人ホームはさぎの里", "url": "https://www.kaigokensaku.mhlw.go.jp/15/index.php?action_kouhyou_detail_004_kani=true&JigyosyoCd=1570113702-00&ServiceCd=430&Type=search", "url2": "https://akiha.or.jp" }, "geometry": { "type": "Point", "coordinates": [ 139.143505799999957, 37.817237 ] } },
{ "type": "Feature", "properties": { "内容": "はあとふるあたご居宅介護支援センターあきは【居宅介護支援】新潟県新潟市秋葉区荻野町2番10号", "url": "https://www.kaigokensaku.mhlw.go.jp/15/index.php?action_kouhyou_detail_004_kani=true&JigyosyoCd=1570116531-00&ServiceCd=430&Type=search", "url2": "https://heartfull.jp" }, "geometry": { "type": "Point", "coordinates": [ 139.107274200000035, 37.8292914 ] } },
{ "type": "Feature", "properties": { "内容": "居宅介護支援いち庵【居宅介護支援】新潟県新潟市秋葉区東島2番地サングリラ102", "url": "https://www.kaigokensaku.mhlw.go.jp/15/index.php?action_kouhyou_detail_004_kani=true&JigyosyoCd=1570114296-00&ServiceCd=430&Type=search", "url2": null }, "geometry": { "type": "Point", "coordinates": [ 139.119150200000036, 37.7786544 ] } },
{ "type": "Feature", "properties": { "内容": "アースサポート新潟秋葉【居宅介護支援】新潟県新潟市秋葉区善道町2丁目13番5号", "url": "https://www.kaigokensaku.mhlw.go.jp/15/index.php?action_kouhyou_detail_004_kani=true&JigyosyoCd=1570113256-00&ServiceCd=430&Type=search", "url2": "http://www.earthsupport.co.jp" }, "geometry": { "type": "Point", "coordinates": [ 139.126224500000035, 37.8042212 ] } },
{ "type": "Feature", "properties": { "内容": "居宅介護支援事業所　花はな【居宅介護支援】新潟県新潟市秋葉区新津4528番地1", "url": "https://www.kaigokensaku.mhlw.go.jp/15/index.php?action_kouhyou_detail_004_kani=true&JigyosyoCd=1570111946-00&ServiceCd=430&Type=search", "url2": "https://hanahana-care.com/" }, "geometry": { "type": "Point", "coordinates": [ 139.113262099999929, 37.7893698 ] } },
{ "type": "Feature", "properties": { "内容": "ケアプラン　なでしこ【居宅介護支援】新潟県新潟市秋葉区美幸町２丁目１２番１号", "url": "https://www.kaigokensaku.mhlw.go.jp/15/index.php?action_kouhyou_detail_004_kani=true&JigyosyoCd=1570110385-00&ServiceCd=430&Type=search", "url2": null }, "geometry": { "type": "Point", "coordinates": [ 139.116230347595348, 37.803614284371406 ] } },
{ "type": "Feature", "properties": { "内容": "ケアプランかえつ【居宅介護支援】新潟県新潟市秋葉区東金沢1674番地1", "url": "https://www.kaigokensaku.mhlw.go.jp/15/index.php?action_kouhyou_detail_004_kani=true&JigyosyoCd=1570111318-00&ServiceCd=430&Type=search", "url2": null }, "geometry": { "type": "Point", "coordinates": [ 139.144627233204659, 37.802058628501854 ] } },
{ "type": "Feature", "properties": { "内容": "居宅介護支援事業所すずらん【居宅介護支援】新潟県新潟市秋葉区中野５丁目２番２７号", "url": "https://www.kaigokensaku.mhlw.go.jp/15/index.php?action_kouhyou_detail_004_kani=true&JigyosyoCd=1570110153-00&ServiceCd=430&Type=search", "url2": "http://www.s-suzuran.com" }, "geometry": { "type": "Point", "coordinates": [ 139.10573009999996, 37.8328597 ] } },
{ "type": "Feature", "properties": { "内容": "居宅介護支援事業所ループ田代【居宅介護支援】新潟県新潟市秋葉区中野４丁目１番７号", "url": "https://www.kaigokensaku.mhlw.go.jp/15/index.php?action_kouhyou_detail_004_kani=true&JigyosyoCd=1570106474-00&ServiceCd=430&Type=search", "url2": "http://www.loop-tashiro.jimdo.com" }, "geometry": { "type": "Point", "coordinates": [ 139.110271100000034, 37.831695200000041 ] } },
{ "type": "Feature", "properties": { "内容": "居宅介護支援事業所　ループ・ユーミー【居宅介護支援】新潟県新潟市秋葉区荻島1丁目5番4号", "url": "https://www.kaigokensaku.mhlw.go.jp/15/index.php?action_kouhyou_detail_004_kani=true&JigyosyoCd=1570106466-00&ServiceCd=430&Type=search", "url2": null }, "geometry": { "type": "Point", "coordinates": [ 139.120713817597988, 37.830715664055433 ] } },
{ "type": "Feature", "properties": { "内容": "ケアプランセンター結いの輪【居宅介護支援】新潟県新潟市秋葉区さつき野2丁目10番9号ハッピーライフピュア101号", "url": "https://www.kaigokensaku.mhlw.go.jp/15/index.php?action_kouhyou_detail_004_kani=true&JigyosyoCd=1570116622-00&ServiceCd=430&Type=search", "url2": null }, "geometry": { "type": "Point", "coordinates": [ 139.116208, 37.8102895 ] } },
{ "type": "Feature", "properties": { "内容": "ニチイケアセンターかわぐち【居宅介護支援】新潟県新潟市秋葉区川口138番地1", "url": "https://www.kaigokensaku.mhlw.go.jp/15/index.php?action_kouhyou_detail_004_kani=true&JigyosyoCd=1570104172-00&ServiceCd=430&Type=search", "url2": "http://www.nichiigakkan.co.jp" }, "geometry": { "type": "Point", "coordinates": [ 139.1179717, 37.8164449 ] } },
{ "type": "Feature", "properties": { "内容": "ケアプランセンターかんばら【居宅介護支援】新潟県新潟市秋葉区古田613番地1", "url": "https://www.kaigokensaku.mhlw.go.jp/15/index.php?action_kouhyou_detail_004_kani=true&JigyosyoCd=1570104206-00&ServiceCd=430&Type=search", "url2": "https://akiha.or.jp/" }, "geometry": { "type": "Point", "coordinates": [ 139.101786557147221, 37.790461739948526 ] } },
{ "type": "Feature", "properties": { "内容": "居宅介護支援事業所　真寿【居宅介護支援】新潟県新潟市秋葉区大鹿522番地", "url": "https://www.kaigokensaku.mhlw.go.jp/15/index.php?action_kouhyou_detail_004_kani=true&JigyosyoCd=1570104214-00&ServiceCd=430&Type=search", "url2": "https://www.hakuaijinshikai.com/inhomecare" }, "geometry": { "type": "Point", "coordinates": [ 139.098132299999946, 37.7953853 ] } },
{ "type": "Feature", "properties": { "内容": "居宅介護支援事業　こぐち苑【居宅介護支援】新潟県新潟市秋葉区小口443番地", "url": "https://www.kaigokensaku.mhlw.go.jp/15/index.php?action_kouhyou_detail_004_kani=true&JigyosyoCd=1570104230-00&ServiceCd=430&Type=search", "url2": "http://niitsu-fukushi.or.jp" }, "geometry": { "type": "Point", "coordinates": [ 139.149270699999988, 37.7690067 ] } },
{ "type": "Feature", "properties": { "内容": "居宅介護支援事業所日宝町【居宅介護支援】新潟県新潟市秋葉区日宝町５番２５号", "url": "https://www.kaigokensaku.mhlw.go.jp/15/index.php?action_kouhyou_detail_004_kani=true&JigyosyoCd=1570104164-00&ServiceCd=430&Type=search", "url2": "https://www.niitsu-mch.jp/about/facility/hihoucho/" }, "geometry": { "type": "Point", "coordinates": [ 139.126794199999949, 37.7968165 ] } },
{ "type": "Feature", "properties": { "内容": "居宅介護支援事業所ねんりん【居宅介護支援】新潟県新潟市秋葉区横川浜５０４番地１", "url": "https://www.kaigokensaku.mhlw.go.jp/15/index.php?action_kouhyou_detail_004_kani=true&JigyosyoCd=1570104362-00&ServiceCd=430&Type=search", "url2": "https://ryokkaen8.wixsite.com/home" }, "geometry": { "type": "Point", "coordinates": [ 139.072630767073065, 37.749413604624088 ] } },
{ "type": "Feature", "properties": { "内容": "在宅介護支援センターこすど蒼丘の里【居宅介護支援】新潟県新潟市秋葉区矢代田3092番地12", "url": "https://www.kaigokensaku.mhlw.go.jp/15/index.php?action_kouhyou_detail_004_kani=true&JigyosyoCd=1570104354-00&ServiceCd=430&Type=search", "url2": null }, "geometry": { "type": "Point", "coordinates": [ 139.1015367, 37.7538765 ] } },
{ "type": "Feature", "properties": { "内容": "株式会社ウェルケア新津居宅介護支援事業所【居宅介護支援】新潟県新潟市秋葉区善道町1-13-17", "url": "https://www.kaigokensaku.mhlw.go.jp/15/index.php?action_kouhyou_detail_004_kani=true&JigyosyoCd=1570105955-00&ServiceCd=430&Type=search", "url2": "http://www.wellcare.jp/" }, "geometry": { "type": "Point", "coordinates": [ 139.12439497539367, 37.805437987833606 ] } },
{ "type": "Feature", "properties": { "内容": "社会福祉法人新潟市社会福祉協議会　秋葉区介護支援センター【居宅介護支援】新潟県新潟市秋葉区新津本町4丁目1-25", "url": "https://www.kaigokensaku.mhlw.go.jp/15/index.php?action_kouhyou_detail_004_kani=true&JigyosyoCd=1570104719-00&ServiceCd=430&Type=search", "url2": "https://www.syakyo-niigatacity.or.jp" }, "geometry": { "type": "Point", "coordinates": [ 139.125373300000035, 37.7954364 ] } },
{ "type": "Feature", "properties": { "内容": "ケアプランあじかた【居宅介護支援】新潟県新潟市南区味方89番地3", "url": "https://www.kaigokensaku.mhlw.go.jp/15/index.php?action_kouhyou_detail_004_kani=true&JigyosyoCd=1570115178-00&ServiceCd=430&Type=search", "url2": "http://www.niigata-minamifukushi.or.jp/" }, "geometry": { "type": "Point", "coordinates": [ 139.008244600000012, 37.7735497 ] } },
{ "type": "Feature", "properties": { "内容": "ケアプランふくえい【居宅介護支援】新潟県新潟市南区上下諏訪木28番地2田村ハイツA", "url": "https://www.kaigokensaku.mhlw.go.jp/15/index.php?action_kouhyou_detail_004_kani=true&JigyosyoCd=1570116192-00&ServiceCd=430&Type=search", "url2": "https://goudoukaisyafukuei.webnode.jp/" }, "geometry": { "type": "Point", "coordinates": [ 139.0108008, 37.7577213 ] } },
{ "type": "Feature", "properties": { "内容": "居宅介護支援事業所翠風園【居宅介護支援】新潟県新潟市南区高井東２丁目１３番３３号", "url": "https://www.kaigokensaku.mhlw.go.jp/15/index.php?action_kouhyou_detail_004_kani=true&JigyosyoCd=1570114148-00&ServiceCd=430&Type=search", "url2": "http://www.suifuuen.jp" }, "geometry": { "type": "Point", "coordinates": [ 139.017829399999982, 37.799755 ] } },
{ "type": "Feature", "properties": { "内容": "居宅介護支援事業所白根そよ風の杜【居宅介護支援】新潟県新潟市南区能登535番地１", "url": "https://www.kaigokensaku.mhlw.go.jp/15/index.php?action_kouhyou_detail_004_kani=true&JigyosyoCd=1570112324-00&ServiceCd=430&Type=search", "url2": "https://yuukikai.com" }, "geometry": { "type": "Point", "coordinates": [ 139.020209565390047, 37.768154692211183 ] } },
{ "type": "Feature", "properties": { "内容": "居宅介護支援事業所うすい【居宅介護支援】新潟県新潟市南区高井東2丁目2番29号", "url": "https://www.kaigokensaku.mhlw.go.jp/15/index.php?action_kouhyou_detail_004_kani=true&JigyosyoCd=1570108462-00&ServiceCd=430&Type=search", "url2": "http://www.atago.or.jp/" }, "geometry": { "type": "Point", "coordinates": [ 139.018231103989564, 37.797976617327635 ] } },
{ "type": "Feature", "properties": { "内容": "しろね総合介護サービス【居宅介護支援】新潟県新潟市南区大通黄金4丁目14番地2白根大通病院内", "url": "https://www.kaigokensaku.mhlw.go.jp/15/index.php?action_kouhyou_detail_004_kani=true&JigyosyoCd=1570104255-00&ServiceCd=430&Type=search", "url2": "http://www.jojinkai.com/shirone/" }, "geometry": { "type": "Point", "coordinates": [ 139.0196469, 37.8232135 ] } },
{ "type": "Feature", "properties": { "内容": "老人介護支援センターしなの園【居宅介護支援】新潟県新潟市南区庄瀬８１２０番地", "url": "https://www.kaigokensaku.mhlw.go.jp/15/index.php?action_kouhyou_detail_004_kani=true&JigyosyoCd=1570104271-00&ServiceCd=430&Type=search", "url2": "http://www.shinanoen.net" }, "geometry": { "type": "Point", "coordinates": [ 139.037871799999948, 37.7208957 ] } },
{ "type": "Feature", "properties": { "内容": "在宅介護支援センター　白根やすらぎの里【居宅介護支援】新潟県新潟市南区鷲ノ木新田4018-1", "url": "https://www.kaigokensaku.mhlw.go.jp/15/index.php?action_kouhyou_detail_004_kani=true&JigyosyoCd=1570104297-00&ServiceCd=430&Type=search", "url2": "http://www.niigata-jikeikai.jp" }, "geometry": { "type": "Point", "coordinates": [ 139.025532, 37.8285466 ] } },
{ "type": "Feature", "properties": { "内容": "在宅介護支援センターみずき苑【居宅介護支援】新潟県新潟市南区助次右エ門組５番地", "url": "https://www.kaigokensaku.mhlw.go.jp/15/index.php?action_kouhyou_detail_004_kani=true&JigyosyoCd=1570104313-00&ServiceCd=430&Type=search", "url2": "http://www.healthcoop-shirone.or.jp" }, "geometry": { "type": "Point", "coordinates": [ 139.019705, 37.7606575 ] } },
{ "type": "Feature", "properties": { "内容": "社会福祉法人新潟市社会福祉協議会　南区介護支援センター【居宅介護支援】新潟県新潟市南区上下諏訪木817番地1", "url": "https://www.kaigokensaku.mhlw.go.jp/15/index.php?action_kouhyou_detail_004_kani=true&JigyosyoCd=1570104784-00&ServiceCd=430&Type=search", "url2": "https://www.syakyo-niigatacity.or.jp" }, "geometry": { "type": "Point", "coordinates": [ 139.019195172644004, 37.758696578906878 ] } },
{ "type": "Feature", "properties": { "内容": "老人介護支援センター　白鳥の里【居宅介護支援】新潟県新潟市西区小新１１４０－１", "url": "https://www.kaigokensaku.mhlw.go.jp/15/index.php?action_kouhyou_detail_004_kani=true&JigyosyoCd=1570100048-00&ServiceCd=430&Type=search", "url2": "http://www.shiratori-niigata.or.jp/" }, "geometry": { "type": "Point", "coordinates": [ 138.994412499999953, 37.8784484 ] } },
{ "type": "Feature", "properties": { "内容": "ケアプランゆうばえ【居宅介護支援】新潟県新潟市西区内野上新町11810番地３", "url": "https://www.kaigokensaku.mhlw.go.jp/15/index.php?action_kouhyou_detail_004_kani=true&JigyosyoCd=1570103083-00&ServiceCd=430&Type=search", "url2": "http://niigata-min.or.jp/yuubae/" }, "geometry": { "type": "Point", "coordinates": [ 138.913006799999948, 37.8498492 ] } },
{ "type": "Feature", "properties": { "内容": "はあとふるあたご居宅介護支援センター坂井東【居宅介護支援】新潟県新潟市西区坂井東6丁目23番18号", "url": "https://www.kaigokensaku.mhlw.go.jp/15/index.php?action_kouhyou_detail_004_kani=true&JigyosyoCd=1570106532-00&ServiceCd=430&Type=search", "url2": "http://www.heartfull.jp" }, "geometry": { "type": "Point", "coordinates": [ 138.967681, 37.869431700000042 ] } },
{ "type": "Feature", "properties": { "内容": "葵の園・新潟内野居宅介護支援事業所【居宅介護支援】新潟県新潟市西区内野西3丁目9番12号", "url": "https://www.kaigokensaku.mhlw.go.jp/15/index.php?action_kouhyou_detail_004_kani=true&JigyosyoCd=1570114155-00&ServiceCd=430&Type=search", "url2": "https://www.aoikai.jp/" }, "geometry": { "type": "Point", "coordinates": [ 138.927656500000012, 37.8502319 ] } },
{ "type": "Feature", "properties": { "内容": "居宅介護支援事業所こころはす小新【居宅介護支援】新潟県新潟市西区小新大通２丁目１番地２８", "url": "https://www.kaigokensaku.mhlw.go.jp/15/index.php?action_kouhyou_detail_004_kani=true&JigyosyoCd=1570115475-00&ServiceCd=430&Type=search", "url2": "http://www.misatokai.or.jp/" }, "geometry": { "type": "Point", "coordinates": [ 138.9952705, 37.8710807 ] } },
{ "type": "Feature", "properties": { "内容": "ぴーすケアセンター西【居宅介護支援】新潟県新潟市西区西有明町１１-１４", "url": "https://www.kaigokensaku.mhlw.go.jp/15/index.php?action_kouhyou_detail_004_kani=true&JigyosyoCd=1570115103-00&ServiceCd=430&Type=search", "url2": "https://pomkaigo.com/sadoshop/" }, "geometry": { "type": "Point", "coordinates": [ 138.986934152037094, 37.894592414213513 ] } },
{ "type": "Feature", "properties": { "内容": "老人介護支援センター有明園【居宅介護支援】新潟県新潟市西区西有明町１番２０号", "url": "https://www.kaigokensaku.mhlw.go.jp/15/index.php?action_kouhyou_detail_004_kani=true&JigyosyoCd=1570100022-00&ServiceCd=430&Type=search", "url2": "http://www.ariakeen.net/" }, "geometry": { "type": "Point", "coordinates": [ 138.990958049959204, 37.896058330319526 ] } },
{ "type": "Feature", "properties": { "内容": "老人介護支援センター松風園【居宅介護支援】新潟県新潟市西区赤塚４７８２番地", "url": "https://www.kaigokensaku.mhlw.go.jp/15/index.php?action_kouhyou_detail_004_kani=true&JigyosyoCd=1570100030-00&ServiceCd=430&Type=search", "url2": "http://www.syoufuuen.com/" }, "geometry": { "type": "Point", "coordinates": [ 138.873610764418032, 37.810158078408918 ] } },
{ "type": "Feature", "properties": { "内容": "指定居宅介護支援事業所　みそのケアプラン【居宅介護支援】新潟県新潟市西区青山7-9-10", "url": "https://www.kaigokensaku.mhlw.go.jp/15/index.php?action_kouhyou_detail_004_kani=true&JigyosyoCd=1560190116-00&ServiceCd=430&Type=search", "url2": "https://www.misono-hp.or.jp" }, "geometry": { "type": "Point", "coordinates": [ 138.992328339950518, 37.898166892985721 ] } },
{ "type": "Feature", "properties": { "内容": "さくらメディカル株式会社　新潟西居宅介護支援事業所【居宅介護支援】新潟県新潟市西区寺尾東2丁目23-19　中清ショップ1F", "url": "https://www.kaigokensaku.mhlw.go.jp/15/index.php?action_kouhyou_detail_004_kani=true&JigyosyoCd=1570110047-00&ServiceCd=430&Type=search", "url2": "http://www.sakura-medical.com/" }, "geometry": { "type": "Point", "coordinates": [ 138.97321927810421, 37.874670286733043 ] } },
{ "type": "Feature", "properties": { "内容": "ケアプラン・スローライフ西【居宅介護支援】新潟県新潟市西区坂井東2-22-14フエストⅢ201号", "url": "https://www.kaigokensaku.mhlw.go.jp/15/index.php?action_kouhyou_detail_004_kani=true&JigyosyoCd=1570111375-00&ServiceCd=430&Type=search", "url2": null }, "geometry": { "type": "Point", "coordinates": [ 139.006816876693307, 37.88795635566931 ] } },
{ "type": "Feature", "properties": { "内容": "ケアプランさかい【居宅介護支援】新潟県新潟市西区坂井東4丁目6番14号", "url": "https://www.kaigokensaku.mhlw.go.jp/15/index.php?action_kouhyou_detail_004_kani=true&JigyosyoCd=1570113439-00&ServiceCd=430&Type=search", "url2": "http://care-create.com" }, "geometry": { "type": "Point", "coordinates": [ 138.975270413993485, 37.869176431306656 ] } },
{ "type": "Feature", "properties": { "内容": "居宅介護支援センターいちごの実【居宅介護支援】新潟県新潟市西区寺尾前通2丁目3番地6101", "url": "https://www.kaigokensaku.mhlw.go.jp/15/index.php?action_kouhyou_detail_004_kani=true&JigyosyoCd=1570115244-00&ServiceCd=430&Type=search", "url2": "http://m-ito.co.jp" }, "geometry": { "type": "Point", "coordinates": [ 138.983942800000023, 37.8800878 ] } },
{ "type": "Feature", "properties": { "内容": "ケアプランふたばの杜【居宅介護支援】新潟県新潟市西区寺尾西３丁目２１番１９号", "url": "https://www.kaigokensaku.mhlw.go.jp/15/index.php?action_kouhyou_detail_004_kani=true&JigyosyoCd=1570115715-00&ServiceCd=430&Type=search", "url2": null }, "geometry": { "type": "Point", "coordinates": [ 138.9620598, 37.8780432 ] } },
{ "type": "Feature", "properties": { "内容": "ケアプランセンターすずらん【居宅介護支援】新潟県新潟市西区高山117番地ハイタウン高山101号室", "url": "https://www.kaigokensaku.mhlw.go.jp/15/index.php?action_kouhyou_detail_004_kani=true&JigyosyoCd=1570116283-00&ServiceCd=430&Type=search", "url2": null }, "geometry": { "type": "Point", "coordinates": [ 138.944384777909875, 37.848366806681085 ] } },
{ "type": "Feature", "properties": { "内容": "ケアプランセンター桜井の里・あかつか【居宅介護支援】新潟県新潟市西区赤塚2759番地", "url": "https://www.kaigokensaku.mhlw.go.jp/15/index.php?action_kouhyou_detail_004_kani=true&JigyosyoCd=1570114213-00&ServiceCd=430&Type=search", "url2": "http://www.sakurai-fukushi.or.jp" }, "geometry": { "type": "Point", "coordinates": [ 138.884813293184578, 37.814489311539923 ] } },
{ "type": "Feature", "properties": { "内容": "ライフプランコクア【居宅介護支援】新潟県新潟市西区小新南2丁目6番15号マイハウスパティオⅣ1階A号室", "url": "https://www.kaigokensaku.mhlw.go.jp/15/index.php?action_kouhyou_detail_004_kani=true&JigyosyoCd=1570115574-00&ServiceCd=430&Type=search", "url2": "http://utk.or.jp" }, "geometry": { "type": "Point", "coordinates": [ 138.991695367589841, 37.868172995827912 ] } },
{ "type": "Feature", "properties": { "内容": "ケアプランあおぞら【居宅介護支援】新潟県新潟市西区大友56番地２", "url": "https://www.kaigokensaku.mhlw.go.jp/15/index.php?action_kouhyou_detail_004_kani=true&JigyosyoCd=1570116366-00&ServiceCd=430&Type=search", "url2": null }, "geometry": { "type": "Point", "coordinates": [ 138.931502313491819, 37.83048291474708 ] } },
{ "type": "Feature", "properties": { "内容": "ライフパートナー新潟西ケアプラン【居宅介護支援】新潟県新潟市西区東青山1丁目10番11号ハイタウンひらの101", "url": "https://www.kaigokensaku.mhlw.go.jp/15/index.php?action_kouhyou_detail_004_kani=true&JigyosyoCd=1570112100-00&ServiceCd=430&Type=search", "url2": null }, "geometry": { "type": "Point", "coordinates": [ 139.002748529630594, 37.893235531600205 ] } },
{ "type": "Feature", "properties": { "内容": "ケアプランみどり【居宅介護支援】新潟県新潟市西区真砂4丁目14番8号２", "url": "https://www.kaigokensaku.mhlw.go.jp/15/index.php?action_kouhyou_detail_004_kani=true&JigyosyoCd=1570114965-00&ServiceCd=430&Type=search", "url2": null }, "geometry": { "type": "Point", "coordinates": [ 138.977165600000035, 37.8916064 ] } },
{ "type": "Feature", "properties": { "内容": "ケアプラン千手【居宅介護支援】新潟県新潟市西区板井655番地", "url": "https://www.kaigokensaku.mhlw.go.jp/15/index.php?action_kouhyou_detail_004_kani=true&JigyosyoCd=1570111904-00&ServiceCd=430&Type=search", "url2": null }, "geometry": { "type": "Point", "coordinates": [ 138.9997501, 37.8241688 ] } },
{ "type": "Feature", "properties": { "内容": "ケアプランセンター　春【居宅介護支援】新潟県新潟市西区小新西2丁目4-14", "url": "https://www.kaigokensaku.mhlw.go.jp/15/index.php?action_kouhyou_detail_004_kani=true&JigyosyoCd=1570113355-00&ServiceCd=430&Type=search", "url2": null }, "geometry": { "type": "Point", "coordinates": [ 138.99193779999996, 37.876845600000017 ] } },
{ "type": "Feature", "properties": { "内容": "歯友会居宅介護支援センター【居宅介護支援】新潟県新潟市西区真砂３丁目１６番１０号明倫短期大学内", "url": "https://www.kaigokensaku.mhlw.go.jp/15/index.php?action_kouhyou_detail_004_kani=true&JigyosyoCd=1570109114-00&ServiceCd=430&Type=search", "url2": "http://kaigo.meirin-c.ac.jp/" }, "geometry": { "type": "Point", "coordinates": [ 138.98264262579508, 37.894177226901519 ] } },
{ "type": "Feature", "properties": { "内容": "居宅介護支援事業所優友内野【居宅介護支援】新潟県新潟市西区五十嵐中島4丁目23番10号", "url": "https://www.kaigokensaku.mhlw.go.jp/15/index.php?action_kouhyou_detail_004_kani=true&JigyosyoCd=1570107894-00&ServiceCd=430&Type=search", "url2": null }, "geometry": { "type": "Point", "coordinates": [ 138.919358900000049, 37.8479246 ] } },
{ "type": "Feature", "properties": { "内容": "ときめきケアプランセンター【居宅介護支援】新潟県新潟市西区山田3398-1", "url": "https://www.kaigokensaku.mhlw.go.jp/15/index.php?action_kouhyou_detail_004_kani=true&JigyosyoCd=1570108306-00&ServiceCd=430&Type=search", "url2": "https://www.ej-welfare.jp" }, "geometry": { "type": "Point", "coordinates": [ 139.011978, 37.8711503 ] } },
{ "type": "Feature", "properties": { "内容": "新潟医療センター居宅介護支援事業所【居宅介護支援】新潟県新潟市西区小針3-27-11新潟医療センター内", "url": "https://www.kaigokensaku.mhlw.go.jp/15/index.php?action_kouhyou_detail_004_kani=true&JigyosyoCd=1570108868-00&ServiceCd=430&Type=search", "url2": "http://www.niigata-medical.jp/" }, "geometry": { "type": "Point", "coordinates": [ 138.998519320098922, 37.887690519129634 ] } },
{ "type": "Feature", "properties": { "内容": "合同会社七海会　七海会ケアプランセンター【居宅介護支援】新潟県新潟市西区山田2678番地8", "url": "https://www.kaigokensaku.mhlw.go.jp/15/index.php?action_kouhyou_detail_004_kani=true&JigyosyoCd=1570108413-00&ServiceCd=430&Type=search", "url2": null }, "geometry": { "type": "Point", "coordinates": [ 139.014122600000064, 37.8660371 ] } },
{ "type": "Feature", "properties": { "内容": "居宅介護支援センターて～あん【居宅介護支援】新潟県新潟市西区小新西３丁目10番7号", "url": "https://www.kaigokensaku.mhlw.go.jp/15/index.php?action_kouhyou_detail_004_kani=true&JigyosyoCd=1570106326-00&ServiceCd=430&Type=search", "url2": null }, "geometry": { "type": "Point", "coordinates": [ 138.991606691401671, 37.874959846127872 ] } },
{ "type": "Feature", "properties": { "内容": "ケアプランてらお【居宅介護支援】新潟県新潟市西区寺尾東1-18-26", "url": "https://www.kaigokensaku.mhlw.go.jp/15/index.php?action_kouhyou_detail_004_kani=true&JigyosyoCd=1570106904-00&ServiceCd=430&Type=search", "url2": "http://www.atago.or.jp/teraoen/index.html" }, "geometry": { "type": "Point", "coordinates": [ 138.977061971163948, 37.877970768951727 ] } },
{ "type": "Feature", "properties": { "内容": "居宅介護支援事業所　ゆあ・らいふ【居宅介護支援】新潟県新潟市西区板井604番地", "url": "https://www.kaigokensaku.mhlw.go.jp/15/index.php?action_kouhyou_detail_004_kani=true&JigyosyoCd=1570106631-00&ServiceCd=430&Type=search", "url2": "http://www.kurosakinosato.com" }, "geometry": { "type": "Point", "coordinates": [ 138.999371866270394, 37.823276841258576 ] } },
{ "type": "Feature", "properties": { "内容": "ケアサポート　夢プラン【居宅介護支援】新潟県新潟市西区山田2307-344", "url": "https://www.kaigokensaku.mhlw.go.jp/15/index.php?action_kouhyou_detail_004_kani=true&JigyosyoCd=1570106722-00&ServiceCd=430&Type=search", "url2": "http://www.folks-niigata.com" }, "geometry": { "type": "Point", "coordinates": [ 139.021488500000032, 37.8675596 ] } },
{ "type": "Feature", "properties": { "内容": "青山居宅介護支援事業所【居宅介護支援】新潟県新潟市西区青山1丁目16番1号", "url": "https://www.kaigokensaku.mhlw.go.jp/15/index.php?action_kouhyou_detail_004_kani=true&JigyosyoCd=1570106920-00&ServiceCd=430&Type=search", "url2": "http://www.n-nhn.com/" }, "geometry": { "type": "Point", "coordinates": [ 138.999926205495086, 37.894163027786327 ] } },
{ "type": "Feature", "properties": { "内容": "居宅介護支援ことぶき【居宅介護支援】新潟県新潟市西区鳥原新田４０６番地５", "url": "https://www.kaigokensaku.mhlw.go.jp/15/index.php?action_kouhyou_detail_004_kani=true&JigyosyoCd=1570105385-00&ServiceCd=430&Type=search", "url2": "http://jinsei-g.com/" }, "geometry": { "type": "Point", "coordinates": [ 139.004777800000056, 37.8489547 ] } },
{ "type": "Feature", "properties": { "内容": "老人介護支援センター穂波の里【居宅介護支援】新潟県新潟市西区新通４７３４番地", "url": "https://www.kaigokensaku.mhlw.go.jp/15/index.php?action_kouhyou_detail_004_kani=true&JigyosyoCd=1570100196-00&ServiceCd=430&Type=search", "url2": "https://niigata-min.or.jp/honami/" }, "geometry": { "type": "Point", "coordinates": [ 138.973096599999963, 37.8632211 ] } },
{ "type": "Feature", "properties": { "内容": "居宅介護支援　はまゆう【居宅介護支援】新潟県新潟市西区上新栄町1-2-12", "url": "https://www.kaigokensaku.mhlw.go.jp/15/index.php?action_kouhyou_detail_004_kani=true&JigyosyoCd=1570100204-00&ServiceCd=430&Type=search", "url2": "http://jijinkai.com" }, "geometry": { "type": "Point", "coordinates": [ 138.971072063229371, 37.889339166167282 ] } },
{ "type": "Feature", "properties": { "内容": "ケアプランあいご【居宅介護支援】新潟県新潟市西区青山8丁目2番32号", "url": "https://www.kaigokensaku.mhlw.go.jp/15/index.php?action_kouhyou_detail_004_kani=true&JigyosyoCd=1570100972-00&ServiceCd=430&Type=search", "url2": "http://www.aigo-care.com" }, "geometry": { "type": "Point", "coordinates": [ 138.995227900000032, 37.8984959 ] } },
{ "type": "Feature", "properties": { "内容": "在宅介護支援センターうちの桜園【居宅介護支援】新潟県新潟市西区内野潟端2090", "url": "https://www.kaigokensaku.mhlw.go.jp/15/index.php?action_kouhyou_detail_004_kani=true&JigyosyoCd=1570101848-00&ServiceCd=430&Type=search", "url2": "http://care-net.biz/15/kotobukikai/" }, "geometry": { "type": "Point", "coordinates": [ 138.934087699999964, 37.8512243 ] } },
{ "type": "Feature", "properties": { "内容": "ニチイケアセンターこばり【居宅介護支援】新潟県新潟市西区小針4-33-1", "url": "https://www.kaigokensaku.mhlw.go.jp/15/index.php?action_kouhyou_detail_004_kani=true&JigyosyoCd=1570101533-00&ServiceCd=430&Type=search", "url2": "http://www.nichiigakkan.co.jp" }, "geometry": { "type": "Point", "coordinates": [ 138.995657963385042, 37.883741718604135 ] } },
{ "type": "Feature", "properties": { "内容": "ツクイ新潟西【居宅介護支援】新潟県新潟市西区五十嵐東1-6-32", "url": "https://www.kaigokensaku.mhlw.go.jp/15/index.php?action_kouhyou_detail_004_kani=true&JigyosyoCd=1570101459-00&ServiceCd=430&Type=search", "url2": null }, "geometry": { "type": "Point", "coordinates": [ 138.959182432154847, 37.874612115408311 ] } },
{ "type": "Feature", "properties": { "内容": "黒埼病院【居宅介護支援】新潟県新潟市西区黒鳥２３３９－１", "url": "https://www.kaigokensaku.mhlw.go.jp/15/index.php?action_kouhyou_detail_004_kani=true&JigyosyoCd=1570102341-00&ServiceCd=430&Type=search", "url2": "https://www.kurosaki-hp.jp/" }, "geometry": { "type": "Point", "coordinates": [ 138.9863838, 37.8413432 ] } },
{ "type": "Feature", "properties": { "内容": "居宅介護支援事業所健やか園【居宅介護支援】新潟県新潟市西区小新1130番地", "url": "https://www.kaigokensaku.mhlw.go.jp/15/index.php?action_kouhyou_detail_004_kani=true&JigyosyoCd=1570102432-00&ServiceCd=430&Type=search", "url2": "https://niigata-sukoyaka.com" }, "geometry": { "type": "Point", "coordinates": [ 138.995112400000039, 37.8784901 ] } },
{ "type": "Feature", "properties": { "内容": "にいがたケアセンターそよ風【居宅介護支援】新潟県新潟市西区善久450-11", "url": "https://www.kaigokensaku.mhlw.go.jp/15/index.php?action_kouhyou_detail_004_kani=true&JigyosyoCd=1570102739-00&ServiceCd=430&Type=search", "url2": "https://sykz.co.jp" }, "geometry": { "type": "Point", "coordinates": [ 139.012967800000069, 37.8574739 ] } },
{ "type": "Feature", "properties": { "内容": "居宅介護支援センター　新潟あそか苑【居宅介護支援】新潟県新潟市西区大友102番地", "url": "https://www.kaigokensaku.mhlw.go.jp/15/index.php?action_kouhyou_detail_004_kani=true&JigyosyoCd=1570103265-00&ServiceCd=430&Type=search", "url2": "https://niigata-keishinkai.jp" }, "geometry": { "type": "Point", "coordinates": [ 138.932272635429172, 37.829452178741761 ] } },
{ "type": "Feature", "properties": { "内容": "株式会社　エヌ介護サービス　新潟西センター【居宅介護支援】新潟県新潟市西区寺尾前通２丁目１３番地７", "url": "https://www.kaigokensaku.mhlw.go.jp/15/index.php?action_kouhyou_detail_004_kani=true&JigyosyoCd=1570105328-00&ServiceCd=430&Type=search", "url2": "https://n-kaigo.jp" }, "geometry": { "type": "Point", "coordinates": [ 138.983013305526697, 37.879308400284764 ] } },
{ "type": "Feature", "properties": { "内容": "居宅介護支援センター・クララ【居宅介護支援】新潟県新潟市西区青山7丁目3番19号", "url": "https://www.kaigokensaku.mhlw.go.jp/15/index.php?action_kouhyou_detail_004_kani=true&JigyosyoCd=1570115319-00&ServiceCd=430&Type=search", "url2": null }, "geometry": { "type": "Point", "coordinates": [ 138.99390188913523, 37.899835672353859 ] } },
{ "type": "Feature", "properties": { "内容": "ケアマネジメント事務所ｆｌｍ【居宅介護支援】新潟県新潟市西蒲区仁箇1288番地1", "url": "https://www.kaigokensaku.mhlw.go.jp/15/index.php?action_kouhyou_detail_004_kani=true&JigyosyoCd=1570113074-00&ServiceCd=430&Type=search", "url2": null }, "geometry": { "type": "Point", "coordinates": [ 138.873508552303463, 37.784411212708072 ] } },
{ "type": "Feature", "properties": { "内容": "居宅介護支援事業所　ケアセンターさくらんぼ【居宅介護支援】新潟県新潟市西蒲区油島285番地", "url": "https://www.kaigokensaku.mhlw.go.jp/15/index.php?action_kouhyou_detail_004_kani=true&JigyosyoCd=1570114312-00&ServiceCd=430&Type=search", "url2": "http://sakuranbonokaze.com/" }, "geometry": { "type": "Point", "coordinates": [ 138.8636947, 37.7440997 ] } },
{ "type": "Feature", "properties": { "内容": "ケアプランここまる【居宅介護支援】新潟県新潟市西蒲区押付678番地", "url": "https://www.kaigokensaku.mhlw.go.jp/15/index.php?action_kouhyou_detail_004_kani=true&JigyosyoCd=1570114866-00&ServiceCd=430&Type=search", "url2": "https://www.kaiseien.or.jp/" }, "geometry": { "type": "Point", "coordinates": [ 138.916883800000051, 37.7838274 ] } },
{ "type": "Feature", "properties": { "内容": "ケアプラン和【居宅介護支援】新潟県新潟市西蒲区下和納4111番地ファミーユMAKI壱番館102号", "url": "https://www.kaigokensaku.mhlw.go.jp/15/index.php?action_kouhyou_detail_004_kani=true&JigyosyoCd=1570116291-00&ServiceCd=430&Type=search", "url2": null }, "geometry": { "type": "Point", "coordinates": [ 138.892868661376951, 37.738195122945243 ] } },
{ "type": "Feature", "properties": { "内容": "居宅介護支援事業所　優友【居宅介護支援】新潟県新潟市西蒲区熊谷１０５３番地１", "url": "https://www.kaigokensaku.mhlw.go.jp/15/index.php?action_kouhyou_detail_004_kani=true&JigyosyoCd=1570106854-00&ServiceCd=430&Type=search", "url2": "http://www.care-yuyu.or.jp/" }, "geometry": { "type": "Point", "coordinates": [ 138.971993800000092, 37.769495700000014 ] } },
{ "type": "Feature", "properties": { "内容": "ニチイケアセンター巻【居宅介護支援】新潟県新潟市西蒲区巻甲422", "url": "https://www.kaigokensaku.mhlw.go.jp/15/index.php?action_kouhyou_detail_004_kani=true&JigyosyoCd=1570105666-00&ServiceCd=430&Type=search", "url2": "http://www.nichiigakkan.co.jp" }, "geometry": { "type": "Point", "coordinates": [ 138.883388304585225, 37.758067602095295 ] } },
{ "type": "Feature", "properties": { "内容": "春風デイサービスセンター【居宅介護支援】新潟県新潟市西蒲区巻甲2886", "url": "https://www.kaigokensaku.mhlw.go.jp/15/index.php?action_kouhyou_detail_004_kani=true&JigyosyoCd=1570105641-00&ServiceCd=430&Type=search", "url2": "http://www.kihu-kai.jp" }, "geometry": { "type": "Point", "coordinates": [ 138.886526099999969, 37.7554717 ] } },
{ "type": "Feature", "properties": { "内容": "訪問看護ステーション　たんぽぽ【居宅介護支援】新潟県新潟市西蒲区赤鏥１００４－７", "url": "https://www.kaigokensaku.mhlw.go.jp/15/index.php?action_kouhyou_detail_004_kani=true&JigyosyoCd=1570105633-00&ServiceCd=430&Type=search", "url2": null }, "geometry": { "type": "Point", "coordinates": [ 138.893506300000013, 37.7467906 ] } },
{ "type": "Feature", "properties": { "内容": "ケアサポートいわむろ【居宅介護支援】新潟県新潟市西蒲区岩室温泉772-1", "url": "https://www.kaigokensaku.mhlw.go.jp/15/index.php?action_kouhyou_detail_004_kani=true&JigyosyoCd=1570104453-00&ServiceCd=430&Type=search", "url2": "http://www.niwell.or.jp" }, "geometry": { "type": "Point", "coordinates": [ 138.839031200000022, 37.7324411 ] } },
{ "type": "Feature", "properties": { "内容": "ケアプランセンター　チューリップ【居宅介護支援】新潟県新潟市西蒲区旗屋731番地西蒲中央病院内", "url": "https://www.kaigokensaku.mhlw.go.jp/15/index.php?action_kouhyou_detail_004_kani=true&JigyosyoCd=1570104461-00&ServiceCd=430&Type=search", "url2": "http://www.misatokai.or.jp/" }, "geometry": { "type": "Point", "coordinates": [ 138.92440946504712, 37.791152440622923 ] } },
{ "type": "Feature", "properties": { "内容": "ケアプランはなみ【居宅介護支援】新潟県新潟市西蒲区大潟198番地2", "url": "https://www.kaigokensaku.mhlw.go.jp/15/index.php?action_kouhyou_detail_004_kani=true&JigyosyoCd=1570104479-00&ServiceCd=430&Type=search", "url2": "http://www.hanaminosato.jp/" }, "geometry": { "type": "Point", "coordinates": [ 138.9445174, 37.8119457 ] } },
{ "type": "Feature", "properties": { "内容": "居宅介護支援センタ－薫園【居宅介護支援】新潟県新潟市西蒲区竹野町2466番地", "url": "https://www.kaigokensaku.mhlw.go.jp/15/index.php?action_kouhyou_detail_004_kani=true&JigyosyoCd=1570105658-00&ServiceCd=430&Type=search", "url2": "http://www.kaoruen.jp/" }, "geometry": { "type": "Point", "coordinates": [ 138.871623699999986, 37.7709458 ] } },
{ "type": "Feature", "properties": { "内容": "ケアプランセンター白寿荘【居宅介護支援】新潟県新潟市西蒲区巻甲4363番地特別養護老人ホーム白寿荘西", "url": "https://www.kaigokensaku.mhlw.go.jp/15/index.php?action_kouhyou_detail_004_kani=true&JigyosyoCd=1570105674-00&ServiceCd=430&Type=search", "url2": "http://www.hakujyusou.jp" }, "geometry": { "type": "Point", "coordinates": [ 138.89254166668502, 37.754124422874909 ] } },
{ "type": "Feature", "properties": { "内容": "にいがた総合介護サービス【居宅介護支援】新潟県新潟市西蒲区巻甲４３６８番地", "url": "https://www.kaigokensaku.mhlw.go.jp/15/index.php?action_kouhyou_detail_004_kani=true&JigyosyoCd=1570105740-00&ServiceCd=430&Type=search", "url2": "http://www.jojinkai.com/niigata/" }, "geometry": { "type": "Point", "coordinates": [ 138.894122505062796, 37.754246248040957 ] } },
{ "type": "Feature", "properties": { "内容": "社会福祉法人新潟市社会福祉協議会　西蒲区介護支援センター【居宅介護支援】新潟県新潟市西蒲区巻甲4363番地巻ふれあい福祉センター　1階", "url": "https://www.kaigokensaku.mhlw.go.jp/15/index.php?action_kouhyou_detail_004_kani=true&JigyosyoCd=1570105757-00&ServiceCd=430&Type=search", "url2": "https://www.syakyo-niigatacity.or.jp" }, "geometry": { "type": "Point", "coordinates": [ 138.892046475285298, 37.754712794631843 ] } },
{ "type": "Feature", "properties": { "内容": "居宅介護支援事業所　中之口愛宕の園【居宅介護支援】新潟県新潟市西蒲区福島305番地1", "url": "https://www.kaigokensaku.mhlw.go.jp/15/index.php?action_kouhyou_detail_004_kani=true&JigyosyoCd=1570104503-00&ServiceCd=430&Type=search", "url2": "http://www.atago.or.jp" }, "geometry": { "type": "Point", "coordinates": [ 138.959889200000021, 37.7247041 ] } },
{ "type": "Feature", "properties": { "内容": "彩りケアプラン【居宅介護支援】新潟県長岡市金房3丁目8番地1号", "url": "https://www.kaigokensaku.mhlw.go.jp/15/index.php?action_kouhyou_detail_004_kani=true&JigyosyoCd=1570204030-00&ServiceCd=430&Type=search", "url2": null }, "geometry": { "type": "Point", "coordinates": [ 138.8530781, 37.4397792 ] } },
{ "type": "Feature", "properties": { "内容": "株式会社　エヌ介護サービス　長岡センター【居宅介護支援】長岡市中島５丁目６－２９", "url": "https://www.kaigokensaku.mhlw.go.jp/15/index.php?action_kouhyou_detail_004_kani=true&JigyosyoCd=1570200020-00&ServiceCd=430&Type=search", "url2": "http://n-kaigo.jp" }, "geometry": { "type": "Point", "coordinates": [ 138.8478106, 37.4544169 ] } },
{ "type": "Feature", "properties": { "内容": "在宅介護支援センターかつぼ園【居宅介護支援】新潟県長岡市加津保町1695番地2", "url": "https://www.kaigokensaku.mhlw.go.jp/15/index.php?action_kouhyou_detail_004_kani=true&JigyosyoCd=1570200145-00&ServiceCd=430&Type=search", "url2": "http://www.katuboen.or.jp" }, "geometry": { "type": "Point", "coordinates": [ 138.9171407, 37.4748018 ] } },
{ "type": "Feature", "properties": { "内容": "ツクイ長岡三和【居宅介護支援】長岡市三和２丁目１０－１７", "url": "https://www.kaigokensaku.mhlw.go.jp/15/index.php?action_kouhyou_detail_004_kani=true&JigyosyoCd=1570200343-00&ServiceCd=430&Type=search", "url2": "http://www.tsukui.net" }, "geometry": { "type": "Point", "coordinates": [ 138.841514899999964, 37.434994100000011 ] } },
{ "type": "Feature", "properties": { "内容": "中越介護支援センター株式会社【居宅介護支援】新潟県長岡市三ッ郷屋2丁目1-11", "url": "https://www.kaigokensaku.mhlw.go.jp/15/index.php?action_kouhyou_detail_004_kani=true&JigyosyoCd=1570200558-00&ServiceCd=430&Type=search", "url2": null }, "geometry": { "type": "Point", "coordinates": [ 138.816642099999967, 37.447655800000014 ] } },
{ "type": "Feature", "properties": { "内容": "ＮＰＯ法人ドリーム居宅介護支援事業所【居宅介護支援】長岡市浦４９１４－１", "url": "https://www.kaigokensaku.mhlw.go.jp/15/index.php?action_kouhyou_detail_004_kani=true&JigyosyoCd=1570201655-00&ServiceCd=430&Type=search", "url2": null }, "geometry": { "type": "Point", "coordinates": [ 138.8012794, 37.3887373 ] } },
{ "type": "Feature", "properties": { "内容": "長岡市社会福祉協議会　居宅介護支援とちお【居宅介護支援】長岡市上樫出3034番地長岡市老人福祉センター　皆楽荘", "url": "https://www.kaigokensaku.mhlw.go.jp/15/index.php?action_kouhyou_detail_004_kani=true&JigyosyoCd=1570201952-00&ServiceCd=430&Type=search", "url2": null }, "geometry": { "type": "Point", "coordinates": [ 139.015487850918504, 37.486831286799749 ] } },
{ "type": "Feature", "properties": { "内容": "居宅介護支援事業所福住【居宅介護支援】長岡市福住１丁目７番２１号", "url": "https://www.kaigokensaku.mhlw.go.jp/15/index.php?action_kouhyou_detail_004_kani=true&JigyosyoCd=1570202562-00&ServiceCd=430&Type=search", "url2": "http://www.nagaokasanko.com" }, "geometry": { "type": "Point", "coordinates": [ 138.857168099999967, 37.4502315 ] } },
{ "type": "Feature", "properties": { "内容": "居宅介護支援センターみのり【居宅介護支援】長岡市飯塚2836番地", "url": "https://www.kaigokensaku.mhlw.go.jp/15/index.php?action_kouhyou_detail_004_kani=true&JigyosyoCd=1570203206-00&ServiceCd=430&Type=search", "url2": "https://info03920.wixsite.com/koshiji" }, "geometry": { "type": "Point", "coordinates": [ 138.749232362149087, 37.384820382488201 ] } },
{ "type": "Feature", "properties": { "内容": "ケアプランセンター越後【居宅介護支援】新潟県長岡市今朝白1丁目7-14", "url": "https://www.kaigokensaku.mhlw.go.jp/15/index.php?action_kouhyou_detail_004_kani=true&JigyosyoCd=1570203479-00&ServiceCd=430&Type=search", "url2": "http://www.echigo-kotsu.co.jp/" }, "geometry": { "type": "Point", "coordinates": [ 138.858163892012413, 37.446236602262672 ] } },
{ "type": "Feature", "properties": { "内容": "ケアプランセンター西長岡【居宅介護支援】新潟県長岡市三ツ郷屋町字下川原383番地1", "url": "https://www.kaigokensaku.mhlw.go.jp/15/index.php?action_kouhyou_detail_004_kani=true&JigyosyoCd=1570200087-00&ServiceCd=430&Type=search", "url2": "http://www.kobushien.com" }, "geometry": { "type": "Point", "coordinates": [ 138.815364063229367, 37.449193801374719 ] } },
{ "type": "Feature", "properties": { "内容": "在宅介護支援センターみつごうや【居宅介護支援】新潟県長岡市緑町2丁目4-5", "url": "https://www.kaigokensaku.mhlw.go.jp/15/index.php?action_kouhyou_detail_004_kani=true&JigyosyoCd=1570200855-00&ServiceCd=430&Type=search", "url2": "http://sutokukai.or.jp/cssc/" }, "geometry": { "type": "Point", "coordinates": [ 138.8182918, 37.449194600000041 ] } },
{ "type": "Feature", "properties": { "内容": "ケアプランセンター上除【居宅介護支援】長岡市上除町西１丁目４１１番地", "url": "https://www.kaigokensaku.mhlw.go.jp/15/index.php?action_kouhyou_detail_004_kani=true&JigyosyoCd=1570201051-00&ServiceCd=430&Type=search", "url2": "http://www.kobushien.com" }, "geometry": { "type": "Point", "coordinates": [ 138.777732300000025, 37.4498719 ] } },
{ "type": "Feature", "properties": { "内容": "医療法人誠心会　吉田病院居宅介護支援事業所【居宅介護支援】新潟県長岡市長町1丁目1668番地医療法人誠心会吉田病院内", "url": "https://www.kaigokensaku.mhlw.go.jp/15/index.php?action_kouhyou_detail_004_kani=true&JigyosyoCd=1570201184-00&ServiceCd=430&Type=search", "url2": "http://www.yoshida-h.or.jp" }, "geometry": { "type": "Point", "coordinates": [ 138.85454198280334, 37.453265073138574 ] } },
{ "type": "Feature", "properties": { "内容": "居宅介護支援事業所黒条【居宅介護支援】新潟県長岡市黒津町字東田３８１番地", "url": "https://www.kaigokensaku.mhlw.go.jp/15/index.php?action_kouhyou_detail_004_kani=true&JigyosyoCd=1570201325-00&ServiceCd=430&Type=search", "url2": "http://houyuu-fukushi.jp/" }, "geometry": { "type": "Point", "coordinates": [ 138.858546801637431, 37.499325141722323 ] } },
{ "type": "Feature", "properties": { "内容": "てまり居宅介護支援事業所【居宅介護支援】新潟県長岡市平1-3-55", "url": "https://www.kaigokensaku.mhlw.go.jp/15/index.php?action_kouhyou_detail_004_kani=true&JigyosyoCd=1570202042-00&ServiceCd=430&Type=search", "url2": "http://www.temari-care.com" }, "geometry": { "type": "Point", "coordinates": [ 139.004985, 37.4714871 ] } },
{ "type": "Feature", "properties": { "内容": "ケアサポート長岡【居宅介護支援】新潟県長岡市上岩井中央6434", "url": "https://www.kaigokensaku.mhlw.go.jp/15/index.php?action_kouhyou_detail_004_kani=true&JigyosyoCd=1570202372-00&ServiceCd=430&Type=search", "url2": "http://www.caresupportkyouiku.com/" }, "geometry": { "type": "Point", "coordinates": [ 138.78358539207386, 37.494307369240019 ] } },
{ "type": "Feature", "properties": { "内容": "ALPHASさわやか苑長岡藤沢ケアプランセンター【居宅介護支援】新潟県長岡市藤沢1丁目9-10", "url": "https://www.kaigokensaku.mhlw.go.jp/15/index.php?action_kouhyou_detail_004_kani=true&JigyosyoCd=1570203321-00&ServiceCd=430&Type=search", "url2": "http://www.nmi-net.com/creamedicaux/" }, "geometry": { "type": "Point", "coordinates": [ 138.838495100000046, 37.4745941 ] } },
{ "type": "Feature", "properties": { "内容": "居宅介護支援事業所みどりの杜【居宅介護支援】新潟県長岡市小曽根町928番地", "url": "https://www.kaigokensaku.mhlw.go.jp/15/index.php?action_kouhyou_detail_004_kani=true&JigyosyoCd=1570203420-00&ServiceCd=430&Type=search", "url2": "http://www.midori-yakuhin.co.jp/" }, "geometry": { "type": "Point", "coordinates": [ 138.881350900000029, 37.4650909 ] } },
{ "type": "Feature", "properties": { "内容": "居宅介護支援事業所まちだ園【居宅介護支援】新潟県長岡市町田町540番地", "url": "https://www.kaigokensaku.mhlw.go.jp/15/index.php?action_kouhyou_detail_004_kani=true&JigyosyoCd=1570200046-00&ServiceCd=430&Type=search", "url2": "http://machidaen.jp/" }, "geometry": { "type": "Point", "coordinates": [ 138.860765899999933, 37.4183988 ] } },
{ "type": "Feature", "properties": { "内容": "長岡市社会福祉協議会居宅介護支援なかのしま・よいた【居宅介護支援】長岡市中野中甲1666番地2長岡市サンパルコなかのしま内", "url": "https://www.kaigokensaku.mhlw.go.jp/15/index.php?action_kouhyou_detail_004_kani=true&JigyosyoCd=1570201440-00&ServiceCd=430&Type=search", "url2": "http://www.nagaoka-shakyo.or.jp/" }, "geometry": { "type": "Point", "coordinates": [ 138.851874272343451, 37.557462591440846 ] } },
{ "type": "Feature", "properties": { "内容": "特別養護老人ホームおごしの里【居宅介護支援】新潟県長岡市小国町楢沢90番地", "url": "https://www.kaigokensaku.mhlw.go.jp/15/index.php?action_kouhyou_detail_004_kani=true&JigyosyoCd=1570201689-00&ServiceCd=430&Type=search", "url2": "http://care-net.biz/15/ogoshi/" }, "geometry": { "type": "Point", "coordinates": [ 138.707042499999943, 37.2878797 ] } },
{ "type": "Feature", "properties": { "内容": "桃李園居宅介護支援事業所【居宅介護支援】長岡市西津町４６３０番地", "url": "https://www.kaigokensaku.mhlw.go.jp/15/index.php?action_kouhyou_detail_004_kani=true&JigyosyoCd=1570202661-00&ServiceCd=430&Type=search", "url2": "http://www.tourien.jp" }, "geometry": { "type": "Point", "coordinates": [ 138.772453, 37.426568900000014 ] } },
{ "type": "Feature", "properties": { "内容": "あおりの里【居宅介護支援】長岡市西川口1173番地3", "url": "https://www.kaigokensaku.mhlw.go.jp/15/index.php?action_kouhyou_detail_004_kani=true&JigyosyoCd=1575700388-00&ServiceCd=430&Type=search", "url2": "http://ok-fukushikai.com/" }, "geometry": { "type": "Point", "coordinates": [ 138.860678199999938, 37.2643504 ] } },
{ "type": "Feature", "properties": { "内容": "介護老人保健施設てらどまり【居宅介護支援】新潟県長岡市寺泊下桐850番地1", "url": "https://www.kaigokensaku.mhlw.go.jp/15/index.php?action_kouhyou_detail_004_kani=true&JigyosyoCd=1550280059-00&ServiceCd=430&Type=search", "url2": "http://nagaokasanko.or.jp/" }, "geometry": { "type": "Point", "coordinates": [ 138.809714500000041, 37.6120385 ] } },
{ "type": "Feature", "properties": { "内容": "居宅介護支援事業所けやき【居宅介護支援】新潟県長岡市槇山町1592番地1", "url": "https://www.kaigokensaku.mhlw.go.jp/15/index.php?action_kouhyou_detail_004_kani=true&JigyosyoCd=1570200129-00&ServiceCd=430&Type=search", "url2": "http://www.nagaokasanko.com/" }, "geometry": { "type": "Point", "coordinates": [ 138.837882170114199, 37.481199699829091 ] } },
{ "type": "Feature", "properties": { "内容": "生協在宅介護支援センター　ほっとあらまち【居宅介護支援】新潟県長岡市西新町2-3-22", "url": "https://www.kaigokensaku.mhlw.go.jp/15/index.php?action_kouhyou_detail_004_kani=true&JigyosyoCd=1570201036-00&ServiceCd=430&Type=search", "url2": "http://www.nagaoka-iryou-seikyou.jp" }, "geometry": { "type": "Point", "coordinates": [ 138.855242321426402, 37.465527810788153 ] } },
{ "type": "Feature", "properties": { "内容": "居宅介護支援事業所　縄文の杜関原【居宅介護支援】新潟県長岡市関原町１丁目1072番地1", "url": "https://www.kaigokensaku.mhlw.go.jp/15/index.php?action_kouhyou_detail_004_kani=true&JigyosyoCd=1570201135-00&ServiceCd=430&Type=search", "url2": "http://nagaokasanko.or.jp/group/joumon/" }, "geometry": { "type": "Point", "coordinates": [ 138.774635084579501, 37.45239537585919 ] } },
{ "type": "Feature", "properties": { "内容": "居宅介護支援事業所みしまよいた【居宅介護支援】長岡市宮沢354番地1", "url": "https://www.kaigokensaku.mhlw.go.jp/15/index.php?action_kouhyou_detail_004_kani=true&JigyosyoCd=1570201671-00&ServiceCd=430&Type=search", "url2": "http://nagaokasanko.or.jp/group/misimaen/" }, "geometry": { "type": "Point", "coordinates": [ 138.782763100000011, 37.51100730000001 ] } },
{ "type": "Feature", "properties": { "内容": "居宅介護支援事業所川崎東【居宅介護支援】長岡市川崎町563番地1", "url": "https://www.kaigokensaku.mhlw.go.jp/15/index.php?action_kouhyou_detail_004_kani=true&JigyosyoCd=1570203172-00&ServiceCd=430&Type=search", "url2": "http://nagaokasanko.com" }, "geometry": { "type": "Point", "coordinates": [ 138.866913899999986, 37.4586916 ] } },
{ "type": "Feature", "properties": { "内容": "ケアプランセンターひまわり【居宅介護支援】新潟県長岡市神田町3丁目２番地17", "url": "https://www.kaigokensaku.mhlw.go.jp/15/index.php?action_kouhyou_detail_004_kani=true&JigyosyoCd=1570203610-00&ServiceCd=430&Type=search", "url2": "http://llc-sunflower.com/" }, "geometry": { "type": "Point", "coordinates": [ 138.854827415875633, 37.457497001013955 ] } },
{ "type": "Feature", "properties": { "内容": "サンプラザ長岡【居宅介護支援】長岡市三ツ郷屋町３５番地", "url": "https://www.kaigokensaku.mhlw.go.jp/15/index.php?action_kouhyou_detail_004_kani=true&JigyosyoCd=1550280026-00&ServiceCd=430&Type=search", "url2": "http://www.sunplaza-nagaoka.jp" }, "geometry": { "type": "Point", "coordinates": [ 138.815166008337883, 37.4508212306324 ] } },
{ "type": "Feature", "properties": { "内容": "介護プランセンターふそき【居宅介護支援】新潟県長岡市新保町１３９９番地３長岡市高齢者センターふそき", "url": "https://www.kaigokensaku.mhlw.go.jp/15/index.php?action_kouhyou_detail_004_kani=true&JigyosyoCd=1570200137-00&ServiceCd=430&Type=search", "url2": "http://www.katuboen.or.jp./" }, "geometry": { "type": "Point", "coordinates": [ 138.8721491, 37.46796 ] } },
{ "type": "Feature", "properties": { "内容": "居宅介護支援事業所悠遊苑【居宅介護支援】新潟県長岡市大字日越３３７番地", "url": "https://www.kaigokensaku.mhlw.go.jp/15/index.php?action_kouhyou_detail_004_kani=true&JigyosyoCd=1570200152-00&ServiceCd=430&Type=search", "url2": "http://www.tatikawa.or.jp" }, "geometry": { "type": "Point", "coordinates": [ 138.780845348410054, 37.435746916133617 ] } },
{ "type": "Feature", "properties": { "内容": "居宅介護支援事業所みやうち【居宅介護支援】新潟県長岡市曲新町566番地7", "url": "https://www.kaigokensaku.mhlw.go.jp/15/index.php?action_kouhyou_detail_004_kani=true&JigyosyoCd=1570200640-00&ServiceCd=430&Type=search", "url2": "http://machidaen.jp/" }, "geometry": { "type": "Point", "coordinates": [ 138.8477451, 37.4197651 ] } },
{ "type": "Feature", "properties": { "内容": "居宅介護支援事業所やすらぎ園【居宅介護支援】新潟県長岡市町田町５５５番地", "url": "https://www.kaigokensaku.mhlw.go.jp/15/index.php?action_kouhyou_detail_004_kani=true&JigyosyoCd=1570200731-00&ServiceCd=430&Type=search", "url2": "https://www.i-shiseikai.or.jp" }, "geometry": { "type": "Point", "coordinates": [ 138.860729799999945, 37.4177183 ] } },
{ "type": "Feature", "properties": { "内容": "居宅介護支援事業所岡南【居宅介護支援】新潟県長岡市渡沢町字早田53番地", "url": "https://www.kaigokensaku.mhlw.go.jp/15/index.php?action_kouhyou_detail_004_kani=true&JigyosyoCd=1570200863-00&ServiceCd=430&Type=search", "url2": "http://kounannosato.jp/" }, "geometry": { "type": "Point", "coordinates": [ 138.845640326458835, 37.378393589979481 ] } },
{ "type": "Feature", "properties": { "内容": "ケアプランセンター永田【居宅介護支援】新潟県長岡市永田２丁目９番２５号", "url": "https://www.kaigokensaku.mhlw.go.jp/15/index.php?action_kouhyou_detail_004_kani=true&JigyosyoCd=1570201267-00&ServiceCd=430&Type=search", "url2": "http://www.kobushien.com" }, "geometry": { "type": "Point", "coordinates": [ 138.8707698, 37.4651082 ] } },
{ "type": "Feature", "properties": { "内容": "ケアプランわらび園【居宅介護支援】新潟県長岡市浦3060番地", "url": "https://www.kaigokensaku.mhlw.go.jp/15/index.php?action_kouhyou_detail_004_kani=true&JigyosyoCd=1570201630-00&ServiceCd=430&Type=search", "url2": "https://www.warabien.jp/" }, "geometry": { "type": "Point", "coordinates": [ 138.804131899999987, 37.3886346 ] } },
{ "type": "Feature", "properties": { "内容": "特別養護老人ホーム　こしじの里【居宅介護支援】新潟県長岡市不動沢２２１９番地５", "url": "https://www.kaigokensaku.mhlw.go.jp/15/index.php?action_kouhyou_detail_004_kani=true&JigyosyoCd=1570201663-00&ServiceCd=430&Type=search", "url2": "http://care-net.biz/15/ogoshi/" }, "geometry": { "type": "Point", "coordinates": [ 138.746264283467099, 37.37077268573799 ] } },
{ "type": "Feature", "properties": { "内容": "長岡市社会福祉協議会　居宅介護支援ながおか【居宅介護支援】長岡市水道町3丁目5番30号", "url": "https://www.kaigokensaku.mhlw.go.jp/15/index.php?action_kouhyou_detail_004_kani=true&JigyosyoCd=1570201770-00&ServiceCd=430&Type=search", "url2": "http://www.nagaoka-shakyo.or.jp/" }, "geometry": { "type": "Point", "coordinates": [ 138.846716199999946, 37.45718320000001 ] } },
{ "type": "Feature", "properties": { "内容": "ケアプランセンターしなの【居宅介護支援】新潟県長岡市信濃２丁目６番１８号", "url": "https://www.kaigokensaku.mhlw.go.jp/15/index.php?action_kouhyou_detail_004_kani=true&JigyosyoCd=1570201861-00&ServiceCd=430&Type=search", "url2": "http://www.kobushien.com" }, "geometry": { "type": "Point", "coordinates": [ 138.837825699999939, 37.4506449 ] } },
{ "type": "Feature", "properties": { "内容": "特別養護老人ホーム中之島【居宅介護支援】新潟県長岡市中之島２１０５番地６", "url": "https://www.kaigokensaku.mhlw.go.jp/15/index.php?action_kouhyou_detail_004_kani=true&JigyosyoCd=1570201887-00&ServiceCd=430&Type=search", "url2": "http://www.nagaokasanko.or.jp/group/nakanosima/" }, "geometry": { "type": "Point", "coordinates": [ 138.873046, 37.5358357 ] } },
{ "type": "Feature", "properties": { "内容": "居宅介護支援事業所特別養護老人ホーム桐原の郷【居宅介護支援】長岡市寺泊下桐3700番地1", "url": "https://www.kaigokensaku.mhlw.go.jp/15/index.php?action_kouhyou_detail_004_kani=true&JigyosyoCd=1570201978-00&ServiceCd=430&Type=search", "url2": "https://nagaokasanko.or.jp/group/kirihara/" }, "geometry": { "type": "Point", "coordinates": [ 138.807337100000041, 37.6122218 ] } },
{ "type": "Feature", "properties": { "内容": "居宅介護支援事業所わしま【居宅介護支援】長岡市小島谷3422番地3", "url": "https://www.kaigokensaku.mhlw.go.jp/15/index.php?action_kouhyou_detail_004_kani=true&JigyosyoCd=1570201994-00&ServiceCd=430&Type=search", "url2": "http://www.nagaokasanko.or.jp/" }, "geometry": { "type": "Point", "coordinates": [ 138.771666699999969, 37.5756886 ] } },
{ "type": "Feature", "properties": { "内容": "居宅介護支援センターいずみ苑【居宅介護支援】新潟県長岡市栃尾泉４１９番地２", "url": "https://www.kaigokensaku.mhlw.go.jp/15/index.php?action_kouhyou_detail_004_kani=true&JigyosyoCd=1570202026-00&ServiceCd=430&Type=search", "url2": "http://izumien-kariyada.jp" }, "geometry": { "type": "Point", "coordinates": [ 139.011640400000033, 37.4512952 ] } },
{ "type": "Feature", "properties": { "内容": "さくらメディカル株式会社　長岡居宅介護支援事業所【居宅介護支援】新潟県長岡市古正寺3-143", "url": "https://www.kaigokensaku.mhlw.go.jp/15/index.php?action_kouhyou_detail_004_kani=true&JigyosyoCd=1570203750-00&ServiceCd=430&Type=search", "url2": "http://www.sakura-medical.com/" }, "geometry": { "type": "Point", "coordinates": [ 138.821118958930242, 37.459333741520474 ] } },
{ "type": "Feature", "properties": { "内容": "居宅介護支援事業所ケアマネ元気印【居宅介護支援】新潟県長岡市寺泊磯町7432番地14", "url": "https://www.kaigokensaku.mhlw.go.jp/15/index.php?action_kouhyou_detail_004_kani=true&JigyosyoCd=1571301074-00&ServiceCd=430&Type=search", "url2": null }, "geometry": { "type": "Point", "coordinates": [ 138.775744900000063, 37.6526381 ] } },
{ "type": "Feature", "properties": { "内容": "長岡市社会福祉協議会　居宅介護支援かわぐち【居宅介護支援】新潟県長岡市西川口１１６８番地", "url": "https://www.kaigokensaku.mhlw.go.jp/15/index.php?action_kouhyou_detail_004_kani=true&JigyosyoCd=1575700032-00&ServiceCd=430&Type=search", "url2": "http://www.nagaoka-shakyo.or.jp" }, "geometry": { "type": "Point", "coordinates": [ 138.861147499999987, 37.2650419 ] } },
{ "type": "Feature", "properties": { "内容": "居宅介護支援センター与板【居宅介護支援】新潟県長岡市与板町与板652番地1", "url": "https://www.kaigokensaku.mhlw.go.jp/15/index.php?action_kouhyou_detail_004_kani=true&JigyosyoCd=1570202554-00&ServiceCd=430&Type=search", "url2": "http://www.tourien.jp/" }, "geometry": { "type": "Point", "coordinates": [ 138.812559405310026, 37.543242325674882 ] } },
{ "type": "Feature", "properties": { "内容": "ケアプランセンター平島【居宅介護支援】新潟県長岡市平島2丁目53番", "url": "https://www.kaigokensaku.mhlw.go.jp/15/index.php?action_kouhyou_detail_004_kani=true&JigyosyoCd=1570203222-00&ServiceCd=430&Type=search", "url2": "http://www.kobushien.com/" }, "geometry": { "type": "Point", "coordinates": [ 138.829016799999977, 37.4219757 ] } },
{ "type": "Feature", "properties": { "内容": "ケアプランセンター大島新町【居宅介護支援】新潟県長岡市大島新町３丁目１－１０", "url": "https://www.kaigokensaku.mhlw.go.jp/15/index.php?action_kouhyou_detail_004_kani=true&JigyosyoCd=1570203362-00&ServiceCd=430&Type=search", "url2": "http://www.kobushien.com/" }, "geometry": { "type": "Point", "coordinates": [ 138.823336, 37.4443507 ] } },
{ "type": "Feature", "properties": { "内容": "ニチイケアセンター長岡末広【居宅介護支援】長岡市末広1丁目1番7号", "url": "https://www.kaigokensaku.mhlw.go.jp/15/index.php?action_kouhyou_detail_004_kani=true&JigyosyoCd=1570203297-00&ServiceCd=430&Type=search", "url2": "http://www.nichiigakkan.co.jp/" }, "geometry": { "type": "Point", "coordinates": [ 138.855137099999979, 37.430635 ] } },
{ "type": "Feature", "properties": { "内容": "エフビー居宅介護支援事業所長岡【居宅介護支援】新潟県長岡市高見町1007", "url": "https://www.kaigokensaku.mhlw.go.jp/15/index.php?action_kouhyou_detail_004_kani=true&JigyosyoCd=1570203768-00&ServiceCd=430&Type=search", "url2": "http://www.fb-kaigo.co.jp/" }, "geometry": { "type": "Point", "coordinates": [ 138.860995699999989, 37.5005312 ] } },
{ "type": "Feature", "properties": { "内容": "介護支援センター　サンホーム【居宅介護支援】長岡市楡原784番地13", "url": "https://www.kaigokensaku.mhlw.go.jp/15/index.php?action_kouhyou_detail_004_kani=true&JigyosyoCd=1570202034-00&ServiceCd=430&Type=search", "url2": "http://care-net.biz/15/taiyo/" }, "geometry": { "type": "Point", "coordinates": [ 139.000970100000018, 37.495554 ] } },
{ "type": "Feature", "properties": { "内容": "メッツ川崎ケアプランセンター【居宅介護支援】長岡市川崎2丁目2478番地1メッツ川崎薬局2階", "url": "https://www.kaigokensaku.mhlw.go.jp/15/index.php?action_kouhyou_detail_004_kani=true&JigyosyoCd=1570203099-00&ServiceCd=430&Type=search", "url2": "https://taiyo-medicareservice.co.jp/" }, "geometry": { "type": "Point", "coordinates": [ 138.868064, 37.4519452 ] } },
{ "type": "Feature", "properties": { "内容": "居宅介護支援センターきたながおか【居宅介護支援】新潟県長岡市宝２丁目２番地１６", "url": "https://www.kaigokensaku.mhlw.go.jp/15/index.php?action_kouhyou_detail_004_kani=true&JigyosyoCd=1570203834-00&ServiceCd=430&Type=search", "url2": "https://info03920.wixsite.com/koshiji" }, "geometry": { "type": "Point", "coordinates": [ 138.857831863878232, 37.483262449386686 ] } },
{ "type": "Feature", "properties": { "内容": "シルバーサポート長岡店【居宅介護支援】新潟県長岡市蓮潟町字五郎作428番地7", "url": "https://www.kaigokensaku.mhlw.go.jp/15/index.php?action_kouhyou_detail_004_kani=true&JigyosyoCd=1570203917-00&ServiceCd=430&Type=search", "url2": "https://www.ramico.co.jp" }, "geometry": { "type": "Point", "coordinates": [ 138.820806065992741, 37.473999525200846 ] } },
{ "type": "Feature", "properties": { "内容": "ALPHASさわやか苑中沢ケアプランセンター【居宅介護支援】新潟県長岡市中沢町174番地", "url": "https://www.kaigokensaku.mhlw.go.jp/15/index.php?action_kouhyou_detail_004_kani=true&JigyosyoCd=1570200012-00&ServiceCd=430&Type=search", "url2": "http://www.nmi-net.com/creamedicaux/" }, "geometry": { "type": "Point", "coordinates": [ 138.869240359524525, 37.439599211848126 ] } },
{ "type": "Feature", "properties": { "内容": "有限会社サンケアー【居宅介護支援】新潟県三条市下保内307番地1", "url": "https://www.kaigokensaku.mhlw.go.jp/15/index.php?action_kouhyou_detail_004_kani=true&JigyosyoCd=1570400109-00&ServiceCd=430&Type=search", "url2": "https://sunsuncare.wixsite.com/page" }, "geometry": { "type": "Point", "coordinates": [ 139.017001599999986, 37.6418276 ] } },
{ "type": "Feature", "properties": { "内容": "ＳＯＭＰＯケア　三条　居宅介護支援【居宅介護支援】新潟県三条市月岡3丁目1番20号皆川ビル1階", "url": "https://www.kaigokensaku.mhlw.go.jp/15/index.php?action_kouhyou_detail_004_kani=true&JigyosyoCd=1570401669-00&ServiceCd=430&Type=search", "url2": null }, "geometry": { "type": "Point", "coordinates": [ 138.9751496, 37.6132354 ] } },
{ "type": "Feature", "properties": { "内容": "ケアプランセンター桃寿苑【居宅介護支援】新潟県三条市荻堀１１８３番地１デイサービスセンター桃寿苑", "url": "https://www.kaigokensaku.mhlw.go.jp/15/index.php?action_kouhyou_detail_004_kani=true&JigyosyoCd=1570400968-00&ServiceCd=430&Type=search", "url2": "https://sanjo-syakyo.jp/" }, "geometry": { "type": "Point", "coordinates": [ 139.029915986508172, 37.572941555103945 ] } },
{ "type": "Feature", "properties": { "内容": "医療法人社団　川瀬神経内科クリニック【居宅介護支援】新潟県三条市東本成寺20-8", "url": "https://www.kaigokensaku.mhlw.go.jp/15/index.php?action_kouhyou_detail_004_kani=true&JigyosyoCd=1510411216-00&ServiceCd=430&Type=search", "url2": "http://www.kawase-nc.or.jp/" }, "geometry": { "type": "Point", "coordinates": [ 138.948491, 37.6162172 ] } },
{ "type": "Feature", "properties": { "内容": "居宅介護支援センターうらだての里【居宅介護支援】三条市東裏館3丁目6番58号", "url": "https://www.kaigokensaku.mhlw.go.jp/15/index.php?action_kouhyou_detail_004_kani=true&JigyosyoCd=1570400307-00&ServiceCd=430&Type=search", "url2": "https://kenfuku.jp/" }, "geometry": { "type": "Point", "coordinates": [ 138.961827699999958, 37.6429672 ] } },
{ "type": "Feature", "properties": { "内容": "さくらメディカル株式会社　県央居宅介護支援事業所【居宅介護支援】新潟県三条市西裏館2丁目6番2号STビル", "url": "https://www.kaigokensaku.mhlw.go.jp/15/index.php?action_kouhyou_detail_004_kani=true&JigyosyoCd=1570401719-00&ServiceCd=430&Type=search", "url2": "https://www.sakura-medical.com/" }, "geometry": { "type": "Point", "coordinates": [ 138.954782156513602, 37.636056169093841 ] } },
{ "type": "Feature", "properties": { "内容": "有限会社にこにこけあ【居宅介護支援】新潟県三条市西潟3-25", "url": "https://www.kaigokensaku.mhlw.go.jp/15/index.php?action_kouhyou_detail_004_kani=true&JigyosyoCd=1570400513-00&ServiceCd=430&Type=search", "url2": null }, "geometry": { "type": "Point", "coordinates": [ 138.995602100000042, 37.6423072 ] } },
{ "type": "Feature", "properties": { "内容": "居宅介護支援センター　こころつくし【居宅介護支援】新潟県三条市西大崎2丁目4番10号", "url": "https://www.kaigokensaku.mhlw.go.jp/15/index.php?action_kouhyou_detail_004_kani=true&JigyosyoCd=1570400521-00&ServiceCd=430&Type=search", "url2": "http://houtoku-fukushi.jp" }, "geometry": { "type": "Point", "coordinates": [ 138.985459600000013, 37.6193212 ] } },
{ "type": "Feature", "properties": { "内容": "高齢者福祉施設　薬師の郷【居宅介護支援】新潟県三条市長嶺４１９番地", "url": "https://www.kaigokensaku.mhlw.go.jp/15/index.php?action_kouhyou_detail_004_kani=true&JigyosyoCd=1570400661-00&ServiceCd=430&Type=search", "url2": "http://www.yakushinosato.net/" }, "geometry": { "type": "Point", "coordinates": [ 138.960700556483516, 37.592601321594472 ] } },
{ "type": "Feature", "properties": { "内容": "在宅介護支援センターいっぷく【居宅介護支援】新潟県三条市庭月630番地4", "url": "https://www.kaigokensaku.mhlw.go.jp/15/index.php?action_kouhyou_detail_004_kani=true&JigyosyoCd=1570401040-00&ServiceCd=430&Type=search", "url2": "http://fukushitada.com/" }, "geometry": { "type": "Point", "coordinates": [ 139.113695588360542, 37.539749118679104 ] } },
{ "type": "Feature", "properties": { "内容": "はあとふるあたご居宅介護支援センター三条【居宅介護支援】新潟県三条市西四日町3丁目4番5号はあとふるあたご福祉用具三条", "url": "https://www.kaigokensaku.mhlw.go.jp/15/index.php?action_kouhyou_detail_004_kani=true&JigyosyoCd=1570401727-00&ServiceCd=430&Type=search", "url2": "http://www.heartfull.jp/" }, "geometry": { "type": "Point", "coordinates": [ 138.951113822457643, 37.622648116441766 ] } },
{ "type": "Feature", "properties": { "内容": "シルバーサポート三条店【居宅介護支援】新潟県三条市三竹３丁目１番６５号", "url": "https://www.kaigokensaku.mhlw.go.jp/15/index.php?action_kouhyou_detail_004_kani=true&JigyosyoCd=1571301009-00&ServiceCd=430&Type=search", "url2": "http://www.ramico.co.jp" }, "geometry": { "type": "Point", "coordinates": [ 138.98083070000007, 37.6288817 ] } },
{ "type": "Feature", "properties": { "内容": "居宅介護支援事業所　長和園【居宅介護支援】三条市南四日町３－７－３８－５なでしこ嵐南", "url": "https://www.kaigokensaku.mhlw.go.jp/15/index.php?action_kouhyou_detail_004_kani=true&JigyosyoCd=1570400067-00&ServiceCd=430&Type=search", "url2": "http://www.tyouwaen.com/" }, "geometry": { "type": "Point", "coordinates": [ 138.955745799999931, 37.6157203 ] } },
{ "type": "Feature", "properties": { "内容": "居宅介護支援センターつかのめの里【居宅介護支援】三条市塚野目2380番地2", "url": "https://www.kaigokensaku.mhlw.go.jp/15/index.php?action_kouhyou_detail_004_kani=true&JigyosyoCd=1570400117-00&ServiceCd=430&Type=search", "url2": "http://kenfuku.jp" }, "geometry": { "type": "Point", "coordinates": [ 138.975794700000023, 37.6594174 ] } },
{ "type": "Feature", "properties": { "内容": "居宅介護支援事業所富永草野【居宅介護支援】三条市興野二丁目１１番２８号", "url": "https://www.kaigokensaku.mhlw.go.jp/15/index.php?action_kouhyou_detail_004_kani=true&JigyosyoCd=1570400794-00&ServiceCd=430&Type=search", "url2": "http://www.shihatsudo.or.jp" }, "geometry": { "type": "Point", "coordinates": [ 138.970946599999934, 37.6332742 ] } },
{ "type": "Feature", "properties": { "内容": "三条ケアセンターそよ風【居宅介護支援】新潟県三条市島田2丁目4番3号", "url": "https://www.kaigokensaku.mhlw.go.jp/15/index.php?action_kouhyou_detail_004_kani=true&JigyosyoCd=1570400851-00&ServiceCd=430&Type=search", "url2": "http://www.sykz.co.jp" }, "geometry": { "type": "Point", "coordinates": [ 138.9464693, 37.6269667 ] } },
{ "type": "Feature", "properties": { "内容": "ケアプランセンターさんじょう社協【居宅介護支援】新潟県三条市東本成寺２番１号三条市総合福祉センター", "url": "https://www.kaigokensaku.mhlw.go.jp/15/index.php?action_kouhyou_detail_004_kani=true&JigyosyoCd=1570400984-00&ServiceCd=430&Type=search", "url2": "https://sanjo-syakyo.jp/" }, "geometry": { "type": "Point", "coordinates": [ 138.953143938623043, 37.612261838625521 ] } },
{ "type": "Feature", "properties": { "内容": "さわやか苑三条東居宅介護支援事業部【居宅介護支援】新潟県三条市北入蔵2-7-14", "url": "https://www.kaigokensaku.mhlw.go.jp/15/index.php?action_kouhyou_detail_004_kani=true&JigyosyoCd=1570401750-00&ServiceCd=430&Type=search", "url2": "http://nmi-net.com/creamedicaux/" }, "geometry": { "type": "Point", "coordinates": [ 138.985768967069674, 37.635689219746176 ] } },
{ "type": "Feature", "properties": { "内容": "居宅介護支援事業所三条市デイ【居宅介護支援】新潟県三条市大野畑6-85-5", "url": "https://www.kaigokensaku.mhlw.go.jp/15/index.php?action_kouhyou_detail_004_kani=true&JigyosyoCd=1570401966-00&ServiceCd=430&Type=search", "url2": "https://tyouwaen.com/service/nursing/sanjo" }, "geometry": { "type": "Point", "coordinates": [ 138.9399502, 37.6279593 ] } },
{ "type": "Feature", "properties": { "内容": "ケアプランセンタータマの手【居宅介護支援】新潟県三条市西大崎1-22-20-4ホワイトメゾンA101号室", "url": "https://www.kaigokensaku.mhlw.go.jp/15/index.php?action_kouhyou_detail_004_kani=true&JigyosyoCd=1570402030-00&ServiceCd=430&Type=search", "url2": null }, "geometry": { "type": "Point", "coordinates": [ 138.9854656, 37.6215665 ] } },
{ "type": "Feature", "properties": { "内容": "介護センターさかえの里【居宅介護支援】新潟県三条市福島新田丁1481番地1", "url": "https://www.kaigokensaku.mhlw.go.jp/15/index.php?action_kouhyou_detail_004_kani=true&JigyosyoCd=1570401099-00&ServiceCd=430&Type=search", "url2": "https://www.sakaewelfare.jp" }, "geometry": { "type": "Point", "coordinates": [ 138.91852, 37.5876031 ] } },
{ "type": "Feature", "properties": { "内容": "ケアセンターソレイユあざぶ【居宅介護支援】新潟県三条市麻布１７－１１", "url": "https://www.kaigokensaku.mhlw.go.jp/15/index.php?action_kouhyou_detail_004_kani=true&JigyosyoCd=1570400091-00&ServiceCd=430&Type=search", "url2": null }, "geometry": { "type": "Point", "coordinates": [ 138.998953748548985, 37.612861540481319 ] } },
{ "type": "Feature", "properties": { "内容": "ニチイケアセンターいしがみ【居宅介護支援】新潟県三条市石上２丁目１番２５号", "url": "https://www.kaigokensaku.mhlw.go.jp/15/index.php?action_kouhyou_detail_004_kani=true&JigyosyoCd=1570400570-00&ServiceCd=430&Type=search", "url2": "http://www.nichiigakkan.co.jp" }, "geometry": { "type": "Point", "coordinates": [ 138.951867600000014, 37.6430613 ] } },
{ "type": "Feature", "properties": { "内容": "ナーシングホーム三条【居宅介護支援】三条市今井野新田962-3", "url": "https://www.kaigokensaku.mhlw.go.jp/15/index.php?action_kouhyou_detail_004_kani=true&JigyosyoCd=1570401487-00&ServiceCd=430&Type=search", "url2": "http://nursing-h-sanjo.jp/" }, "geometry": { "type": "Point", "coordinates": [ 138.9388308, 37.6256547 ] } },
{ "type": "Feature", "properties": { "内容": "特別養護老人ホーム　しおかぜ荘【居宅介護支援】新潟県柏崎市北園町21番19号", "url": "https://www.kaigokensaku.mhlw.go.jp/15/index.php?action_kouhyou_detail_004_kani=true&JigyosyoCd=1570500304-00&ServiceCd=430&Type=search", "url2": "https://www.kashikari-fukushi.com/facility/shiokaze/" }, "geometry": { "type": "Point", "coordinates": [ 138.561513500000046, 37.3813238 ] } },
{ "type": "Feature", "properties": { "内容": "にしかりの里居宅介護支援事業所【居宅介護支援】新潟県柏崎市西山町長嶺１７２６番地１", "url": "https://www.kaigokensaku.mhlw.go.jp/15/index.php?action_kouhyou_detail_004_kani=true&JigyosyoCd=1570500668-00&ServiceCd=430&Type=search", "url2": "https://nishikari.jp/" }, "geometry": { "type": "Point", "coordinates": [ 138.6414588, 37.4509078 ] } },
{ "type": "Feature", "properties": { "内容": "居宅介護支援事業所ふじむすび【居宅介護支援】新潟県柏崎市松波一丁目6番3号", "url": "https://www.kaigokensaku.mhlw.go.jp/15/index.php?action_kouhyou_detail_004_kani=true&JigyosyoCd=1570501468-00&ServiceCd=430&Type=search", "url2": null }, "geometry": { "type": "Point", "coordinates": [ 138.5685164, 37.3890015 ] } },
{ "type": "Feature", "properties": { "内容": "柏崎総合医療センター居宅介護支援事業所【居宅介護支援】新潟県柏崎市北半田2丁目11番3号", "url": "https://www.kaigokensaku.mhlw.go.jp/15/index.php?action_kouhyou_detail_004_kani=true&JigyosyoCd=1510511205-00&ServiceCd=430&Type=search", "url2": "http://www.kashiwazaki-ghmc.jp/" }, "geometry": { "type": "Point", "coordinates": [ 138.577556700000059, 37.3625655 ] } },
{ "type": "Feature", "properties": { "内容": "柏崎市社会福祉協議会　居宅介護支援事業所【居宅介護支援】新潟県柏崎市扇町３番３７号扇町介護保険事業センタ－", "url": "https://www.kaigokensaku.mhlw.go.jp/15/index.php?action_kouhyou_detail_004_kani=true&JigyosyoCd=1570500023-00&ServiceCd=430&Type=search", "url2": "http://www.syakyou.jp/nursing/kyotaku.html" }, "geometry": { "type": "Point", "coordinates": [ 138.570782300000019, 37.3655705 ] } },
{ "type": "Feature", "properties": { "内容": "株式会社　ケンブリッジ【居宅介護支援】柏崎市東本町２丁目５番１６号", "url": "https://www.kaigokensaku.mhlw.go.jp/15/index.php?action_kouhyou_detail_004_kani=true&JigyosyoCd=1570500361-00&ServiceCd=430&Type=search", "url2": "http://www.ken-bridge.com/" }, "geometry": { "type": "Point", "coordinates": [ 138.558344799999986, 37.3695502 ] } },
{ "type": "Feature", "properties": { "内容": "あたご居宅介護支援事業所柏崎【居宅介護支援】新潟県柏崎市大字茨目1522-1", "url": "https://www.kaigokensaku.mhlw.go.jp/15/index.php?action_kouhyou_detail_004_kani=true&JigyosyoCd=1570501567-00&ServiceCd=430&Type=search", "url2": "http://www.joetsu-atago.or.jp" }, "geometry": { "type": "Point", "coordinates": [ 138.5829489, 37.3566942 ] } },
{ "type": "Feature", "properties": { "内容": "ケアセンター久松居宅介護支援事業所【居宅介護支援】柏崎市松波1丁目4番53号", "url": "https://www.kaigokensaku.mhlw.go.jp/15/index.php?action_kouhyou_detail_004_kani=true&JigyosyoCd=1570500528-00&ServiceCd=430&Type=search", "url2": "https://kyumatsu.com" }, "geometry": { "type": "Point", "coordinates": [ 138.570139122090126, 37.388938137799045 ] } },
{ "type": "Feature", "properties": { "内容": "ツクイ柏崎新田畑【居宅介護支援】柏崎市新田畑5-42", "url": "https://www.kaigokensaku.mhlw.go.jp/15/index.php?action_kouhyou_detail_004_kani=true&JigyosyoCd=1570500890-00&ServiceCd=430&Type=search", "url2": "http://www.tsukui.net" }, "geometry": { "type": "Point", "coordinates": [ 138.581736299999989, 37.3732365 ] } },
{ "type": "Feature", "properties": { "内容": "やさしい手柏崎居宅介護支援事業所【居宅介護支援】新潟県柏崎市田中13-14", "url": "https://www.kaigokensaku.mhlw.go.jp/15/index.php?action_kouhyou_detail_004_kani=true&JigyosyoCd=1570501526-00&ServiceCd=430&Type=search", "url2": "https://search.yasashiite.com/detail/kyotakukaigo_kashiwazaki/" }, "geometry": { "type": "Point", "coordinates": [ 138.5671159, 37.3610789 ] } },
{ "type": "Feature", "properties": { "内容": "よねやま訪問看護ステーション【居宅介護支援】新潟県柏崎市大字茨目字二ツ池2071－1", "url": "https://www.kaigokensaku.mhlw.go.jp/15/index.php?action_kouhyou_detail_004_kani=true&JigyosyoCd=1560590026-00&ServiceCd=430&Type=search", "url2": "http://www.tatikawa.or.jp" }, "geometry": { "type": "Point", "coordinates": [ 138.586851751664767, 37.353357084539034 ] } },
{ "type": "Feature", "properties": { "内容": "居宅介護支援事業所いこいの里【居宅介護支援】柏崎市大字佐水3140番地", "url": "https://www.kaigokensaku.mhlw.go.jp/15/index.php?action_kouhyou_detail_004_kani=true&JigyosyoCd=1570500049-00&ServiceCd=430&Type=search", "url2": "http://www.fuku-seizankai.jp/" }, "geometry": { "type": "Point", "coordinates": [ 138.572168599999941, 37.2875521 ] } },
{ "type": "Feature", "properties": { "内容": "特別養護老人ホーム　むつみ荘【居宅介護支援】柏崎市大字畔屋392番地１", "url": "https://www.kaigokensaku.mhlw.go.jp/15/index.php?action_kouhyou_detail_004_kani=true&JigyosyoCd=1570500056-00&ServiceCd=430&Type=search", "url2": "https://www.kashikari-fukushi.com/" }, "geometry": { "type": "Point", "coordinates": [ 138.619941199999971, 37.3687262 ] } },
{ "type": "Feature", "properties": { "内容": "さくら介護サービス桜寿【居宅介護支援】新潟県柏崎市番神1-2-6みなと桜寿", "url": "https://www.kaigokensaku.mhlw.go.jp/15/index.php?action_kouhyou_detail_004_kani=true&JigyosyoCd=1570500700-00&ServiceCd=430&Type=search", "url2": "http://www.oujyu.jp/" }, "geometry": { "type": "Point", "coordinates": [ 138.536573320019272, 37.363933886264029 ] } },
{ "type": "Feature", "properties": { "内容": "えちご中越農業協働組合　居宅介護支援事業所【居宅介護支援】新潟県柏崎市大字曽地１０２番地", "url": "https://www.kaigokensaku.mhlw.go.jp/15/index.php?action_kouhyou_detail_004_kani=true&JigyosyoCd=1570500866-00&ServiceCd=430&Type=search", "url2": null }, "geometry": { "type": "Point", "coordinates": [ 138.63564329999997, 37.4034304 ] } },
{ "type": "Feature", "properties": { "内容": "アイ・ケアーズ【居宅介護支援】新潟県柏崎市長峰町11番12号", "url": "https://www.kaigokensaku.mhlw.go.jp/15/index.php?action_kouhyou_detail_004_kani=true&JigyosyoCd=1570501047-00&ServiceCd=430&Type=search", "url2": "http://www.i-cares.jp" }, "geometry": { "type": "Point", "coordinates": [ 138.569046800000024, 37.349889 ] } },
{ "type": "Feature", "properties": { "内容": "株式会社らいふさぽーと居宅介護支援事業所【居宅介護支援】新潟県柏崎市豊町3番60号", "url": "https://www.kaigokensaku.mhlw.go.jp/15/index.php?action_kouhyou_detail_004_kani=true&JigyosyoCd=1570501534-00&ServiceCd=430&Type=search", "url2": null }, "geometry": { "type": "Point", "coordinates": [ 138.566339112828075, 37.365388456326848 ] } },
{ "type": "Feature", "properties": { "内容": "ベストケア柏崎居宅介護支援事業所【居宅介護支援】新潟県柏崎市半田2-5-11パキラ半田B", "url": "https://www.kaigokensaku.mhlw.go.jp/15/index.php?action_kouhyou_detail_004_kani=true&JigyosyoCd=1570501435-00&ServiceCd=430&Type=search", "url2": "https://new-bc.com" }, "geometry": { "type": "Point", "coordinates": [ 138.577004223039921, 37.357199505627321 ] } },
{ "type": "Feature", "properties": { "内容": "ALPHASさわやか苑柏崎春日ケアプランセンター【居宅介護支援】新潟県柏崎市春日1丁目2番51号", "url": "https://www.kaigokensaku.mhlw.go.jp/15/index.php?action_kouhyou_detail_004_kani=true&JigyosyoCd=1570500916-00&ServiceCd=430&Type=search", "url2": "http://www.nmi-net.com/creamedicaux/" }, "geometry": { "type": "Point", "coordinates": [ 138.569421, 37.3790743 ] } },
{ "type": "Feature", "properties": { "内容": "エフビー居宅介護支援事業所柏崎【居宅介護支援】新潟県柏崎市岩上9番3号セントラルビル105号", "url": "https://www.kaigokensaku.mhlw.go.jp/15/index.php?action_kouhyou_detail_004_kani=true&JigyosyoCd=1570501336-00&ServiceCd=430&Type=search", "url2": "http://www.fb-kaigo.co.jp/" }, "geometry": { "type": "Point", "coordinates": [ 138.570296, 37.358398799999975 ] } },
{ "type": "Feature", "properties": { "内容": "ケアプランセンター菜の花【居宅介護支援】新潟県新発田市西園町３丁目5－5", "url": "https://www.kaigokensaku.mhlw.go.jp/15/index.php?action_kouhyou_detail_004_kani=true&JigyosyoCd=1570601359-00&ServiceCd=430&Type=search", "url2": null }, "geometry": { "type": "Point", "coordinates": [ 139.315166431738277, 37.954854506359865 ] } },
{ "type": "Feature", "properties": { "内容": "株式会社エヌ介護サービス新発田センター【居宅介護支援】新潟県新発田市大手町１丁目１４番１６号", "url": "https://www.kaigokensaku.mhlw.go.jp/15/index.php?action_kouhyou_detail_004_kani=true&JigyosyoCd=1570600500-00&ServiceCd=430&Type=search", "url2": "https://n-kaigo.jp/" }, "geometry": { "type": "Point", "coordinates": [ 139.324414474946593, 37.94966612480281 ] } },
{ "type": "Feature", "properties": { "内容": "ＳＯＭＰＯケア　新発田　居宅介護支援【居宅介護支援】新潟県新発田市住吉町四丁目１４番33号　2階", "url": "https://www.kaigokensaku.mhlw.go.jp/15/index.php?action_kouhyou_detail_004_kani=true&JigyosyoCd=1570601714-00&ServiceCd=430&Type=search", "url2": null }, "geometry": { "type": "Point", "coordinates": [ 139.314122, 37.943161 ] } },
{ "type": "Feature", "properties": { "内容": "ツクイ　新発田【居宅介護支援】新潟県新発田市新富町2丁目6-20タートル新富1F", "url": "https://www.kaigokensaku.mhlw.go.jp/15/index.php?action_kouhyou_detail_004_kani=true&JigyosyoCd=1570600187-00&ServiceCd=430&Type=search", "url2": "http://www.tsukui.net/" }, "geometry": { "type": "Point", "coordinates": [ 139.341925700000047, 37.9565281 ] } },
{ "type": "Feature", "properties": { "内容": "はあとふるあたご居宅介護支援センター城北町【居宅介護支援】新潟県新発田市城北町３丁目３番３１号", "url": "https://www.kaigokensaku.mhlw.go.jp/15/index.php?action_kouhyou_detail_004_kani=true&JigyosyoCd=1570600690-00&ServiceCd=430&Type=search", "url2": "http://www.heartfull.jp" }, "geometry": { "type": "Point", "coordinates": [ 139.321417699999984, 37.9625757 ] } },
{ "type": "Feature", "properties": { "内容": "居宅介護支援加治川の里【居宅介護支援】新発田市向中条2843番地1", "url": "https://www.kaigokensaku.mhlw.go.jp/15/index.php?action_kouhyou_detail_004_kani=true&JigyosyoCd=1570600922-00&ServiceCd=430&Type=search", "url2": "http://www.kajikawanosato.jp/" }, "geometry": { "type": "Point", "coordinates": [ 139.346758099999988, 37.9775439 ] } },
{ "type": "Feature", "properties": { "内容": "訪問看護ステーションランジュ【居宅介護支援】新発田市中央町４丁目468番地12チサンマンション新発田　501号室", "url": "https://www.kaigokensaku.mhlw.go.jp/15/index.php?action_kouhyou_detail_004_kani=true&JigyosyoCd=1560690024-00&ServiceCd=430&Type=search", "url2": "http://www.takeuchikai.net/" }, "geometry": { "type": "Point", "coordinates": [ 139.326176267560697, 37.950896014104075 ] } },
{ "type": "Feature", "properties": { "内容": "しばた社協居宅介護支援センター【居宅介護支援】新潟県新発田市中央町3-13-3健康長寿アクティブ交流センター　２F", "url": "https://www.kaigokensaku.mhlw.go.jp/15/index.php?action_kouhyou_detail_004_kani=true&JigyosyoCd=1570600021-00&ServiceCd=430&Type=search", "url2": null }, "geometry": { "type": "Point", "coordinates": [ 139.32650327699892, 37.948866317370445 ] } },
{ "type": "Feature", "properties": { "内容": "ニチイケアセンター新発田【居宅介護支援】新発田市富塚町3-4-27", "url": "https://www.kaigokensaku.mhlw.go.jp/15/index.php?action_kouhyou_detail_004_kani=true&JigyosyoCd=1570600328-00&ServiceCd=430&Type=search", "url2": "http://www.nichiigakkan.co.jp" }, "geometry": { "type": "Point", "coordinates": [ 139.293960700000071, 37.9511282 ] } },
{ "type": "Feature", "properties": { "内容": "陽だまり苑ふぇりあ【居宅介護支援】新潟県新発田市富塚町2丁目4番13号", "url": "https://www.kaigokensaku.mhlw.go.jp/15/index.php?action_kouhyou_detail_004_kani=true&JigyosyoCd=1570600344-00&ServiceCd=430&Type=search", "url2": "https://www.hidamarien-kaigo.jp/" }, "geometry": { "type": "Point", "coordinates": [ 139.298670612761896, 37.949744182436397 ] } },
{ "type": "Feature", "properties": { "内容": "居宅介護支援つきおかの里【居宅介護支援】新潟県新発田市本田壬393番地1", "url": "https://www.kaigokensaku.mhlw.go.jp/15/index.php?action_kouhyou_detail_004_kani=true&JigyosyoCd=1570600609-00&ServiceCd=430&Type=search", "url2": "http://www.ninohjikai.jp/" }, "geometry": { "type": "Point", "coordinates": [ 139.29826920000005, 37.8825579 ] } },
{ "type": "Feature", "properties": { "内容": "介護支援センターしうんじ【居宅介護支援】新発田市真野原外3331番地2", "url": "https://www.kaigokensaku.mhlw.go.jp/15/index.php?action_kouhyou_detail_004_kani=true&JigyosyoCd=1570600815-00&ServiceCd=430&Type=search", "url2": "https://shiunji.or.jp/wordpress/" }, "geometry": { "type": "Point", "coordinates": [ 139.318080099999946, 38.018142900000015 ] } },
{ "type": "Feature", "properties": { "内容": "ほっとしばたケアセンター【居宅介護支援】新潟県新発田市豊町三丁目5番１２号", "url": "https://www.kaigokensaku.mhlw.go.jp/15/index.php?action_kouhyou_detail_004_kani=true&JigyosyoCd=1570600864-00&ServiceCd=430&Type=search", "url2": "http://hot-shibata.com/" }, "geometry": { "type": "Point", "coordinates": [ 139.341593257147224, 37.936511100985001 ] } },
{ "type": "Feature", "properties": { "内容": "とようら居宅支援センター【居宅介護支援】新潟県新発田市荒町甲1611-51ヴァルメ豊浦内", "url": "https://www.kaigokensaku.mhlw.go.jp/15/index.php?action_kouhyou_detail_004_kani=true&JigyosyoCd=1570600930-00&ServiceCd=430&Type=search", "url2": "http://www.aiko.or.jp" }, "geometry": { "type": "Point", "coordinates": [ 139.322822054106126, 37.936797071261182 ] } },
{ "type": "Feature", "properties": { "内容": "パルｃｏｍｆｙ陽だまり苑【居宅介護支援】新潟県新発田市中央町５丁目４番２号", "url": "https://www.kaigokensaku.mhlw.go.jp/15/index.php?action_kouhyou_detail_004_kani=true&JigyosyoCd=1570601516-00&ServiceCd=430&Type=search", "url2": "https://www.hidamarien-kaigo.jp/" }, "geometry": { "type": "Point", "coordinates": [ 139.331411399999979, 37.9520578 ] } },
{ "type": "Feature", "properties": { "内容": "陽だまり苑【居宅介護支援】新潟県新発田市岡田1746番地1", "url": "https://www.kaigokensaku.mhlw.go.jp/15/index.php?action_kouhyou_detail_004_kani=true&JigyosyoCd=1570601813-00&ServiceCd=430&Type=search", "url2": "https://www.hidamarien-kaigo.jp" }, "geometry": { "type": "Point", "coordinates": [ 139.35980090000001, 37.9510653 ] } },
{ "type": "Feature", "properties": { "内容": "居宅介護支援事業所　いいでの里【居宅介護支援】新発田市金谷１９７番地", "url": "https://www.kaigokensaku.mhlw.go.jp/15/index.php?action_kouhyou_detail_004_kani=true&JigyosyoCd=1550680019-00&ServiceCd=430&Type=search", "url2": "http://www.yushinkai.info" }, "geometry": { "type": "Point", "coordinates": [ 139.3655109, 37.9442184 ] } },
{ "type": "Feature", "properties": { "内容": "居宅介護支援事業所　豊浦愛宕の園【居宅介護支援】新発田市荒町甲1611番地13", "url": "https://www.kaigokensaku.mhlw.go.jp/15/index.php?action_kouhyou_detail_004_kani=true&JigyosyoCd=1570601136-00&ServiceCd=430&Type=search", "url2": "http://www.atago.or.jp/" }, "geometry": { "type": "Point", "coordinates": [ 139.32188229999997, 37.9364372 ] } },
{ "type": "Feature", "properties": { "内容": "ケアプランセンターうららかco【居宅介護支援】新潟県新発田市豊町3丁目8番22号第2サン・ドゥエル102", "url": "https://www.kaigokensaku.mhlw.go.jp/15/index.php?action_kouhyou_detail_004_kani=true&JigyosyoCd=1570601730-00&ServiceCd=430&Type=search", "url2": null }, "geometry": { "type": "Point", "coordinates": [ 139.337543842327875, 37.937201716776656 ] } },
{ "type": "Feature", "properties": { "内容": "ケアプランセンターサンラックおぢや【居宅介護支援】新潟県小千谷市大字桜町５１４０番地小千谷市総合福祉センター", "url": "https://www.kaigokensaku.mhlw.go.jp/15/index.php?action_kouhyou_detail_004_kani=true&JigyosyoCd=1570800019-00&ServiceCd=430&Type=search", "url2": "http://oj-shakyo.jp" }, "geometry": { "type": "Point", "coordinates": [ 138.781706900000017, 37.3134192 ] } },
{ "type": "Feature", "properties": { "内容": "おぢやケアプランステーション【居宅介護支援】新潟県小千谷市城内１－10-19ＤＢおだじま２Ｆ", "url": "https://www.kaigokensaku.mhlw.go.jp/15/index.php?action_kouhyou_detail_004_kani=true&JigyosyoCd=1570800522-00&ServiceCd=430&Type=search", "url2": null }, "geometry": { "type": "Point", "coordinates": [ 138.794219200000072, 37.313633 ] } },
{ "type": "Feature", "properties": { "内容": "健康倶楽部中子の森居宅介護支援事業所【居宅介護支援】小千谷市大字薭生乙1460番地1", "url": "https://www.kaigokensaku.mhlw.go.jp/15/index.php?action_kouhyou_detail_004_kani=true&JigyosyoCd=1570800308-00&ServiceCd=430&Type=search", "url2": "http://naebafukushikai.com/" }, "geometry": { "type": "Point", "coordinates": [ 138.807416303796344, 37.306944398253485 ] } },
{ "type": "Feature", "properties": { "内容": "居宅介護支援事業所　片貝さくら【居宅介護支援】新潟県小千谷市片貝町４７０８番地１", "url": "https://www.kaigokensaku.mhlw.go.jp/15/index.php?action_kouhyou_detail_004_kani=true&JigyosyoCd=1570800431-00&ServiceCd=430&Type=search", "url2": "http://ojiya-sakura.jp/" }, "geometry": { "type": "Point", "coordinates": [ 138.778887899999972, 37.370597888448401 ] } },
{ "type": "Feature", "properties": { "内容": "ＡＬＰＨＡＳさわやか苑小千谷ケアプランセンター【居宅介護支援】新潟県小千谷市本町1丁目6番13号", "url": "https://www.kaigokensaku.mhlw.go.jp/15/index.php?action_kouhyou_detail_004_kani=true&JigyosyoCd=1570800563-00&ServiceCd=430&Type=search", "url2": null }, "geometry": { "type": "Point", "coordinates": [ 138.7997901, 37.3103883 ] } },
{ "type": "Feature", "properties": { "内容": "小粟田の里【居宅介護支援】新潟県小千谷市大字小粟田2732番地７", "url": "https://www.kaigokensaku.mhlw.go.jp/15/index.php?action_kouhyou_detail_004_kani=true&JigyosyoCd=1570800035-00&ServiceCd=430&Type=search", "url2": "http://ok-fukushikai.com" }, "geometry": { "type": "Point", "coordinates": [ 138.795703799999956, 37.3403908 ] } },
{ "type": "Feature", "properties": { "内容": "居宅介護支援事業所　春風堂【居宅介護支援】新潟県小千谷市山谷３６２２", "url": "https://www.kaigokensaku.mhlw.go.jp/15/index.php?action_kouhyou_detail_004_kani=true&JigyosyoCd=1570800043-00&ServiceCd=430&Type=search", "url2": "http://care-net.biz/15/keiyuukai" }, "geometry": { "type": "Point", "coordinates": [ 138.7735037, 37.3369108 ] } },
{ "type": "Feature", "properties": { "内容": "小千谷総合病院居宅介護支援事業所【居宅介護支援】小千谷市大字平沢新田111番地", "url": "https://www.kaigokensaku.mhlw.go.jp/15/index.php?action_kouhyou_detail_004_kani=true&JigyosyoCd=1570800126-00&ServiceCd=430&Type=search", "url2": "https://www.ojiya-ghp.jp" }, "geometry": { "type": "Point", "coordinates": [ 138.793043980534321, 37.321534193598353 ] } },
{ "type": "Feature", "properties": { "内容": "たがみの里ケアプランセンターかも【居宅介護支援】新潟県加茂市学校町7番18号", "url": "https://www.kaigokensaku.mhlw.go.jp/15/index.php?action_kouhyou_detail_004_kani=true&JigyosyoCd=1570900256-00&ServiceCd=430&Type=search", "url2": null }, "geometry": { "type": "Point", "coordinates": [ 139.055104699999987, 37.6715982 ] } },
{ "type": "Feature", "properties": { "内容": "居宅支援センター花まり【居宅介護支援】新潟市加茂市大字長谷262", "url": "https://www.kaigokensaku.mhlw.go.jp/15/index.php?action_kouhyou_detail_004_kani=true&JigyosyoCd=1570900306-00&ServiceCd=430&Type=search", "url2": "https://www.hakuaijinshikai.com/" }, "geometry": { "type": "Point", "coordinates": [ 139.110244057221166, 37.637610410246282 ] } },
{ "type": "Feature", "properties": { "内容": "居宅介護支援事業所　さくら苑【居宅介護支援】新潟県加茂市千刈２丁目８番１３号", "url": "https://www.kaigokensaku.mhlw.go.jp/15/index.php?action_kouhyou_detail_004_kani=true&JigyosyoCd=1570900231-00&ServiceCd=430&Type=search", "url2": "http://www.jojinkai.com/sakuraen/" }, "geometry": { "type": "Point", "coordinates": [ 139.050935699999968, 37.6660552 ] } },
{ "type": "Feature", "properties": { "内容": "居宅介護支援事業所　平成園【居宅介護支援】新潟県加茂市石川２丁目２４７２番地１", "url": "https://www.kaigokensaku.mhlw.go.jp/15/index.php?action_kouhyou_detail_004_kani=true&JigyosyoCd=1570900298-00&ServiceCd=430&Type=search", "url2": "https://kamo-fukushikai.com" }, "geometry": { "type": "Point", "coordinates": [ 139.0437077, 37.6708071 ] } },
{ "type": "Feature", "properties": { "内容": "ケアセンターまちなかや十日町【居宅介護支援】新潟県十日町市高田町6丁目757-1ポートインビル2.5階", "url": "https://www.kaigokensaku.mhlw.go.jp/15/index.php?action_kouhyou_detail_004_kani=true&JigyosyoCd=1571001054-00&ServiceCd=430&Type=search", "url2": null }, "geometry": { "type": "Point", "coordinates": [ 138.740754025548597, 37.135691225752431 ] } },
{ "type": "Feature", "properties": { "内容": "中里在宅介護支援センター【居宅介護支援】新潟県十日町市上山己2739番地", "url": "https://www.kaigokensaku.mhlw.go.jp/15/index.php?action_kouhyou_detail_004_kani=true&JigyosyoCd=1571000577-00&ServiceCd=430&Type=search", "url2": "http://www.nakasatohukushikai.jp" }, "geometry": { "type": "Point", "coordinates": [ 138.698888899999929, 37.055384 ] } },
{ "type": "Feature", "properties": { "内容": "ラミコジャパン(株)シルバーサポート十日町店【居宅介護支援】新潟県十日町市大黒沢１７９番地101号", "url": "https://www.kaigokensaku.mhlw.go.jp/15/index.php?action_kouhyou_detail_004_kani=true&JigyosyoCd=1571000767-00&ServiceCd=430&Type=search", "url2": "https://www.ramico.co.jp" }, "geometry": { "type": "Point", "coordinates": [ 138.743214599999988, 37.1090535 ] } },
{ "type": "Feature", "properties": { "内容": "居宅介護支援事業所あかね園【居宅介護支援】新潟県十日町市高原田278番地1", "url": "https://www.kaigokensaku.mhlw.go.jp/15/index.php?action_kouhyou_detail_004_kani=true&JigyosyoCd=1571000569-00&ServiceCd=430&Type=search", "url2": "http://fuku-tokamachi.or.jp/" }, "geometry": { "type": "Point", "coordinates": [ 138.740471599999978, 37.1707788 ] } },
{ "type": "Feature", "properties": { "内容": "居宅介護支援事業所三好園しんざ【居宅介護支援】十日町市新座甲609番地2", "url": "https://www.kaigokensaku.mhlw.go.jp/15/index.php?action_kouhyou_detail_004_kani=true&JigyosyoCd=1561090059-00&ServiceCd=430&Type=search", "url2": "http://fuku-tokamachi.or.jp/" }, "geometry": { "type": "Point", "coordinates": [ 138.76755049999997, 37.1433662 ] } },
{ "type": "Feature", "properties": { "内容": "社会福祉法人　十日町市社会福祉協議会　居宅介護支援事業所【居宅介護支援】新潟県十日町市松之山１５９６番地１松之山診療所棟３階", "url": "https://www.kaigokensaku.mhlw.go.jp/15/index.php?action_kouhyou_detail_004_kani=true&JigyosyoCd=1571000452-00&ServiceCd=430&Type=search", "url2": "http://www.tkm-shakyo.or.jp" }, "geometry": { "type": "Point", "coordinates": [ 138.608933669975272, 37.086896441554074 ] } },
{ "type": "Feature", "properties": { "内容": "老人介護支援センターつまりの里【居宅介護支援】十日町市新宮乙195番地3", "url": "https://www.kaigokensaku.mhlw.go.jp/15/index.php?action_kouhyou_detail_004_kani=true&JigyosyoCd=1571000031-00&ServiceCd=430&Type=search", "url2": "http://www.tumari.jp" }, "geometry": { "type": "Point", "coordinates": [ 138.720919099999946, 37.0953406 ] } },
{ "type": "Feature", "properties": { "内容": "株式会社　クリーンセキュリティー【居宅介護支援】新潟県十日町市本町２丁目４番地１アップルとおかまち　２階", "url": "https://www.kaigokensaku.mhlw.go.jp/15/index.php?action_kouhyou_detail_004_kani=true&JigyosyoCd=1571000049-00&ServiceCd=430&Type=search", "url2": null }, "geometry": { "type": "Point", "coordinates": [ 138.759938000524926, 37.130056645270678 ] } },
{ "type": "Feature", "properties": { "内容": "居宅介護支援センターやまびこ【居宅介護支援】新潟県十日町市寿町2丁目1番地1", "url": "https://www.kaigokensaku.mhlw.go.jp/15/index.php?action_kouhyou_detail_004_kani=true&JigyosyoCd=1571000064-00&ServiceCd=430&Type=search", "url2": "http://www.tokamachi-yamabiko.com/" }, "geometry": { "type": "Point", "coordinates": [ 138.753587422090163, 37.126564427387805 ] } },
{ "type": "Feature", "properties": { "内容": "ほのぼの園居宅介護支援事業所【居宅介護支援】十日町市松代3559-6", "url": "https://www.kaigokensaku.mhlw.go.jp/15/index.php?action_kouhyou_detail_004_kani=true&JigyosyoCd=1571000643-00&ServiceCd=430&Type=search", "url2": "http://matsudaifukushikai.webes.jp/" }, "geometry": { "type": "Point", "coordinates": [ 138.612778599999956, 37.1355863 ] } },
{ "type": "Feature", "properties": { "内容": "健康倶楽部たちばな　居宅介護支援事業所【居宅介護支援】新潟県十日町市仁田2311番地４健康倶楽部たちばな", "url": "https://www.kaigokensaku.mhlw.go.jp/15/index.php?action_kouhyou_detail_004_kani=true&JigyosyoCd=1571000734-00&ServiceCd=430&Type=search", "url2": "http://www.naebafukushikai.com" }, "geometry": { "type": "Point", "coordinates": [ 138.747471899999937, 37.2058589 ] } },
{ "type": "Feature", "properties": { "内容": "ケアセンター　まほろばの里川治【居宅介護支援】新潟県十日町市川治4525番地", "url": "https://www.kaigokensaku.mhlw.go.jp/15/index.php?action_kouhyou_detail_004_kani=true&JigyosyoCd=1571000981-00&ServiceCd=430&Type=search", "url2": "http://naebafukushikai.com" }, "geometry": { "type": "Point", "coordinates": [ 138.7416756, 37.1183773 ] } },
{ "type": "Feature", "properties": { "内容": "ケアプラン　ローレル【居宅介護支援】新潟県十日町市中条丙643-1", "url": "https://www.kaigokensaku.mhlw.go.jp/15/index.php?action_kouhyou_detail_004_kani=true&JigyosyoCd=1571000775-00&ServiceCd=430&Type=search", "url2": null }, "geometry": { "type": "Point", "coordinates": [ 138.776079900000013, 37.1561868 ] } },
{ "type": "Feature", "properties": { "内容": "見附市介護老人保健施設ケアプラザ見附【居宅介護支援】見附市学校町2丁目13番30号", "url": "https://www.kaigokensaku.mhlw.go.jp/15/index.php?action_kouhyou_detail_004_kani=true&JigyosyoCd=1571100310-00&ServiceCd=430&Type=search", "url2": "https://www.city.mitsuke.niigata.jp/soshiki/8/" }, "geometry": { "type": "Point", "coordinates": [ 138.919396, 37.5347622 ] } },
{ "type": "Feature", "properties": { "内容": "社会福祉法人見附福祉会大平園【居宅介護支援】見附市学校町2丁目13番31号", "url": "https://www.kaigokensaku.mhlw.go.jp/15/index.php?action_kouhyou_detail_004_kani=true&JigyosyoCd=1571100021-00&ServiceCd=430&Type=search", "url2": "http://mitsukefukushikai.com" }, "geometry": { "type": "Point", "coordinates": [ 138.919654300000047, 37.5354149 ] } },
{ "type": "Feature", "properties": { "内容": "居宅介護支援事業所　ラポール【居宅介護支援】新潟県見附市今町5-17-19", "url": "https://www.kaigokensaku.mhlw.go.jp/15/index.php?action_kouhyou_detail_004_kani=true&JigyosyoCd=1571100286-00&ServiceCd=430&Type=search", "url2": "https://www.yuu-yuu.com" }, "geometry": { "type": "Point", "coordinates": [ 138.890451799999937, 37.550265 ] } },
{ "type": "Feature", "properties": { "内容": "ケアプランのしきん庭【居宅介護支援】新潟県見附市学校町１丁目５番２５号", "url": "https://www.kaigokensaku.mhlw.go.jp/15/index.php?action_kouhyou_detail_004_kani=true&JigyosyoCd=1571100468-00&ServiceCd=430&Type=search", "url2": "https://shikintei.com/" }, "geometry": { "type": "Point", "coordinates": [ 138.920077300000031, 37.532585400000016 ] } },
{ "type": "Feature", "properties": { "内容": "ALPHASさわやか苑見附柳橋ケアプランセンター【居宅介護支援】見附市柳橋町２９５番地２", "url": "https://www.kaigokensaku.mhlw.go.jp/15/index.php?action_kouhyou_detail_004_kani=true&JigyosyoCd=1571100534-00&ServiceCd=430&Type=search", "url2": "http://www.nmi-net.com/creamedicaux/" }, "geometry": { "type": "Point", "coordinates": [ 138.898941115344201, 37.542799805322176 ] } },
{ "type": "Feature", "properties": { "内容": "ふるまい介護支援センター【居宅介護支援】新潟県見附市本所1-25-52", "url": "https://www.kaigokensaku.mhlw.go.jp/15/index.php?action_kouhyou_detail_004_kani=true&JigyosyoCd=1571100013-00&ServiceCd=430&Type=search", "url2": "http://www.hurumai.com" }, "geometry": { "type": "Point", "coordinates": [ 138.914568068925519, 37.538715385099771 ] } },
{ "type": "Feature", "properties": { "内容": "社会福祉法人見附福祉会坂井園【居宅介護支援】新潟県見附市坂井町８１－１", "url": "https://www.kaigokensaku.mhlw.go.jp/15/index.php?action_kouhyou_detail_004_kani=true&JigyosyoCd=1571100328-00&ServiceCd=430&Type=search", "url2": "http://mitsukefukushikai.com/" }, "geometry": { "type": "Point", "coordinates": [ 138.890820699999949, 37.5641523 ] } },
{ "type": "Feature", "properties": { "内容": "居宅介護支援事業所古志乃里【居宅介護支援】新潟県見附市緑町20番地1", "url": "https://www.kaigokensaku.mhlw.go.jp/15/index.php?action_kouhyou_detail_004_kani=true&JigyosyoCd=1571100211-00&ServiceCd=430&Type=search", "url2": "http://suzuran-sono.or.jp" }, "geometry": { "type": "Point", "coordinates": [ 138.919377088390632, 37.512579955368935 ] } },
{ "type": "Feature", "properties": { "内容": "社会福祉法人見附福祉会フローラ【居宅介護支援】見附市新幸町７番９号", "url": "https://www.kaigokensaku.mhlw.go.jp/15/index.php?action_kouhyou_detail_004_kani=true&JigyosyoCd=1571100500-00&ServiceCd=430&Type=search", "url2": "http://mitsukefukushikai.com/" }, "geometry": { "type": "Point", "coordinates": [ 138.893629499999946, 37.5401941 ] } },
{ "type": "Feature", "properties": { "内容": "シルバーサポートかんきち堂店【居宅介護支援】新潟県村上市山居町1丁目8番55号", "url": "https://www.kaigokensaku.mhlw.go.jp/15/index.php?action_kouhyou_detail_004_kani=true&JigyosyoCd=1571200334-00&ServiceCd=430&Type=search", "url2": "http://www.ramico.co.jp" }, "geometry": { "type": "Point", "coordinates": [ 139.466788177555543, 38.215954190683306 ] } },
{ "type": "Feature", "properties": { "内容": "居宅介護支援よろこび【居宅介護支援】新潟県村上市大津1669番地24", "url": "https://www.kaigokensaku.mhlw.go.jp/15/index.php?action_kouhyou_detail_004_kani=true&JigyosyoCd=1571201209-00&ServiceCd=430&Type=search", "url2": null }, "geometry": { "type": "Point", "coordinates": [ 139.433425807548531, 38.132151660819879 ] } },
{ "type": "Feature", "properties": { "内容": "村上市社会福祉協議会　居宅介護支援むらかみ【居宅介護支援】新潟県村上市下相川316-2", "url": "https://www.kaigokensaku.mhlw.go.jp/15/index.php?action_kouhyou_detail_004_kani=true&JigyosyoCd=1571200029-00&ServiceCd=430&Type=search", "url2": "http://www.murakamisyakyou.com/" }, "geometry": { "type": "Point", "coordinates": [ 139.503756391981767, 38.226252458427133 ] } },
{ "type": "Feature", "properties": { "内容": "山北徳新会介護センター【居宅介護支援】村上市勝木1340-1", "url": "https://www.kaigokensaku.mhlw.go.jp/15/index.php?action_kouhyou_detail_004_kani=true&JigyosyoCd=1571200532-00&ServiceCd=430&Type=search", "url2": "https://sanpoku-hp.or.jp" }, "geometry": { "type": "Point", "coordinates": [ 139.516442899999987, 38.4905512 ] } },
{ "type": "Feature", "properties": { "内容": "村上市社会福祉協議会　居宅介護支援　あらかわ【居宅介護支援】新潟県村上市山口444番地村上市荒川支所　３階", "url": "https://www.kaigokensaku.mhlw.go.jp/15/index.php?action_kouhyou_detail_004_kani=true&JigyosyoCd=1571200763-00&ServiceCd=430&Type=search", "url2": "http://murakamisyakyou.com/" }, "geometry": { "type": "Point", "coordinates": [ 139.4438404, 38.1240628 ] } },
{ "type": "Feature", "properties": { "内容": "青葉福祉プランニング【居宅介護支援】新潟県村上市有明620番地", "url": "https://www.kaigokensaku.mhlw.go.jp/15/index.php?action_kouhyou_detail_004_kani=true&JigyosyoCd=1571201167-00&ServiceCd=430&Type=search", "url2": null }, "geometry": { "type": "Point", "coordinates": [ 139.478596652778606, 38.17841311248943 ] } },
{ "type": "Feature", "properties": { "内容": "居宅介護支援事業所いわくすの里【居宅介護支援】新潟県村上市上の山2番17号", "url": "https://www.kaigokensaku.mhlw.go.jp/15/index.php?action_kouhyou_detail_004_kani=true&JigyosyoCd=1571200094-00&ServiceCd=430&Type=search", "url2": "http://www.murakamiiwafune.or.jp" }, "geometry": { "type": "Point", "coordinates": [ 139.440163900000016, 38.1847971 ] } },
{ "type": "Feature", "properties": { "内容": "ケアサービス　まごの手【居宅介護支援】村上市塩町12番19号", "url": "https://www.kaigokensaku.mhlw.go.jp/15/index.php?action_kouhyou_detail_004_kani=true&JigyosyoCd=1571200201-00&ServiceCd=430&Type=search", "url2": "https://kaigo-magonote.net/" }, "geometry": { "type": "Point", "coordinates": [ 139.473829600000045, 38.2272533 ] } },
{ "type": "Feature", "properties": { "内容": "有限会社　ますこ接骨院介護支援事務所【居宅介護支援】村上市府屋４４０番地１", "url": "https://www.kaigokensaku.mhlw.go.jp/15/index.php?action_kouhyou_detail_004_kani=true&JigyosyoCd=1571200474-00&ServiceCd=430&Type=search", "url2": null }, "geometry": { "type": "Point", "coordinates": [ 139.539098400000057, 38.5159377 ] } },
{ "type": "Feature", "properties": { "内容": "村上総合病院居宅介護支援事業所【居宅介護支援】村上市緑町5丁目8番1号", "url": "https://www.kaigokensaku.mhlw.go.jp/15/index.php?action_kouhyou_detail_004_kani=true&JigyosyoCd=1511210294-00&ServiceCd=430&Type=search", "url2": "http://www.mgh.jp/" }, "geometry": { "type": "Point", "coordinates": [ 139.461488817743202, 38.218664729779441 ] } },
{ "type": "Feature", "properties": { "内容": "ケアプランセンター　なごみの郷【居宅介護支援】村上市　瀬波温泉二丁目9番　7号", "url": "https://www.kaigokensaku.mhlw.go.jp/15/index.php?action_kouhyou_detail_004_kani=true&JigyosyoCd=1571200193-00&ServiceCd=430&Type=search", "url2": "http://www.asahigonai.net" }, "geometry": { "type": "Point", "coordinates": [ 139.439678418388326, 38.216960766174161 ] } },
{ "type": "Feature", "properties": { "内容": "リブインハーモニー三之町　居宅介護支援センター【居宅介護支援】新潟県村上市三之町4番33号", "url": "https://www.kaigokensaku.mhlw.go.jp/15/index.php?action_kouhyou_detail_004_kani=true&JigyosyoCd=1571200292-00&ServiceCd=430&Type=search", "url2": "https://www.livein-h.net" }, "geometry": { "type": "Point", "coordinates": [ 139.481946137959312, 38.226845575532977 ] } },
{ "type": "Feature", "properties": { "内容": "すまいるプラン【居宅介護支援】新潟県村上市緑町三丁目３番２４号", "url": "https://www.kaigokensaku.mhlw.go.jp/15/index.php?action_kouhyou_detail_004_kani=true&JigyosyoCd=1571200318-00&ServiceCd=430&Type=search", "url2": null }, "geometry": { "type": "Point", "coordinates": [ 139.45605420000004, 38.2200844 ] } },
{ "type": "Feature", "properties": { "内容": "村上市社会福祉協議会　居宅介護支援あさひ【居宅介護支援】新潟県村上市岩沢5611村上市朝日支所2階", "url": "https://www.kaigokensaku.mhlw.go.jp/15/index.php?action_kouhyou_detail_004_kani=true&JigyosyoCd=1571200797-00&ServiceCd=430&Type=search", "url2": "http://www.murakamisyakyou.com/" }, "geometry": { "type": "Point", "coordinates": [ 139.538573199999973, 38.268479 ] } },
{ "type": "Feature", "properties": { "内容": "居宅介護支援アイリス【居宅介護支援】新潟県村上市瀬波中町11番6号", "url": "https://www.kaigokensaku.mhlw.go.jp/15/index.php?action_kouhyou_detail_004_kani=true&JigyosyoCd=1571201282-00&ServiceCd=430&Type=search", "url2": null }, "geometry": { "type": "Point", "coordinates": [ 139.4527343, 38.230319 ] } },
{ "type": "Feature", "properties": { "内容": "居宅介護支援事業所たかつぼ【居宅介護支援】村上市下鍜冶屋５７２番地7", "url": "https://www.kaigokensaku.mhlw.go.jp/15/index.php?action_kouhyou_detail_004_kani=true&JigyosyoCd=1571200433-00&ServiceCd=430&Type=search", "url2": "http://www.murakamiiwafune.or.jp/" }, "geometry": { "type": "Point", "coordinates": [ 139.447712899999942, 38.1131975 ] } },
{ "type": "Feature", "properties": { "内容": "居宅介護支援事業所羽衣【居宅介護支援】新潟県村上市岩沢1616番地", "url": "https://www.kaigokensaku.mhlw.go.jp/15/index.php?action_kouhyou_detail_004_kani=true&JigyosyoCd=1571200458-00&ServiceCd=430&Type=search", "url2": "http://www.murakamiiwafune.or.jp/" }, "geometry": { "type": "Point", "coordinates": [ 139.5345082, 38.2623401 ] } },
{ "type": "Feature", "properties": { "内容": "居宅介護支援事業所杏園【居宅介護支援】新潟県村上市猿沢2222番地", "url": "https://www.kaigokensaku.mhlw.go.jp/15/index.php?action_kouhyou_detail_004_kani=true&JigyosyoCd=1571200466-00&ServiceCd=430&Type=search", "url2": "http://satomed.or.jp" }, "geometry": { "type": "Point", "coordinates": [ 139.527426614819319, 38.286824800018479 ] } },
{ "type": "Feature", "properties": { "内容": "株式会社はあとふるあたご居宅介護支援センター村上【居宅介護支援】新潟県村上市南町2丁目11番40号", "url": "https://www.kaigokensaku.mhlw.go.jp/15/index.php?action_kouhyou_detail_004_kani=true&JigyosyoCd=1571201183-00&ServiceCd=430&Type=search", "url2": "https://heartfull.jp" }, "geometry": { "type": "Point", "coordinates": [ 139.4722835, 38.2157937 ] } },
{ "type": "Feature", "properties": { "内容": "ケアプランはるーと【居宅介護支援】新潟県村上市羽ヶ榎54-10", "url": "https://www.kaigokensaku.mhlw.go.jp/15/index.php?action_kouhyou_detail_004_kani=true&JigyosyoCd=1571201266-00&ServiceCd=430&Type=search", "url2": null }, "geometry": { "type": "Point", "coordinates": [ 139.4463173, 38.1264899 ] } },
{ "type": "Feature", "properties": { "内容": "株式会社フォト・スタンプ新潟【居宅介護支援】新潟県村上市天神岡381-1", "url": "https://www.kaigokensaku.mhlw.go.jp/15/index.php?action_kouhyou_detail_004_kani=true&JigyosyoCd=1571201308-00&ServiceCd=430&Type=search", "url2": "https://www.ps-niigata.com/" }, "geometry": { "type": "Point", "coordinates": [ 139.502450420901482, 38.233498822453761 ] } },
{ "type": "Feature", "properties": { "内容": "かいごの窓口ケアマネつばめ【居宅介護支援】新潟県燕市吉田下中野682-1", "url": "https://www.kaigokensaku.mhlw.go.jp/15/index.php?action_kouhyou_detail_004_kani=true&JigyosyoCd=1571301132-00&ServiceCd=430&Type=search", "url2": "http://www.wonderfullife-omoi.com/" }, "geometry": { "type": "Point", "coordinates": [ 138.8771424, 37.676577 ] } },
{ "type": "Feature", "properties": { "内容": "社会福祉法人　新潟さくら会　ケアプランセンタ－分水いちごの実【居宅介護支援】新潟県燕市五千石3223番地3分水いちごの実ショ－トステイ", "url": "https://www.kaigokensaku.mhlw.go.jp/15/index.php?action_kouhyou_detail_004_kani=true&JigyosyoCd=1571301017-00&ServiceCd=430&Type=search", "url2": "http://bunsui-ichigonomi.com/" }, "geometry": { "type": "Point", "coordinates": [ 138.838940787296565, 37.623771667863686 ] } },
{ "type": "Feature", "properties": { "内容": "居宅介護支援事業所ラビット花はな【居宅介護支援】新潟県燕市吉田鴻巣106番地1", "url": "https://www.kaigokensaku.mhlw.go.jp/15/index.php?action_kouhyou_detail_004_kani=true&JigyosyoCd=1571300878-00&ServiceCd=430&Type=search", "url2": null }, "geometry": { "type": "Point", "coordinates": [ 138.8842479, 37.7049758 ] } },
{ "type": "Feature", "properties": { "内容": "居宅介護支援事業所エバーグリーン【居宅介護支援】新潟県燕市富永216番地1", "url": "https://www.kaigokensaku.mhlw.go.jp/15/index.php?action_kouhyou_detail_004_kani=true&JigyosyoCd=1551380023-00&ServiceCd=430&Type=search", "url2": "https://www.shihatsudo.or.jp" }, "geometry": { "type": "Point", "coordinates": [ 138.889683600000012, 37.6959077 ] } },
{ "type": "Feature", "properties": { "内容": "さわたりの郷指定居宅介護支援サービスセンター【居宅介護支援】燕市佐渡７４１－１", "url": "https://www.kaigokensaku.mhlw.go.jp/15/index.php?action_kouhyou_detail_004_kani=true&JigyosyoCd=1571300019-00&ServiceCd=430&Type=search", "url2": "http://www.tsubame-fukushi.jp" }, "geometry": { "type": "Point", "coordinates": [ 138.9533583, 37.6668835 ] } },
{ "type": "Feature", "properties": { "内容": "ケアプランセンター分水の里【居宅介護支援】新潟県燕市新堀1138番地1", "url": "https://www.kaigokensaku.mhlw.go.jp/15/index.php?action_kouhyou_detail_004_kani=true&JigyosyoCd=1571300597-00&ServiceCd=430&Type=search", "url2": "http://www.sakurai-fukushi.or.jp" }, "geometry": { "type": "Point", "coordinates": [ 138.837155, 37.6380529 ] } },
{ "type": "Feature", "properties": { "内容": "ケアプラン　いちえん　つばめ【居宅介護支援】新潟県燕市南4丁目1番８号", "url": "https://www.kaigokensaku.mhlw.go.jp/15/index.php?action_kouhyou_detail_004_kani=true&JigyosyoCd=1571301124-00&ServiceCd=430&Type=search", "url2": null }, "geometry": { "type": "Point", "coordinates": [ 138.928054204086578, 37.661609037861915 ] } },
{ "type": "Feature", "properties": { "内容": "老人保健施設「楽楽」【居宅介護支援】新潟県燕市大曲３００３", "url": "https://www.kaigokensaku.mhlw.go.jp/15/index.php?action_kouhyou_detail_004_kani=true&JigyosyoCd=1551380015-00&ServiceCd=430&Type=search", "url2": null }, "geometry": { "type": "Point", "coordinates": [ 138.918801600000052, 37.6488346 ] } },
{ "type": "Feature", "properties": { "内容": "ツクイ吉田宮小路【居宅介護支援】燕市吉田宮小路30-21", "url": "https://www.kaigokensaku.mhlw.go.jp/15/index.php?action_kouhyou_detail_004_kani=true&JigyosyoCd=1571300498-00&ServiceCd=430&Type=search", "url2": "http://www.tsukui.net" }, "geometry": { "type": "Point", "coordinates": [ 138.872674500000016, 37.6976208 ] } },
{ "type": "Feature", "properties": { "内容": "白ふじの里指定居宅介護支援サービスセンター【居宅介護支援】新潟県燕市大曲2472-1", "url": "https://www.kaigokensaku.mhlw.go.jp/15/index.php?action_kouhyou_detail_004_kani=true&JigyosyoCd=1571300043-00&ServiceCd=430&Type=search", "url2": "http://www.tsubame-fukushi.jp" }, "geometry": { "type": "Point", "coordinates": [ 138.91489660000002, 37.6469486 ] } },
{ "type": "Feature", "properties": { "内容": "居宅介護支援事業所ときわ燕【居宅介護支援】新潟県燕市上児木390番地", "url": "https://www.kaigokensaku.mhlw.go.jp/15/index.php?action_kouhyou_detail_004_kani=true&JigyosyoCd=1571301082-00&ServiceCd=430&Type=search", "url2": "http://www.kouun-tokiwaen.jp/index.php" }, "geometry": { "type": "Point", "coordinates": [ 138.964594328836057, 37.685793569288712 ] } },
{ "type": "Feature", "properties": { "内容": "ケアサポートひまわりの園【居宅介護支援】新潟県燕市吉田大保町２５番１５号", "url": "https://www.kaigokensaku.mhlw.go.jp/15/index.php?action_kouhyou_detail_004_kani=true&JigyosyoCd=1571300480-00&ServiceCd=430&Type=search", "url2": "https://yoshihuku.com/" }, "geometry": { "type": "Point", "coordinates": [ 138.883412300000032, 37.6890361 ] } },
{ "type": "Feature", "properties": { "内容": "介護老人保健施設ぶんすい居宅介護支援事業所【居宅介護支援】新潟県燕市笈ヶ島104番地5", "url": "https://www.kaigokensaku.mhlw.go.jp/15/index.php?action_kouhyou_detail_004_kani=true&JigyosyoCd=1571300605-00&ServiceCd=430&Type=search", "url2": "https://www.roukenbunsui.jp" }, "geometry": { "type": "Point", "coordinates": [ 138.847090935581946, 37.619877831747843 ] } },
{ "type": "Feature", "properties": { "内容": "居宅介護支援事業所　吉田愛宕の園【居宅介護支援】燕市粟生津855番地", "url": "https://www.kaigokensaku.mhlw.go.jp/15/index.php?action_kouhyou_detail_004_kani=true&JigyosyoCd=1571300779-00&ServiceCd=430&Type=search", "url2": "http://www.atago.or.jp" }, "geometry": { "type": "Point", "coordinates": [ 138.871979777888782, 37.649849279769285 ] } },
{ "type": "Feature", "properties": { "内容": "ケアプランセンターまちなか【居宅介護支援】新潟県燕市仲町２番５９号", "url": "https://www.kaigokensaku.mhlw.go.jp/15/index.php?action_kouhyou_detail_004_kani=true&JigyosyoCd=1571300928-00&ServiceCd=430&Type=search", "url2": null }, "geometry": { "type": "Point", "coordinates": [ 138.923069700000042, 37.6631386 ] } },
{ "type": "Feature", "properties": { "内容": "なごみ介護相談センター【居宅介護支援】新潟県燕市水道町2丁目3番29号", "url": "https://www.kaigokensaku.mhlw.go.jp/15/index.php?action_kouhyou_detail_004_kani=true&JigyosyoCd=1571301165-00&ServiceCd=430&Type=search", "url2": null }, "geometry": { "type": "Point", "coordinates": [ 138.91487852645875, 37.658552125243069 ] } },
{ "type": "Feature", "properties": { "内容": "在宅介護支援センター　ささら苑【居宅介護支援】新潟県糸魚川市大字能生4460番地", "url": "https://www.kaigokensaku.mhlw.go.jp/15/index.php?action_kouhyou_detail_004_kani=true&JigyosyoCd=1571500378-00&ServiceCd=430&Type=search", "url2": "https://nounadachi-fukushikai.com/amenity/sasara_zaitaku.html" }, "geometry": { "type": "Point", "coordinates": [ 137.989521200000013, 37.101532 ] } },
{ "type": "Feature", "properties": { "内容": "ライフケアおれんじ【居宅介護支援】新潟県糸魚川市中央2-3-35", "url": "https://www.kaigokensaku.mhlw.go.jp/15/index.php?action_kouhyou_detail_004_kani=true&JigyosyoCd=1571500741-00&ServiceCd=430&Type=search", "url2": "https://www.lifecare-orange.com/" }, "geometry": { "type": "Point", "coordinates": [ 137.861138393848421, 37.040291872228416 ] } },
{ "type": "Feature", "properties": { "内容": "居宅介護支援事業所みやまの里【居宅介護支援】糸魚川市大字大野129", "url": "https://www.kaigokensaku.mhlw.go.jp/15/index.php?action_kouhyou_detail_004_kani=true&JigyosyoCd=1571500030-00&ServiceCd=430&Type=search", "url2": "http://nunagawa-fukushikai.com/" }, "geometry": { "type": "Point", "coordinates": [ 137.8611, 37.0272212 ] } },
{ "type": "Feature", "properties": { "内容": "居宅介護支援事業所ひより【居宅介護支援】糸魚川市桜木128番地", "url": "https://www.kaigokensaku.mhlw.go.jp/15/index.php?action_kouhyou_detail_004_kani=true&JigyosyoCd=1571500857-00&ServiceCd=430&Type=search", "url2": null }, "geometry": { "type": "Point", "coordinates": [ 137.9836182, 37.0974089 ] } },
{ "type": "Feature", "properties": { "内容": "居宅介護支援事業所じょんのび【居宅介護支援】新潟県糸魚川市横町４－６－４", "url": "https://www.kaigokensaku.mhlw.go.jp/15/index.php?action_kouhyou_detail_004_kani=true&JigyosyoCd=1571500253-00&ServiceCd=430&Type=search", "url2": "http://www.ans.co.jp/n/nechi/" }, "geometry": { "type": "Point", "coordinates": [ 137.847716793254136, 37.040628527700079 ] } },
{ "type": "Feature", "properties": { "内容": "糸魚川市社会福祉協議会　介護センターにじ【居宅介護支援】糸魚川市押上２－９－６５", "url": "https://www.kaigokensaku.mhlw.go.jp/15/index.php?action_kouhyou_detail_004_kani=true&JigyosyoCd=1571500428-00&ServiceCd=430&Type=search", "url2": "https://www.i-shakyo.jp/" }, "geometry": { "type": "Point", "coordinates": [ 137.882408100000021, 37.0500133 ] } },
{ "type": "Feature", "properties": { "内容": "居宅介護支援事業所おうみ【居宅介護支援】新潟県糸魚川市大字田海５６００番地", "url": "https://www.kaigokensaku.mhlw.go.jp/15/index.php?action_kouhyou_detail_004_kani=true&JigyosyoCd=1571500592-00&ServiceCd=430&Type=search", "url2": "http://www.hisui-fukushi.com/" }, "geometry": { "type": "Point", "coordinates": [ 137.820643500000017, 37.0288324 ] } },
{ "type": "Feature", "properties": { "内容": "居宅介護支援事業所あかり【居宅介護支援】新潟県糸魚川市桜木４５番地1", "url": "https://www.kaigokensaku.mhlw.go.jp/15/index.php?action_kouhyou_detail_004_kani=true&JigyosyoCd=1571500667-00&ServiceCd=430&Type=search", "url2": null }, "geometry": { "type": "Point", "coordinates": [ 137.9850309, 37.0984031 ] } },
{ "type": "Feature", "properties": { "内容": "糸魚川総合病院居宅介護支援事業所【居宅介護支援】糸魚川市竹ヶ花４５７番地１", "url": "https://www.kaigokensaku.mhlw.go.jp/15/index.php?action_kouhyou_detail_004_kani=true&JigyosyoCd=1511510545-00&ServiceCd=430&Type=search", "url2": "https://www.itoigawa-hp.jp/" }, "geometry": { "type": "Point", "coordinates": [ 137.888402, 37.0489106 ] } },
{ "type": "Feature", "properties": { "内容": "居宅介護支援事業所クレイドルやけやま【居宅介護支援】新潟県糸魚川市大字梶屋敷915番地", "url": "https://www.kaigokensaku.mhlw.go.jp/15/index.php?action_kouhyou_detail_004_kani=true&JigyosyoCd=1571500113-00&ServiceCd=430&Type=search", "url2": "http://www.hisui-fukushi.com/" }, "geometry": { "type": "Point", "coordinates": [ 137.91533759999993, 37.0498419 ] } },
{ "type": "Feature", "properties": { "内容": "ふくしの森ふたば【居宅介護支援】糸魚川市大字田伏748番地6", "url": "https://www.kaigokensaku.mhlw.go.jp/15/index.php?action_kouhyou_detail_004_kani=true&JigyosyoCd=1571500873-00&ServiceCd=430&Type=search", "url2": null }, "geometry": { "type": "Point", "coordinates": [ 137.900635599999958, 37.053862700000025 ] } },
{ "type": "Feature", "properties": { "内容": "秋翠いといがわ【居宅介護支援】新潟県糸魚川市横町5丁目9番12号", "url": "https://www.kaigokensaku.mhlw.go.jp/15/index.php?action_kouhyou_detail_004_kani=true&JigyosyoCd=1551580028-00&ServiceCd=430&Type=search", "url2": null }, "geometry": { "type": "Point", "coordinates": [ 137.84719240000004, 37.0427751 ] } },
{ "type": "Feature", "properties": { "内容": "さくら福祉【居宅介護支援】新潟県糸魚川市大字田伏518番地", "url": "https://www.kaigokensaku.mhlw.go.jp/15/index.php?action_kouhyou_detail_004_kani=true&JigyosyoCd=1571500881-00&ServiceCd=430&Type=search", "url2": null }, "geometry": { "type": "Point", "coordinates": [ 137.90373120000001, 37.0564962 ] } },
{ "type": "Feature", "properties": { "内容": "ゆう　居宅介護支援事業所【居宅介護支援】妙高市白山町１丁目８番２０号", "url": "https://www.kaigokensaku.mhlw.go.jp/15/index.php?action_kouhyou_detail_004_kani=true&JigyosyoCd=1571600533-00&ServiceCd=430&Type=search", "url2": null }, "geometry": { "type": "Point", "coordinates": [ 138.247362299999963, 37.0241657 ] } },
{ "type": "Feature", "properties": { "内容": "社会福祉法人妙高市社会福祉協議会【居宅介護支援】妙高市朝日町1丁目10番3号さん来夢あらい1階", "url": "https://www.kaigokensaku.mhlw.go.jp/15/index.php?action_kouhyou_detail_004_kani=true&JigyosyoCd=1571600020-00&ServiceCd=430&Type=search", "url2": "http://www.myoko-syakyo.jp/" }, "geometry": { "type": "Point", "coordinates": [ 138.25318280343069, 37.02746627231285 ] } },
{ "type": "Feature", "properties": { "内容": "揚石医院内科小児科循環器科【居宅介護支援】新潟県妙高市石塚町1丁目14番8号", "url": "https://www.kaigokensaku.mhlw.go.jp/15/index.php?action_kouhyou_detail_004_kani=true&JigyosyoCd=1571600129-00&ServiceCd=430&Type=search", "url2": "http://www.ageishi.com/" }, "geometry": { "type": "Point", "coordinates": [ 138.25090339999997, 37.0333008 ] } },
{ "type": "Feature", "properties": { "内容": "けいなん総合病院在宅介護支援センタ－【居宅介護支援】新潟県妙高市田町２丁目４番７号", "url": "https://www.kaigokensaku.mhlw.go.jp/15/index.php?action_kouhyou_detail_004_kani=true&JigyosyoCd=1511610212-00&ServiceCd=430&Type=search", "url2": "http://www.keinansogo.jp" }, "geometry": { "type": "Point", "coordinates": [ 138.2522841, 37.0213689 ] } },
{ "type": "Feature", "properties": { "内容": "名香山苑在宅介護支援センター【居宅介護支援】妙高市大字関川733-20", "url": "https://www.kaigokensaku.mhlw.go.jp/15/index.php?action_kouhyou_detail_004_kani=true&JigyosyoCd=1571600426-00&ServiceCd=430&Type=search", "url2": "http://www.araikeinanfukushikai.or.jp" }, "geometry": { "type": "Point", "coordinates": [ 138.204470799999967, 36.8697579 ] } },
{ "type": "Feature", "properties": { "内容": "みなかみの里在宅介護支援センター【居宅介護支援】妙高市大字上新保554番地1", "url": "https://www.kaigokensaku.mhlw.go.jp/15/index.php?action_kouhyou_detail_004_kani=true&JigyosyoCd=1571600053-00&ServiceCd=430&Type=search", "url2": "http://www.araikeinanfukushikai.or.jp/" }, "geometry": { "type": "Point", "coordinates": [ 138.26541880000002, 37.0213443 ] } },
{ "type": "Feature", "properties": { "内容": "在宅介護支援センター新井愛広苑【居宅介護支援】妙高市大字小原新田528番地", "url": "https://www.kaigokensaku.mhlw.go.jp/15/index.php?action_kouhyou_detail_004_kani=true&JigyosyoCd=1571600061-00&ServiceCd=430&Type=search", "url2": "http://www.aiko.or.jp" }, "geometry": { "type": "Point", "coordinates": [ 138.268734, 36.9743778 ] } },
{ "type": "Feature", "properties": { "内容": "さくらメディカル株式会社　あらい居宅介護支援事業所【居宅介護支援】新潟県妙高市朝日町1-10-3さん来夢あらい", "url": "https://www.kaigokensaku.mhlw.go.jp/15/index.php?action_kouhyou_detail_004_kani=true&JigyosyoCd=1571600574-00&ServiceCd=430&Type=search", "url2": "http://www.sakura-medical.com/" }, "geometry": { "type": "Point", "coordinates": [ 138.25308615886081, 37.027251913081962 ] } },
{ "type": "Feature", "properties": { "内容": "愛宕の里在宅介護支援センター【居宅介護支援】新潟県五泉市村松1409-1", "url": "https://www.kaigokensaku.mhlw.go.jp/15/index.php?action_kouhyou_detail_004_kani=true&JigyosyoCd=1571700390-00&ServiceCd=430&Type=search", "url2": "http://www.sinjinkai.or.jp" }, "geometry": { "type": "Point", "coordinates": [ 139.1747368, 37.7004045 ] } },
{ "type": "Feature", "properties": { "内容": "愛松園【居宅介護支援】新潟県五泉市番坂新１７４番地２", "url": "https://www.kaigokensaku.mhlw.go.jp/15/index.php?action_kouhyou_detail_004_kani=true&JigyosyoCd=1571700408-00&ServiceCd=430&Type=search", "url2": "http://www.sakurafukushihoken.jp/index.html" }, "geometry": { "type": "Point", "coordinates": [ 139.196549399999981, 37.6867091 ] } },
{ "type": "Feature", "properties": { "内容": "こころつくし介護支援センター【居宅介護支援】新潟県五泉市村松甲5551番地1", "url": "https://www.kaigokensaku.mhlw.go.jp/15/index.php?action_kouhyou_detail_004_kani=true&JigyosyoCd=1571700788-00&ServiceCd=430&Type=search", "url2": "http://www.midori-kokoro.jp" }, "geometry": { "type": "Point", "coordinates": [ 139.181533859385695, 37.686624642651246 ] } },
{ "type": "Feature", "properties": { "内容": "ケアプラン　山王苑【居宅介護支援】新潟県五泉市村松203番地1", "url": "https://www.kaigokensaku.mhlw.go.jp/15/index.php?action_kouhyou_detail_004_kani=true&JigyosyoCd=1571700382-00&ServiceCd=430&Type=search", "url2": "http://www.ibaraduka.or.jp/" }, "geometry": { "type": "Point", "coordinates": [ 139.167107100000067, 37.6863058 ] } },
{ "type": "Feature", "properties": { "内容": "在宅介護支援センター　うずらはし【居宅介護支援】新潟県五泉市橋田丙497-2", "url": "https://www.kaigokensaku.mhlw.go.jp/15/index.php?action_kouhyou_detail_004_kani=true&JigyosyoCd=1571700606-00&ServiceCd=430&Type=search", "url2": "https://tyutofukushikai.com/pages/42/" }, "geometry": { "type": "Point", "coordinates": [ 139.1358305, 37.7282726 ] } },
{ "type": "Feature", "properties": { "内容": "居宅介護支援事業所　縁【居宅介護支援】五泉市村松甲２１９７番地１", "url": "https://www.kaigokensaku.mhlw.go.jp/15/index.php?action_kouhyou_detail_004_kani=true&JigyosyoCd=1571700663-00&ServiceCd=430&Type=search", "url2": null }, "geometry": { "type": "Point", "coordinates": [ 139.177817605526826, 37.692672060943117 ] } },
{ "type": "Feature", "properties": { "内容": "ケアプランどりーむ【居宅介護支援】新潟県五泉市駅前１丁目9-8カネコビル２階", "url": "https://www.kaigokensaku.mhlw.go.jp/15/index.php?action_kouhyou_detail_004_kani=true&JigyosyoCd=1571700747-00&ServiceCd=430&Type=search", "url2": null }, "geometry": { "type": "Point", "coordinates": [ 139.177487599999949, 37.7367367 ] } },
{ "type": "Feature", "properties": { "内容": "五泉中央サポートセンター【居宅介護支援】新潟県五泉市太田１１３５－１", "url": "https://www.kaigokensaku.mhlw.go.jp/15/index.php?action_kouhyou_detail_004_kani=true&JigyosyoCd=1571700135-00&ServiceCd=430&Type=search", "url2": "http://tyutofukushikai.com/" }, "geometry": { "type": "Point", "coordinates": [ 139.182687294798257, 37.743786499951192 ] } },
{ "type": "Feature", "properties": { "内容": "五泉社協ふれあいステーション【居宅介護支援】五泉市愛宕甲７２１１番地1五泉市村松デイサービスセンター", "url": "https://www.kaigokensaku.mhlw.go.jp/15/index.php?action_kouhyou_detail_004_kani=true&JigyosyoCd=1571700358-00&ServiceCd=430&Type=search", "url2": "http://www.gosen-syakyo.ecnet.jp" }, "geometry": { "type": "Point", "coordinates": [ 139.1921582, 37.6875256 ] } },
{ "type": "Feature", "properties": { "内容": "在宅介護支援センター　菅名の里【居宅介護支援】新潟県五泉市馬下1814番地19", "url": "https://www.kaigokensaku.mhlw.go.jp/15/index.php?action_kouhyou_detail_004_kani=true&JigyosyoCd=1571700796-00&ServiceCd=430&Type=search", "url2": "http://tyutofukushikai.com/" }, "geometry": { "type": "Point", "coordinates": [ 139.27032650000001, 37.7367693 ] } },
{ "type": "Feature", "properties": { "内容": "ケアサポートセンターひまわり【居宅介護支援】五泉市南本町３丁目948-1", "url": "https://www.kaigokensaku.mhlw.go.jp/15/index.php?action_kouhyou_detail_004_kani=true&JigyosyoCd=1571700184-00&ServiceCd=430&Type=search", "url2": null }, "geometry": { "type": "Point", "coordinates": [ 139.177299133729576, 37.730784414619286 ] } },
{ "type": "Feature", "properties": { "内容": "ケアステーション　こんぺいとう【居宅介護支援】新潟県五泉市宮町4番10号", "url": "https://www.kaigokensaku.mhlw.go.jp/15/index.php?action_kouhyou_detail_004_kani=true&JigyosyoCd=1571700630-00&ServiceCd=430&Type=search", "url2": null }, "geometry": { "type": "Point", "coordinates": [ 139.173801700000013, 37.7430609 ] } },
{ "type": "Feature", "properties": { "内容": "五泉はじめ居宅支援室【居宅介護支援】新潟県五泉市馬下1381番地", "url": "https://www.kaigokensaku.mhlw.go.jp/15/index.php?action_kouhyou_detail_004_kani=true&JigyosyoCd=1571700648-00&ServiceCd=430&Type=search", "url2": "https://shineikai.ed.jp/index.html" }, "geometry": { "type": "Point", "coordinates": [ 139.260116873016386, 37.734818214067282 ] } },
{ "type": "Feature", "properties": { "内容": "ツクイ五泉赤海【居宅介護支援】新潟県五泉市赤海2-6-14", "url": "https://www.kaigokensaku.mhlw.go.jp/15/index.php?action_kouhyou_detail_004_kani=true&JigyosyoCd=1571700739-00&ServiceCd=430&Type=search", "url2": "http://www.tsukui.net" }, "geometry": { "type": "Point", "coordinates": [ 139.1944112, 37.7349232 ] } },
{ "type": "Feature", "properties": { "内容": "居宅介護支援事業所桜【居宅介護支援】新潟県五泉笹野町甲2090番地1", "url": "https://www.kaigokensaku.mhlw.go.jp/15/index.php?action_kouhyou_detail_004_kani=true&JigyosyoCd=1571700853-00&ServiceCd=430&Type=search", "url2": "https://www.sakura0430.com" }, "geometry": { "type": "Point", "coordinates": [ 139.151945381295747, 37.698371253680449 ] } },
{ "type": "Feature", "properties": { "内容": "老人介護支援センターさくら【居宅介護支援】新潟県上越市西城町２丁目３番２０号", "url": "https://www.kaigokensaku.mhlw.go.jp/15/index.php?action_kouhyou_detail_004_kani=true&JigyosyoCd=1570300200-00&ServiceCd=430&Type=search", "url2": "http://care-net.biz/15/sakura/b43.php" }, "geometry": { "type": "Point", "coordinates": [ 138.249911, 37.1116392 ] } },
{ "type": "Feature", "properties": { "内容": "居宅介護支援センター桑の里【居宅介護支援】新潟県上越市大字京田１３４番地１", "url": "https://www.kaigokensaku.mhlw.go.jp/15/index.php?action_kouhyou_detail_004_kani=true&JigyosyoCd=1570302818-00&ServiceCd=430&Type=search", "url2": "http://www.kuwanosato.jp/" }, "geometry": { "type": "Point", "coordinates": [ 138.233219173016323, 37.097498600000051 ] } },
{ "type": "Feature", "properties": { "内容": "おひさまケアプラン【居宅介護支援】新潟県上越市中箱井104-4", "url": "https://www.kaigokensaku.mhlw.go.jp/15/index.php?action_kouhyou_detail_004_kani=true&JigyosyoCd=1570303733-00&ServiceCd=430&Type=search", "url2": null }, "geometry": { "type": "Point", "coordinates": [ 138.260794499999946, 37.0817489 ] } },
{ "type": "Feature", "properties": { "内容": "合同会社愛の実居宅介護支援事業所【居宅介護支援】新潟県上越市東本町2丁目１－２２", "url": "https://www.kaigokensaku.mhlw.go.jp/15/index.php?action_kouhyou_detail_004_kani=true&JigyosyoCd=1570302404-00&ServiceCd=430&Type=search", "url2": null }, "geometry": { "type": "Point", "coordinates": [ 138.2502441, 37.1201109 ] } },
{ "type": "Feature", "properties": { "内容": "松涛会居宅介護支援センター【居宅介護支援】新潟県上越市大字今泉字西蓮池1310-9", "url": "https://www.kaigokensaku.mhlw.go.jp/15/index.php?action_kouhyou_detail_004_kani=true&JigyosyoCd=1570302461-00&ServiceCd=430&Type=search", "url2": "https://syoutoukai.jp" }, "geometry": { "type": "Point", "coordinates": [ 138.248643667025817, 37.093546054958814 ] } },
{ "type": "Feature", "properties": { "内容": "ツクイ上越栄町【居宅介護支援】上越市栄町1丁目7-26", "url": "https://www.kaigokensaku.mhlw.go.jp/15/index.php?action_kouhyou_detail_004_kani=true&JigyosyoCd=1570302651-00&ServiceCd=430&Type=search", "url2": "http://www.tsukui.net" }, "geometry": { "type": "Point", "coordinates": [ 138.24229, 37.1626239 ] } },
{ "type": "Feature", "properties": { "内容": "ホームケアプラス居宅介護支援事業所【居宅介護支援】新潟県上越市中田原８０－２８HIDAOffice　2階", "url": "https://www.kaigokensaku.mhlw.go.jp/15/index.php?action_kouhyou_detail_004_kani=true&JigyosyoCd=1570302990-00&ServiceCd=430&Type=search", "url2": "https://homecare-plus.jp/" }, "geometry": { "type": "Point", "coordinates": [ 138.2343091, 37.094736 ] } },
{ "type": "Feature", "properties": { "内容": "ケアプランきずな【居宅介護支援】上越市木田3丁目8番44号メディケアきずな・木田", "url": "https://www.kaigokensaku.mhlw.go.jp/15/index.php?action_kouhyou_detail_004_kani=true&JigyosyoCd=1570303287-00&ServiceCd=430&Type=search", "url2": "http://www.kizuna-i.com" }, "geometry": { "type": "Point", "coordinates": [ 138.242396500000041, 37.1395183 ] } },
{ "type": "Feature", "properties": { "内容": "上越老人福祉協会ケアプランいなほ園【居宅介護支援】新潟県上越市新南町28番地3", "url": "https://www.kaigokensaku.mhlw.go.jp/15/index.php?action_kouhyou_detail_004_kani=true&JigyosyoCd=1570300036-00&ServiceCd=430&Type=search", "url2": "http://www.inaho-s-net.com" }, "geometry": { "type": "Point", "coordinates": [ 138.272860235368398, 37.106922198942897 ] } },
{ "type": "Feature", "properties": { "内容": "ニチイケアセンター　直江津【居宅介護支援】上越市五智新町1-24", "url": "https://www.kaigokensaku.mhlw.go.jp/15/index.php?action_kouhyou_detail_004_kani=true&JigyosyoCd=1570300481-00&ServiceCd=430&Type=search", "url2": "http://www.nichiigakkan.co.jp" }, "geometry": { "type": "Point", "coordinates": [ 138.231110299999955, 37.1673702 ] } },
{ "type": "Feature", "properties": { "内容": "居宅介護支援事業ケアセンター国府【居宅介護支援】上越市東雲町２丁目１１番６号", "url": "https://www.kaigokensaku.mhlw.go.jp/15/index.php?action_kouhyou_detail_004_kani=true&JigyosyoCd=1570300580-00&ServiceCd=430&Type=search", "url2": "http://www.fuchukai.jp" }, "geometry": { "type": "Point", "coordinates": [ 138.240917599999989, 37.1686731 ] } },
{ "type": "Feature", "properties": { "内容": "ケアセンタースマイル【居宅介護支援】新潟県上越市中郷区八斗蒔３２番地1グループホームえがお内", "url": "https://www.kaigokensaku.mhlw.go.jp/15/index.php?action_kouhyou_detail_004_kani=true&JigyosyoCd=1570303790-00&ServiceCd=430&Type=search", "url2": "https://www.smilekaigo.org/" }, "geometry": { "type": "Point", "coordinates": [ 138.216462, 36.9755789 ] } },
{ "type": "Feature", "properties": { "内容": "知命堂病院指定居宅介護支援センター【居宅介護支援】新潟県上越市西城町３丁目６番３１号", "url": "https://www.kaigokensaku.mhlw.go.jp/15/index.php?action_kouhyou_detail_004_kani=true&JigyosyoCd=1510310319-00&ServiceCd=430&Type=search", "url2": "http://www.chimeido.jp" }, "geometry": { "type": "Point", "coordinates": [ 138.248380222779275, 37.115076645678151 ] } },
{ "type": "Feature", "properties": { "内容": "上越総合病院居宅介護支援事業所【居宅介護支援】新潟県上越市大道福田560番地", "url": "https://www.kaigokensaku.mhlw.go.jp/15/index.php?action_kouhyou_detail_004_kani=true&JigyosyoCd=1510311002-00&ServiceCd=430&Type=search", "url2": "https://joetsu-hp.jp/" }, "geometry": { "type": "Point", "coordinates": [ 138.249059100000039, 37.1465692 ] } },
{ "type": "Feature", "properties": { "内容": "上越居宅介護支援事業所【居宅介護支援】新潟県上越市木田新田1丁目1番3号", "url": "https://www.kaigokensaku.mhlw.go.jp/15/index.php?action_kouhyou_detail_004_kani=true&JigyosyoCd=1570300085-00&ServiceCd=430&Type=search", "url2": "https://jouetushisyakyo.jp/" }, "geometry": { "type": "Point", "coordinates": [ 138.23880250000002, 37.1395654 ] } },
{ "type": "Feature", "properties": { "内容": "めぐみ【居宅介護支援】新潟県上越市西城町１丁目１番２０号", "url": "https://www.kaigokensaku.mhlw.go.jp/15/index.php?action_kouhyou_detail_004_kani=true&JigyosyoCd=1570300770-00&ServiceCd=430&Type=search", "url2": null }, "geometry": { "type": "Point", "coordinates": [ 138.2511829, 37.115524799999946 ] } },
{ "type": "Feature", "properties": { "内容": "しおさいの里居宅介護支援事業所【居宅介護支援】新潟県上越市大潟区犀潟４１０番地２", "url": "https://www.kaigokensaku.mhlw.go.jp/15/index.php?action_kouhyou_detail_004_kani=true&JigyosyoCd=1570301133-00&ServiceCd=430&Type=search", "url2": "https://www.siosainosato.jp" }, "geometry": { "type": "Point", "coordinates": [ 138.30381239999997, 37.2088953 ] } },
{ "type": "Feature", "properties": { "内容": "柿崎・吉川居宅介護支援事業所【居宅介護支援】上越市吉川区原之町1819番地1", "url": "https://www.kaigokensaku.mhlw.go.jp/15/index.php?action_kouhyou_detail_004_kani=true&JigyosyoCd=1570301547-00&ServiceCd=430&Type=search", "url2": "https://www.jouetushisyakyo.jp/" }, "geometry": { "type": "Point", "coordinates": [ 138.404643699999951, 37.2237301 ] } },
{ "type": "Feature", "properties": { "内容": "東頸居宅介護支援事業所【居宅介護支援】新潟県上越市安塚区安塚2549番地5", "url": "https://www.kaigokensaku.mhlw.go.jp/15/index.php?action_kouhyou_detail_004_kani=true&JigyosyoCd=1570301570-00&ServiceCd=430&Type=search", "url2": "https://www.jouetushisyakyo.jp/" }, "geometry": { "type": "Point", "coordinates": [ 138.443562499999985, 37.1282424 ] } },
{ "type": "Feature", "properties": { "内容": "上越北居宅介護支援事業所【居宅介護支援】新潟県上越市頸城区百間町615番地2", "url": "https://www.kaigokensaku.mhlw.go.jp/15/index.php?action_kouhyou_detail_004_kani=true&JigyosyoCd=1570301588-00&ServiceCd=430&Type=search", "url2": "https://www.jouetushisyakyo.jp/" }, "geometry": { "type": "Point", "coordinates": [ 138.331099376057409, 37.186793989342817 ] } },
{ "type": "Feature", "properties": { "内容": "悠久の里居宅介護支援事業所【居宅介護支援】上越市とよば186番地", "url": "https://www.kaigokensaku.mhlw.go.jp/15/index.php?action_kouhyou_detail_004_kani=true&JigyosyoCd=1570302305-00&ServiceCd=430&Type=search", "url2": "http://takadafukushikai.com" }, "geometry": { "type": "Point", "coordinates": [ 138.275015476721137, 37.102677412192818 ] } },
{ "type": "Feature", "properties": { "内容": "みんなでいきる居宅介護支援事業所【居宅介護支援】新潟県上越市大貫2-16-23　南棟1階サンクスレルヒの森南棟1階", "url": "https://www.kaigokensaku.mhlw.go.jp/15/index.php?action_kouhyou_detail_004_kani=true&JigyosyoCd=1570302859-00&ServiceCd=430&Type=search", "url2": "http://www.minna-de-ikiru.org" }, "geometry": { "type": "Point", "coordinates": [ 138.231296224743687, 37.106151763217767 ] } },
{ "type": "Feature", "properties": { "内容": "めぐみ街なか居宅介護支援事業所【居宅介護支援】新潟県上越市本町７丁目２番１号", "url": "https://www.kaigokensaku.mhlw.go.jp/15/index.php?action_kouhyou_detail_004_kani=true&JigyosyoCd=1570303592-00&ServiceCd=430&Type=search", "url2": null }, "geometry": { "type": "Point", "coordinates": [ 138.245781848543942, 37.118738393933562 ] } },
{ "type": "Feature", "properties": { "内容": "そら居宅介護支援事業所【居宅介護支援】新潟県上越市頚城区望ヶ丘１２７０番地３", "url": "https://www.kaigokensaku.mhlw.go.jp/15/index.php?action_kouhyou_detail_004_kani=true&JigyosyoCd=1570303774-00&ServiceCd=430&Type=search", "url2": null }, "geometry": { "type": "Point", "coordinates": [ 138.309815599999979, 37.1711082 ] } },
{ "type": "Feature", "properties": { "内容": "上越南居宅介護支援事業所【居宅介護支援】新潟県上越市清里区岡野町１６１８番地", "url": "https://www.kaigokensaku.mhlw.go.jp/15/index.php?action_kouhyou_detail_004_kani=true&JigyosyoCd=1570304012-00&ServiceCd=430&Type=search", "url2": "https://www.jouetushisyakyo.jp/" }, "geometry": { "type": "Point", "coordinates": [ 138.331570699999986, 37.0788033 ] } },
{ "type": "Feature", "properties": { "内容": "医心館居宅介護支援事業所上越【居宅介護支援】新潟県上越市下門前1698番", "url": "https://www.kaigokensaku.mhlw.go.jp/15/index.php?action_kouhyou_detail_004_kani=true&JigyosyoCd=1570304053-00&ServiceCd=430&Type=search", "url2": null }, "geometry": { "type": "Point", "coordinates": [ 138.2578205, 37.1554177 ] } },
{ "type": "Feature", "properties": { "内容": "ふもと居宅介護支援事業所【居宅介護支援】新潟県上越市中央1-23-26", "url": "https://www.kaigokensaku.mhlw.go.jp/15/index.php?action_kouhyou_detail_004_kani=true&JigyosyoCd=1570300010-00&ServiceCd=430&Type=search", "url2": "http://www.fumotokai-hp.com/kyotaku.html" }, "geometry": { "type": "Point", "coordinates": [ 138.2460059, 37.174369899999981 ] } },
{ "type": "Feature", "properties": { "内容": "さくらメディカル株式会社　高田居宅介護支援事業所【居宅介護支援】新潟県上越市鴨島2-1-9", "url": "https://www.kaigokensaku.mhlw.go.jp/15/index.php?action_kouhyou_detail_004_kani=true&JigyosyoCd=1570300739-00&ServiceCd=430&Type=search", "url2": "http://www.sakura-medical.com/" }, "geometry": { "type": "Point", "coordinates": [ 138.269603228836104, 37.111207515453593 ] } },
{ "type": "Feature", "properties": { "内容": "在宅支援すみれ有限会社居宅介護支援事業所【居宅介護支援】上越市大字藤塚355番地", "url": "https://www.kaigokensaku.mhlw.go.jp/15/index.php?action_kouhyou_detail_004_kani=true&JigyosyoCd=1570301067-00&ServiceCd=430&Type=search", "url2": null }, "geometry": { "type": "Point", "coordinates": [ 138.287703792729161, 37.112160672537392 ] } },
{ "type": "Feature", "properties": { "内容": "よねやまの里指定居宅介護支援サービスセンター【居宅介護支援】新潟県上越市柿崎区柿崎６４１４－１", "url": "https://www.kaigokensaku.mhlw.go.jp/15/index.php?action_kouhyou_detail_004_kani=true&JigyosyoCd=1570301117-00&ServiceCd=430&Type=search", "url2": "http://matunami-fukushi.com/" }, "geometry": { "type": "Point", "coordinates": [ 138.393884699999944, 37.2778513 ] } },
{ "type": "Feature", "properties": { "内容": "在宅介護支援センター沖見の里【居宅介護支援】新潟県上越市牧区大月252番地", "url": "https://www.kaigokensaku.mhlw.go.jp/15/index.php?action_kouhyou_detail_004_kani=true&JigyosyoCd=1570301182-00&ServiceCd=430&Type=search", "url2": "http://www.okiminosato.com/" }, "geometry": { "type": "Point", "coordinates": [ 138.39935909999997, 37.0987085 ] } },
{ "type": "Feature", "properties": { "内容": "ライフサポートゆう【居宅介護支援】新潟県上越市大字三田新田329番地", "url": "https://www.kaigokensaku.mhlw.go.jp/15/index.php?action_kouhyou_detail_004_kani=true&JigyosyoCd=1570302099-00&ServiceCd=430&Type=search", "url2": null }, "geometry": { "type": "Point", "coordinates": [ 138.264040900000026, 37.1562781 ] } },
{ "type": "Feature", "properties": { "内容": "さくらメディカル株式会社　直江津居宅介護支援事業所【居宅介護支援】新潟県上越市西本町3-8-12", "url": "https://www.kaigokensaku.mhlw.go.jp/15/index.php?action_kouhyou_detail_004_kani=true&JigyosyoCd=1570302487-00&ServiceCd=430&Type=search", "url2": "http://www.sakura-medical.com/" }, "geometry": { "type": "Point", "coordinates": [ 138.237376299999966, 37.171306800000011 ] } },
{ "type": "Feature", "properties": { "内容": "居宅介護支援事業所サンクス【居宅介護支援】新潟県上越市寺町3丁目10番15号", "url": "https://www.kaigokensaku.mhlw.go.jp/15/index.php?action_kouhyou_detail_004_kani=true&JigyosyoCd=1570302834-00&ServiceCd=430&Type=search", "url2": "http://sankusu.net" }, "geometry": { "type": "Point", "coordinates": [ 138.2417587, 37.1177768 ] } },
{ "type": "Feature", "properties": { "内容": "やさしい手上越居宅介護支援事業所【居宅介護支援】新潟県上越市春日野1-4-39", "url": "https://www.kaigokensaku.mhlw.go.jp/15/index.php?action_kouhyou_detail_004_kani=true&JigyosyoCd=1570303196-00&ServiceCd=430&Type=search", "url2": "http://www.yasashiite.com" }, "geometry": { "type": "Point", "coordinates": [ 138.229425156238023, 37.148325911595613 ] } },
{ "type": "Feature", "properties": { "内容": "センター病院居宅介護支援事業所【居宅介護支援】新潟県上越市寺町2丁目20-1上越市福祉交流プラザ2階", "url": "https://www.kaigokensaku.mhlw.go.jp/15/index.php?action_kouhyou_detail_004_kani=true&JigyosyoCd=1570303667-00&ServiceCd=430&Type=search", "url2": "http://www.j-icen.or.jp/" }, "geometry": { "type": "Point", "coordinates": [ 138.237638, 37.10853390000004 ] } },
{ "type": "Feature", "properties": { "内容": "さくらメディカル株式会社　本町居宅介護支援事業所【居宅介護支援】新潟県上越市本町3-1-13", "url": "https://www.kaigokensaku.mhlw.go.jp/15/index.php?action_kouhyou_detail_004_kani=true&JigyosyoCd=1570303923-00&ServiceCd=430&Type=search", "url2": "http://www.sakura-medical.com/" }, "geometry": { "type": "Point", "coordinates": [ 138.244200799999959, 37.1098401 ] } },
{ "type": "Feature", "properties": { "内容": "さくらメディカル株式会社　上越居宅介護支援事業所【居宅介護支援】新潟県上越市子安1378", "url": "https://www.kaigokensaku.mhlw.go.jp/15/index.php?action_kouhyou_detail_004_kani=true&JigyosyoCd=1570304079-00&ServiceCd=430&Type=search", "url2": "http://www.sakura-medical.com/" }, "geometry": { "type": "Point", "coordinates": [ 138.274492900000041, 37.1076405 ] } },
{ "type": "Feature", "properties": { "内容": "ほくら園居宅介護支援事業所【居宅介護支援】新潟県上越市大島区大平5142番地1", "url": "https://www.kaigokensaku.mhlw.go.jp/15/index.php?action_kouhyou_detail_004_kani=true&JigyosyoCd=1570301141-00&ServiceCd=430&Type=search", "url2": "http://www.kubiki-sjk.or.jp" }, "geometry": { "type": "Point", "coordinates": [ 138.51111149999997, 37.156532 ] } },
{ "type": "Feature", "properties": { "内容": "居宅介護支援事業所　いたくら桜園【居宅介護支援】上越市板倉区曽根田１０１番地７特別養護老人ホームいたくら桜園　施設内", "url": "https://www.kaigokensaku.mhlw.go.jp/15/index.php?action_kouhyou_detail_004_kani=true&JigyosyoCd=1570301174-00&ServiceCd=430&Type=search", "url2": "http://care-net.biz/15/j-kotobuki/" }, "geometry": { "type": "Point", "coordinates": [ 138.309279400000037, 37.04566 ] } },
{ "type": "Feature", "properties": { "内容": "上越あたご居宅介護支援事業所城北【居宅介護支援】上越市土橋1115番地２２", "url": "https://www.kaigokensaku.mhlw.go.jp/15/index.php?action_kouhyou_detail_004_kani=true&JigyosyoCd=1570302602-00&ServiceCd=430&Type=search", "url2": "http://www.joetsu-atago.or.jp/" }, "geometry": { "type": "Point", "coordinates": [ 138.2505913, 37.1277349 ] } },
{ "type": "Feature", "properties": { "内容": "合同会社いこい　居宅介護支援事業所【居宅介護支援】新潟県上越市中通町9-31", "url": "https://www.kaigokensaku.mhlw.go.jp/15/index.php?action_kouhyou_detail_004_kani=true&JigyosyoCd=1570303949-00&ServiceCd=430&Type=search", "url2": null }, "geometry": { "type": "Point", "coordinates": [ 138.242718816898446, 37.097129167850255 ] } },
{ "type": "Feature", "properties": { "内容": "居宅介護支援だいにち【居宅介護支援】新潟県上越市大字大日34番地５", "url": "https://www.kaigokensaku.mhlw.go.jp/15/index.php?action_kouhyou_detail_004_kani=true&JigyosyoCd=1570300069-00&ServiceCd=430&Type=search", "url2": "https://riborn.co.jp" }, "geometry": { "type": "Point", "coordinates": [ 138.263934069836381, 37.132142920629967 ] } },
{ "type": "Feature", "properties": { "内容": "居宅介護支援だいにちｽﾛｰﾗｲﾌﾋﾞﾚｯｼﾞ【居宅介護支援】新潟県上越市大字大日３１番地", "url": "https://www.kaigokensaku.mhlw.go.jp/15/index.php?action_kouhyou_detail_004_kani=true&JigyosyoCd=1570304061-00&ServiceCd=430&Type=search", "url2": "http://riborn.co.jp" }, "geometry": { "type": "Point", "coordinates": [ 138.265354511639401, 37.131412668001005 ] } },
{ "type": "Feature", "properties": { "内容": "あたご居宅介護支援事業所春日【居宅介護支援】新潟県上越市春日野１丁目４番43号", "url": "https://www.kaigokensaku.mhlw.go.jp/15/index.php?action_kouhyou_detail_004_kani=true&JigyosyoCd=1570304236-00&ServiceCd=430&Type=search", "url2": null }, "geometry": { "type": "Point", "coordinates": [ 138.2299746, 37.1483698 ] } },
{ "type": "Feature", "properties": { "内容": "エフビー居宅介護支援事業所上越【居宅介護支援】新潟県上越市木田２－１６－５０", "url": "https://www.kaigokensaku.mhlw.go.jp/15/index.php?action_kouhyou_detail_004_kani=true&JigyosyoCd=1570302719-00&ServiceCd=430&Type=search", "url2": null }, "geometry": { "type": "Point", "coordinates": [ 138.24352469772262, 37.144663367479886 ] } },
{ "type": "Feature", "properties": { "内容": "居宅介護支援事業所　大地【居宅介護支援】新潟県上越市大貫4丁目10番12号", "url": "https://www.kaigokensaku.mhlw.go.jp/15/index.php?action_kouhyou_detail_004_kani=true&JigyosyoCd=1570302909-00&ServiceCd=430&Type=search", "url2": null }, "geometry": { "type": "Point", "coordinates": [ 138.230421053019313, 37.115221020520238 ] } },
{ "type": "Feature", "properties": { "内容": "シルバーサポート上越店【居宅介護支援】新潟県上越市下門前８９９-１", "url": "https://www.kaigokensaku.mhlw.go.jp/15/index.php?action_kouhyou_detail_004_kani=true&JigyosyoCd=1570303600-00&ServiceCd=430&Type=search", "url2": "http://www.ramico.co.jp/" }, "geometry": { "type": "Point", "coordinates": [ 138.248592064418062, 37.159782895391032 ] } },
{ "type": "Feature", "properties": { "内容": "福音居宅介護支援事業中央営業所【居宅介護支援】新潟県上越市中央5丁目１６番３０号", "url": "https://www.kaigokensaku.mhlw.go.jp/15/index.php?action_kouhyou_detail_004_kani=true&JigyosyoCd=1570304087-00&ServiceCd=430&Type=search", "url2": null }, "geometry": { "type": "Point", "coordinates": [ 138.2389653, 37.1773589 ] } },
{ "type": "Feature", "properties": { "内容": "ケアプラン　なごみ【居宅介護支援】新潟県上越市今池436カーサ美和103", "url": "https://www.kaigokensaku.mhlw.go.jp/15/index.php?action_kouhyou_detail_004_kani=true&JigyosyoCd=1570304285-00&ServiceCd=430&Type=search", "url2": null }, "geometry": { "type": "Point", "coordinates": [ 138.272464499999984, 37.0972973 ] } },
{ "type": "Feature", "properties": { "内容": "はあとふるあたご居宅介護支援センター水原【居宅介護支援】阿賀野市外城町２１番2号", "url": "https://www.kaigokensaku.mhlw.go.jp/15/index.php?action_kouhyou_detail_004_kani=true&JigyosyoCd=1572100657-00&ServiceCd=430&Type=search", "url2": "http://www.heartfull.jp" }, "geometry": { "type": "Point", "coordinates": [ 139.231015899999989, 37.8373423 ] } },
{ "type": "Feature", "properties": { "内容": "居宅介護支援事業所　シンパシー【居宅介護支援】新潟県阿賀野市南安野町８－２０", "url": "https://www.kaigokensaku.mhlw.go.jp/15/index.php?action_kouhyou_detail_004_kani=true&JigyosyoCd=1572100673-00&ServiceCd=430&Type=search", "url2": "http://www.hisyoufukushikai.or.jp/" }, "geometry": { "type": "Point", "coordinates": [ 139.212093877909894, 37.836409046528445 ] } },
{ "type": "Feature", "properties": { "内容": "居宅介護支援事業所　ソーシャルサポート真【居宅介護支援】新潟県阿賀野市外城町7‐11", "url": "https://www.kaigokensaku.mhlw.go.jp/15/index.php?action_kouhyou_detail_004_kani=true&JigyosyoCd=1572101028-00&ServiceCd=430&Type=search", "url2": "https://www.m-social-support.com/" }, "geometry": { "type": "Point", "coordinates": [ 139.2334827, 37.8390026 ] } },
{ "type": "Feature", "properties": { "内容": "ケアプランどりーむあがの【居宅介護支援】新潟県阿賀野市中島町１番４号ユーチビル　３F", "url": "https://www.kaigokensaku.mhlw.go.jp/15/index.php?action_kouhyou_detail_004_kani=true&JigyosyoCd=1572100988-00&ServiceCd=430&Type=search", "url2": "https://c-s-dream.com" }, "geometry": { "type": "Point", "coordinates": [ 139.227728799999966, 37.8360031 ] } },
{ "type": "Feature", "properties": { "内容": "ケアステーションにじいろ【居宅介護支援】新潟県阿賀野市保田4439番地", "url": "https://www.kaigokensaku.mhlw.go.jp/15/index.php?action_kouhyou_detail_004_kani=true&JigyosyoCd=1572101002-00&ServiceCd=430&Type=search", "url2": "https://gcs-5757.jp" }, "geometry": { "type": "Point", "coordinates": [ 139.237968099999989, 37.7719888 ] } },
{ "type": "Feature", "properties": { "内容": "あがの市民病院居宅介護支援事業所【居宅介護支援】新潟県阿賀野市岡山町13-23", "url": "https://www.kaigokensaku.mhlw.go.jp/15/index.php?action_kouhyou_detail_004_kani=true&JigyosyoCd=1572100699-00&ServiceCd=430&Type=search", "url2": null }, "geometry": { "type": "Point", "coordinates": [ 139.221139366795342, 37.833007105107434 ] } },
{ "type": "Feature", "properties": { "内容": "居宅介護支援センターはなみずき【居宅介護支援】新潟県阿賀野市岡山町5番15号", "url": "https://www.kaigokensaku.mhlw.go.jp/15/index.php?action_kouhyou_detail_004_kani=true&JigyosyoCd=1572100764-00&ServiceCd=430&Type=search", "url2": null }, "geometry": { "type": "Point", "coordinates": [ 139.224322151908638, 37.836892959366061 ] } },
{ "type": "Feature", "properties": { "内容": "サポートセンターてまり【居宅介護支援】新潟県阿賀野市庄ケ宮293番地1", "url": "https://www.kaigokensaku.mhlw.go.jp/15/index.php?action_kouhyou_detail_004_kani=true&JigyosyoCd=1572100467-00&ServiceCd=430&Type=search", "url2": "http://seibu-life.com/support-temari.php" }, "geometry": { "type": "Point", "coordinates": [ 139.23105318497872, 37.819237971592131 ] } },
{ "type": "Feature", "properties": { "内容": "株式会社ケアセンターのぞみ【居宅介護支援】新潟県阿賀野市寺社甲3913番地69", "url": "https://www.kaigokensaku.mhlw.go.jp/15/index.php?action_kouhyou_detail_004_kani=true&JigyosyoCd=1572100871-00&ServiceCd=430&Type=search", "url2": null }, "geometry": { "type": "Point", "coordinates": [ 139.234621948566996, 37.784493297082307 ] } },
{ "type": "Feature", "properties": { "内容": "はもちの里【居宅介護支援】新潟県佐渡市羽茂本郷２５番地", "url": "https://www.kaigokensaku.mhlw.go.jp/15/index.php?action_kouhyou_detail_004_kani=true&JigyosyoCd=1572200176-00&ServiceCd=430&Type=search", "url2": "http://hamochinosato.com" }, "geometry": { "type": "Point", "coordinates": [ 138.311639031321647, 37.843162530951389 ] } },
{ "type": "Feature", "properties": { "内容": "ケアプランかず【居宅介護支援】新潟県佐渡市石田３５番地６", "url": "https://www.kaigokensaku.mhlw.go.jp/15/index.php?action_kouhyou_detail_004_kani=true&JigyosyoCd=1572201299-00&ServiceCd=430&Type=search", "url2": null }, "geometry": { "type": "Point", "coordinates": [ 138.329485699999964, 38.0074638 ] } },
{ "type": "Feature", "properties": { "内容": "居宅介護支援　南佐渡【居宅介護支援】新潟県佐渡市羽茂本郷１９０－１", "url": "https://www.kaigokensaku.mhlw.go.jp/15/index.php?action_kouhyou_detail_004_kani=true&JigyosyoCd=1572201018-00&ServiceCd=430&Type=search", "url2": null }, "geometry": { "type": "Point", "coordinates": [ 138.31363284907377, 37.842287945177851 ] } },
{ "type": "Feature", "properties": { "内容": "居宅介護支援事業所　新穂愛宕の園【居宅介護支援】佐渡市新穂瓜生屋339番地2", "url": "https://www.kaigokensaku.mhlw.go.jp/15/index.php?action_kouhyou_detail_004_kani=true&JigyosyoCd=1572201034-00&ServiceCd=430&Type=search", "url2": "http://www.atago.or.jp/" }, "geometry": { "type": "Point", "coordinates": [ 138.423896099999979, 38.0162433 ] } },
{ "type": "Feature", "properties": { "内容": "ケアプランどんぐり【居宅介護支援】新潟県佐渡市真野新町448番地", "url": "https://www.kaigokensaku.mhlw.go.jp/15/index.php?action_kouhyou_detail_004_kani=true&JigyosyoCd=1572201414-00&ServiceCd=430&Type=search", "url2": "https://www.donguri-randm.com/" }, "geometry": { "type": "Point", "coordinates": [ 138.344342899999987, 37.963320900000014 ] } },
{ "type": "Feature", "properties": { "内容": "社協ケアプランセンターきずな【居宅介護支援】新潟県佐渡市長石213番地1", "url": "https://www.kaigokensaku.mhlw.go.jp/15/index.php?action_kouhyou_detail_004_kani=true&JigyosyoCd=1572200440-00&ServiceCd=430&Type=search", "url2": "https://care-net.biz/15/sado-shakyo/b43.php" }, "geometry": { "type": "Point", "coordinates": [ 138.344292298672457, 37.972026679300171 ] } },
{ "type": "Feature", "properties": { "内容": "居宅介護支援事業所　親里【居宅介護支援】新潟県佐渡市住吉１２６番地２", "url": "https://www.kaigokensaku.mhlw.go.jp/15/index.php?action_kouhyou_detail_004_kani=true&JigyosyoCd=1572201083-00&ServiceCd=430&Type=search", "url2": "http://care-net.biz/15/oyasato/" }, "geometry": { "type": "Point", "coordinates": [ 138.45006920000003, 38.0718652 ] } },
{ "type": "Feature", "properties": { "内容": "ケアプランBee【居宅介護支援】新潟県佐渡市相川鹿伏４１７番地", "url": "https://www.kaigokensaku.mhlw.go.jp/15/index.php?action_kouhyou_detail_004_kani=true&JigyosyoCd=1572201398-00&ServiceCd=430&Type=search", "url2": null }, "geometry": { "type": "Point", "coordinates": [ 138.2283718, 38.0227817 ] } },
{ "type": "Feature", "properties": { "内容": "大浦の里【居宅介護支援】新潟県佐渡市相川大浦５３３番地２", "url": "https://www.kaigokensaku.mhlw.go.jp/15/index.php?action_kouhyou_detail_004_kani=true&JigyosyoCd=1572200135-00&ServiceCd=430&Type=search", "url2": "http://www.oouranosato.or.jp" }, "geometry": { "type": "Point", "coordinates": [ 138.226938, 38.0155125 ] } },
{ "type": "Feature", "properties": { "内容": "真野の里【居宅介護支援】新潟県佐渡市真野新町624-2", "url": "https://www.kaigokensaku.mhlw.go.jp/15/index.php?action_kouhyou_detail_004_kani=true&JigyosyoCd=1572200168-00&ServiceCd=430&Type=search", "url2": "http://manonosato.com/" }, "geometry": { "type": "Point", "coordinates": [ 138.3486867, 37.964498800000037 ] } },
{ "type": "Feature", "properties": { "内容": "社協ケアプランセンター天領【居宅介護支援】新潟県佐渡市相川羽田町57番地1", "url": "https://www.kaigokensaku.mhlw.go.jp/15/index.php?action_kouhyou_detail_004_kani=true&JigyosyoCd=1572200432-00&ServiceCd=430&Type=search", "url2": "https://care-net.biz/15/sado-shakyo/b43.php" }, "geometry": { "type": "Point", "coordinates": [ 138.240741500000013, 38.033004600000034 ] } },
{ "type": "Feature", "properties": { "内容": "社協ケアプランセンターしゃくなげ【居宅介護支援】新潟県佐渡市春日１１５０番地２０", "url": "https://www.kaigokensaku.mhlw.go.jp/15/index.php?action_kouhyou_detail_004_kani=true&JigyosyoCd=1572200481-00&ServiceCd=430&Type=search", "url2": "https://care-net.biz/15/sado-shakyo/b43.php" }, "geometry": { "type": "Point", "coordinates": [ 138.430247799999961, 38.0899875 ] } },
{ "type": "Feature", "properties": { "内容": "社協ケアプランセンターなごみ【居宅介護支援】新潟県佐渡市河原田本町３９４番地佐渡市　佐和田行政サービスセンター内", "url": "https://www.kaigokensaku.mhlw.go.jp/15/index.php?action_kouhyou_detail_004_kani=true&JigyosyoCd=1572200515-00&ServiceCd=430&Type=search", "url2": "https://care-net.biz/15/sado-shakyo/b43.php" }, "geometry": { "type": "Point", "coordinates": [ 138.321821757443132, 37.998405553354687 ] } },
{ "type": "Feature", "properties": { "内容": "社協ケアプランセンターおもと【居宅介護支援】新潟県佐渡市羽茂本郷550番地佐渡市役所羽茂支所内", "url": "https://www.kaigokensaku.mhlw.go.jp/15/index.php?action_kouhyou_detail_004_kani=true&JigyosyoCd=1572200531-00&ServiceCd=430&Type=search", "url2": "https://care-net.biz/15/sado-shakyo/b43.php" }, "geometry": { "type": "Point", "coordinates": [ 138.317238, 37.8487146 ] } },
{ "type": "Feature", "properties": { "内容": "ケアプラン　後藤【居宅介護支援】新潟県佐渡市城腰161-1", "url": "https://www.kaigokensaku.mhlw.go.jp/15/index.php?action_kouhyou_detail_004_kani=true&JigyosyoCd=1572201331-00&ServiceCd=430&Type=search", "url2": "https://www.keaplangoto.com" }, "geometry": { "type": "Point", "coordinates": [ 138.463856131629939, 38.058533101637202 ] } },
{ "type": "Feature", "properties": { "内容": "ツクイ佐渡中央【居宅介護支援】新潟県佐渡市泉918-1", "url": "https://www.kaigokensaku.mhlw.go.jp/15/index.php?action_kouhyou_detail_004_kani=true&JigyosyoCd=1572200119-00&ServiceCd=430&Type=search", "url2": null }, "geometry": { "type": "Point", "coordinates": [ 138.350208313221259, 38.01275812805747 ] } },
{ "type": "Feature", "properties": { "内容": "居宅介護支援事業さど【居宅介護支援】新潟県佐渡市両津湊343番地45", "url": "https://www.kaigokensaku.mhlw.go.jp/15/index.php?action_kouhyou_detail_004_kani=true&JigyosyoCd=1572200770-00&ServiceCd=430&Type=search", "url2": "http://www.atago.or.jp/" }, "geometry": { "type": "Point", "coordinates": [ 138.4406199, 38.0751757 ] } },
{ "type": "Feature", "properties": { "内容": "居宅介護支援　高千の里【居宅介護支援】佐渡市高千1048番地1", "url": "https://www.kaigokensaku.mhlw.go.jp/15/index.php?action_kouhyou_detail_004_kani=true&JigyosyoCd=1572200820-00&ServiceCd=430&Type=search", "url2": "http://www.e-sadonet.tv/~fureai99/" }, "geometry": { "type": "Point", "coordinates": [ 138.332893499999955, 38.1976641 ] } },
{ "type": "Feature", "properties": { "内容": "居宅介護支援　ふれあい館【居宅介護支援】新潟県佐渡市千種58番地1", "url": "https://www.kaigokensaku.mhlw.go.jp/15/index.php?action_kouhyou_detail_004_kani=true&JigyosyoCd=1572200838-00&ServiceCd=430&Type=search", "url2": "http://www.e-sadonet.tv/~fureai99/" }, "geometry": { "type": "Point", "coordinates": [ 138.364550821426405, 38.021602510424451 ] } },
{ "type": "Feature", "properties": { "内容": "居宅介護支援事業所おけさ【居宅介護支援】新潟県佐渡市小木町１９７３番地", "url": "https://www.kaigokensaku.mhlw.go.jp/15/index.php?action_kouhyou_detail_004_kani=true&JigyosyoCd=1572201240-00&ServiceCd=430&Type=search", "url2": "http://www.ceres.dti.ne.jp/~sawatahp/okesa/index.html" }, "geometry": { "type": "Point", "coordinates": [ 138.284596800000031, 37.8177525 ] } },
{ "type": "Feature", "properties": { "内容": "佐渡市介護老人保健施設　すこやか両津【居宅介護支援】佐渡市中興乙1601番地1", "url": "https://www.kaigokensaku.mhlw.go.jp/15/index.php?action_kouhyou_detail_004_kani=true&JigyosyoCd=1572200572-00&ServiceCd=430&Type=search", "url2": null }, "geometry": { "type": "Point", "coordinates": [ 138.358099619132446, 38.026688381026339 ] } },
{ "type": "Feature", "properties": { "内容": "スマイル赤泊【居宅介護支援】新潟県佐渡市徳和6207番地2", "url": "https://www.kaigokensaku.mhlw.go.jp/15/index.php?action_kouhyou_detail_004_kani=true&JigyosyoCd=1572200960-00&ServiceCd=430&Type=search", "url2": null }, "geometry": { "type": "Point", "coordinates": [ 138.415815506082168, 37.87153413473753 ] } },
{ "type": "Feature", "properties": { "内容": "佐渡市立両津病院【居宅介護支援】佐渡市梅津2314番地１", "url": "https://www.kaigokensaku.mhlw.go.jp/15/index.php?action_kouhyou_detail_004_kani=true&JigyosyoCd=1572200556-00&ServiceCd=430&Type=search", "url2": "https://www.city.sado.niigata.jp/site/ryotsu-hosp/" }, "geometry": { "type": "Point", "coordinates": [ 138.429643327368268, 38.095038100092715 ] } },
{ "type": "Feature", "properties": { "内容": "ケアプランセンターなんだい【居宅介護支援】新潟県佐渡市畑野甲452-6", "url": "https://www.kaigokensaku.mhlw.go.jp/15/index.php?action_kouhyou_detail_004_kani=true&JigyosyoCd=1572201075-00&ServiceCd=430&Type=search", "url2": "http://care-net.biz/15/kuro-ba-sado/" }, "geometry": { "type": "Point", "coordinates": [ 138.39771380000002, 37.9922843 ] } },
{ "type": "Feature", "properties": { "内容": "うらまち居宅介護支援事業所【居宅介護支援】新潟県魚沼市小出島359番地", "url": "https://www.kaigokensaku.mhlw.go.jp/15/index.php?action_kouhyou_detail_004_kani=true&JigyosyoCd=1572300695-00&ServiceCd=430&Type=search", "url2": null }, "geometry": { "type": "Point", "coordinates": [ 138.95957020000003, 37.2309061 ] } },
{ "type": "Feature", "properties": { "内容": "まちなかや居宅介護支援事業所【居宅介護支援】新潟県魚沼市小出島1177", "url": "https://www.kaigokensaku.mhlw.go.jp/15/index.php?action_kouhyou_detail_004_kani=true&JigyosyoCd=1572300653-00&ServiceCd=430&Type=search", "url2": "http://www.alpsbc.co.jp/kaigo/" }, "geometry": { "type": "Point", "coordinates": [ 138.96481360000007, 37.2400495 ] } },
{ "type": "Feature", "properties": { "内容": "うおぬまケアセンター【居宅介護支援】新潟県魚沼市新保352", "url": "https://www.kaigokensaku.mhlw.go.jp/15/index.php?action_kouhyou_detail_004_kani=true&JigyosyoCd=1572300232-00&ServiceCd=430&Type=search", "url2": "http://uofuku.net/" }, "geometry": { "type": "Point", "coordinates": [ 138.9729625, 37.2440574 ] } },
{ "type": "Feature", "properties": { "内容": "守門居宅介護支援事業所【居宅介護支援】魚沼市須原１２３７－１守門健康センター", "url": "https://www.kaigokensaku.mhlw.go.jp/15/index.php?action_kouhyou_detail_004_kani=true&JigyosyoCd=1572300356-00&ServiceCd=430&Type=search", "url2": "http://www.uonuma-shakyo.or.jp/" }, "geometry": { "type": "Point", "coordinates": [ 139.017732799999976, 37.3179522 ] } },
{ "type": "Feature", "properties": { "内容": "在宅介護支援センター小出【居宅介護支援】新潟県魚沼市原虫野433番地3", "url": "https://www.kaigokensaku.mhlw.go.jp/15/index.php?action_kouhyou_detail_004_kani=true&JigyosyoCd=1572300216-00&ServiceCd=430&Type=search", "url2": "http://www.uonokai.or.jp" }, "geometry": { "type": "Point", "coordinates": [ 138.963511899999958, 37.2139553 ] } },
{ "type": "Feature", "properties": { "内容": "魚沼社協居宅介護支援事業所【居宅介護支援】新潟県魚沼市一日市320番地魚沼農協薮神プラザ店２階", "url": "https://www.kaigokensaku.mhlw.go.jp/15/index.php?action_kouhyou_detail_004_kani=true&JigyosyoCd=1572300331-00&ServiceCd=430&Type=search", "url2": null }, "geometry": { "type": "Point", "coordinates": [ 138.981093570955636, 37.24641316705096 ] } },
{ "type": "Feature", "properties": { "内容": "ケアネットすまいる【居宅介護支援】新潟県魚沼市中原354番地", "url": "https://www.kaigokensaku.mhlw.go.jp/15/index.php?action_kouhyou_detail_004_kani=true&JigyosyoCd=1572300752-00&ServiceCd=430&Type=search", "url2": null }, "geometry": { "type": "Point", "coordinates": [ 138.9722636, 37.2202885 ] } },
{ "type": "Feature", "properties": { "内容": "萌気園居宅介護支援事業所【居宅介護支援】新潟県南魚沼市二日町205番地6萌気園有料老人ホーム「すみれ草」2階", "url": "https://www.kaigokensaku.mhlw.go.jp/15/index.php?action_kouhyou_detail_004_kani=true&JigyosyoCd=1572400263-00&ServiceCd=430&Type=search", "url2": "http://www.moegien.jp" }, "geometry": { "type": "Point", "coordinates": [ 138.898995442327873, 37.084433893732488 ] } },
{ "type": "Feature", "properties": { "内容": "ケアセンターまちなかや南魚沼【居宅介護支援】新潟県南魚沼市六日町801-9", "url": "https://www.kaigokensaku.mhlw.go.jp/15/index.php?action_kouhyou_detail_004_kani=true&JigyosyoCd=1572400982-00&ServiceCd=430&Type=search", "url2": null }, "geometry": { "type": "Point", "coordinates": [ 138.87281269999994, 37.059003 ] } },
{ "type": "Feature", "properties": { "内容": "ＪＡみなみ魚沼居宅介護支援事業所【居宅介護支援】新潟県南魚沼市上原110番地9", "url": "https://www.kaigokensaku.mhlw.go.jp/15/index.php?action_kouhyou_detail_004_kani=true&JigyosyoCd=1572401162-00&ServiceCd=430&Type=search", "url2": null }, "geometry": { "type": "Point", "coordinates": [ 138.933222199999989, 37.0911624 ] } },
{ "type": "Feature", "properties": { "内容": "南魚沼市社会福祉協議会居宅介護支援事業所【居宅介護支援】新潟県南魚沼市泉甲154-1", "url": "https://www.kaigokensaku.mhlw.go.jp/15/index.php?action_kouhyou_detail_004_kani=true&JigyosyoCd=1572400370-00&ServiceCd=430&Type=search", "url2": "https://www.mu-shakyo.or.jp/" }, "geometry": { "type": "Point", "coordinates": [ 138.918437942199716, 37.094934283200246 ] } },
{ "type": "Feature", "properties": { "内容": "越南苑居宅介護支援事業所【居宅介護支援】新潟県南魚沼市五日町2405番地", "url": "https://www.kaigokensaku.mhlw.go.jp/15/index.php?action_kouhyou_detail_004_kani=true&JigyosyoCd=1572400214-00&ServiceCd=430&Type=search", "url2": "http://etunanen.com" }, "geometry": { "type": "Point", "coordinates": [ 138.902815499999946, 37.1256737 ] } },
{ "type": "Feature", "properties": { "内容": "ゆきぐに大和ホームケアステーション【居宅介護支援】南魚沼市浦佐４１１５番地", "url": "https://www.kaigokensaku.mhlw.go.jp/15/index.php?action_kouhyou_detail_004_kani=true&JigyosyoCd=1572400404-00&ServiceCd=430&Type=search", "url2": "http://www.yukigunihp.jp/" }, "geometry": { "type": "Point", "coordinates": [ 138.937615700000038, 37.1711822 ] } },
{ "type": "Feature", "properties": { "内容": "八色園居宅介護支援事業所【居宅介護支援】新潟県南魚沼市浦佐４０５９－１", "url": "https://www.kaigokensaku.mhlw.go.jp/15/index.php?action_kouhyou_detail_004_kani=true&JigyosyoCd=1572400222-00&ServiceCd=430&Type=search", "url2": "http://www.yairoen.jp" }, "geometry": { "type": "Point", "coordinates": [ 138.936185300000034, 37.1701323 ] } },
{ "type": "Feature", "properties": { "内容": "みなみ園居宅介護支援事業所【居宅介護支援】南魚沼市六日町712-4", "url": "https://www.kaigokensaku.mhlw.go.jp/15/index.php?action_kouhyou_detail_004_kani=true&JigyosyoCd=1572400230-00&ServiceCd=430&Type=search", "url2": "http://minamiuonuma.or.jp" }, "geometry": { "type": "Point", "coordinates": [ 138.865169199999968, 37.0553699 ] } },
{ "type": "Feature", "properties": { "内容": "まいこ園介護支援センター【居宅介護支援】新潟県南魚沼市仙石１番地１８", "url": "https://www.kaigokensaku.mhlw.go.jp/15/index.php?action_kouhyou_detail_004_kani=true&JigyosyoCd=1572400602-00&ServiceCd=430&Type=search", "url2": "https://minamiuonuma.or.jp/" }, "geometry": { "type": "Point", "coordinates": [ 138.841398, 37.0063528 ] } },
{ "type": "Feature", "properties": { "内容": "こころの杜居宅介護支援事業所【居宅介護支援】新潟県南魚沼市六日町1148番地1", "url": "https://www.kaigokensaku.mhlw.go.jp/15/index.php?action_kouhyou_detail_004_kani=true&JigyosyoCd=1572400701-00&ServiceCd=430&Type=search", "url2": "http://naebafukushikai.com/" }, "geometry": { "type": "Point", "coordinates": [ 138.876756699999987, 37.0579116 ] } },
{ "type": "Feature", "properties": { "内容": "雪椿の里居宅介護支援事業所【居宅介護支援】新潟県南魚沼市穴地14番地1", "url": "https://www.kaigokensaku.mhlw.go.jp/15/index.php?action_kouhyou_detail_004_kani=true&JigyosyoCd=1572400925-00&ServiceCd=430&Type=search", "url2": "http://yukitsubakinosato.com" }, "geometry": { "type": "Point", "coordinates": [ 138.95387089999997, 37.1370822 ] } },
{ "type": "Feature", "properties": { "内容": "居宅介護支援事業所　ゆきつばき【居宅介護支援】南魚沼市塩沢1329-12", "url": "https://www.kaigokensaku.mhlw.go.jp/15/index.php?action_kouhyou_detail_004_kani=true&JigyosyoCd=1572400529-00&ServiceCd=430&Type=search", "url2": "http://www.kinjou.ac.jp" }, "geometry": { "type": "Point", "coordinates": [ 138.848051777863219, 37.039818894474962 ] } },
{ "type": "Feature", "properties": { "内容": "南魚沼市居宅介護支援事業所【居宅介護支援】新潟県南魚沼市東泉田898番地1南魚沼市民病院附属在宅療養支援センター", "url": "https://www.kaigokensaku.mhlw.go.jp/15/index.php?action_kouhyou_detail_004_kani=true&JigyosyoCd=1572401196-00&ServiceCd=430&Type=search", "url2": "http://www.minamiuonumahp.jp/" }, "geometry": { "type": "Point", "coordinates": [ 138.876846202465316, 37.052770258129769 ] } },
{ "type": "Feature", "properties": { "内容": "桐鈴会居宅介護支援事業所【居宅介護支援】新潟県南魚沼市浦佐366‐4", "url": "https://www.kaigokensaku.mhlw.go.jp/15/index.php?action_kouhyou_detail_004_kani=true&JigyosyoCd=1572401220-00&ServiceCd=430&Type=search", "url2": null }, "geometry": { "type": "Point", "coordinates": [ 138.921786700000013, 37.1679263 ] } },
{ "type": "Feature", "properties": { "内容": "居宅介護支援事業所つむぐ【居宅介護支援】新潟県南魚沼市欠之上４７８番地２齋藤記念病院", "url": "https://www.kaigokensaku.mhlw.go.jp/15/index.php?action_kouhyou_detail_004_kani=true&JigyosyoCd=1572401238-00&ServiceCd=430&Type=search", "url2": null }, "geometry": { "type": "Point", "coordinates": [ 138.867762, 37.0881347 ] } },
{ "type": "Feature", "properties": { "内容": "居宅介護支援事業所　おおぞら【居宅介護支援】新潟県胎内市あかね町27-12", "url": "https://www.kaigokensaku.mhlw.go.jp/15/index.php?action_kouhyou_detail_004_kani=true&JigyosyoCd=1572500435-00&ServiceCd=430&Type=search", "url2": "https://www.kaetsu-kougyo.co.jp/" }, "geometry": { "type": "Point", "coordinates": [ 139.394233646032717, 38.055178868261422 ] } },
{ "type": "Feature", "properties": { "内容": "指定居宅介護支援事業所中条愛広苑【居宅介護支援】新潟県胎内市十二天91", "url": "https://www.kaigokensaku.mhlw.go.jp/15/index.php?action_kouhyou_detail_004_kani=true&JigyosyoCd=1572500062-00&ServiceCd=430&Type=search", "url2": "http://www.aiko.or.jp" }, "geometry": { "type": "Point", "coordinates": [ 139.409089900000026, 38.0915792 ] } },
{ "type": "Feature", "properties": { "内容": "居宅介護支援事業所　マチュアハウス中条【居宅介護支援】新潟県胎内市中村浜字築地原６９９－１３６", "url": "https://www.kaigokensaku.mhlw.go.jp/15/index.php?action_kouhyou_detail_004_kani=true&JigyosyoCd=1572500047-00&ServiceCd=430&Type=search", "url2": "http://n-jiseikai.jp" }, "geometry": { "type": "Point", "coordinates": [ 139.350111, 38.068538 ] } },
{ "type": "Feature", "properties": { "内容": "居宅介護支援事業所ちゅーりっぷ苑【居宅介護支援】新潟県胎内市協和町837-1デイホームちゅーりっぷ苑さくら内", "url": "https://www.kaigokensaku.mhlw.go.jp/15/index.php?action_kouhyou_detail_004_kani=true&JigyosyoCd=1572500484-00&ServiceCd=430&Type=search", "url2": "http://www.care-net.biz/15/chulip/" }, "geometry": { "type": "Point", "coordinates": [ 139.402892799999989, 38.0627719 ] } },
{ "type": "Feature", "properties": { "内容": "居宅支援　しろとり【居宅介護支援】新潟県胎内市西本町11番27号", "url": "https://www.kaigokensaku.mhlw.go.jp/15/index.php?action_kouhyou_detail_004_kani=true&JigyosyoCd=1572500039-00&ServiceCd=430&Type=search", "url2": "https://www.ninohjikai.jp" }, "geometry": { "type": "Point", "coordinates": [ 139.394416200000023, 38.0524552 ] } },
{ "type": "Feature", "properties": { "内容": "社会福祉法人　胎内市社会福祉協議会【居宅介護支援】新潟県胎内市西本町11番11号ほっとＨＯＴ・中条", "url": "https://www.kaigokensaku.mhlw.go.jp/15/index.php?action_kouhyou_detail_004_kani=true&JigyosyoCd=1572500203-00&ServiceCd=430&Type=search", "url2": "http://tainai-syakyo.com/" }, "geometry": { "type": "Point", "coordinates": [ 139.394874499999986, 38.0524608 ] } },
{ "type": "Feature", "properties": { "内容": "黒川居宅介護支援事業所【居宅介護支援】新潟県胎内市下館字大開1522番地", "url": "https://www.kaigokensaku.mhlw.go.jp/15/index.php?action_kouhyou_detail_004_kani=true&JigyosyoCd=1572500013-00&ServiceCd=430&Type=search", "url2": null }, "geometry": { "type": "Point", "coordinates": [ 139.445654, 38.0816068 ] } },
{ "type": "Feature", "properties": { "内容": "ケアプランセンターはすがた園【居宅介護支援】新潟県北蒲原郡聖籠町大字蓮潟2249番地特別養護老人ホームはすがた園", "url": "https://www.kaigokensaku.mhlw.go.jp/15/index.php?action_kouhyou_detail_004_kani=true&JigyosyoCd=1575001159-00&ServiceCd=430&Type=search", "url2": "https://seiro-hukushikai.or.jp/" }, "geometry": { "type": "Point", "coordinates": [ 139.265986, 37.9791849 ] } },
{ "type": "Feature", "properties": { "内容": "居宅介護支援事業所　汐彩【居宅介護支援】北蒲原郡聖籠町次第浜5372番地", "url": "https://www.kaigokensaku.mhlw.go.jp/15/index.php?action_kouhyou_detail_004_kani=true&JigyosyoCd=1575001050-00&ServiceCd=430&Type=search", "url2": "https://www.hakuaijinshikai.com/" }, "geometry": { "type": "Point", "coordinates": [ 139.2748686, 38.0186392 ] } },
{ "type": "Feature", "properties": { "内容": "せいろうケアプランセンター【居宅介護支援】新潟県北蒲原郡聖籠町大字三賀854番地１", "url": "https://www.kaigokensaku.mhlw.go.jp/15/index.php?action_kouhyou_detail_004_kani=true&JigyosyoCd=1575001209-00&ServiceCd=430&Type=search", "url2": null }, "geometry": { "type": "Point", "coordinates": [ 139.2739685, 37.9628089 ] } },
{ "type": "Feature", "properties": { "内容": "ケアプラン結生【居宅介護支援】新潟県北蒲原郡聖籠町大字二本松1920番地1", "url": "https://www.kaigokensaku.mhlw.go.jp/15/index.php?action_kouhyou_detail_004_kani=true&JigyosyoCd=1575001217-00&ServiceCd=430&Type=search", "url2": null }, "geometry": { "type": "Point", "coordinates": [ 139.268456500000013, 37.9590678 ] } },
{ "type": "Feature", "properties": { "内容": "ケアプランセンター　桜井の里【居宅介護支援】新潟県西蒲原郡弥彦村大字麓3035番地", "url": "https://www.kaigokensaku.mhlw.go.jp/15/index.php?action_kouhyou_detail_004_kani=true&JigyosyoCd=1575200017-00&ServiceCd=430&Type=search", "url2": "http://www.sakurai-fukushi.or.jp" }, "geometry": { "type": "Point", "coordinates": [ 138.825970620098786, 37.679736754386447 ] } },
{ "type": "Feature", "properties": { "内容": "弥彦介護施設あおぞら【居宅介護支援】新潟県西蒲原郡弥彦村大字弥彦721番地1", "url": "https://www.kaigokensaku.mhlw.go.jp/15/index.php?action_kouhyou_detail_004_kani=true&JigyosyoCd=1575201296-00&ServiceCd=430&Type=search", "url2": "http://www.yahiko-aozora.com" }, "geometry": { "type": "Point", "coordinates": [ 138.828831400000013, 37.6914203 ] } },
{ "type": "Feature", "properties": { "内容": "居宅介護支援事業所あじさいの里【居宅介護支援】南蒲原郡田上町大字田上丙2987番地1", "url": "https://www.kaigokensaku.mhlw.go.jp/15/index.php?action_kouhyou_detail_004_kani=true&JigyosyoCd=1575300205-00&ServiceCd=430&Type=search", "url2": "http://www.gomadou-azisai.jp" }, "geometry": { "type": "Point", "coordinates": [ 139.077454699999947, 37.7202909 ] } },
{ "type": "Feature", "properties": { "内容": "居宅介護支援事業所　晴和会田上園【居宅介護支援】新潟県南蒲原郡田上町羽生田乙５７２番地３５", "url": "https://www.kaigokensaku.mhlw.go.jp/15/index.php?action_kouhyou_detail_004_kani=true&JigyosyoCd=1575300379-00&ServiceCd=430&Type=search", "url2": "http://seiwa-kai.jp" }, "geometry": { "type": "Point", "coordinates": [ 139.062095499999941, 37.6852113 ] } },
{ "type": "Feature", "properties": { "内容": "社会福祉法人　田上町社会福祉協議会【居宅介護支援】新潟県南蒲原郡田上町大字原ヶ崎新田3071番地田上町総合保健福祉センター", "url": "https://www.kaigokensaku.mhlw.go.jp/15/index.php?action_kouhyou_detail_004_kani=true&JigyosyoCd=1575300023-00&ServiceCd=430&Type=search", "url2": "http://care-net.biz/15/tagami-shakyo/" }, "geometry": { "type": "Point", "coordinates": [ 139.057651399999941, 37.6982541 ] } },
{ "type": "Feature", "properties": { "内容": "たがみの里　居宅介護支援事業所【居宅介護支援】新潟県南蒲原郡田上町大字川船河甲898番地1", "url": "https://www.kaigokensaku.mhlw.go.jp/15/index.php?action_kouhyou_detail_004_kani=true&JigyosyoCd=1575300312-00&ServiceCd=430&Type=search", "url2": "http://daikyoyakuhin.co.jp/" }, "geometry": { "type": "Point", "coordinates": [ 139.058487499999956, 37.677476 ] } },
{ "type": "Feature", "properties": { "内容": "居宅介護支援あんだんて【居宅介護支援】新潟県南蒲原郡田上町大字原ヶ崎新田１７１６番地", "url": "https://www.kaigokensaku.mhlw.go.jp/15/index.php?action_kouhyou_detail_004_kani=true&JigyosyoCd=1575300403-00&ServiceCd=430&Type=search", "url2": null }, "geometry": { "type": "Point", "coordinates": [ 139.0684191, 37.6972854 ] } },
{ "type": "Feature", "properties": { "内容": "ケアプランセンター結【居宅介護支援】新潟県東蒲原郡阿賀町平堀１６５４番地10", "url": "https://www.kaigokensaku.mhlw.go.jp/15/index.php?action_kouhyou_detail_004_kani=true&JigyosyoCd=1575400369-00&ServiceCd=430&Type=search", "url2": null }, "geometry": { "type": "Point", "coordinates": [ 139.47112919999995, 37.6673477 ] } },
{ "type": "Feature", "properties": { "内容": "しんあいケアプランセンター【居宅介護支援】新潟県東蒲原郡阿賀町あが野南4324-5", "url": "https://www.kaigokensaku.mhlw.go.jp/15/index.php?action_kouhyou_detail_004_kani=true&JigyosyoCd=1575400013-00&ServiceCd=430&Type=search", "url2": "http://sin-ai.jp/" }, "geometry": { "type": "Point", "coordinates": [ 139.367290863754306, 37.710495777384246 ] } },
{ "type": "Feature", "properties": { "内容": "とうかんケアプランセンター【居宅介護支援】新潟県東蒲原郡阿賀町津川207番地１特別養護老人ホーム　東蒲の里", "url": "https://www.kaigokensaku.mhlw.go.jp/15/index.php?action_kouhyou_detail_004_kani=true&JigyosyoCd=1575400203-00&ServiceCd=430&Type=search", "url2": "http://www.toukan-fukushi.com" }, "geometry": { "type": "Point", "coordinates": [ 139.463348321696344, 37.678547369102837 ] } },
{ "type": "Feature", "properties": { "内容": "ケアプランセンター　やまぶき【居宅介護支援】新潟県東蒲原郡阿賀町津川664番地", "url": "https://www.kaigokensaku.mhlw.go.jp/15/index.php?action_kouhyou_detail_004_kani=true&JigyosyoCd=1575400237-00&ServiceCd=430&Type=search", "url2": "http://care-net.biz/15/agashakyo/" }, "geometry": { "type": "Point", "coordinates": [ 139.462096299999985, 37.6743328 ] } },
{ "type": "Feature", "properties": { "内容": "特別養護老人ホームやすらぎの里居宅介護支援事業所【居宅介護支援】新潟県三島郡出雲崎町大字川西660番地1", "url": "https://www.kaigokensaku.mhlw.go.jp/15/index.php?action_kouhyou_detail_004_kani=true&JigyosyoCd=1575500051-00&ServiceCd=430&Type=search", "url2": "http://chuetsu-roufukukyo.com" }, "geometry": { "type": "Point", "coordinates": [ 138.707417, 37.5227802 ] } },
{ "type": "Feature", "properties": { "内容": "社会福祉法人　出雲崎町社会福祉協議会【居宅介護支援】新潟県三島郡出雲崎町大字大門３９４番地１", "url": "https://www.kaigokensaku.mhlw.go.jp/15/index.php?action_kouhyou_detail_004_kani=true&JigyosyoCd=1575500028-00&ServiceCd=430&Type=search", "url2": null }, "geometry": { "type": "Point", "coordinates": [ 138.716732099999945, 37.5380365 ] } },
{ "type": "Feature", "properties": { "内容": "湯沢町社会福祉協議会居宅介護支援事業所【居宅介護支援】新潟県南魚沼郡湯沢町大字湯沢２８７７番地１", "url": "https://www.kaigokensaku.mhlw.go.jp/15/index.php?action_kouhyou_detail_004_kani=true&JigyosyoCd=1575800113-00&ServiceCd=430&Type=search", "url2": "http://yuzawa-syakyo.jp/" }, "geometry": { "type": "Point", "coordinates": [ 138.813111877246058, 36.938636867442725 ] } },
{ "type": "Feature", "properties": { "内容": "ゆのさと園居宅ケアセンター【居宅介護支援】新潟県南魚沼郡湯沢町大字神立1647番地275", "url": "https://www.kaigokensaku.mhlw.go.jp/15/index.php?action_kouhyou_detail_004_kani=true&JigyosyoCd=1575800634-00&ServiceCd=430&Type=search", "url2": "https://minamiuonuma.or.jp/" }, "geometry": { "type": "Point", "coordinates": [ 138.832020199999988, 36.9297736 ] } },
{ "type": "Feature", "properties": { "内容": "津南町在宅介護支援センター【居宅介護支援】新潟県中魚沼郡津南町大字下船渡丁２６８２番地３", "url": "https://www.kaigokensaku.mhlw.go.jp/15/index.php?action_kouhyou_detail_004_kani=true&JigyosyoCd=1575900012-00&ServiceCd=430&Type=search", "url2": "http://keifukuen.or.jp" }, "geometry": { "type": "Point", "coordinates": [ 138.649105700000064, 37.0154851 ] } },
{ "type": "Feature", "properties": { "内容": "津南町指定居宅介護支援事業所【居宅介護支援】新潟県中魚沼郡津南町大字下船渡丁2682番地", "url": "https://www.kaigokensaku.mhlw.go.jp/15/index.php?action_kouhyou_detail_004_kani=true&JigyosyoCd=1575900301-00&ServiceCd=430&Type=search", "url2": null }, "geometry": { "type": "Point", "coordinates": [ 138.6485379, 37.0157265 ] } },
{ "type": "Feature", "properties": { "内容": "居宅介護支援事業所　ももの木【居宅介護支援】新潟県刈羽郡刈羽村刈羽1365番地２刈羽村高齢者福祉複合施設きらら内", "url": "https://www.kaigokensaku.mhlw.go.jp/15/index.php?action_kouhyou_detail_004_kani=true&JigyosyoCd=1576000309-00&ServiceCd=430&Type=search", "url2": null }, "geometry": { "type": "Point", "coordinates": [ 138.6178033, 37.425411 ] } },
{ "type": "Feature", "properties": { "内容": "社会福祉法人刈羽村社会福祉協議会【居宅介護支援】新潟県刈羽郡刈羽村大字刈羽1431番地1刈羽村福祉センター「いこえ～る」", "url": "https://www.kaigokensaku.mhlw.go.jp/15/index.php?action_kouhyou_detail_004_kani=true&JigyosyoCd=1576000291-00&ServiceCd=430&Type=search", "url2": "https://www.kariwasyakyo.or.jp/" }, "geometry": { "type": "Point", "coordinates": [ 138.618034035582014, 37.425980741834302 ] } },
{ "type": "Feature", "properties": { "内容": "社会福祉法人関川村社会福祉協議会【居宅介護支援】新潟県岩船郡関川村大字上関522番地38", "url": "https://www.kaigokensaku.mhlw.go.jp/15/index.php?action_kouhyou_detail_004_kani=true&JigyosyoCd=1576400087-00&ServiceCd=430&Type=search", "url2": "http://www.fukuseki.or.jp" }, "geometry": { "type": "Point", "coordinates": [ 139.567424385314979, 38.089243482178233 ] } }
]
}
