{
"type": "FeatureCollection",
"name": "geo_15_通所介護",
"crs": { "type": "name", "properties": { "name": "urn:ogc:def:crs:OGC:1.3:CRS84" } },
"features": [
{ "type": "Feature", "properties": { "内容": "デイサービスセンターカナン【通所介護】新潟県新潟市北区太子堂２３９番地", "url2": "https://www.kaigokensaku.mhlw.go.jp/15/index.php?action_kouhyou_detail_004_kani=true&JigyosyoCd=1570107373-00&ServiceCd=150&Type=search" }, "geometry": { "type": "Point", "coordinates": [ 139.165344900000036, 37.888751800000016 ] } },
{ "type": "Feature", "properties": { "内容": "ケアステーションあさひ　新潟松浜【通所介護】新潟県新潟市北区西名目所4446番地1", "url2": "https://www.kaigokensaku.mhlw.go.jp/15/index.php?action_kouhyou_detail_004_kani=true&JigyosyoCd=1570112878-00&ServiceCd=150&Type=search" }, "geometry": { "type": "Point", "coordinates": [ 139.148585499999967, 37.9442232 ] } },
{ "type": "Feature", "properties": { "内容": "デイサービス　レッツちゃれんじ【通所介護】新潟県新潟市北区白新町1-1-22", "url2": "https://www.kaigokensaku.mhlw.go.jp/15/index.php?action_kouhyou_detail_004_kani=true&JigyosyoCd=1570110856-00&ServiceCd=150&Type=search" }, "geometry": { "type": "Point", "coordinates": [ 139.216951399999971, 37.9201737 ] } },
{ "type": "Feature", "properties": { "内容": "株式会社ニイガタ福祉ケアサービスデイサービス新崎の杜【通所介護】新潟県新潟市北区新崎1丁目6番7号", "url2": "https://www.kaigokensaku.mhlw.go.jp/15/index.php?action_kouhyou_detail_004_kani=true&JigyosyoCd=1570107571-00&ServiceCd=150&Type=search" }, "geometry": { "type": "Point", "coordinates": [ 139.151688899999954, 37.9228977 ] } },
{ "type": "Feature", "properties": { "内容": "社会福祉法人新潟市社会福祉協議会　老人デイサービスセンターさわやか【通所介護】新潟県新潟市北区東栄町1丁目1番35号", "url2": "https://www.kaigokensaku.mhlw.go.jp/15/index.php?action_kouhyou_detail_004_kani=true&JigyosyoCd=1570104842-00&ServiceCd=150&Type=search" }, "geometry": { "type": "Point", "coordinates": [ 139.221138200000041, 37.9140408 ] } },
{ "type": "Feature", "properties": { "内容": "はあとふるあたごデイサービスセンター松浜【通所介護】新潟県新潟市北区太夫浜1674番4", "url2": "https://www.kaigokensaku.mhlw.go.jp/15/index.php?action_kouhyou_detail_004_kani=true&JigyosyoCd=1570104644-00&ServiceCd=150&Type=search" }, "geometry": { "type": "Point", "coordinates": [ 139.153789666934273, 37.956202237571105 ] } },
{ "type": "Feature", "properties": { "内容": "藤の木原デイサービスセンター【通所介護】新潟県新潟市北区樋ノ入1143番地1", "url2": "https://www.kaigokensaku.mhlw.go.jp/15/index.php?action_kouhyou_detail_004_kani=true&JigyosyoCd=1570103737-00&ServiceCd=150&Type=search" }, "geometry": { "type": "Point", "coordinates": [ 139.18086681111447, 37.941847398172001 ] } },
{ "type": "Feature", "properties": { "内容": "デイサービスセンターほうせい園【通所介護】新潟県新潟市北区葛塚618番地", "url2": "https://www.kaigokensaku.mhlw.go.jp/15/index.php?action_kouhyou_detail_004_kani=true&JigyosyoCd=1570103745-00&ServiceCd=150&Type=search" }, "geometry": { "type": "Point", "coordinates": [ 139.213821300000063, 37.9320084 ] } },
{ "type": "Feature", "properties": { "内容": "デイサービスセンターはやどおり【通所介護】新潟県新潟市北区須戸703番地1", "url2": "https://www.kaigokensaku.mhlw.go.jp/15/index.php?action_kouhyou_detail_004_kani=true&JigyosyoCd=1570103760-00&ServiceCd=150&Type=search" }, "geometry": { "type": "Point", "coordinates": [ 139.1865247, 37.9169492 ] } },
{ "type": "Feature", "properties": { "内容": "老人デイサービスセンターなぎさの里【通所介護】新潟県新潟市北区島見町4524番地13", "url2": "https://www.kaigokensaku.mhlw.go.jp/15/index.php?action_kouhyou_detail_004_kani=true&JigyosyoCd=1570102804-00&ServiceCd=150&Type=search" }, "geometry": { "type": "Point", "coordinates": [ 139.1871784, 37.958410799999989 ] } },
{ "type": "Feature", "properties": { "内容": "デイサービスセンターたんぽぽ【通所介護】新潟県新潟市北区島見町2190番地", "url2": "https://www.kaigokensaku.mhlw.go.jp/15/index.php?action_kouhyou_detail_004_kani=true&JigyosyoCd=1570102069-00&ServiceCd=150&Type=search" }, "geometry": { "type": "Point", "coordinates": [ 139.2016142, 37.9718912 ] } },
{ "type": "Feature", "properties": { "内容": "デイサービスセンター　豊栄園【通所介護】新潟県新潟市北区長場1279番地1", "url2": "https://www.kaigokensaku.mhlw.go.jp/15/index.php?action_kouhyou_detail_004_kani=true&JigyosyoCd=1570103752-00&ServiceCd=150&Type=search" }, "geometry": { "type": "Point", "coordinates": [ 139.212121, 37.8854578 ] } },
{ "type": "Feature", "properties": { "内容": "老人デイサービスセンター愛宕の園【通所介護】新潟県新潟市北区松潟1510番地", "url2": "https://www.kaigokensaku.mhlw.go.jp/15/index.php?action_kouhyou_detail_004_kani=true&JigyosyoCd=1570101251-00&ServiceCd=150&Type=search" }, "geometry": { "type": "Point", "coordinates": [ 139.173792400000025, 37.930155199999987 ] } },
{ "type": "Feature", "properties": { "内容": "デイサービスセンターあしぬま【通所介護】新潟県新潟市東区はなみずき2丁目3番7号", "url2": "https://www.kaigokensaku.mhlw.go.jp/15/index.php?action_kouhyou_detail_004_kani=true&JigyosyoCd=1570100394-00&ServiceCd=150&Type=search" }, "geometry": { "type": "Point", "coordinates": [ 139.104024, 37.9179222 ] } },
{ "type": "Feature", "properties": { "内容": "デイサービスセンター河渡の郷【通所介護】新潟県新潟市東区河渡2丁目4番65号", "url2": "https://www.kaigokensaku.mhlw.go.jp/15/index.php?action_kouhyou_detail_004_kani=true&JigyosyoCd=1570107159-00&ServiceCd=150&Type=search" }, "geometry": { "type": "Point", "coordinates": [ 139.098662, 37.9364232 ] } },
{ "type": "Feature", "properties": { "内容": "デイサービスセンター春日和　北葉町【通所介護】新潟県新潟市東区北葉町９番３号", "url2": "https://www.kaigokensaku.mhlw.go.jp/15/index.php?action_kouhyou_detail_004_kani=true&JigyosyoCd=1570110245-00&ServiceCd=150&Type=search" }, "geometry": { "type": "Point", "coordinates": [ 139.0759679, 37.9385117 ] } },
{ "type": "Feature", "properties": { "内容": "SOMPOケア　新潟松崎　デイサービス【通所介護】新潟県新潟市東区松崎2丁目19番55号", "url2": "https://www.kaigokensaku.mhlw.go.jp/15/index.php?action_kouhyou_detail_004_kani=true&JigyosyoCd=1570114429-00&ServiceCd=150&Type=search" }, "geometry": { "type": "Point", "coordinates": [ 139.11902760000001, 37.9341129 ] } },
{ "type": "Feature", "properties": { "内容": "デイサービスセンター東中野山【通所介護】新潟県新潟市東区新岡山２丁目１番13号", "url2": "https://www.kaigokensaku.mhlw.go.jp/15/index.php?action_kouhyou_detail_004_kani=true&JigyosyoCd=1570114205-00&ServiceCd=150&Type=search" }, "geometry": { "type": "Point", "coordinates": [ 139.120089399999983, 37.908418 ] } },
{ "type": "Feature", "properties": { "内容": "悠遊くらぶ優和【通所介護】新潟県新潟市東区下山２丁目５８７番地１", "url2": "https://www.kaigokensaku.mhlw.go.jp/15/index.php?action_kouhyou_detail_004_kani=true&JigyosyoCd=1570112563-00&ServiceCd=150&Type=search" }, "geometry": { "type": "Point", "coordinates": [ 139.126620342666229, 37.948323198389936 ] } },
{ "type": "Feature", "properties": { "内容": "はあとふるあたごデイサービスセンター栞【通所介護】新潟県新潟市東区空港西1-13-1", "url2": "https://www.kaigokensaku.mhlw.go.jp/15/index.php?action_kouhyou_detail_004_kani=true&JigyosyoCd=1570115467-00&ServiceCd=150&Type=search" }, "geometry": { "type": "Point", "coordinates": [ 139.093760300000014, 37.9494074 ] } },
{ "type": "Feature", "properties": { "内容": "ツクイ新潟新石山【通所介護】新潟県新潟市東区新石山5丁目12番15号", "url2": "https://www.kaigokensaku.mhlw.go.jp/15/index.php?action_kouhyou_detail_004_kani=true&JigyosyoCd=1570106201-00&ServiceCd=150&Type=search" }, "geometry": { "type": "Point", "coordinates": [ 139.094103675898907, 37.899324043861306 ] } },
{ "type": "Feature", "properties": { "内容": "ケアステーションあさひ新潟本所【通所介護】新潟県新潟市東区本所3丁目10番45号", "url2": "https://www.kaigokensaku.mhlw.go.jp/15/index.php?action_kouhyou_detail_004_kani=true&JigyosyoCd=1570114924-00&ServiceCd=150&Type=search" }, "geometry": { "type": "Point", "coordinates": [ 139.1372467, 37.9151129 ] } },
{ "type": "Feature", "properties": { "内容": "デイサービスセンター大山CocosiaAtago【通所介護】新潟県新潟市東区大山2丁目13番34号あたごの杜大山台", "url2": "https://www.kaigokensaku.mhlw.go.jp/15/index.php?action_kouhyou_detail_004_kani=true&JigyosyoCd=1570116325-00&ServiceCd=150&Type=search" }, "geometry": { "type": "Point", "coordinates": [ 139.0782491, 37.9367199 ] } },
{ "type": "Feature", "properties": { "内容": "デイサービスセンターじゅんさい池【通所介護】新潟県新潟市東区幸栄1丁目15番15号", "url2": "https://www.kaigokensaku.mhlw.go.jp/15/index.php?action_kouhyou_detail_004_kani=true&JigyosyoCd=1570113728-00&ServiceCd=150&Type=search" }, "geometry": { "type": "Point", "coordinates": [ 139.102826986508177, 37.944341152012569 ] } },
{ "type": "Feature", "properties": { "内容": "ツクイ東新潟【通所介護】新潟県新潟市東区上木戸2丁目4番17号", "url2": "https://www.kaigokensaku.mhlw.go.jp/15/index.php?action_kouhyou_detail_004_kani=true&JigyosyoCd=1570112035-00&ServiceCd=150&Type=search" }, "geometry": { "type": "Point", "coordinates": [ 139.107091200000013, 37.9232218 ] } },
{ "type": "Feature", "properties": { "内容": "ツクイ新潟河渡【通所介護】新潟県新潟市東区河渡2丁目5番21号", "url2": "https://www.kaigokensaku.mhlw.go.jp/15/index.php?action_kouhyou_detail_004_kani=true&JigyosyoCd=1570108256-00&ServiceCd=150&Type=search" }, "geometry": { "type": "Point", "coordinates": [ 139.100433100000032, 37.934909700000041 ] } },
{ "type": "Feature", "properties": { "内容": "デイサービスセンター春日和　竹尾【通所介護】新潟県新潟市東区竹尾3丁目21番30号", "url2": "https://www.kaigokensaku.mhlw.go.jp/15/index.php?action_kouhyou_detail_004_kani=true&JigyosyoCd=1570109692-00&ServiceCd=150&Type=search" }, "geometry": { "type": "Point", "coordinates": [ 139.094669599999946, 37.9139084 ] } },
{ "type": "Feature", "properties": { "内容": "デイサービスセンター春日和向陽【通所介護】新潟県新潟市東区向陽３丁目１１番地１０", "url2": "https://www.kaigokensaku.mhlw.go.jp/15/index.php?action_kouhyou_detail_004_kani=true&JigyosyoCd=1570110211-00&ServiceCd=150&Type=search" }, "geometry": { "type": "Point", "coordinates": [ 139.115636304893542, 37.94039670804365 ] } },
{ "type": "Feature", "properties": { "内容": "デイサービスセンター春日和　浜谷町【通所介護】新潟県新潟市東区浜谷町1丁目2番1号", "url2": "https://www.kaigokensaku.mhlw.go.jp/15/index.php?action_kouhyou_detail_004_kani=true&JigyosyoCd=1570110658-00&ServiceCd=150&Type=search" }, "geometry": { "type": "Point", "coordinates": [ 139.090228900000056, 37.9471414 ] } },
{ "type": "Feature", "properties": { "内容": "デイサービスセンターなじょも【通所介護】新潟県新潟市東区上木戸5丁目2番1号", "url2": "https://www.kaigokensaku.mhlw.go.jp/15/index.php?action_kouhyou_detail_004_kani=true&JigyosyoCd=1570111409-00&ServiceCd=150&Type=search" }, "geometry": { "type": "Point", "coordinates": [ 139.103044379762281, 37.92067512251861 ] } },
{ "type": "Feature", "properties": { "内容": "ツクイ新潟竹尾【通所介護】新潟県新潟市東区竹尾2丁目13番10号", "url2": "https://www.kaigokensaku.mhlw.go.jp/15/index.php?action_kouhyou_detail_004_kani=true&JigyosyoCd=1570105401-00&ServiceCd=150&Type=search" }, "geometry": { "type": "Point", "coordinates": [ 139.0905573, 37.9124145 ] } },
{ "type": "Feature", "properties": { "内容": "秋葉デイサービスセンターきゃすと【通所介護】新潟県新潟市東区秋葉通2丁目3722番地97", "url2": "https://www.kaigokensaku.mhlw.go.jp/15/index.php?action_kouhyou_detail_004_kani=true&JigyosyoCd=1570105336-00&ServiceCd=150&Type=search" }, "geometry": { "type": "Point", "coordinates": [ 139.082535199999967, 37.941547100000015 ] } },
{ "type": "Feature", "properties": { "内容": "有限会社黎明福祉サービス山の下デイサービス【通所介護】新潟県新潟市東区大山2丁目3番10号", "url2": "https://www.kaigokensaku.mhlw.go.jp/15/index.php?action_kouhyou_detail_004_kani=true&JigyosyoCd=1570105229-00&ServiceCd=150&Type=search" }, "geometry": { "type": "Point", "coordinates": [ 139.075981142327947, 37.936543914758765 ] } },
{ "type": "Feature", "properties": { "内容": "リハブサロンＤｏｏ【通所介護】新潟県新潟市東区江南２丁目２番地９", "url2": "https://www.kaigokensaku.mhlw.go.jp/15/index.php?action_kouhyou_detail_004_kani=true&JigyosyoCd=1570106888-00&ServiceCd=150&Type=search" }, "geometry": { "type": "Point", "coordinates": [ 139.079930099999956, 37.9028479 ] } },
{ "type": "Feature", "properties": { "内容": "社会福祉法人親永会はじめデイサービスセンター【通所介護】新潟県新潟市東区河渡甲135-7", "url2": "https://www.kaigokensaku.mhlw.go.jp/15/index.php?action_kouhyou_detail_004_kani=true&JigyosyoCd=1570100600-00&ServiceCd=150&Type=search" }, "geometry": { "type": "Point", "coordinates": [ 139.099742, 37.949397 ] } },
{ "type": "Feature", "properties": { "内容": "デイサービスセンター桃山園【通所介護】新潟県新潟市東区桃山町1丁目114番地7", "url2": "https://www.kaigokensaku.mhlw.go.jp/15/index.php?action_kouhyou_detail_004_kani=true&JigyosyoCd=1570100618-00&ServiceCd=150&Type=search" }, "geometry": { "type": "Point", "coordinates": [ 139.0758495, 37.9445493 ] } },
{ "type": "Feature", "properties": { "内容": "デイサービスセンターzutto・sottoずっと・そっと【通所介護】新潟県新潟市東区本所254番地4", "url2": "https://www.kaigokensaku.mhlw.go.jp/15/index.php?action_kouhyou_detail_004_kani=true&JigyosyoCd=1570100956-00&ServiceCd=150&Type=search" }, "geometry": { "type": "Point", "coordinates": [ 139.125477700000033, 37.9109818 ] } },
{ "type": "Feature", "properties": { "内容": "デイサービスセンターなかの【通所介護】新潟県新潟市東区粟山706-1", "url2": "https://www.kaigokensaku.mhlw.go.jp/15/index.php?action_kouhyou_detail_004_kani=true&JigyosyoCd=1570100709-00&ServiceCd=150&Type=search" }, "geometry": { "type": "Point", "coordinates": [ 139.10073680000005, 37.891724600000025 ] } },
{ "type": "Feature", "properties": { "内容": "新潟東デイサービスセンター【通所介護】新潟県新潟市東区紫竹７丁目８番１０号", "url2": "https://www.kaigokensaku.mhlw.go.jp/15/index.php?action_kouhyou_detail_004_kani=true&JigyosyoCd=1570100444-00&ServiceCd=150&Type=search" }, "geometry": { "type": "Point", "coordinates": [ 139.087187200000017, 37.9110168 ] } },
{ "type": "Feature", "properties": { "内容": "逢谷内デイサービスセンター【通所介護】新潟県新潟市東区新松崎1丁目1番12号", "url2": "https://www.kaigokensaku.mhlw.go.jp/15/index.php?action_kouhyou_detail_004_kani=true&JigyosyoCd=1570101285-00&ServiceCd=150&Type=search" }, "geometry": { "type": "Point", "coordinates": [ 139.115530836245739, 37.929117545940962 ] } },
{ "type": "Feature", "properties": { "内容": "ツクイ新潟山木戸東【通所介護】新潟県新潟市東区山木戸4丁目12番32号", "url2": "https://www.kaigokensaku.mhlw.go.jp/15/index.php?action_kouhyou_detail_004_kani=true&JigyosyoCd=1570103125-00&ServiceCd=150&Type=search" }, "geometry": { "type": "Point", "coordinates": [ 139.0857974, 37.9219077 ] } },
{ "type": "Feature", "properties": { "内容": "ツクイ新潟猿ヶ馬場【通所介護】新潟県新潟市東区猿ケ馬場2丁目12番17号", "url2": "https://www.kaigokensaku.mhlw.go.jp/15/index.php?action_kouhyou_detail_004_kani=true&JigyosyoCd=1570103257-00&ServiceCd=150&Type=search" }, "geometry": { "type": "Point", "coordinates": [ 139.116674, 37.907515500000017 ] } },
{ "type": "Feature", "properties": { "内容": "はあとふるあたごデイサービスセンター上木戸【通所介護】新潟県新潟市東区上木戸１丁目１番３号", "url2": "https://www.kaigokensaku.mhlw.go.jp/15/index.php?action_kouhyou_detail_004_kani=true&JigyosyoCd=1570102697-00&ServiceCd=150&Type=search" }, "geometry": { "type": "Point", "coordinates": [ 139.097501991401714, 37.924807115509687 ] } },
{ "type": "Feature", "properties": { "内容": "デイサービスセンターサンライフ中野山【通所介護】新潟県新潟市東区中野山4丁目16番13号", "url2": "https://www.kaigokensaku.mhlw.go.jp/15/index.php?action_kouhyou_detail_004_kani=true&JigyosyoCd=1570101228-00&ServiceCd=150&Type=search" }, "geometry": { "type": "Point", "coordinates": [ 139.1032027, 37.9037485 ] } },
{ "type": "Feature", "properties": { "内容": "デイサービス　もみじの家　逢谷内【通所介護】新潟県新潟市東区逢谷内４丁目２番２２号", "url2": "https://www.kaigokensaku.mhlw.go.jp/15/index.php?action_kouhyou_detail_004_kani=true&JigyosyoCd=1570112969-00&ServiceCd=150&Type=search" }, "geometry": { "type": "Point", "coordinates": [ 139.11610040000005, 37.923361 ] } },
{ "type": "Feature", "properties": { "内容": "アーバンリビング鳥屋野デイサービスセンター【通所介護】新潟県新潟市中央区小張木1丁目4番5号", "url2": "https://www.kaigokensaku.mhlw.go.jp/15/index.php?action_kouhyou_detail_004_kani=true&JigyosyoCd=1570108652-00&ServiceCd=150&Type=search" }, "geometry": { "type": "Point", "coordinates": [ 139.047090900000057, 37.8876321 ] } },
{ "type": "Feature", "properties": { "内容": "ツクイ新潟関屋【通所介護】新潟県新潟市中央区堀割町2番37号", "url2": "https://www.kaigokensaku.mhlw.go.jp/15/index.php?action_kouhyou_detail_004_kani=true&JigyosyoCd=1570102291-00&ServiceCd=150&Type=search" }, "geometry": { "type": "Point", "coordinates": [ 139.010168791946114, 37.904263613928215 ] } },
{ "type": "Feature", "properties": { "内容": "デイサービスセンター関屋おもと園【通所介護】新潟県潟市中央区関屋大川前1丁目2番36号", "url2": "https://www.kaigokensaku.mhlw.go.jp/15/index.php?action_kouhyou_detail_004_kani=true&JigyosyoCd=1570107662-00&ServiceCd=150&Type=search" }, "geometry": { "type": "Point", "coordinates": [ 139.015292499999987, 37.9019322 ] } },
{ "type": "Feature", "properties": { "内容": "デイサービスセンターほたる【通所介護】新潟県新潟市中央区横七番町通５丁目４６９４番地", "url2": "https://www.kaigokensaku.mhlw.go.jp/15/index.php?action_kouhyou_detail_004_kani=true&JigyosyoCd=1570105732-00&ServiceCd=150&Type=search" }, "geometry": { "type": "Point", "coordinates": [ 139.053636561834452, 37.934331253016033 ] } },
{ "type": "Feature", "properties": { "内容": "新潟リハビリテーション病院　アクティブデイできじま【通所介護】新潟県新潟市中央区東出来島1番30号", "url2": "https://www.kaigokensaku.mhlw.go.jp/15/index.php?action_kouhyou_detail_004_kani=true&JigyosyoCd=1570112043-00&ServiceCd=150&Type=search" }, "geometry": { "type": "Point", "coordinates": [ 139.029908, 37.903488 ] } },
{ "type": "Feature", "properties": { "内容": "デイサービスきたえるーむ新潟中央【通所介護】新潟県新潟市中央区京王3-5-2石藤ビル１F", "url2": "https://www.kaigokensaku.mhlw.go.jp/15/index.php?action_kouhyou_detail_004_kani=true&JigyosyoCd=1570114122-00&ServiceCd=150&Type=search" }, "geometry": { "type": "Point", "coordinates": [ 139.079397, 37.8950542 ] } },
{ "type": "Feature", "properties": { "内容": "コンパスウォーク紫竹山【通所介護】新潟県新潟市中央区紫竹山3-9-1インター紫竹山ビル1階", "url2": "https://www.kaigokensaku.mhlw.go.jp/15/index.php?action_kouhyou_detail_004_kani=true&JigyosyoCd=1570115749-00&ServiceCd=150&Type=search" }, "geometry": { "type": "Point", "coordinates": [ 139.0724935, 37.9026863 ] } },
{ "type": "Feature", "properties": { "内容": "ツクイ新潟神道寺【通所介護】新潟県新潟市中央区神道寺1丁目10番6号", "url2": "https://www.kaigokensaku.mhlw.go.jp/15/index.php?action_kouhyou_detail_004_kani=true&JigyosyoCd=1570108777-00&ServiceCd=150&Type=search" }, "geometry": { "type": "Point", "coordinates": [ 139.055452800000012, 37.901327 ] } },
{ "type": "Feature", "properties": { "内容": "フィットネスデイaigo新潟駅南店【通所介護】新潟県新潟市中央区弁天橋通1丁目31番10号", "url2": "https://www.kaigokensaku.mhlw.go.jp/15/index.php?action_kouhyou_detail_004_kani=true&JigyosyoCd=1570110666-00&ServiceCd=150&Type=search" }, "geometry": { "type": "Point", "coordinates": [ 139.070295799999968, 37.895767900000017 ] } },
{ "type": "Feature", "properties": { "内容": "グレイス・デイサービスセンター【通所介護】新潟県新潟市中央区紫竹山6-2-26", "url2": "https://www.kaigokensaku.mhlw.go.jp/15/index.php?action_kouhyou_detail_004_kani=true&JigyosyoCd=1570113629-00&ServiceCd=150&Type=search" }, "geometry": { "type": "Point", "coordinates": [ 139.066288, 37.897947899999963 ] } },
{ "type": "Feature", "properties": { "内容": "デイサービスセンター浜浦みどり荘【通所介護】新潟県新潟市中央区浜浦町2丁目47-2", "url2": "https://www.kaigokensaku.mhlw.go.jp/15/index.php?action_kouhyou_detail_004_kani=true&JigyosyoCd=1570116044-00&ServiceCd=150&Type=search" }, "geometry": { "type": "Point", "coordinates": [ 139.0066008, 37.9088282 ] } },
{ "type": "Feature", "properties": { "内容": "白山やすらぎデイサービスセンター【通所介護】新潟県新潟市中央区川岸町2丁目1番地20", "url2": "https://www.kaigokensaku.mhlw.go.jp/15/index.php?action_kouhyou_detail_004_kani=true&JigyosyoCd=1570111102-00&ServiceCd=150&Type=search" }, "geometry": { "type": "Point", "coordinates": [ 139.034489957672122, 37.911313146463606 ] } },
{ "type": "Feature", "properties": { "内容": "アースサポート新潟中央【通所介護】新潟県新潟市中央区関屋田町四丁目554番地", "url2": "https://www.kaigokensaku.mhlw.go.jp/15/index.php?action_kouhyou_detail_004_kani=true&JigyosyoCd=1570110229-00&ServiceCd=150&Type=search" }, "geometry": { "type": "Point", "coordinates": [ 139.021719399999938, 37.9101121 ] } },
{ "type": "Feature", "properties": { "内容": "サロンＤｏｏ【通所介護】新潟県新潟市中央区清五郎３０１番地", "url2": "https://www.kaigokensaku.mhlw.go.jp/15/index.php?action_kouhyou_detail_004_kani=true&JigyosyoCd=1570109320-00&ServiceCd=150&Type=search" }, "geometry": { "type": "Point", "coordinates": [ 139.0540545, 37.8823468 ] } },
{ "type": "Feature", "properties": { "内容": "デイサービスセンターせせらぎ女池【通所介護】新潟県新潟市中央区女池上山4丁目5番1号", "url2": "https://www.kaigokensaku.mhlw.go.jp/15/index.php?action_kouhyou_detail_004_kani=true&JigyosyoCd=1570107191-00&ServiceCd=150&Type=search" }, "geometry": { "type": "Point", "coordinates": [ 139.0264644, 37.8929616 ] } },
{ "type": "Feature", "properties": { "内容": "デイサービスセンター新和【通所介護】新潟県新潟市中央区新和1丁目1番63号デイサービスセンター新和", "url2": "https://www.kaigokensaku.mhlw.go.jp/15/index.php?action_kouhyou_detail_004_kani=true&JigyosyoCd=1570114874-00&ServiceCd=150&Type=search" }, "geometry": { "type": "Point", "coordinates": [ 139.041921699999989, 37.9035084 ] } },
{ "type": "Feature", "properties": { "内容": "ウイング関屋デイサービスセンター【通所介護】新潟県新潟市中央区関屋下川原町１丁目６７６番地１", "url2": "https://www.kaigokensaku.mhlw.go.jp/15/index.php?action_kouhyou_detail_004_kani=true&JigyosyoCd=1570109296-00&ServiceCd=150&Type=search" }, "geometry": { "type": "Point", "coordinates": [ 139.026156352114839, 37.916252594732562 ] } },
{ "type": "Feature", "properties": { "内容": "ウイング鳥屋野デイサービスセンター【通所介護】新潟県新潟市中央区湖南５０８－３", "url2": "https://www.kaigokensaku.mhlw.go.jp/15/index.php?action_kouhyou_detail_004_kani=true&JigyosyoCd=1570110849-00&ServiceCd=150&Type=search" }, "geometry": { "type": "Point", "coordinates": [ 139.039358499999906, 37.8791776 ] } },
{ "type": "Feature", "properties": { "内容": "長潟スワンの里【通所介護】新潟県新潟市中央区長潟1134番地1", "url2": "https://www.kaigokensaku.mhlw.go.jp/15/index.php?action_kouhyou_detail_004_kani=true&JigyosyoCd=1570106227-00&ServiceCd=150&Type=search" }, "geometry": { "type": "Point", "coordinates": [ 139.067142399999966, 37.887002 ] } },
{ "type": "Feature", "properties": { "内容": "ちいきてらすデイサービスセンター【通所介護】新潟県新潟市中央区女池西１丁目１３番１号", "url2": "https://www.kaigokensaku.mhlw.go.jp/15/index.php?action_kouhyou_detail_004_kani=true&JigyosyoCd=1570116085-00&ServiceCd=150&Type=search" }, "geometry": { "type": "Point", "coordinates": [ 139.035244703709196, 37.894434473918842 ] } },
{ "type": "Feature", "properties": { "内容": "デイサービスセンター　ばんだい桜園【通所介護】新潟県新潟市中央区幸西4丁目5番15号", "url2": "https://www.kaigokensaku.mhlw.go.jp/15/index.php?action_kouhyou_detail_004_kani=true&JigyosyoCd=1570105849-00&ServiceCd=150&Type=search" }, "geometry": { "type": "Point", "coordinates": [ 139.049456299999946, 37.9134679 ] } },
{ "type": "Feature", "properties": { "内容": "ALPHASさわやか苑鳥屋野　デイサービスセンター【通所介護】新潟県新潟市中央区小張木３丁目６番２号", "url2": "https://www.kaigokensaku.mhlw.go.jp/15/index.php?action_kouhyou_detail_004_kani=true&JigyosyoCd=1570106045-00&ServiceCd=150&Type=search" }, "geometry": { "type": "Point", "coordinates": [ 139.043030199999947, 37.8846102 ] } },
{ "type": "Feature", "properties": { "内容": "ツクイ新潟姥ケ山第二【通所介護】新潟県新潟市中央区姥ケ山6丁目2番29号", "url2": "https://www.kaigokensaku.mhlw.go.jp/15/index.php?action_kouhyou_detail_004_kani=true&JigyosyoCd=1570105450-00&ServiceCd=150&Type=search" }, "geometry": { "type": "Point", "coordinates": [ 139.079283506745952, 37.891417964504335 ] } },
{ "type": "Feature", "properties": { "内容": "ニチイケアセンター新潟南【通所介護】新潟県新潟市中央区鐙2丁目14番21号", "url2": "https://www.kaigokensaku.mhlw.go.jp/15/index.php?action_kouhyou_detail_004_kani=true&JigyosyoCd=1570105187-00&ServiceCd=150&Type=search" }, "geometry": { "type": "Point", "coordinates": [ 139.069975, 37.9040391 ] } },
{ "type": "Feature", "properties": { "内容": "老人デイサービスセンター江東園【通所介護】新潟県新潟市中央区姥ヶ山359番地1", "url2": "https://www.kaigokensaku.mhlw.go.jp/15/index.php?action_kouhyou_detail_004_kani=true&JigyosyoCd=1570100824-00&ServiceCd=150&Type=search" }, "geometry": { "type": "Point", "coordinates": [ 139.081794299999956, 37.8859912 ] } },
{ "type": "Feature", "properties": { "内容": "デイサービスセンターおもと園【通所介護】新潟県新潟市中央区女池西2丁目6番25号", "url2": "https://www.kaigokensaku.mhlw.go.jp/15/index.php?action_kouhyou_detail_004_kani=true&JigyosyoCd=1570100733-00&ServiceCd=150&Type=search" }, "geometry": { "type": "Point", "coordinates": [ 139.03539255371922, 37.890917392130483 ] } },
{ "type": "Feature", "properties": { "内容": "デイサービスセンター　かりん【通所介護】新潟県新潟市中央区南笹口一丁目1番30号", "url2": "https://www.kaigokensaku.mhlw.go.jp/15/index.php?action_kouhyou_detail_004_kani=true&JigyosyoCd=1570107092-00&ServiceCd=150&Type=search" }, "geometry": { "type": "Point", "coordinates": [ 139.065005599999949, 37.907948332519851 ] } },
{ "type": "Feature", "properties": { "内容": "デイサービスセンター有隣【通所介護】新潟県新潟市中央区紫竹山４丁目１番２６号", "url2": "https://www.kaigokensaku.mhlw.go.jp/15/index.php?action_kouhyou_detail_004_kani=true&JigyosyoCd=1570102333-00&ServiceCd=150&Type=search" }, "geometry": { "type": "Point", "coordinates": [ 139.07129180000004, 37.8983147 ] } },
{ "type": "Feature", "properties": { "内容": "ニチイケアセンター新潟中央【通所介護】新潟県新潟市中央区沼垂東6-9-3", "url2": "https://www.kaigokensaku.mhlw.go.jp/15/index.php?action_kouhyou_detail_004_kani=true&JigyosyoCd=1570101947-00&ServiceCd=150&Type=search" }, "geometry": { "type": "Point", "coordinates": [ 139.068504100000041, 37.9253784 ] } },
{ "type": "Feature", "properties": { "内容": "ツクイ新潟女池【通所介護】新潟県新潟市中央区鳥屋野南３丁目２番６号", "url2": "https://www.kaigokensaku.mhlw.go.jp/15/index.php?action_kouhyou_detail_004_kani=true&JigyosyoCd=1570102945-00&ServiceCd=150&Type=search" }, "geometry": { "type": "Point", "coordinates": [ 139.029757499999988, 37.8859216 ] } },
{ "type": "Feature", "properties": { "内容": "はあとふるあたごデイサービスセンター柳都大橋【通所介護】新潟県新潟市中央区新島町通三ノ町２２８４番地", "url2": "https://www.kaigokensaku.mhlw.go.jp/15/index.php?action_kouhyou_detail_004_kani=true&JigyosyoCd=1570102648-00&ServiceCd=150&Type=search" }, "geometry": { "type": "Point", "coordinates": [ 139.052349899999967, 37.9246556 ] } },
{ "type": "Feature", "properties": { "内容": "デイサービス　もみじの家　浜浦町【通所介護】新潟県新潟市中央区浜浦町１丁目８８番地", "url2": "https://www.kaigokensaku.mhlw.go.jp/15/index.php?action_kouhyou_detail_004_kani=true&JigyosyoCd=1570108520-00&ServiceCd=150&Type=search" }, "geometry": { "type": "Point", "coordinates": [ 139.014149754092387, 37.911586681927595 ] } },
{ "type": "Feature", "properties": { "内容": "デイサービス　もみじの家　本町通【通所介護】新潟県新潟市中央区本町通11番町1825番地", "url2": "https://www.kaigokensaku.mhlw.go.jp/15/index.php?action_kouhyou_detail_004_kani=true&JigyosyoCd=1570109981-00&ServiceCd=150&Type=search" }, "geometry": { "type": "Point", "coordinates": [ 139.047967023495488, 37.928241410254763 ] } },
{ "type": "Feature", "properties": { "内容": "デイサービス　もみじの家　沼垂【通所介護】新潟県新潟市中央区沼垂西２丁目８番１４号", "url2": "https://www.kaigokensaku.mhlw.go.jp/15/index.php?action_kouhyou_detail_004_kani=true&JigyosyoCd=1570111086-00&ServiceCd=150&Type=search" }, "geometry": { "type": "Point", "coordinates": [ 139.066259581336908, 37.922951008359433 ] } },
{ "type": "Feature", "properties": { "内容": "はあとふるあたごデイサービスセンター横越【通所介護】新潟県新潟市江南区横越川根町1丁目1番25号", "url2": "https://www.kaigokensaku.mhlw.go.jp/15/index.php?action_kouhyou_detail_004_kani=true&JigyosyoCd=1570105179-00&ServiceCd=150&Type=search" }, "geometry": { "type": "Point", "coordinates": [ 139.143856899999946, 37.8544053 ] } },
{ "type": "Feature", "properties": { "内容": "ツクイ新潟亀田【通所介護】新潟県新潟市江南区諏訪1丁目6番25号", "url2": "https://www.kaigokensaku.mhlw.go.jp/15/index.php?action_kouhyou_detail_004_kani=true&JigyosyoCd=1570113975-00&ServiceCd=150&Type=search" }, "geometry": { "type": "Point", "coordinates": [ 139.112004399999989, 37.8735902 ] } },
{ "type": "Feature", "properties": { "内容": "夢のみずうみ村新潟デイサービスセンター【通所介護】新潟県新潟市江南区曙町３丁目４番１０号", "url2": "https://www.kaigokensaku.mhlw.go.jp/15/index.php?action_kouhyou_detail_004_kani=true&JigyosyoCd=1570116390-00&ServiceCd=150&Type=search" }, "geometry": { "type": "Point", "coordinates": [ 139.126808, 37.8603182 ] } },
{ "type": "Feature", "properties": { "内容": "デイサービスセンターリハフィットこうよう【通所介護】新潟県新潟市江南区亀田向陽1丁目4番11号", "url2": "https://www.kaigokensaku.mhlw.go.jp/15/index.php?action_kouhyou_detail_004_kani=true&JigyosyoCd=1570116382-00&ServiceCd=150&Type=search" }, "geometry": { "type": "Point", "coordinates": [ 139.1117265, 37.877221 ] } },
{ "type": "Feature", "properties": { "内容": "悠遊くらぶ　和【通所介護】新潟県新潟市江南区大淵717番地", "url2": "https://www.kaigokensaku.mhlw.go.jp/15/index.php?action_kouhyou_detail_004_kani=true&JigyosyoCd=1570108702-00&ServiceCd=150&Type=search" }, "geometry": { "type": "Point", "coordinates": [ 139.143232600000033, 37.8919288 ] } },
{ "type": "Feature", "properties": { "内容": "トーク＆トークかめだデイサービス【通所介護】新潟県新潟市江南区東本町5丁目6番1号", "url2": "https://www.kaigokensaku.mhlw.go.jp/15/index.php?action_kouhyou_detail_004_kani=true&JigyosyoCd=1570112571-00&ServiceCd=150&Type=search" }, "geometry": { "type": "Point", "coordinates": [ 139.109271646557659, 37.86968913628364 ] } },
{ "type": "Feature", "properties": { "内容": "老人デイサービスセンター　リバーサイド輝【通所介護】新潟県新潟市江南区三百地２３１２番地１", "url2": "https://www.kaigokensaku.mhlw.go.jp/15/index.php?action_kouhyou_detail_004_kani=true&JigyosyoCd=1570101772-00&ServiceCd=150&Type=search" }, "geometry": { "type": "Point", "coordinates": [ 139.147640200000069, 37.898269900000017 ] } },
{ "type": "Feature", "properties": { "内容": "ゆったりサロンにこやか【通所介護】新潟県新潟市江南区横越中央5丁目2番3号", "url2": "https://www.kaigokensaku.mhlw.go.jp/15/index.php?action_kouhyou_detail_004_kani=true&JigyosyoCd=1570110617-00&ServiceCd=150&Type=search" }, "geometry": { "type": "Point", "coordinates": [ 139.151136899999983, 37.853069400000017 ] } },
{ "type": "Feature", "properties": { "内容": "デイサービスセンター慶寿苑【通所介護】新潟県新潟市江南区俵柳１７６番地", "url2": "https://www.kaigokensaku.mhlw.go.jp/15/index.php?action_kouhyou_detail_004_kani=true&JigyosyoCd=1570116275-00&ServiceCd=150&Type=search" }, "geometry": { "type": "Point", "coordinates": [ 139.026727500398152, 37.86200701630775 ] } },
{ "type": "Feature", "properties": { "内容": "リハネスデイ【通所介護】新潟県新潟市江南区祖父興野75番地1", "url2": "https://www.kaigokensaku.mhlw.go.jp/15/index.php?action_kouhyou_detail_004_kani=true&JigyosyoCd=1570106581-00&ServiceCd=150&Type=search" }, "geometry": { "type": "Point", "coordinates": [ 139.026315265614841, 37.867770296715726 ] } },
{ "type": "Feature", "properties": { "内容": "デイサービスセンター松明【通所介護】新潟県新潟市江南区北山６５１番地", "url2": "https://www.kaigokensaku.mhlw.go.jp/15/index.php?action_kouhyou_detail_004_kani=true&JigyosyoCd=1570107605-00&ServiceCd=150&Type=search" }, "geometry": { "type": "Point", "coordinates": [ 139.118116500000042, 37.8731414 ] } },
{ "type": "Feature", "properties": { "内容": "リハトレ・ポート遊(YOU)【通所介護】新潟県新潟市江南区亀田大月3丁目３番６号", "url2": "https://www.kaigokensaku.mhlw.go.jp/15/index.php?action_kouhyou_detail_004_kani=true&JigyosyoCd=1570108710-00&ServiceCd=150&Type=search" }, "geometry": { "type": "Point", "coordinates": [ 139.100270599999931, 37.8833365 ] } },
{ "type": "Feature", "properties": { "内容": "デイサービスセンター　横雲の里【通所介護】新潟県新潟市江南区阿賀野１丁目２番１号", "url2": "https://www.kaigokensaku.mhlw.go.jp/15/index.php?action_kouhyou_detail_004_kani=true&JigyosyoCd=1570103794-00&ServiceCd=150&Type=search" }, "geometry": { "type": "Point", "coordinates": [ 139.1681949, 37.8324524 ] } },
{ "type": "Feature", "properties": { "内容": "デイサービスセンター　YOUなかの【通所介護】新潟県新潟市江南区亀田大月3丁目3番6号", "url2": "https://www.kaigokensaku.mhlw.go.jp/15/index.php?action_kouhyou_detail_004_kani=true&JigyosyoCd=1570103836-00&ServiceCd=150&Type=search" }, "geometry": { "type": "Point", "coordinates": [ 139.099895090737846, 37.883175610290877 ] } },
{ "type": "Feature", "properties": { "内容": "デイサービスセンター向陽園【通所介護】新潟県新潟市江南区亀田向陽２丁目６番１号", "url2": "https://www.kaigokensaku.mhlw.go.jp/15/index.php?action_kouhyou_detail_004_kani=true&JigyosyoCd=1570103810-00&ServiceCd=150&Type=search" }, "geometry": { "type": "Point", "coordinates": [ 139.111991900000049, 37.8782849 ] } },
{ "type": "Feature", "properties": { "内容": "デイサービスセンター　にいがた恵風園【通所介護】新潟県新潟市江南区鍋潟新田382番地", "url2": "https://www.kaigokensaku.mhlw.go.jp/15/index.php?action_kouhyou_detail_004_kani=true&JigyosyoCd=1570100758-00&ServiceCd=150&Type=search" }, "geometry": { "type": "Point", "coordinates": [ 139.0603238, 37.8725508 ] } },
{ "type": "Feature", "properties": { "内容": "デイサービスセンターかめだなかの【通所介護】新潟県新潟市江南区砂岡5丁目2番14号", "url2": "https://www.kaigokensaku.mhlw.go.jp/15/index.php?action_kouhyou_detail_004_kani=true&JigyosyoCd=1570103828-00&ServiceCd=150&Type=search" }, "geometry": { "type": "Point", "coordinates": [ 139.125052500000038, 37.8629429 ] } },
{ "type": "Feature", "properties": { "内容": "デイサービスセンター　新寿園【通所介護】新潟県新潟市江南区鍋潟新田374番地", "url2": "https://www.kaigokensaku.mhlw.go.jp/15/index.php?action_kouhyou_detail_004_kani=true&JigyosyoCd=1570102168-00&ServiceCd=150&Type=search" }, "geometry": { "type": "Point", "coordinates": [ 139.061169214155598, 37.872777303627366 ] } },
{ "type": "Feature", "properties": { "内容": "デイサービスセンター　花はな【通所介護】新潟県新潟市秋葉区新津東町1丁目7番53号", "url2": "https://www.kaigokensaku.mhlw.go.jp/15/index.php?action_kouhyou_detail_004_kani=true&JigyosyoCd=1570105807-00&ServiceCd=150&Type=search" }, "geometry": { "type": "Point", "coordinates": [ 139.138320600000043, 37.8044327 ] } },
{ "type": "Feature", "properties": { "内容": "デイサービスセンター　あいおいの里三枚潟【通所介護】新潟県新潟市秋葉区覚路津1267番地１", "url2": "https://www.kaigokensaku.mhlw.go.jp/15/index.php?action_kouhyou_detail_004_kani=true&JigyosyoCd=1570113744-00&ServiceCd=150&Type=search" }, "geometry": { "type": "Point", "coordinates": [ 139.0688317, 37.8173363 ] } },
{ "type": "Feature", "properties": { "内容": "デイサービスセンター第2蒼丘【通所介護】新潟県新潟市秋葉区小須戸3870-8", "url2": "https://www.kaigokensaku.mhlw.go.jp/15/index.php?action_kouhyou_detail_004_kani=true&JigyosyoCd=1570115186-00&ServiceCd=150&Type=search" }, "geometry": { "type": "Point", "coordinates": [ 139.067281400000013, 37.7608918 ] } },
{ "type": "Feature", "properties": { "内容": "ニチイケアセンターかわぐち【通所介護】新潟県新潟市秋葉区川口138番地1", "url2": "https://www.kaigokensaku.mhlw.go.jp/15/index.php?action_kouhyou_detail_004_kani=true&JigyosyoCd=1570103588-00&ServiceCd=150&Type=search" }, "geometry": { "type": "Point", "coordinates": [ 139.1179717, 37.8164449 ] } },
{ "type": "Feature", "properties": { "内容": "デイサービス　スマイル　花はな【通所介護】新潟県新潟市秋葉区小戸下組24番地1", "url2": "https://www.kaigokensaku.mhlw.go.jp/15/index.php?action_kouhyou_detail_004_kani=true&JigyosyoCd=1570109999-00&ServiceCd=150&Type=search" }, "geometry": { "type": "Point", "coordinates": [ 139.084636300000057, 37.7921104 ] } },
{ "type": "Feature", "properties": { "内容": "ふれあいの杜【通所介護】新潟県新潟市秋葉区矢代田３３１６番地１", "url2": "https://www.kaigokensaku.mhlw.go.jp/15/index.php?action_kouhyou_detail_004_kani=true&JigyosyoCd=1570106342-00&ServiceCd=150&Type=search" }, "geometry": { "type": "Point", "coordinates": [ 139.099834200000032, 37.7527877 ] } },
{ "type": "Feature", "properties": { "内容": "ツクイ新潟新津【通所介護】新潟県新潟市秋葉区新津本町３丁目１番２５号", "url2": "https://www.kaigokensaku.mhlw.go.jp/15/index.php?action_kouhyou_detail_004_kani=true&JigyosyoCd=1570114056-00&ServiceCd=150&Type=search" }, "geometry": { "type": "Point", "coordinates": [ 139.1220111, 37.7970869 ] } },
{ "type": "Feature", "properties": { "内容": "デイサービスセンター緑花園【通所介護】新潟県新潟市秋葉区横川浜４０４５番地", "url2": "https://www.kaigokensaku.mhlw.go.jp/15/index.php?action_kouhyou_detail_004_kani=true&JigyosyoCd=1570103786-00&ServiceCd=150&Type=search" }, "geometry": { "type": "Point", "coordinates": [ 139.0713594, 37.7484762 ] } },
{ "type": "Feature", "properties": { "内容": "デイサービスセンター　こすど蒼丘の里【通所介護】新潟県新潟市秋葉区矢代田3092番地12", "url2": "https://www.kaigokensaku.mhlw.go.jp/15/index.php?action_kouhyou_detail_004_kani=true&JigyosyoCd=1570103778-00&ServiceCd=150&Type=search" }, "geometry": { "type": "Point", "coordinates": [ 139.1015367, 37.7538765 ] } },
{ "type": "Feature", "properties": { "内容": "デイサービスセンターかんばらの里【通所介護】新潟県新潟市秋葉区古田616番地7", "url2": "https://www.kaigokensaku.mhlw.go.jp/15/index.php?action_kouhyou_detail_004_kani=true&JigyosyoCd=1570103638-00&ServiceCd=150&Type=search" }, "geometry": { "type": "Point", "coordinates": [ 139.1011052, 37.789805600000015 ] } },
{ "type": "Feature", "properties": { "内容": "デイサービスセンター　こぐち苑【通所介護】新潟県新潟市秋葉区小口443番地", "url2": "https://www.kaigokensaku.mhlw.go.jp/15/index.php?action_kouhyou_detail_004_kani=true&JigyosyoCd=1570103661-00&ServiceCd=150&Type=search" }, "geometry": { "type": "Point", "coordinates": [ 139.149270699999988, 37.7690067 ] } },
{ "type": "Feature", "properties": { "内容": "アレック北栄デイサービスセンターたのしい家金沢【通所介護】新潟県新潟市秋葉区金沢町3丁目1番9号", "url2": "https://www.kaigokensaku.mhlw.go.jp/15/index.php?action_kouhyou_detail_004_kani=true&JigyosyoCd=1570103596-00&ServiceCd=150&Type=search" }, "geometry": { "type": "Point", "coordinates": [ 139.136414655819635, 37.797265555390354 ] } },
{ "type": "Feature", "properties": { "内容": "デイサービスセンターはさぎの里【通所介護】新潟県新潟市秋葉区七日町２１８６番地９", "url2": "https://www.kaigokensaku.mhlw.go.jp/15/index.php?action_kouhyou_detail_004_kani=true&JigyosyoCd=1570103604-00&ServiceCd=150&Type=search" }, "geometry": { "type": "Point", "coordinates": [ 139.144891799999982, 37.816920400000015 ] } },
{ "type": "Feature", "properties": { "内容": "デイサービス春日和新津東町【通所介護】新潟県秋葉区新津東町1-5-26", "url2": "https://www.kaigokensaku.mhlw.go.jp/15/index.php?action_kouhyou_detail_004_kani=true&JigyosyoCd=1570116754-00&ServiceCd=150&Type=search" }, "geometry": { "type": "Point", "coordinates": [ 139.138915700000013, 37.8025382 ] } },
{ "type": "Feature", "properties": { "内容": "デイサービスセンター春日和白根【通所介護】新潟県新潟市南区白根1153番地1デイサービスセンター春日和白根", "url2": "https://www.kaigokensaku.mhlw.go.jp/15/index.php?action_kouhyou_detail_004_kani=true&JigyosyoCd=1570116119-00&ServiceCd=150&Type=search" }, "geometry": { "type": "Point", "coordinates": [ 139.019430252049006, 37.764288690004555 ] } },
{ "type": "Feature", "properties": { "内容": "デイサービスセンター春日和　高井【通所介護】新潟県新潟市南区高井興野１２４番地１", "url2": "https://www.kaigokensaku.mhlw.go.jp/15/index.php?action_kouhyou_detail_004_kani=true&JigyosyoCd=1570110260-00&ServiceCd=150&Type=search" }, "geometry": { "type": "Point", "coordinates": [ 139.014670559524546, 37.795379725403237 ] } },
{ "type": "Feature", "properties": { "内容": "デイサービスセンター第２たがみの里【通所介護】新潟県新潟市南区茨曽根4667-7", "url2": "https://www.kaigokensaku.mhlw.go.jp/15/index.php?action_kouhyou_detail_004_kani=true&JigyosyoCd=1570115020-00&ServiceCd=150&Type=search" }, "geometry": { "type": "Point", "coordinates": [ 139.006771599999979, 37.7082748 ] } },
{ "type": "Feature", "properties": { "内容": "デイサービスセンター白根そよ風の杜【通所介護】新潟県新潟市南区能登535番地1", "url2": "https://www.kaigokensaku.mhlw.go.jp/15/index.php?action_kouhyou_detail_004_kani=true&JigyosyoCd=1570112316-00&ServiceCd=150&Type=search" }, "geometry": { "type": "Point", "coordinates": [ 139.020214929808077, 37.768438808417002 ] } },
{ "type": "Feature", "properties": { "内容": "社会福祉法人新潟市社会福祉協議会老人デイサービスセンター味方【通所介護】新潟県新潟市南区味方583番地1", "url2": "https://www.kaigokensaku.mhlw.go.jp/15/index.php?action_kouhyou_detail_004_kani=true&JigyosyoCd=1570104875-00&ServiceCd=150&Type=search" }, "geometry": { "type": "Point", "coordinates": [ 139.008236600000032, 37.7781268 ] } },
{ "type": "Feature", "properties": { "内容": "デイサービスセンター翠風園【通所介護】新潟県新潟市南区高井東2丁目13番33号", "url2": "https://www.kaigokensaku.mhlw.go.jp/15/index.php?action_kouhyou_detail_004_kani=true&JigyosyoCd=1570103729-00&ServiceCd=150&Type=search" }, "geometry": { "type": "Point", "coordinates": [ 139.018212299999959, 37.799838 ] } },
{ "type": "Feature", "properties": { "内容": "老人デイサービスセンターしなの園【通所介護】新潟県新潟市南区庄瀬８１２０番地", "url2": "https://www.kaigokensaku.mhlw.go.jp/15/index.php?action_kouhyou_detail_004_kani=true&JigyosyoCd=1570103687-00&ServiceCd=150&Type=search" }, "geometry": { "type": "Point", "coordinates": [ 139.037871799999948, 37.7208957 ] } },
{ "type": "Feature", "properties": { "内容": "デイサービスセンターうすい【通所介護】新潟県新潟市南区臼井1435番地3", "url2": "https://www.kaigokensaku.mhlw.go.jp/15/index.php?action_kouhyou_detail_004_kani=true&JigyosyoCd=1570103695-00&ServiceCd=150&Type=search" }, "geometry": { "type": "Point", "coordinates": [ 139.056122704229779, 37.785542384444561 ] } },
{ "type": "Feature", "properties": { "内容": "白根やすらぎの里デイサービスセンター【通所介護】新潟県新潟市南区鷲ノ木新田4018番地１", "url2": "https://www.kaigokensaku.mhlw.go.jp/15/index.php?action_kouhyou_detail_004_kani=true&JigyosyoCd=1570103711-00&ServiceCd=150&Type=search" }, "geometry": { "type": "Point", "coordinates": [ 139.025532, 37.8285466 ] } },
{ "type": "Feature", "properties": { "内容": "デイサービスセンターゆうばえ【通所介護】新潟県新潟市西区内野上新町11810番地3在宅ケアセンターゆうばえ", "url2": "https://www.kaigokensaku.mhlw.go.jp/15/index.php?action_kouhyou_detail_004_kani=true&JigyosyoCd=1570103091-00&ServiceCd=150&Type=search" }, "geometry": { "type": "Point", "coordinates": [ 138.913006799999977, 37.849849200000051 ] } },
{ "type": "Feature", "properties": { "内容": "デイサービスセンター　新潟あそか苑【通所介護】新潟県新潟市西区大友１４１番地１", "url2": "https://www.kaigokensaku.mhlw.go.jp/15/index.php?action_kouhyou_detail_004_kani=true&JigyosyoCd=1570102473-00&ServiceCd=150&Type=search" }, "geometry": { "type": "Point", "coordinates": [ 138.9322396, 37.8307379 ] } },
{ "type": "Feature", "properties": { "内容": "デイサービスセンター黒埼の里【通所介護】新潟県新潟市西区金巻728番地", "url2": "https://www.kaigokensaku.mhlw.go.jp/15/index.php?action_kouhyou_detail_004_kani=true&JigyosyoCd=1570101962-00&ServiceCd=150&Type=search" }, "geometry": { "type": "Point", "coordinates": [ 139.007114199999933, 37.841997200000016 ] } },
{ "type": "Feature", "properties": { "内容": "デイサービスセンターあかり【通所介護】新潟県新潟市西区五十嵐東3丁目11番24号", "url2": "https://www.kaigokensaku.mhlw.go.jp/15/index.php?action_kouhyou_detail_004_kani=true&JigyosyoCd=1570109007-00&ServiceCd=150&Type=search" }, "geometry": { "type": "Point", "coordinates": [ 138.95649643701779, 37.87833606476871 ] } },
{ "type": "Feature", "properties": { "内容": "デイサービスセンター春日和真砂【通所介護】新潟県新潟市西区真砂3丁目11番31号", "url2": "https://www.kaigokensaku.mhlw.go.jp/15/index.php?action_kouhyou_detail_004_kani=true&JigyosyoCd=1570114999-00&ServiceCd=150&Type=search" }, "geometry": { "type": "Point", "coordinates": [ 138.984296299999983, 37.8933262 ] } },
{ "type": "Feature", "properties": { "内容": "デイサービスセンターきらめき坂井の家【通所介護】新潟県新潟市西区坂井東6丁目22番9号", "url2": "https://www.kaigokensaku.mhlw.go.jp/15/index.php?action_kouhyou_detail_004_kani=true&JigyosyoCd=1570113611-00&ServiceCd=150&Type=search" }, "geometry": { "type": "Point", "coordinates": [ 138.966618899999958, 37.8694395 ] } },
{ "type": "Feature", "properties": { "内容": "悠悠デイサービスこばり【通所介護】新潟県新潟市西区小針6丁目71番12", "url2": "https://www.kaigokensaku.mhlw.go.jp/15/index.php?action_kouhyou_detail_004_kani=true&JigyosyoCd=1570116408-00&ServiceCd=150&Type=search" }, "geometry": { "type": "Point", "coordinates": [ 138.992815099999973, 37.879540400000018 ] } },
{ "type": "Feature", "properties": { "内容": "デイサービス　寺尾リハ道場【通所介護】新潟県新潟市西区寺尾台2丁目8番3号", "url2": "https://www.kaigokensaku.mhlw.go.jp/15/index.php?action_kouhyou_detail_004_kani=true&JigyosyoCd=1570112621-00&ServiceCd=150&Type=search" }, "geometry": { "type": "Point", "coordinates": [ 138.9757481, 37.8830689 ] } },
{ "type": "Feature", "properties": { "内容": "デイサービスセンター　こころはす亀貝【通所介護】新潟県新潟市西区亀貝20番地", "url2": "https://www.kaigokensaku.mhlw.go.jp/15/index.php?action_kouhyou_detail_004_kani=true&JigyosyoCd=1570114577-00&ServiceCd=150&Type=search" }, "geometry": { "type": "Point", "coordinates": [ 138.977717900000016, 37.8671265 ] } },
{ "type": "Feature", "properties": { "内容": "デイサービスセンター　こころはす小針【通所介護】新潟県新潟市西区小針4丁目39番28号", "url2": "https://www.kaigokensaku.mhlw.go.jp/15/index.php?action_kouhyou_detail_004_kani=true&JigyosyoCd=1570109767-00&ServiceCd=150&Type=search" }, "geometry": { "type": "Point", "coordinates": [ 138.997374449073789, 37.883245487041513 ] } },
{ "type": "Feature", "properties": { "内容": "デイサービスセンター春日和　小針【通所介護】新潟県新潟市西区小針１丁目４５番３１号", "url2": "https://www.kaigokensaku.mhlw.go.jp/15/index.php?action_kouhyou_detail_004_kani=true&JigyosyoCd=1570111011-00&ServiceCd=150&Type=search" }, "geometry": { "type": "Point", "coordinates": [ 139.006177039564477, 37.886087145599056 ] } },
{ "type": "Feature", "properties": { "内容": "デイサービス　パーソナルリハ道場【通所介護】新潟県新潟市西区五十嵐二の町8718番地34", "url2": "https://www.kaigokensaku.mhlw.go.jp/15/index.php?action_kouhyou_detail_004_kani=true&JigyosyoCd=1570110609-00&ServiceCd=150&Type=search" }, "geometry": { "type": "Point", "coordinates": [ 138.926302392590344, 37.864262949207934 ] } },
{ "type": "Feature", "properties": { "内容": "サンヒルズデイサービスセンター【通所介護】新潟県新潟市西区青山8丁目2-55", "url2": "https://www.kaigokensaku.mhlw.go.jp/15/index.php?action_kouhyou_detail_004_kani=true&JigyosyoCd=1570108439-00&ServiceCd=150&Type=search" }, "geometry": { "type": "Point", "coordinates": [ 138.996008299999971, 37.8989569 ] } },
{ "type": "Feature", "properties": { "内容": "ケアパートナー新潟西【通所介護】新潟県新潟市西区槇尾429番地1", "url2": "https://www.kaigokensaku.mhlw.go.jp/15/index.php?action_kouhyou_detail_004_kani=true&JigyosyoCd=1570106284-00&ServiceCd=150&Type=search" }, "geometry": { "type": "Point", "coordinates": [ 138.9473607, 37.860887 ] } },
{ "type": "Feature", "properties": { "内容": "デイサービスセンター　リーベ善久【通所介護】新潟県新潟市西区善久730番地１", "url2": "https://www.kaigokensaku.mhlw.go.jp/15/index.php?action_kouhyou_detail_004_kani=true&JigyosyoCd=1570107886-00&ServiceCd=150&Type=search" }, "geometry": { "type": "Point", "coordinates": [ 139.01898060000002, 37.86262510000001 ] } },
{ "type": "Feature", "properties": { "内容": "老人デイサービスセンター　白鳥の里【通所介護】新潟県新潟市西区小新１１４０－１", "url2": "https://www.kaigokensaku.mhlw.go.jp/15/index.php?action_kouhyou_detail_004_kani=true&JigyosyoCd=1570100485-00&ServiceCd=150&Type=search" }, "geometry": { "type": "Point", "coordinates": [ 138.994412499999953, 37.8784484 ] } },
{ "type": "Feature", "properties": { "内容": "デイサービスセンター穂波の里【通所介護】新潟県新潟市西区新通4734番地", "url2": "https://www.kaigokensaku.mhlw.go.jp/15/index.php?action_kouhyou_detail_004_kani=true&JigyosyoCd=1570100584-00&ServiceCd=150&Type=search" }, "geometry": { "type": "Point", "coordinates": [ 138.973096599999963, 37.8632211 ] } },
{ "type": "Feature", "properties": { "内容": "老人デイサービスセンター有明園【通所介護】新潟県新潟市西区西有明町１番２０号", "url2": "https://www.kaigokensaku.mhlw.go.jp/15/index.php?action_kouhyou_detail_004_kani=true&JigyosyoCd=1570100436-00&ServiceCd=150&Type=search" }, "geometry": { "type": "Point", "coordinates": [ 138.990946140903702, 37.89605837262841 ] } },
{ "type": "Feature", "properties": { "内容": "老人デイサービスセンター松風園【通所介護】新潟県新潟市西区赤塚４７８２番地", "url2": "https://www.kaigokensaku.mhlw.go.jp/15/index.php?action_kouhyou_detail_004_kani=true&JigyosyoCd=1570100691-00&ServiceCd=150&Type=search" }, "geometry": { "type": "Point", "coordinates": [ 138.873524933729556, 37.810314889378439 ] } },
{ "type": "Feature", "properties": { "内容": "老人デイサービスセンター　はまゆう【通所介護】新潟県新潟市西区上新栄町１－２－１２", "url2": "https://www.kaigokensaku.mhlw.go.jp/15/index.php?action_kouhyou_detail_004_kani=true&JigyosyoCd=1570100857-00&ServiceCd=150&Type=search" }, "geometry": { "type": "Point", "coordinates": [ 138.9708253, 37.8888269 ] } },
{ "type": "Feature", "properties": { "内容": "デイサービスセンター新通【通所介護】新潟県新潟市西区新通南3丁目14番3号介護付有料老人ホームハートフルケア新通　併設", "url2": "https://www.kaigokensaku.mhlw.go.jp/15/index.php?action_kouhyou_detail_004_kani=true&JigyosyoCd=1570103349-00&ServiceCd=150&Type=search" }, "geometry": { "type": "Point", "coordinates": [ 138.9550242, 37.8576541 ] } },
{ "type": "Feature", "properties": { "内容": "デイサービスセンターてらお園【通所介護】新潟県新潟市西区寺尾東1-18-26", "url2": "https://www.kaigokensaku.mhlw.go.jp/15/index.php?action_kouhyou_detail_004_kani=true&JigyosyoCd=1570101384-00&ServiceCd=150&Type=search" }, "geometry": { "type": "Point", "coordinates": [ 138.976858799999974, 37.877925400000017 ] } },
{ "type": "Feature", "properties": { "内容": "デイサービスセンターうちの桜園【通所介護】新潟県新潟市西区内野潟端2090番地", "url2": "https://www.kaigokensaku.mhlw.go.jp/15/index.php?action_kouhyou_detail_004_kani=true&JigyosyoCd=1570101871-00&ServiceCd=150&Type=search" }, "geometry": { "type": "Point", "coordinates": [ 138.934087699999964, 37.851224299999984 ] } },
{ "type": "Feature", "properties": { "内容": "ツクイ新潟五十嵐【通所介護】新潟県新潟市西区五十嵐東1-9-8", "url2": "https://www.kaigokensaku.mhlw.go.jp/15/index.php?action_kouhyou_detail_004_kani=true&JigyosyoCd=1570101467-00&ServiceCd=150&Type=search" }, "geometry": { "type": "Point", "coordinates": [ 138.9575892, 37.8731978 ] } },
{ "type": "Feature", "properties": { "内容": "ツクイ新潟西【通所介護】新潟県新潟市西区五十嵐東1丁目6番32号", "url2": "https://www.kaigokensaku.mhlw.go.jp/15/index.php?action_kouhyou_detail_004_kani=true&JigyosyoCd=1570102671-00&ServiceCd=150&Type=search" }, "geometry": { "type": "Point", "coordinates": [ 138.9591355, 37.8746471 ] } },
{ "type": "Feature", "properties": { "内容": "にいがたケアセンターそよ風【通所介護】新潟県新潟市西区善久450番地11", "url2": "https://www.kaigokensaku.mhlw.go.jp/15/index.php?action_kouhyou_detail_004_kani=true&JigyosyoCd=1570102655-00&ServiceCd=150&Type=search" }, "geometry": { "type": "Point", "coordinates": [ 139.012967800000069, 37.8574739 ] } },
{ "type": "Feature", "properties": { "内容": "デイサービスあいご【通所介護】新潟県新潟市西区青山8-2-33", "url2": "https://www.kaigokensaku.mhlw.go.jp/15/index.php?action_kouhyou_detail_004_kani=true&JigyosyoCd=1570101244-00&ServiceCd=150&Type=search" }, "geometry": { "type": "Point", "coordinates": [ 138.995054253442419, 37.898710991542245 ] } },
{ "type": "Feature", "properties": { "内容": "機能訓練強化型デイサービス　ポシブルはあとふるあたご坂井東【通所介護】新潟県新潟市西区坂井東６丁目２３番１２号", "url2": "https://www.kaigokensaku.mhlw.go.jp/15/index.php?action_kouhyou_detail_004_kani=true&JigyosyoCd=1570103281-00&ServiceCd=150&Type=search" }, "geometry": { "type": "Point", "coordinates": [ 138.9672947, 37.8699596 ] } },
{ "type": "Feature", "properties": { "内容": "ニチイケアセンターこばり【通所介護】新潟県新潟市西区小針4-33-1", "url2": "https://www.kaigokensaku.mhlw.go.jp/15/index.php?action_kouhyou_detail_004_kani=true&JigyosyoCd=1570101236-00&ServiceCd=150&Type=search" }, "geometry": { "type": "Point", "coordinates": [ 138.995545310606417, 37.883877203656873 ] } },
{ "type": "Feature", "properties": { "内容": "ツクイ新潟黒埼【通所介護】新潟県新潟市西区立仏477番地4", "url2": "https://www.kaigokensaku.mhlw.go.jp/15/index.php?action_kouhyou_detail_004_kani=true&JigyosyoCd=1570102283-00&ServiceCd=150&Type=search" }, "geometry": { "type": "Point", "coordinates": [ 139.009609652175698, 37.866434862760194 ] } },
{ "type": "Feature", "properties": { "内容": "ツクイ新潟寺地【通所介護】新潟県新潟市西区寺地大仙坊511番地3", "url2": "https://www.kaigokensaku.mhlw.go.jp/15/index.php?action_kouhyou_detail_004_kani=true&JigyosyoCd=1570106268-00&ServiceCd=150&Type=search" }, "geometry": { "type": "Point", "coordinates": [ 139.006915, 37.880512 ] } },
{ "type": "Feature", "properties": { "内容": "デイサービスセンター薫園【通所介護】新潟県新潟市西蒲区竹野町2466番地", "url2": "https://www.kaigokensaku.mhlw.go.jp/15/index.php?action_kouhyou_detail_004_kani=true&JigyosyoCd=1570105575-00&ServiceCd=150&Type=search" }, "geometry": { "type": "Point", "coordinates": [ 138.871623699999986, 37.7709458 ] } },
{ "type": "Feature", "properties": { "内容": "デイサービスセンターこころはす西蒲【通所介護】新潟県新潟市西蒲区善光寺900番地", "url2": "https://www.kaigokensaku.mhlw.go.jp/15/index.php?action_kouhyou_detail_004_kani=true&JigyosyoCd=1570112811-00&ServiceCd=150&Type=search" }, "geometry": { "type": "Point", "coordinates": [ 138.922387408554073, 37.800963276068046 ] } },
{ "type": "Feature", "properties": { "内容": "デイサービスセンター西川【通所介護】新潟県新潟市西蒲区大潟198番地2", "url2": "https://www.kaigokensaku.mhlw.go.jp/15/index.php?action_kouhyou_detail_004_kani=true&JigyosyoCd=1570113140-00&ServiceCd=150&Type=search" }, "geometry": { "type": "Point", "coordinates": [ 138.9445174, 37.8119457 ] } },
{ "type": "Feature", "properties": { "内容": "社会福祉法人新潟市社会福祉協議会老人デイサービスセンター巻【通所介護】新潟県新潟市西蒲区巻甲４３６３番地", "url2": "https://www.kaigokensaku.mhlw.go.jp/15/index.php?action_kouhyou_detail_004_kani=true&JigyosyoCd=1570105815-00&ServiceCd=150&Type=search" }, "geometry": { "type": "Point", "coordinates": [ 138.892051839703328, 37.754449832373297 ] } },
{ "type": "Feature", "properties": { "内容": "デイサービスセンター岩室【通所介護】新潟県新潟市西蒲区橋本98番地1", "url2": "https://www.kaigokensaku.mhlw.go.jp/15/index.php?action_kouhyou_detail_004_kani=true&JigyosyoCd=1570103869-00&ServiceCd=150&Type=search" }, "geometry": { "type": "Point", "coordinates": [ 138.840295876582331, 37.732162414394082 ] } },
{ "type": "Feature", "properties": { "内容": "デイサービスセンター中之口愛宕の園【通所介護】新潟県新潟市西蒲区福島305番地1", "url2": "https://www.kaigokensaku.mhlw.go.jp/15/index.php?action_kouhyou_detail_004_kani=true&JigyosyoCd=1570103877-00&ServiceCd=150&Type=search" }, "geometry": { "type": "Point", "coordinates": [ 138.959889200000021, 37.7247041 ] } },
{ "type": "Feature", "properties": { "内容": "めぐリハビリデイサービス長岡【通所介護】新潟県長岡市希望が丘１丁目529番地１", "url2": "https://www.kaigokensaku.mhlw.go.jp/15/index.php?action_kouhyou_detail_004_kani=true&JigyosyoCd=1570203693-00&ServiceCd=150&Type=search" }, "geometry": { "type": "Point", "coordinates": [ 138.814534399999957, 37.4423398 ] } },
{ "type": "Feature", "properties": { "内容": "デイサービスセンターけやきの杜【通所介護】新潟県長岡市上野町1059番地2", "url2": "https://www.kaigokensaku.mhlw.go.jp/15/index.php?action_kouhyou_detail_004_kani=true&JigyosyoCd=1570200533-00&ServiceCd=150&Type=search" }, "geometry": { "type": "Point", "coordinates": [ 138.828396218385279, 37.478273843072017 ] } },
{ "type": "Feature", "properties": { "内容": "デイサービスセンター陽だまりの家【通所介護】新潟県長岡市三ッ郷屋2丁目1-11", "url2": "https://www.kaigokensaku.mhlw.go.jp/15/index.php?action_kouhyou_detail_004_kani=true&JigyosyoCd=1570201150-00&ServiceCd=150&Type=search" }, "geometry": { "type": "Point", "coordinates": [ 138.816642099999967, 37.447655800000014 ] } },
{ "type": "Feature", "properties": { "内容": "デイサービスセンター大荒戸【通所介護】新潟県長岡市大荒戸町972番地3", "url2": "https://www.kaigokensaku.mhlw.go.jp/15/index.php?action_kouhyou_detail_004_kani=true&JigyosyoCd=1570201333-00&ServiceCd=150&Type=search" }, "geometry": { "type": "Point", "coordinates": [ 138.8023227, 37.4785187 ] } },
{ "type": "Feature", "properties": { "内容": "老人デイサービスセンターわらび園【通所介護】新潟県長岡市浦３０６０番地", "url2": "https://www.kaigokensaku.mhlw.go.jp/15/index.php?action_kouhyou_detail_004_kani=true&JigyosyoCd=1570201515-00&ServiceCd=150&Type=search" }, "geometry": { "type": "Point", "coordinates": [ 138.804131899999987, 37.3886346 ] } },
{ "type": "Feature", "properties": { "内容": "長岡市デイサービスセンターよいた【通所介護】新潟県長岡市与板町本与板２３８０番地１", "url2": "https://www.kaigokensaku.mhlw.go.jp/15/index.php?action_kouhyou_detail_004_kani=true&JigyosyoCd=1570202281-00&ServiceCd=150&Type=search" }, "geometry": { "type": "Point", "coordinates": [ 138.808627099999967, 37.5563035 ] } },
{ "type": "Feature", "properties": { "内容": "栃尾デイサービスセンターいずみ苑【通所介護】新潟県長岡市栃尾泉４１９番地２", "url2": "https://www.kaigokensaku.mhlw.go.jp/15/index.php?action_kouhyou_detail_004_kani=true&JigyosyoCd=1570202406-00&ServiceCd=150&Type=search" }, "geometry": { "type": "Point", "coordinates": [ 139.011640400000033, 37.4512952 ] } },
{ "type": "Feature", "properties": { "内容": "みどりの杜【通所介護】新潟県長岡市小曽根町９２８番地", "url2": "https://www.kaigokensaku.mhlw.go.jp/15/index.php?action_kouhyou_detail_004_kani=true&JigyosyoCd=1570202687-00&ServiceCd=150&Type=search" }, "geometry": { "type": "Point", "coordinates": [ 138.881350900000029, 37.4650909 ] } },
{ "type": "Feature", "properties": { "内容": "デイサービスきたえるーむ長岡柏【通所介護】新潟県長岡市柏町1丁目5番25号エクセレント柏B棟1階", "url2": "https://www.kaigokensaku.mhlw.go.jp/15/index.php?action_kouhyou_detail_004_kani=true&JigyosyoCd=1570203636-00&ServiceCd=150&Type=search" }, "geometry": { "type": "Point", "coordinates": [ 138.847761100000071, 37.4429572 ] } },
{ "type": "Feature", "properties": { "内容": "寺泊デイサービスセンター【通所介護】新潟県長岡市寺泊磯町７４３２－１４寺泊デイサービスセンター", "url2": "https://www.kaigokensaku.mhlw.go.jp/15/index.php?action_kouhyou_detail_004_kani=true&JigyosyoCd=1570203685-00&ServiceCd=150&Type=search" }, "geometry": { "type": "Point", "coordinates": [ 138.775744900000063, 37.6526381 ] } },
{ "type": "Feature", "properties": { "内容": "通所介護　あおいの里・長岡【通所介護】新潟県長岡市稲保南三丁目820番地６", "url2": "https://www.kaigokensaku.mhlw.go.jp/15/index.php?action_kouhyou_detail_004_kani=true&JigyosyoCd=1570203800-00&ServiceCd=150&Type=search" }, "geometry": { "type": "Point", "coordinates": [ 138.867878634748877, 37.478600039455053 ] } },
{ "type": "Feature", "properties": { "内容": "デイサービスセンターけさじろ【通所介護】長岡市今朝白２丁目８－１８", "url2": "https://www.kaigokensaku.mhlw.go.jp/15/index.php?action_kouhyou_detail_004_kani=true&JigyosyoCd=1570200699-00&ServiceCd=150&Type=search" }, "geometry": { "type": "Point", "coordinates": [ 138.858623500000022, 37.4497871 ] } },
{ "type": "Feature", "properties": { "内容": "デイサービスセンター黒条【通所介護】新潟県長岡市黒津町字東田３８１番地", "url2": "https://www.kaigokensaku.mhlw.go.jp/15/index.php?action_kouhyou_detail_004_kani=true&JigyosyoCd=1570201283-00&ServiceCd=150&Type=search" }, "geometry": { "type": "Point", "coordinates": [ 138.858629735494333, 37.499305777380471 ] } },
{ "type": "Feature", "properties": { "内容": "デイサービスセンターこしじの里【通所介護】新潟県長岡市不動沢２２１９番地５", "url2": "https://www.kaigokensaku.mhlw.go.jp/15/index.php?action_kouhyou_detail_004_kani=true&JigyosyoCd=1570201549-00&ServiceCd=150&Type=search" }, "geometry": { "type": "Point", "coordinates": [ 138.7460658, 37.3710029 ] } },
{ "type": "Feature", "properties": { "内容": "長岡市デイサービスセンターみしま【通所介護】新潟県長岡市宮沢354番地1", "url2": "https://www.kaigokensaku.mhlw.go.jp/15/index.php?action_kouhyou_detail_004_kani=true&JigyosyoCd=1570201564-00&ServiceCd=150&Type=search" }, "geometry": { "type": "Point", "coordinates": [ 138.782723799999985, 37.511111 ] } },
{ "type": "Feature", "properties": { "内容": "てまりデイサービスセンター【通所介護】新潟県長岡市平1丁目3番60号", "url2": "https://www.kaigokensaku.mhlw.go.jp/15/index.php?action_kouhyou_detail_004_kani=true&JigyosyoCd=1570202182-00&ServiceCd=150&Type=search" }, "geometry": { "type": "Point", "coordinates": [ 139.004535, 37.4718537 ] } },
{ "type": "Feature", "properties": { "内容": "ツクイ長岡喜多町【通所介護】長岡市喜多町978-1", "url2": "https://www.kaigokensaku.mhlw.go.jp/15/index.php?action_kouhyou_detail_004_kani=true&JigyosyoCd=1570202315-00&ServiceCd=150&Type=search" }, "geometry": { "type": "Point", "coordinates": [ 138.811892400000033, 37.452383100000013 ] } },
{ "type": "Feature", "properties": { "内容": "デイサービスセンター春日和越後川口【通所介護】新潟県長岡市西川口４３１番地３", "url2": "https://www.kaigokensaku.mhlw.go.jp/15/index.php?action_kouhyou_detail_004_kani=true&JigyosyoCd=1570203263-00&ServiceCd=150&Type=search" }, "geometry": { "type": "Point", "coordinates": [ 138.857570799999962, 37.2542407 ] } },
{ "type": "Feature", "properties": { "内容": "デイサービスセンターかつぼ園【通所介護】新潟県長岡市加津保町1695番地2", "url2": "https://www.kaigokensaku.mhlw.go.jp/15/index.php?action_kouhyou_detail_004_kani=true&JigyosyoCd=1570200509-00&ServiceCd=150&Type=search" }, "geometry": { "type": "Point", "coordinates": [ 138.917290903704838, 37.474950805868176 ] } },
{ "type": "Feature", "properties": { "内容": "長岡市デイサービスセンターふそき【通所介護】新潟県長岡市新保町1399番地3長岡市高齢者センターふそき", "url2": "https://www.kaigokensaku.mhlw.go.jp/15/index.php?action_kouhyou_detail_004_kani=true&JigyosyoCd=1570200608-00&ServiceCd=150&Type=search" }, "geometry": { "type": "Point", "coordinates": [ 138.8721491, 37.46796 ] } },
{ "type": "Feature", "properties": { "内容": "長岡市デイサービスセンターサンパルコなかのしま【通所介護】長岡市中野中甲1666番地2　長岡市サンパルコなかのしま内", "url2": "https://www.kaigokensaku.mhlw.go.jp/15/index.php?action_kouhyou_detail_004_kani=true&JigyosyoCd=1570201465-00&ServiceCd=150&Type=search" }, "geometry": { "type": "Point", "coordinates": [ 138.8521227, 37.557388 ] } },
{ "type": "Feature", "properties": { "内容": "デイサービスセンターおごしの里【通所介護】新潟県長岡市小国町楢沢90番地", "url2": "https://www.kaigokensaku.mhlw.go.jp/15/index.php?action_kouhyou_detail_004_kani=true&JigyosyoCd=1570201572-00&ServiceCd=150&Type=search" }, "geometry": { "type": "Point", "coordinates": [ 138.707042499999943, 37.2878797 ] } },
{ "type": "Feature", "properties": { "内容": "ツクイ長岡宝【通所介護】新潟県長岡市宝二丁目1－8", "url2": "https://www.kaigokensaku.mhlw.go.jp/15/index.php?action_kouhyou_detail_004_kani=true&JigyosyoCd=1570203735-00&ServiceCd=150&Type=search" }, "geometry": { "type": "Point", "coordinates": [ 138.858308099999931, 37.4824556 ] } },
{ "type": "Feature", "properties": { "内容": "あしたばdays【通所介護】新潟県長岡市笹崎2-1-15", "url2": "https://www.kaigokensaku.mhlw.go.jp/15/index.php?action_kouhyou_detail_004_kani=true&JigyosyoCd=1570203974-00&ServiceCd=150&Type=search" }, "geometry": { "type": "Point", "coordinates": [ 138.849011, 37.427789 ] } },
{ "type": "Feature", "properties": { "内容": "デイサービスセンターまちだ園【通所介護】長岡市町田町５４０番地", "url2": "https://www.kaigokensaku.mhlw.go.jp/15/index.php?action_kouhyou_detail_004_kani=true&JigyosyoCd=1570200277-00&ServiceCd=150&Type=search" }, "geometry": { "type": "Point", "coordinates": [ 138.860765899999933, 37.4183988 ] } },
{ "type": "Feature", "properties": { "内容": "長岡市デイサービスセンターまきやま【通所介護】長岡市槇山町1592番地1", "url2": "https://www.kaigokensaku.mhlw.go.jp/15/index.php?action_kouhyou_detail_004_kani=true&JigyosyoCd=1570200467-00&ServiceCd=150&Type=search" }, "geometry": { "type": "Point", "coordinates": [ 138.837790975007692, 37.481178415074659 ] } },
{ "type": "Feature", "properties": { "内容": "デイサービスセンターこぶし【通所介護】長岡市深沢町２２７８番地８", "url2": "https://www.kaigokensaku.mhlw.go.jp/15/index.php?action_kouhyou_detail_004_kani=true&JigyosyoCd=1570200715-00&ServiceCd=150&Type=search" }, "geometry": { "type": "Point", "coordinates": [ 138.772739199999933, 37.4249052 ] } },
{ "type": "Feature", "properties": { "内容": "デイサービスセンター関原【通所介護】長岡市関原南１丁目４５２６番地", "url2": "https://www.kaigokensaku.mhlw.go.jp/15/index.php?action_kouhyou_detail_004_kani=true&JigyosyoCd=1570200970-00&ServiceCd=150&Type=search" }, "geometry": { "type": "Point", "coordinates": [ 138.776512899999943, 37.450694 ] } },
{ "type": "Feature", "properties": { "内容": "ツクイ長岡川崎【通所介護】長岡市川崎6-1351-10", "url2": "https://www.kaigokensaku.mhlw.go.jp/15/index.php?action_kouhyou_detail_004_kani=true&JigyosyoCd=1570201242-00&ServiceCd=150&Type=search" }, "geometry": { "type": "Point", "coordinates": [ 138.875363, 37.4541283 ] } },
{ "type": "Feature", "properties": { "内容": "デイサービスセンター中之島【通所介護】長岡市中之島2105番地6", "url2": "https://www.kaigokensaku.mhlw.go.jp/15/index.php?action_kouhyou_detail_004_kani=true&JigyosyoCd=1570201903-00&ServiceCd=150&Type=search" }, "geometry": { "type": "Point", "coordinates": [ 138.873017941108742, 37.535684469611077 ] } },
{ "type": "Feature", "properties": { "内容": "デイサービスセンター桐原の郷【通所介護】新潟県長岡市寺泊下桐3700番地1", "url2": "https://www.kaigokensaku.mhlw.go.jp/15/index.php?action_kouhyou_detail_004_kani=true&JigyosyoCd=1570202125-00&ServiceCd=150&Type=search" }, "geometry": { "type": "Point", "coordinates": [ 138.807337100000041, 37.6122218 ] } },
{ "type": "Feature", "properties": { "内容": "長岡市デイサービスセンターわしま【通所介護】新潟県長岡市小島谷3422番地3", "url2": "https://www.kaigokensaku.mhlw.go.jp/15/index.php?action_kouhyou_detail_004_kani=true&JigyosyoCd=1570202133-00&ServiceCd=150&Type=search" }, "geometry": { "type": "Point", "coordinates": [ 138.771666699999969, 37.5756886 ] } },
{ "type": "Feature", "properties": { "内容": "ツクイ長岡三和【通所介護】新潟県長岡市三和2丁目10-17", "url2": "https://www.kaigokensaku.mhlw.go.jp/15/index.php?action_kouhyou_detail_004_kani=true&JigyosyoCd=1570202794-00&ServiceCd=150&Type=search" }, "geometry": { "type": "Point", "coordinates": [ 138.841488077909816, 37.435045214958443 ] } },
{ "type": "Feature", "properties": { "内容": "デイサービスセンターみやうち【通所介護】長岡市曲新町５６６番地７", "url2": "https://www.kaigokensaku.mhlw.go.jp/15/index.php?action_kouhyou_detail_004_kani=true&JigyosyoCd=1570200657-00&ServiceCd=150&Type=search" }, "geometry": { "type": "Point", "coordinates": [ 138.8477451, 37.4197651 ] } },
{ "type": "Feature", "properties": { "内容": "デイサービスセンター岡南【通所介護】新潟県長岡市渡沢町字早田53番地", "url2": "https://www.kaigokensaku.mhlw.go.jp/15/index.php?action_kouhyou_detail_004_kani=true&JigyosyoCd=1570200889-00&ServiceCd=150&Type=search" }, "geometry": { "type": "Point", "coordinates": [ 138.84575297923746, 37.378269968663261 ] } },
{ "type": "Feature", "properties": { "内容": "デイサービスセンター永田【通所介護】長岡市永田2丁目9番25号", "url2": "https://www.kaigokensaku.mhlw.go.jp/15/index.php?action_kouhyou_detail_004_kani=true&JigyosyoCd=1570201275-00&ServiceCd=150&Type=search" }, "geometry": { "type": "Point", "coordinates": [ 138.8707743, 37.4651492 ] } },
{ "type": "Feature", "properties": { "内容": "デイサービスセンターしなの【通所介護】新潟県長岡市信濃２丁目６番１８号", "url2": "https://www.kaigokensaku.mhlw.go.jp/15/index.php?action_kouhyou_detail_004_kani=true&JigyosyoCd=1570201879-00&ServiceCd=150&Type=search" }, "geometry": { "type": "Point", "coordinates": [ 138.837825699999939, 37.4506449 ] } },
{ "type": "Feature", "properties": { "内容": "デイサービスセンター福住【通所介護】長岡市福住1丁目7番21号高齢者総合福祉相談センター福住", "url2": "https://www.kaigokensaku.mhlw.go.jp/15/index.php?action_kouhyou_detail_004_kani=true&JigyosyoCd=1570202588-00&ServiceCd=150&Type=search" }, "geometry": { "type": "Point", "coordinates": [ 138.857168099999967, 37.4502315 ] } },
{ "type": "Feature", "properties": { "内容": "デイサービスセンターせったや【通所介護】長岡市摂田屋町2701番地14", "url2": "https://www.kaigokensaku.mhlw.go.jp/15/index.php?action_kouhyou_detail_004_kani=true&JigyosyoCd=1570202810-00&ServiceCd=150&Type=search" }, "geometry": { "type": "Point", "coordinates": [ 138.8307668, 37.414921 ] } },
{ "type": "Feature", "properties": { "内容": "長岡市デイサービスセンターぬくもり荘【通所介護】新潟県長岡市西川口１１６８番地", "url2": "https://www.kaigokensaku.mhlw.go.jp/15/index.php?action_kouhyou_detail_004_kani=true&JigyosyoCd=1575700180-00&ServiceCd=150&Type=search" }, "geometry": { "type": "Point", "coordinates": [ 138.861147499999987, 37.2650419 ] } },
{ "type": "Feature", "properties": { "内容": "ニチイケアセンター長岡末広【通所介護】長岡市末広1丁目1-7", "url2": "https://www.kaigokensaku.mhlw.go.jp/15/index.php?action_kouhyou_detail_004_kani=true&JigyosyoCd=1570203289-00&ServiceCd=150&Type=search" }, "geometry": { "type": "Point", "coordinates": [ 138.855137099999979, 37.430635 ] } },
{ "type": "Feature", "properties": { "内容": "デイサービスセンター　縄文の杜関原【通所介護】新潟県長岡市関原町１丁目1072番地1高齢者総合施設　縄文の杜関原", "url2": "https://www.kaigokensaku.mhlw.go.jp/15/index.php?action_kouhyou_detail_004_kani=true&JigyosyoCd=1570201127-00&ServiceCd=150&Type=search" }, "geometry": { "type": "Point", "coordinates": [ 138.774644018479336, 37.45258368842299 ] } },
{ "type": "Feature", "properties": { "内容": "ALPHASさわやか苑中沢デイサービスセンター【通所介護】長岡市中沢町１７４", "url2": "https://www.kaigokensaku.mhlw.go.jp/15/index.php?action_kouhyou_detail_004_kani=true&JigyosyoCd=1570201390-00&ServiceCd=150&Type=search" }, "geometry": { "type": "Point", "coordinates": [ 138.8691503, 37.4395606 ] } },
{ "type": "Feature", "properties": { "内容": "ALPHASさわやか苑デイサービスセンターさわやか苑長岡藤沢【通所介護】新潟県長岡市藤沢1丁目9-10", "url2": "https://www.kaigokensaku.mhlw.go.jp/15/index.php?action_kouhyou_detail_004_kani=true&JigyosyoCd=1570203271-00&ServiceCd=150&Type=search" }, "geometry": { "type": "Point", "coordinates": [ 138.838495100000046, 37.4745941 ] } },
{ "type": "Feature", "properties": { "内容": "デイサービスセンターサンホーム【通所介護】長岡市楡原７８４－１３", "url2": "https://www.kaigokensaku.mhlw.go.jp/15/index.php?action_kouhyou_detail_004_kani=true&JigyosyoCd=1570202166-00&ServiceCd=150&Type=search" }, "geometry": { "type": "Point", "coordinates": [ 139.000970100000018, 37.495634866470979 ] } },
{ "type": "Feature", "properties": { "内容": "デイサービスセンターメッツ川崎【通所介護】新潟県長岡市川崎2丁目2475番地1", "url2": "https://www.kaigokensaku.mhlw.go.jp/15/index.php?action_kouhyou_detail_004_kani=true&JigyosyoCd=1570203040-00&ServiceCd=150&Type=search" }, "geometry": { "type": "Point", "coordinates": [ 138.868064, 37.451945199999983 ] } },
{ "type": "Feature", "properties": { "内容": "ゆめふる長岡店【通所介護】新潟県長岡市中島７丁目１番７号", "url2": "https://www.kaigokensaku.mhlw.go.jp/15/index.php?action_kouhyou_detail_004_kani=true&JigyosyoCd=1570204055-00&ServiceCd=150&Type=search" }, "geometry": { "type": "Point", "coordinates": [ 138.851358588841862, 37.457366458852206 ] } },
{ "type": "Feature", "properties": { "内容": "デイサービスセンター桃寿苑【通所介護】新潟県三条市荻堀１１８３番地１デイサービスセンター桃寿苑", "url2": "https://www.kaigokensaku.mhlw.go.jp/15/index.php?action_kouhyou_detail_004_kani=true&JigyosyoCd=1570400992-00&ServiceCd=150&Type=search" }, "geometry": { "type": "Point", "coordinates": [ 139.0298838, 37.5728055 ] } },
{ "type": "Feature", "properties": { "内容": "特別養護老人ホームうらだての里【通所介護】新潟県三条市東裏館3丁目6番58号", "url2": "https://www.kaigokensaku.mhlw.go.jp/15/index.php?action_kouhyou_detail_004_kani=true&JigyosyoCd=1570400299-00&ServiceCd=150&Type=search" }, "geometry": { "type": "Point", "coordinates": [ 138.961827699999958, 37.6429672 ] } },
{ "type": "Feature", "properties": { "内容": "高齢者福祉施設　薬師の郷【通所介護】新潟県三条市長嶺419番地", "url2": "https://www.kaigokensaku.mhlw.go.jp/15/index.php?action_kouhyou_detail_004_kani=true&JigyosyoCd=1570400703-00&ServiceCd=150&Type=search" }, "geometry": { "type": "Point", "coordinates": [ 138.960550352778682, 37.592469553018034 ] } },
{ "type": "Feature", "properties": { "内容": "はあとふるあたごデイサービスセンターさかえ【通所介護】新潟県三条市北潟甲282番1", "url2": "https://www.kaigokensaku.mhlw.go.jp/15/index.php?action_kouhyou_detail_004_kani=true&JigyosyoCd=1570401131-00&ServiceCd=150&Type=search" }, "geometry": { "type": "Point", "coordinates": [ 138.937763103535417, 37.570835879459217 ] } },
{ "type": "Feature", "properties": { "内容": "サンケアー第二デイサービスセンター【通所介護】新潟県三条市下保内３０７－１サンケア－第二デイサ－ビスセンタ－", "url2": "https://www.kaigokensaku.mhlw.go.jp/15/index.php?action_kouhyou_detail_004_kani=true&JigyosyoCd=1570401792-00&ServiceCd=150&Type=search" }, "geometry": { "type": "Point", "coordinates": [ 139.017171800000028, 37.641538400000016 ] } },
{ "type": "Feature", "properties": { "内容": "三条市デイサービスセンター【通所介護】三条市大野畑６－８５－５", "url2": "https://www.kaigokensaku.mhlw.go.jp/15/index.php?action_kouhyou_detail_004_kani=true&JigyosyoCd=1570400125-00&ServiceCd=150&Type=search" }, "geometry": { "type": "Point", "coordinates": [ 138.940011199999958, 37.6279683 ] } },
{ "type": "Feature", "properties": { "内容": "特別養護老人ホーム　つかのめの里【通所介護】新潟県三条市塚野目2380番地2", "url2": "https://www.kaigokensaku.mhlw.go.jp/15/index.php?action_kouhyou_detail_004_kani=true&JigyosyoCd=1570400166-00&ServiceCd=150&Type=search" }, "geometry": { "type": "Point", "coordinates": [ 138.975878299999977, 37.6593656 ] } },
{ "type": "Feature", "properties": { "内容": "ツクイ三条【通所介護】三条市東三条1-11-11", "url2": "https://www.kaigokensaku.mhlw.go.jp/15/index.php?action_kouhyou_detail_004_kani=true&JigyosyoCd=1570400653-00&ServiceCd=150&Type=search" }, "geometry": { "type": "Point", "coordinates": [ 138.971927199999982, 37.6305302 ] } },
{ "type": "Feature", "properties": { "内容": "デイサービスセンターみるら【通所介護】新潟県三条市新光町２９番５４号", "url2": "https://www.kaigokensaku.mhlw.go.jp/15/index.php?action_kouhyou_detail_004_kani=true&JigyosyoCd=1570401255-00&ServiceCd=150&Type=search" }, "geometry": { "type": "Point", "coordinates": [ 138.962810900000022, 37.6440837 ] } },
{ "type": "Feature", "properties": { "内容": "デイサービスセンター四季の庭【通所介護】新潟県三条市東本成寺2番1号三条市総合福祉センター", "url2": "https://www.kaigokensaku.mhlw.go.jp/15/index.php?action_kouhyou_detail_004_kani=true&JigyosyoCd=1570401891-00&ServiceCd=150&Type=search" }, "geometry": { "type": "Point", "coordinates": [ 138.953320050926237, 37.612621153748442 ] } },
{ "type": "Feature", "properties": { "内容": "デイサービスセンターこころつくし【通所介護】三条市西大崎2丁目4番10号", "url2": "https://www.kaigokensaku.mhlw.go.jp/15/index.php?action_kouhyou_detail_004_kani=true&JigyosyoCd=1570400489-00&ServiceCd=150&Type=search" }, "geometry": { "type": "Point", "coordinates": [ 138.985459600000013, 37.6193212 ] } },
{ "type": "Feature", "properties": { "内容": "ケアセンターソレイユあざぶ【通所介護】新潟県三条市麻布１７－１１", "url2": "https://www.kaigokensaku.mhlw.go.jp/15/index.php?action_kouhyou_detail_004_kani=true&JigyosyoCd=1570400687-00&ServiceCd=150&Type=search" }, "geometry": { "type": "Point", "coordinates": [ 138.998433400000067, 37.6127893 ] } },
{ "type": "Feature", "properties": { "内容": "三条ケアセンターそよ風【通所介護】新潟県三条市島田２丁目４番３号", "url2": "https://www.kaigokensaku.mhlw.go.jp/15/index.php?action_kouhyou_detail_004_kani=true&JigyosyoCd=1570400877-00&ServiceCd=150&Type=search" }, "geometry": { "type": "Point", "coordinates": [ 138.946266, 37.6269964 ] } },
{ "type": "Feature", "properties": { "内容": "谷村脳神経外科クリニック通所介護【通所介護】三条市興野1丁目13番14号", "url2": "https://www.kaigokensaku.mhlw.go.jp/15/index.php?action_kouhyou_detail_004_kani=true&JigyosyoCd=1570401503-00&ServiceCd=150&Type=search" }, "geometry": { "type": "Point", "coordinates": [ 138.967171900000039, 37.6355043 ] } },
{ "type": "Feature", "properties": { "内容": "ALPHASさわやか苑三条東デイサービスセンター【通所介護】新潟県三条市北入蔵2-7-14", "url2": "https://www.kaigokensaku.mhlw.go.jp/15/index.php?action_kouhyou_detail_004_kani=true&JigyosyoCd=1570401768-00&ServiceCd=150&Type=search" }, "geometry": { "type": "Point", "coordinates": [ 138.985495300000025, 37.6356854 ] } },
{ "type": "Feature", "properties": { "内容": "あさひデイリハセンター【通所介護】新潟県三条市南新保10-24あさひデイリハセンター", "url2": "https://www.kaigokensaku.mhlw.go.jp/15/index.php?action_kouhyou_detail_004_kani=true&JigyosyoCd=1570401982-00&ServiceCd=150&Type=search" }, "geometry": { "type": "Point", "coordinates": [ 138.960896837959297, 37.624853613281374 ] } },
{ "type": "Feature", "properties": { "内容": "ニチイケアセンターいしがみ【通所介護】新潟県三条市石上２丁目１番２５号", "url2": "https://www.kaigokensaku.mhlw.go.jp/15/index.php?action_kouhyou_detail_004_kani=true&JigyosyoCd=1570400596-00&ServiceCd=150&Type=search" }, "geometry": { "type": "Point", "coordinates": [ 138.951867600000014, 37.6430613 ] } },
{ "type": "Feature", "properties": { "内容": "リーブルデイサービスセンター【通所介護】新潟県三条市今井野新田962-3", "url2": "https://www.kaigokensaku.mhlw.go.jp/15/index.php?action_kouhyou_detail_004_kani=true&JigyosyoCd=1570401453-00&ServiceCd=150&Type=search" }, "geometry": { "type": "Point", "coordinates": [ 138.9388308, 37.6256547 ] } },
{ "type": "Feature", "properties": { "内容": "あさひケアセンター月の郷【通所介護】新潟県三条市月岡1-5-27", "url2": "https://www.kaigokensaku.mhlw.go.jp/15/index.php?action_kouhyou_detail_004_kani=true&JigyosyoCd=1570401396-00&ServiceCd=150&Type=search" }, "geometry": { "type": "Point", "coordinates": [ 138.965345, 37.613135 ] } },
{ "type": "Feature", "properties": { "内容": "北半田ディサービスセンター【通所介護】新潟県柏崎市茨目1-9-27", "url2": "https://www.kaigokensaku.mhlw.go.jp/15/index.php?action_kouhyou_detail_004_kani=true&JigyosyoCd=1570500429-00&ServiceCd=150&Type=search" }, "geometry": { "type": "Point", "coordinates": [ 138.580790920227656, 37.360364349632349 ] } },
{ "type": "Feature", "properties": { "内容": "しおかぜ荘　デイサービスセンター【通所介護】新潟県柏崎市北園町２１－１９", "url2": "https://www.kaigokensaku.mhlw.go.jp/15/index.php?action_kouhyou_detail_004_kani=true&JigyosyoCd=1570500296-00&ServiceCd=150&Type=search" }, "geometry": { "type": "Point", "coordinates": [ 138.561513500000018, 37.3813238 ] } },
{ "type": "Feature", "properties": { "内容": "まちトレ柏崎【通所介護】新潟県柏崎市長浜町1-40", "url2": "https://www.kaigokensaku.mhlw.go.jp/15/index.php?action_kouhyou_detail_004_kani=true&JigyosyoCd=1570501120-00&ServiceCd=150&Type=search" }, "geometry": { "type": "Point", "coordinates": [ 138.575348988984473, 37.370042104456523 ] } },
{ "type": "Feature", "properties": { "内容": "赤坂山デイサービスセンター【通所介護】新潟県柏崎市赤坂町4番56号", "url2": "https://www.kaigokensaku.mhlw.go.jp/15/index.php?action_kouhyou_detail_004_kani=true&JigyosyoCd=1570500221-00&ServiceCd=150&Type=search" }, "geometry": { "type": "Point", "coordinates": [ 138.536882055819632, 37.357464375917992 ] } },
{ "type": "Feature", "properties": { "内容": "なごみ荘デイサービスセンター【通所介護】柏崎市原町4番23号", "url2": "https://www.kaigokensaku.mhlw.go.jp/15/index.php?action_kouhyou_detail_004_kani=true&JigyosyoCd=1570500437-00&ServiceCd=150&Type=search" }, "geometry": { "type": "Point", "coordinates": [ 138.586860300000012, 37.3891704 ] } },
{ "type": "Feature", "properties": { "内容": "デイサービスセンター　つばめ【通所介護】新潟県柏崎市元城町1-48地域共生型高齢者福祉複合空間つばめ内", "url2": "https://www.kaigokensaku.mhlw.go.jp/15/index.php?action_kouhyou_detail_004_kani=true&JigyosyoCd=1570501278-00&ServiceCd=150&Type=search" }, "geometry": { "type": "Point", "coordinates": [ 138.554399302313385, 37.350229389211911 ] } },
{ "type": "Feature", "properties": { "内容": "あたごデイサービス柏崎【通所介護】新潟県柏崎市大字茨目1522-1", "url2": "https://www.kaigokensaku.mhlw.go.jp/15/index.php?action_kouhyou_detail_004_kani=true&JigyosyoCd=1570501559-00&ServiceCd=150&Type=search" }, "geometry": { "type": "Point", "coordinates": [ 138.5829489, 37.3566942 ] } },
{ "type": "Feature", "properties": { "内容": "北条デイサービスセンター【通所介護】新潟県柏崎市東条627番地1北条デイサービスセンター", "url2": "https://www.kaigokensaku.mhlw.go.jp/15/index.php?action_kouhyou_detail_004_kani=true&JigyosyoCd=1570500478-00&ServiceCd=150&Type=search" }, "geometry": { "type": "Point", "coordinates": [ 138.661548975370209, 37.352962686605117 ] } },
{ "type": "Feature", "properties": { "内容": "むつみ荘デイサービスセンター【通所介護】柏崎市大字畔屋392番地１", "url2": "https://www.kaigokensaku.mhlw.go.jp/15/index.php?action_kouhyou_detail_004_kani=true&JigyosyoCd=1570500072-00&ServiceCd=150&Type=search" }, "geometry": { "type": "Point", "coordinates": [ 138.619941199999971, 37.3687262 ] } },
{ "type": "Feature", "properties": { "内容": "デイサービスセンター　いこいの里【通所介護】新潟県柏崎市大字佐水3140番地", "url2": "https://www.kaigokensaku.mhlw.go.jp/15/index.php?action_kouhyou_detail_004_kani=true&JigyosyoCd=1570500189-00&ServiceCd=150&Type=search" }, "geometry": { "type": "Point", "coordinates": [ 138.572168599999941, 37.2875521 ] } },
{ "type": "Feature", "properties": { "内容": "デイサービスセンター柏柳の里【通所介護】柏崎市高柳町岡野町２２５４番地１", "url2": "https://www.kaigokensaku.mhlw.go.jp/15/index.php?action_kouhyou_detail_004_kani=true&JigyosyoCd=1570500593-00&ServiceCd=150&Type=search" }, "geometry": { "type": "Point", "coordinates": [ 138.638099199999942, 37.2170085 ] } },
{ "type": "Feature", "properties": { "内容": "にしかりの里デイサービスセンター【通所介護】新潟県柏崎市西山町長嶺１７２６番地１", "url2": "https://www.kaigokensaku.mhlw.go.jp/15/index.php?action_kouhyou_detail_004_kani=true&JigyosyoCd=1570500627-00&ServiceCd=150&Type=search" }, "geometry": { "type": "Point", "coordinates": [ 138.6414588, 37.4509078 ] } },
{ "type": "Feature", "properties": { "内容": "えちご中越農業協同組合　中通デイサービスセンター【通所介護】新潟県柏崎市大字曽地１０２番地", "url2": "https://www.kaigokensaku.mhlw.go.jp/15/index.php?action_kouhyou_detail_004_kani=true&JigyosyoCd=1570500874-00&ServiceCd=150&Type=search" }, "geometry": { "type": "Point", "coordinates": [ 138.63564329999997, 37.4034304 ] } },
{ "type": "Feature", "properties": { "内容": "ツクイ柏崎新田畑【通所介護】柏崎市新田畑5番42号", "url2": "https://www.kaigokensaku.mhlw.go.jp/15/index.php?action_kouhyou_detail_004_kani=true&JigyosyoCd=1570500395-00&ServiceCd=150&Type=search" }, "geometry": { "type": "Point", "coordinates": [ 138.581736299999989, 37.3732365 ] } },
{ "type": "Feature", "properties": { "内容": "ＡＬＰＨＡＳさわやか苑柏崎春日デイサービスセンター【通所介護】柏崎市春日1丁目２－５１", "url2": "https://www.kaigokensaku.mhlw.go.jp/15/index.php?action_kouhyou_detail_004_kani=true&JigyosyoCd=1570500924-00&ServiceCd=150&Type=search" }, "geometry": { "type": "Point", "coordinates": [ 138.569421, 37.3790743 ] } },
{ "type": "Feature", "properties": { "内容": "宅ろう所　太陽と月【通所介護】新潟県柏崎市西山町別山1589-1", "url2": "https://www.kaigokensaku.mhlw.go.jp/15/index.php?action_kouhyou_detail_004_kani=true&JigyosyoCd=1570501500-00&ServiceCd=150&Type=search" }, "geometry": { "type": "Point", "coordinates": [ 138.692480732540901, 37.487988100975429 ] } },
{ "type": "Feature", "properties": { "内容": "ケアパートナー新発田【通所介護】新潟県新発田市富塚町1-17-8-3", "url2": "https://www.kaigokensaku.mhlw.go.jp/15/index.php?action_kouhyou_detail_004_kani=true&JigyosyoCd=1570601078-00&ServiceCd=150&Type=search" }, "geometry": { "type": "Point", "coordinates": [ 139.30579, 37.9425966 ] } },
{ "type": "Feature", "properties": { "内容": "加治川デイサービスセンター【通所介護】新潟県新発田市住田501番地", "url2": "https://www.kaigokensaku.mhlw.go.jp/15/index.php?action_kouhyou_detail_004_kani=true&JigyosyoCd=1570600872-00&ServiceCd=150&Type=search" }, "geometry": { "type": "Point", "coordinates": [ 139.367893906745849, 37.990264783437823 ] } },
{ "type": "Feature", "properties": { "内容": "新発田南デイサービスセンター【通所介護】新潟県新発田市大栄町4-5-12", "url2": "https://www.kaigokensaku.mhlw.go.jp/15/index.php?action_kouhyou_detail_004_kani=true&JigyosyoCd=1570601003-00&ServiceCd=150&Type=search" }, "geometry": { "type": "Point", "coordinates": [ 139.321121100000028, 37.9426753 ] } },
{ "type": "Feature", "properties": { "内容": "デイサービスセンター加治川の里【通所介護】新発田市向中条2843番地1", "url2": "https://www.kaigokensaku.mhlw.go.jp/15/index.php?action_kouhyou_detail_004_kani=true&JigyosyoCd=1570600955-00&ServiceCd=150&Type=search" }, "geometry": { "type": "Point", "coordinates": [ 139.346983405557239, 37.977666526780496 ] } },
{ "type": "Feature", "properties": { "内容": "デイサービスセンターつきおかの里【通所介護】新発田市本田壬393-1", "url2": "https://www.kaigokensaku.mhlw.go.jp/15/index.php?action_kouhyou_detail_004_kani=true&JigyosyoCd=1570600583-00&ServiceCd=150&Type=search" }, "geometry": { "type": "Point", "coordinates": [ 139.29826920000005, 37.8825579 ] } },
{ "type": "Feature", "properties": { "内容": "ニチイケアセンター新発田【通所介護】新発田市富塚町3-4-27", "url2": "https://www.kaigokensaku.mhlw.go.jp/15/index.php?action_kouhyou_detail_004_kani=true&JigyosyoCd=1570600674-00&ServiceCd=150&Type=search" }, "geometry": { "type": "Point", "coordinates": [ 139.293960700000071, 37.9511282 ] } },
{ "type": "Feature", "properties": { "内容": "ほっとしばたケアセンター　ひまわり【通所介護】新発田市豊町三丁目5番１１号", "url2": "https://www.kaigokensaku.mhlw.go.jp/15/index.php?action_kouhyou_detail_004_kani=true&JigyosyoCd=1570600898-00&ServiceCd=150&Type=search" }, "geometry": { "type": "Point", "coordinates": [ 139.341789006221006, 37.936504008378193 ] } },
{ "type": "Feature", "properties": { "内容": "デイサービスセンター春日和新発田【通所介護】新潟県新発田市荒町字妻ノ神甲276番1", "url2": "https://www.kaigokensaku.mhlw.go.jp/15/index.php?action_kouhyou_detail_004_kani=true&JigyosyoCd=1570601656-00&ServiceCd=150&Type=search" }, "geometry": { "type": "Point", "coordinates": [ 139.331030321804747, 37.937951563633753 ] } },
{ "type": "Feature", "properties": { "内容": "ほっとしばた　たんぽぽ【通所介護】新潟県新発田市豊町三丁目5番11号", "url2": "https://www.kaigokensaku.mhlw.go.jp/15/index.php?action_kouhyou_detail_004_kani=true&JigyosyoCd=1570601672-00&ServiceCd=150&Type=search" }, "geometry": { "type": "Point", "coordinates": [ 139.341286252956706, 37.936869809019043 ] } },
{ "type": "Feature", "properties": { "内容": "陽だまり苑ふぇりあ【通所介護】新潟県新発田市富塚町2丁目4番13号", "url2": "https://www.kaigokensaku.mhlw.go.jp/15/index.php?action_kouhyou_detail_004_kani=true&JigyosyoCd=1570601771-00&ServiceCd=150&Type=search" }, "geometry": { "type": "Point", "coordinates": [ 139.298842106077473, 37.950071267834232 ] } },
{ "type": "Feature", "properties": { "内容": "デイサービスセンター陽だまり苑【通所介護】新潟県新発田市岡田１７４６番地１", "url2": "https://www.kaigokensaku.mhlw.go.jp/15/index.php?action_kouhyou_detail_004_kani=true&JigyosyoCd=1570600351-00&ServiceCd=150&Type=search" }, "geometry": { "type": "Point", "coordinates": [ 139.359800100000029, 37.9510506 ] } },
{ "type": "Feature", "properties": { "内容": "ツクイ新発田豊町【通所介護】新発田市豊町４丁目１番２号", "url2": "https://www.kaigokensaku.mhlw.go.jp/15/index.php?action_kouhyou_detail_004_kani=true&JigyosyoCd=1570600633-00&ServiceCd=150&Type=search" }, "geometry": { "type": "Point", "coordinates": [ 139.339802700000064, 37.9396929 ] } },
{ "type": "Feature", "properties": { "内容": "はあとふるあたごデイサービスセンター城北町【通所介護】新潟県新発田市城北町3丁目3番31号", "url2": "https://www.kaigokensaku.mhlw.go.jp/15/index.php?action_kouhyou_detail_004_kani=true&JigyosyoCd=1570600682-00&ServiceCd=150&Type=search" }, "geometry": { "type": "Point", "coordinates": [ 139.321516117860426, 37.962605886517011 ] } },
{ "type": "Feature", "properties": { "内容": "デイサービスセンターしうんじ【通所介護】新潟県新発田市真野原外3331番地2", "url2": "https://www.kaigokensaku.mhlw.go.jp/15/index.php?action_kouhyou_detail_004_kani=true&JigyosyoCd=1570600799-00&ServiceCd=150&Type=search" }, "geometry": { "type": "Point", "coordinates": [ 139.318080099999946, 38.0181429 ] } },
{ "type": "Feature", "properties": { "内容": "デイサービスセンターコンフィ陽だまり苑【通所介護】新発田市諏訪町１丁目１０番３８号", "url2": "https://www.kaigokensaku.mhlw.go.jp/15/index.php?action_kouhyou_detail_004_kani=true&JigyosyoCd=1570601185-00&ServiceCd=150&Type=search" }, "geometry": { "type": "Point", "coordinates": [ 139.333980900000029, 37.9434978 ] } },
{ "type": "Feature", "properties": { "内容": "パルｃｏｍｆｙ陽だまり苑【通所介護】新発田市中央町5丁目4番2号", "url2": "https://www.kaigokensaku.mhlw.go.jp/15/index.php?action_kouhyou_detail_004_kani=true&JigyosyoCd=1570601490-00&ServiceCd=150&Type=search" }, "geometry": { "type": "Point", "coordinates": [ 139.331427493254068, 37.951490980343614 ] } },
{ "type": "Feature", "properties": { "内容": "デイサービスセンターくるま乃【通所介護】新潟県新発田市大友１７番地１", "url2": "https://www.kaigokensaku.mhlw.go.jp/15/index.php?action_kouhyou_detail_004_kani=true&JigyosyoCd=1570601607-00&ServiceCd=150&Type=search" }, "geometry": { "type": "Point", "coordinates": [ 139.387215200000014, 37.9082455 ] } },
{ "type": "Feature", "properties": { "内容": "デイサービスセンター　豊浦愛宕の園【通所介護】新発田市荒町甲1611番地13", "url2": "https://www.kaigokensaku.mhlw.go.jp/15/index.php?action_kouhyou_detail_004_kani=true&JigyosyoCd=1570601151-00&ServiceCd=150&Type=search" }, "geometry": { "type": "Point", "coordinates": [ 139.32188229999997, 37.9364372 ] } },
{ "type": "Feature", "properties": { "内容": "なかじょうデイサービスセンター舟入【通所介護】新潟県新発田市舟入町3丁目13番2号", "url2": "https://www.kaigokensaku.mhlw.go.jp/15/index.php?action_kouhyou_detail_004_kani=true&JigyosyoCd=1570601805-00&ServiceCd=150&Type=search" }, "geometry": { "type": "Point", "coordinates": [ 139.304180800000012, 37.9551804 ] } },
{ "type": "Feature", "properties": { "内容": "デイサービスセンターサンラックおぢや【通所介護】新潟県小千谷市大字桜町５１４０番地小千谷市総合福祉センター", "url2": "https://www.kaigokensaku.mhlw.go.jp/15/index.php?action_kouhyou_detail_004_kani=true&JigyosyoCd=1570800092-00&ServiceCd=150&Type=search" }, "geometry": { "type": "Point", "coordinates": [ 138.781706900000017, 37.3134192 ] } },
{ "type": "Feature", "properties": { "内容": "デイサービスセンターみなみ【通所介護】新潟県小千谷市真人町丁７３番地３小千谷市地域福祉センターみなみ", "url2": "https://www.kaigokensaku.mhlw.go.jp/15/index.php?action_kouhyou_detail_004_kani=true&JigyosyoCd=1570800100-00&ServiceCd=150&Type=search" }, "geometry": { "type": "Point", "coordinates": [ 138.807709100000011, 37.251946 ] } },
{ "type": "Feature", "properties": { "内容": "雪あかりデイサービスセンター【通所介護】新潟県小千谷市元町10番1号", "url2": "https://www.kaigokensaku.mhlw.go.jp/15/index.php?action_kouhyou_detail_004_kani=true&JigyosyoCd=1570800597-00&ServiceCd=150&Type=search" }, "geometry": { "type": "Point", "coordinates": [ 138.7997729, 37.3086551 ] } },
{ "type": "Feature", "properties": { "内容": "デイサービスセンター小千谷さくら【通所介護】小千谷市小粟田２７３２番地１３", "url2": "https://www.kaigokensaku.mhlw.go.jp/15/index.php?action_kouhyou_detail_004_kani=true&JigyosyoCd=1570800225-00&ServiceCd=150&Type=search" }, "geometry": { "type": "Point", "coordinates": [ 138.795420400000012, 37.3413796 ] } },
{ "type": "Feature", "properties": { "内容": "デイサービスセンター那由多の家【通所介護】新潟県小千谷市山谷３６２２", "url2": "https://www.kaigokensaku.mhlw.go.jp/15/index.php?action_kouhyou_detail_004_kani=true&JigyosyoCd=1570800258-00&ServiceCd=150&Type=search" }, "geometry": { "type": "Point", "coordinates": [ 138.7735037, 37.3369108 ] } },
{ "type": "Feature", "properties": { "内容": "健康倶楽部中子の森老人デイサービスセンター【通所介護】小千谷市大字薭生乙１４６０番地１", "url2": "https://www.kaigokensaku.mhlw.go.jp/15/index.php?action_kouhyou_detail_004_kani=true&JigyosyoCd=1570800316-00&ServiceCd=150&Type=search" }, "geometry": { "type": "Point", "coordinates": [ 138.807409300000018, 37.3069977 ] } },
{ "type": "Feature", "properties": { "内容": "デイサービスセンター春風堂【通所介護】新潟県小千谷市大字山谷1635番地100", "url2": "https://www.kaigokensaku.mhlw.go.jp/15/index.php?action_kouhyou_detail_004_kani=true&JigyosyoCd=1570800647-00&ServiceCd=150&Type=search" }, "geometry": { "type": "Point", "coordinates": [ 138.7742405, 37.3370067 ] } },
{ "type": "Feature", "properties": { "内容": "デイサービスセンター第三平成園【通所介護】新潟県加茂市神明町１丁目７番1号特別養護老人ホーム第三平成園", "url2": "https://www.kaigokensaku.mhlw.go.jp/15/index.php?action_kouhyou_detail_004_kani=true&JigyosyoCd=1570900322-00&ServiceCd=150&Type=search" }, "geometry": { "type": "Point", "coordinates": [ 139.0617952, 37.6610365 ] } },
{ "type": "Feature", "properties": { "内容": "デイサービスセンター第二平成園【通所介護】新潟県加茂市石川２丁目２４７３番地１", "url2": "https://www.kaigokensaku.mhlw.go.jp/15/index.php?action_kouhyou_detail_004_kani=true&JigyosyoCd=1570900314-00&ServiceCd=150&Type=search" }, "geometry": { "type": "Point", "coordinates": [ 139.0447632, 37.6706193 ] } },
{ "type": "Feature", "properties": { "内容": "まちトレ十日町【通所介護】新潟県十日町市千歳町3-5-9マト新ビル1階", "url2": "https://www.kaigokensaku.mhlw.go.jp/15/index.php?action_kouhyou_detail_004_kani=true&JigyosyoCd=1571001047-00&ServiceCd=150&Type=search" }, "geometry": { "type": "Point", "coordinates": [ 138.755987255819718, 37.128396661820403 ] } },
{ "type": "Feature", "properties": { "内容": "デイサービスセンター三好園【通所介護】十日町市下条４丁目１８３番地２", "url2": "https://www.kaigokensaku.mhlw.go.jp/15/index.php?action_kouhyou_detail_004_kani=true&JigyosyoCd=1571000155-00&ServiceCd=150&Type=search" }, "geometry": { "type": "Point", "coordinates": [ 138.777727426319871, 37.201567100527683 ] } },
{ "type": "Feature", "properties": { "内容": "デイサービスセンターファミール川西【通所介護】新潟県十日町市高原田２７８番地１", "url2": "https://www.kaigokensaku.mhlw.go.jp/15/index.php?action_kouhyou_detail_004_kani=true&JigyosyoCd=1571000494-00&ServiceCd=150&Type=search" }, "geometry": { "type": "Point", "coordinates": [ 138.740471599999978, 37.1707788 ] } },
{ "type": "Feature", "properties": { "内容": "老人デイサービスセンター　つまりの里【通所介護】新潟県十日町市新宮乙１９５－３", "url2": "https://www.kaigokensaku.mhlw.go.jp/15/index.php?action_kouhyou_detail_004_kani=true&JigyosyoCd=1571000122-00&ServiceCd=150&Type=search" }, "geometry": { "type": "Point", "coordinates": [ 138.720919099999946, 37.0953406 ] } },
{ "type": "Feature", "properties": { "内容": "健康倶楽部十日町　老人デイサービスセンター【通所介護】新潟県十日町市四日町1332番地健康倶楽部十日町", "url2": "https://www.kaigokensaku.mhlw.go.jp/15/index.php?action_kouhyou_detail_004_kani=true&JigyosyoCd=1571000296-00&ServiceCd=150&Type=search" }, "geometry": { "type": "Point", "coordinates": [ 138.761817599999972, 37.1489237 ] } },
{ "type": "Feature", "properties": { "内容": "デイサービスセンター　しちかわ【通所介護】新潟県十日町市田中戊６１９番地３", "url2": "https://www.kaigokensaku.mhlw.go.jp/15/index.php?action_kouhyou_detail_004_kani=true&JigyosyoCd=1571000502-00&ServiceCd=150&Type=search" }, "geometry": { "type": "Point", "coordinates": [ 138.698522300000036, 37.0558367 ] } },
{ "type": "Feature", "properties": { "内容": "不老閣デイサービスセンター【通所介護】新潟県十日町市松之山1028-8", "url2": "https://www.kaigokensaku.mhlw.go.jp/15/index.php?action_kouhyou_detail_004_kani=true&JigyosyoCd=1571000510-00&ServiceCd=150&Type=search" }, "geometry": { "type": "Point", "coordinates": [ 138.609217100000023, 37.079440099999957 ] } },
{ "type": "Feature", "properties": { "内容": "デイサービスセンターよしだ【通所介護】新潟県十日町市南鐙坂４４６番地１", "url2": "https://www.kaigokensaku.mhlw.go.jp/15/index.php?action_kouhyou_detail_004_kani=true&JigyosyoCd=1571000940-00&ServiceCd=150&Type=search" }, "geometry": { "type": "Point", "coordinates": [ 138.7207244, 37.1248953 ] } },
{ "type": "Feature", "properties": { "内容": "老人デイサービスセンターやまびこ【通所介護】新潟県十日町市寿町2丁目1番地1", "url2": "https://www.kaigokensaku.mhlw.go.jp/15/index.php?action_kouhyou_detail_004_kani=true&JigyosyoCd=1571000197-00&ServiceCd=150&Type=search" }, "geometry": { "type": "Point", "coordinates": [ 138.753560599999986, 37.1266628 ] } },
{ "type": "Feature", "properties": { "内容": "デイサービスセンターほのぼの園【通所介護】十日町市松代3559-6", "url2": "https://www.kaigokensaku.mhlw.go.jp/15/index.php?action_kouhyou_detail_004_kani=true&JigyosyoCd=1571000635-00&ServiceCd=150&Type=search" }, "geometry": { "type": "Point", "coordinates": [ 138.612778599999956, 37.1355863 ] } },
{ "type": "Feature", "properties": { "内容": "健康倶楽部たちばな　老人デイサービスセンター【通所介護】新潟県十日町市仁田2311番地４", "url2": "https://www.kaigokensaku.mhlw.go.jp/15/index.php?action_kouhyou_detail_004_kani=true&JigyosyoCd=1571000759-00&ServiceCd=150&Type=search" }, "geometry": { "type": "Point", "coordinates": [ 138.747471899999937, 37.2058589 ] } },
{ "type": "Feature", "properties": { "内容": "デイサービスセンター　まほろばの里川治【通所介護】新潟県十日町市川治４５２５番地", "url2": "https://www.kaigokensaku.mhlw.go.jp/15/index.php?action_kouhyou_detail_004_kani=true&JigyosyoCd=1571000973-00&ServiceCd=150&Type=search" }, "geometry": { "type": "Point", "coordinates": [ 138.7416756, 37.1183773 ] } },
{ "type": "Feature", "properties": { "内容": "デイサービスセンターアップルつまり【通所介護】新潟県十日町市本町２丁目４番地１", "url2": "https://www.kaigokensaku.mhlw.go.jp/15/index.php?action_kouhyou_detail_004_kani=true&JigyosyoCd=1571001138-00&ServiceCd=150&Type=search" }, "geometry": { "type": "Point", "coordinates": [ 138.760261753967228, 37.130144730612862 ] } },
{ "type": "Feature", "properties": { "内容": "デイサービスセンター　レインボー【通所介護】新潟県十日町市田中庚42番地特別養護老人ホーム　桜湯の里2号館レインボー　１階", "url2": "https://www.kaigokensaku.mhlw.go.jp/15/index.php?action_kouhyou_detail_004_kani=true&JigyosyoCd=1571001161-00&ServiceCd=150&Type=search" }, "geometry": { "type": "Point", "coordinates": [ 138.696916900000019, 37.0550312 ] } },
{ "type": "Feature", "properties": { "内容": "デイサービスセンター三好園しんざ【通所介護】十日町市新座甲609番地2", "url2": "https://www.kaigokensaku.mhlw.go.jp/15/index.php?action_kouhyou_detail_004_kani=true&JigyosyoCd=1571000361-00&ServiceCd=150&Type=search" }, "geometry": { "type": "Point", "coordinates": [ 138.76755049999997, 37.1433662 ] } },
{ "type": "Feature", "properties": { "内容": "老人デイサービスセンター　ラポール【通所介護】新潟県見附市今町5-17-19", "url2": "https://www.kaigokensaku.mhlw.go.jp/15/index.php?action_kouhyou_detail_004_kani=true&JigyosyoCd=1571100260-00&ServiceCd=150&Type=search" }, "geometry": { "type": "Point", "coordinates": [ 138.890451799999937, 37.550265 ] } },
{ "type": "Feature", "properties": { "内容": "デイサービスセンター　大平園【通所介護】新潟県見附市学校町２丁目１３番３１号", "url2": "https://www.kaigokensaku.mhlw.go.jp/15/index.php?action_kouhyou_detail_004_kani=true&JigyosyoCd=1571100088-00&ServiceCd=150&Type=search" }, "geometry": { "type": "Point", "coordinates": [ 138.919654300000047, 37.5354149 ] } },
{ "type": "Feature", "properties": { "内容": "ふるまいプラザ【通所介護】見附市本所1丁目25番52号", "url2": "https://www.kaigokensaku.mhlw.go.jp/15/index.php?action_kouhyou_detail_004_kani=true&JigyosyoCd=1571100195-00&ServiceCd=150&Type=search" }, "geometry": { "type": "Point", "coordinates": [ 138.914680721704144, 37.538660087351261 ] } },
{ "type": "Feature", "properties": { "内容": "デイサービスセンターすずらんの園【通所介護】新潟県見附市田井町1715番地1", "url2": "https://www.kaigokensaku.mhlw.go.jp/15/index.php?action_kouhyou_detail_004_kani=true&JigyosyoCd=1571100245-00&ServiceCd=150&Type=search" }, "geometry": { "type": "Point", "coordinates": [ 138.929202700000019, 37.4961973 ] } },
{ "type": "Feature", "properties": { "内容": "はあとふるあたごデイサービスセンターみつけ【通所介護】新潟県見附市庄川町852-1", "url2": "https://www.kaigokensaku.mhlw.go.jp/15/index.php?action_kouhyou_detail_004_kani=true&JigyosyoCd=1571100633-00&ServiceCd=150&Type=search" }, "geometry": { "type": "Point", "coordinates": [ 138.939716200000021, 37.5231105 ] } },
{ "type": "Feature", "properties": { "内容": "デイサービスセンター坂井園【通所介護】新潟県見附市坂井町８１番地１", "url2": "https://www.kaigokensaku.mhlw.go.jp/15/index.php?action_kouhyou_detail_004_kani=true&JigyosyoCd=1571100138-00&ServiceCd=150&Type=search" }, "geometry": { "type": "Point", "coordinates": [ 138.890820699999949, 37.5641523 ] } },
{ "type": "Feature", "properties": { "内容": "デイサービスセンターフローラ【通所介護】見附市新幸町７番９号", "url2": "https://www.kaigokensaku.mhlw.go.jp/15/index.php?action_kouhyou_detail_004_kani=true&JigyosyoCd=1571100492-00&ServiceCd=150&Type=search" }, "geometry": { "type": "Point", "coordinates": [ 138.893629499999946, 37.5401941 ] } },
{ "type": "Feature", "properties": { "内容": "デイサービスセンタ－春日和見附【通所介護】新潟県見附市葛巻町1662-1", "url2": "https://www.kaigokensaku.mhlw.go.jp/15/index.php?action_kouhyou_detail_004_kani=true&JigyosyoCd=1571100591-00&ServiceCd=150&Type=search" }, "geometry": { "type": "Point", "coordinates": [ 138.908625871947436, 37.531009768061601 ] } },
{ "type": "Feature", "properties": { "内容": "ツクイ岩船【通所介護】新潟県村上市上助渕1885番地", "url2": "https://www.kaigokensaku.mhlw.go.jp/15/index.php?action_kouhyou_detail_004_kani=true&JigyosyoCd=1571200615-00&ServiceCd=150&Type=search" }, "geometry": { "type": "Point", "coordinates": [ 139.4791553, 38.2093312 ] } },
{ "type": "Feature", "properties": { "内容": "デイサービスセンターいわくすの里【通所介護】村上市上の山2番17号", "url2": "https://www.kaigokensaku.mhlw.go.jp/15/index.php?action_kouhyou_detail_004_kani=true&JigyosyoCd=1571200102-00&ServiceCd=150&Type=search" }, "geometry": { "type": "Point", "coordinates": [ 139.440163900000016, 38.1847971 ] } },
{ "type": "Feature", "properties": { "内容": "デイサービスまごの手【通所介護】村上市塩町12番19号", "url2": "https://www.kaigokensaku.mhlw.go.jp/15/index.php?action_kouhyou_detail_004_kani=true&JigyosyoCd=1571200995-00&ServiceCd=150&Type=search" }, "geometry": { "type": "Point", "coordinates": [ 139.473829600000045, 38.2272533 ] } },
{ "type": "Feature", "properties": { "内容": "リブインハーモニー三之町デイサービスセンター【通所介護】新潟県村上市三之町４番２８号", "url2": "https://www.kaigokensaku.mhlw.go.jp/15/index.php?action_kouhyou_detail_004_kani=true&JigyosyoCd=1571200284-00&ServiceCd=150&Type=search" }, "geometry": { "type": "Point", "coordinates": [ 139.4827315, 38.2269537 ] } },
{ "type": "Feature", "properties": { "内容": "デイサービスいいの・ひかり苑【通所介護】村上市　飯野二丁目　4番　13号", "url2": "https://www.kaigokensaku.mhlw.go.jp/15/index.php?action_kouhyou_detail_004_kani=true&JigyosyoCd=1571200367-00&ServiceCd=150&Type=search" }, "geometry": { "type": "Point", "coordinates": [ 139.474932699999954, 38.2214904 ] } },
{ "type": "Feature", "properties": { "内容": "村上市社会福祉協議会さわらびセンター【通所介護】新潟県村上市小須戸304", "url2": "https://www.kaigokensaku.mhlw.go.jp/15/index.php?action_kouhyou_detail_004_kani=true&JigyosyoCd=1571200904-00&ServiceCd=150&Type=search" }, "geometry": { "type": "Point", "coordinates": [ 139.556687399999987, 38.3261242 ] } },
{ "type": "Feature", "properties": { "内容": "村上市社会福祉協議会　デイサービスセンター　きわなみ荘【通所介護】新潟県村上市九日市５１０番地", "url2": "https://www.kaigokensaku.mhlw.go.jp/15/index.php?action_kouhyou_detail_004_kani=true&JigyosyoCd=1571200912-00&ServiceCd=150&Type=search" }, "geometry": { "type": "Point", "coordinates": [ 139.458848699999976, 38.1767764 ] } },
{ "type": "Feature", "properties": { "内容": "村上市社会福祉協議会　デイサービスセンター　新きわなみ荘【通所介護】新潟県村上市九日市５１０番地", "url2": "https://www.kaigokensaku.mhlw.go.jp/15/index.php?action_kouhyou_detail_004_kani=true&JigyosyoCd=1571200920-00&ServiceCd=150&Type=search" }, "geometry": { "type": "Point", "coordinates": [ 139.458848699999976, 38.1767764 ] } },
{ "type": "Feature", "properties": { "内容": "リブインハーモニーレジデンス　デイサービスセンター【通所介護】新潟県村上市三之町4番33号", "url2": "https://www.kaigokensaku.mhlw.go.jp/15/index.php?action_kouhyou_detail_004_kani=true&JigyosyoCd=1571201076-00&ServiceCd=150&Type=search" }, "geometry": { "type": "Point", "coordinates": [ 139.4819427, 38.226887 ] } },
{ "type": "Feature", "properties": { "内容": "デイサービスセンターくろっかす【通所介護】新潟県村上市海老江９４２番地１", "url2": "https://www.kaigokensaku.mhlw.go.jp/15/index.php?action_kouhyou_detail_004_kani=true&JigyosyoCd=1571200631-00&ServiceCd=150&Type=search" }, "geometry": { "type": "Point", "coordinates": [ 139.414611299999933, 38.1429486 ] } },
{ "type": "Feature", "properties": { "内容": "デイサービスセンター羽衣【通所介護】新潟県村上市岩沢1616番地", "url2": "https://www.kaigokensaku.mhlw.go.jp/15/index.php?action_kouhyou_detail_004_kani=true&JigyosyoCd=1571200649-00&ServiceCd=150&Type=search" }, "geometry": { "type": "Point", "coordinates": [ 139.534690800000021, 38.262124300000011 ] } },
{ "type": "Feature", "properties": { "内容": "デイサービスセンターたかつぼ【通所介護】新潟県村上市下鍜冶屋５７２番地７", "url2": "https://www.kaigokensaku.mhlw.go.jp/15/index.php?action_kouhyou_detail_004_kani=true&JigyosyoCd=1571200656-00&ServiceCd=150&Type=search" }, "geometry": { "type": "Point", "coordinates": [ 139.447911383467044, 38.11329457571064 ] } },
{ "type": "Feature", "properties": { "内容": "村上市社会福祉協議会　デイサービスセンター「ゆり花荘」【通所介護】新潟県村上市勝木862番地1", "url2": "https://www.kaigokensaku.mhlw.go.jp/15/index.php?action_kouhyou_detail_004_kani=true&JigyosyoCd=1571200938-00&ServiceCd=150&Type=search" }, "geometry": { "type": "Point", "coordinates": [ 139.521367599999962, 38.4912288 ] } },
{ "type": "Feature", "properties": { "内容": "山辺里デイサービスセンター【通所介護】村上市日下１１９９番地３", "url2": "https://www.kaigokensaku.mhlw.go.jp/15/index.php?action_kouhyou_detail_004_kani=true&JigyosyoCd=1571200953-00&ServiceCd=150&Type=search" }, "geometry": { "type": "Point", "coordinates": [ 139.50944579999998, 38.2205808 ] } },
{ "type": "Feature", "properties": { "内容": "分水いちごの実デイサービス【通所介護】新潟県燕市五千石3223番3", "url2": "https://www.kaigokensaku.mhlw.go.jp/15/index.php?action_kouhyou_detail_004_kani=true&JigyosyoCd=1571300985-00&ServiceCd=150&Type=search" }, "geometry": { "type": "Point", "coordinates": [ 138.838902500000017, 37.6235686 ] } },
{ "type": "Feature", "properties": { "内容": "わんだふるらいふ【通所介護】新潟県燕市吉田６１１３－１", "url2": "https://www.kaigokensaku.mhlw.go.jp/15/index.php?action_kouhyou_detail_004_kani=true&JigyosyoCd=1571301025-00&ServiceCd=150&Type=search" }, "geometry": { "type": "Point", "coordinates": [ 138.871499093409739, 37.677443299338783 ] } },
{ "type": "Feature", "properties": { "内容": "デイサービスセンターラビット花はな【通所介護】新潟県燕市吉田鴻巣106番地1", "url2": "https://www.kaigokensaku.mhlw.go.jp/15/index.php?action_kouhyou_detail_004_kani=true&JigyosyoCd=1571300894-00&ServiceCd=150&Type=search" }, "geometry": { "type": "Point", "coordinates": [ 138.8842479, 37.7049758 ] } },
{ "type": "Feature", "properties": { "内容": "デイサービスセンター白ふじの里【通所介護】燕市大曲2472-1", "url2": "https://www.kaigokensaku.mhlw.go.jp/15/index.php?action_kouhyou_detail_004_kani=true&JigyosyoCd=1571300118-00&ServiceCd=150&Type=search" }, "geometry": { "type": "Point", "coordinates": [ 138.91489660000002, 37.6469486 ] } },
{ "type": "Feature", "properties": { "内容": "つばめケアセンターそよ風【通所介護】燕市東太田6814", "url2": "https://www.kaigokensaku.mhlw.go.jp/15/index.php?action_kouhyou_detail_004_kani=true&JigyosyoCd=1571300332-00&ServiceCd=150&Type=search" }, "geometry": { "type": "Point", "coordinates": [ 138.914878600000065, 37.6698373 ] } },
{ "type": "Feature", "properties": { "内容": "ツクイ吉田宮小路【通所介護】燕市吉田宮小路30-21", "url2": "https://www.kaigokensaku.mhlw.go.jp/15/index.php?action_kouhyou_detail_004_kani=true&JigyosyoCd=1571300381-00&ServiceCd=150&Type=search" }, "geometry": { "type": "Point", "coordinates": [ 138.872674500000016, 37.6976208 ] } },
{ "type": "Feature", "properties": { "内容": "デイサービスセンター分水の里さくら【通所介護】新潟県燕市新堀2479番地2", "url2": "https://www.kaigokensaku.mhlw.go.jp/15/index.php?action_kouhyou_detail_004_kani=true&JigyosyoCd=1571300548-00&ServiceCd=150&Type=search" }, "geometry": { "type": "Point", "coordinates": [ 138.8373967, 37.6375363 ] } },
{ "type": "Feature", "properties": { "内容": "つばめ第3デイサービスセンター【通所介護】燕市大曲2523番地1", "url2": "https://www.kaigokensaku.mhlw.go.jp/15/index.php?action_kouhyou_detail_004_kani=true&JigyosyoCd=1571300068-00&ServiceCd=150&Type=search" }, "geometry": { "type": "Point", "coordinates": [ 138.914941, 37.6475179 ] } },
{ "type": "Feature", "properties": { "内容": "つばめ第2デイサービスセンター【通所介護】新潟県燕市秋葉町4丁目12番地24", "url2": "https://www.kaigokensaku.mhlw.go.jp/15/index.php?action_kouhyou_detail_004_kani=true&JigyosyoCd=1571300076-00&ServiceCd=150&Type=search" }, "geometry": { "type": "Point", "coordinates": [ 138.913690299999985, 37.6615661 ] } },
{ "type": "Feature", "properties": { "内容": "デイサービスセンターつばめ福寿園【通所介護】新潟県燕市佐渡７４５番地１", "url2": "https://www.kaigokensaku.mhlw.go.jp/15/index.php?action_kouhyou_detail_004_kani=true&JigyosyoCd=1571300084-00&ServiceCd=150&Type=search" }, "geometry": { "type": "Point", "coordinates": [ 138.953461100000027, 37.6660142 ] } },
{ "type": "Feature", "properties": { "内容": "なごみケアセンター【通所介護】燕市水道町２－３－３８", "url2": "https://www.kaigokensaku.mhlw.go.jp/15/index.php?action_kouhyou_detail_004_kani=true&JigyosyoCd=1571300308-00&ServiceCd=150&Type=search" }, "geometry": { "type": "Point", "coordinates": [ 138.914854200000036, 37.6585776 ] } },
{ "type": "Feature", "properties": { "内容": "ツクイ燕【通所介護】新潟県燕市南1-14-17", "url2": "https://www.kaigokensaku.mhlw.go.jp/15/index.php?action_kouhyou_detail_004_kani=true&JigyosyoCd=1571300316-00&ServiceCd=150&Type=search" }, "geometry": { "type": "Point", "coordinates": [ 138.923978199999965, 37.6582586 ] } },
{ "type": "Feature", "properties": { "内容": "生きがい広場地蔵堂・デイサービス【通所介護】新潟県燕市分水栄町１番３号", "url2": "https://www.kaigokensaku.mhlw.go.jp/15/index.php?action_kouhyou_detail_004_kani=true&JigyosyoCd=1571300670-00&ServiceCd=150&Type=search" }, "geometry": { "type": "Point", "coordinates": [ 138.842445320901419, 37.625780528665778 ] } },
{ "type": "Feature", "properties": { "内容": "デイサービスセンター吉田愛宕の園【通所介護】燕市粟生津855番地", "url2": "https://www.kaigokensaku.mhlw.go.jp/15/index.php?action_kouhyou_detail_004_kani=true&JigyosyoCd=1571300761-00&ServiceCd=150&Type=search" }, "geometry": { "type": "Point", "coordinates": [ 138.871987399999966, 37.6497771 ] } },
{ "type": "Feature", "properties": { "内容": "デイサービスセンター太陽の園【通所介護】新潟県燕市吉田法花堂７４０番地", "url2": "https://www.kaigokensaku.mhlw.go.jp/15/index.php?action_kouhyou_detail_004_kani=true&JigyosyoCd=1571300415-00&ServiceCd=150&Type=search" }, "geometry": { "type": "Point", "coordinates": [ 138.884259499999985, 37.6860781 ] } },
{ "type": "Feature", "properties": { "内容": "デイサービスひのき文庫【通所介護】糸魚川市一の宮３丁目４－３０", "url2": "https://www.kaigokensaku.mhlw.go.jp/15/index.php?action_kouhyou_detail_004_kani=true&JigyosyoCd=1571500832-00&ServiceCd=150&Type=search" }, "geometry": { "type": "Point", "coordinates": [ 137.865638198743682, 37.037532827694271 ] } },
{ "type": "Feature", "properties": { "内容": "デイサービスセンターあじさい【通所介護】糸魚川市大字水保1788-1", "url2": "https://www.kaigokensaku.mhlw.go.jp/15/index.php?action_kouhyou_detail_004_kani=true&JigyosyoCd=1571500212-00&ServiceCd=150&Type=search" }, "geometry": { "type": "Point", "coordinates": [ 137.889645, 37.0152449 ] } },
{ "type": "Feature", "properties": { "内容": "デイサービスセンター　ささら苑【通所介護】新潟県糸魚川市大字能生４４６０番地", "url2": "https://www.kaigokensaku.mhlw.go.jp/15/index.php?action_kouhyou_detail_004_kani=true&JigyosyoCd=1571500352-00&ServiceCd=150&Type=search" }, "geometry": { "type": "Point", "coordinates": [ 137.989521200000013, 37.101532 ] } },
{ "type": "Feature", "properties": { "内容": "デイサービスセンターおおさわ【通所介護】新潟県糸魚川市大字大沢３１３番地１", "url2": "https://www.kaigokensaku.mhlw.go.jp/15/index.php?action_kouhyou_detail_004_kani=true&JigyosyoCd=1571500345-00&ServiceCd=150&Type=search" }, "geometry": { "type": "Point", "coordinates": [ 138.028054, 37.0815751 ] } },
{ "type": "Feature", "properties": { "内容": "デイサービスセンターおうみ【通所介護】糸魚川市大字田海５６００番地", "url2": "https://www.kaigokensaku.mhlw.go.jp/15/index.php?action_kouhyou_detail_004_kani=true&JigyosyoCd=1571500634-00&ServiceCd=150&Type=search" }, "geometry": { "type": "Point", "coordinates": [ 137.820934, 37.0291763 ] } },
{ "type": "Feature", "properties": { "内容": "デイサービスセンター　はま【通所介護】新潟県　糸魚川市　桜木　45番地1", "url2": "https://www.kaigokensaku.mhlw.go.jp/15/index.php?action_kouhyou_detail_004_kani=true&JigyosyoCd=1571500535-00&ServiceCd=150&Type=search" }, "geometry": { "type": "Point", "coordinates": [ 137.985057899999987, 37.0983436 ] } },
{ "type": "Feature", "properties": { "内容": "デイサービスセンタークレイドルやけやま【通所介護】糸魚川市大字梶屋敷915番地", "url2": "https://www.kaigokensaku.mhlw.go.jp/15/index.php?action_kouhyou_detail_004_kani=true&JigyosyoCd=1571500121-00&ServiceCd=150&Type=search" }, "geometry": { "type": "Point", "coordinates": [ 137.91533759999993, 37.0498419 ] } },
{ "type": "Feature", "properties": { "内容": "デイサービスセンターおしあげ【通所介護】新潟県糸魚川市南押上１丁目３番１１号", "url2": "https://www.kaigokensaku.mhlw.go.jp/15/index.php?action_kouhyou_detail_004_kani=true&JigyosyoCd=1571500600-00&ServiceCd=150&Type=search" }, "geometry": { "type": "Point", "coordinates": [ 137.877613118385284, 37.047298175672687 ] } },
{ "type": "Feature", "properties": { "内容": "糸魚川デイサービスセンター【通所介護】新潟県糸魚川市大字大野160", "url2": "https://www.kaigokensaku.mhlw.go.jp/15/index.php?action_kouhyou_detail_004_kani=true&JigyosyoCd=1571500071-00&ServiceCd=150&Type=search" }, "geometry": { "type": "Point", "coordinates": [ 137.861822641802945, 37.027088616432174 ] } },
{ "type": "Feature", "properties": { "内容": "てるてるぼうず通所介護事業部【通所介護】新潟県妙高市柳井田町4丁目12番14号", "url2": "https://www.kaigokensaku.mhlw.go.jp/15/index.php?action_kouhyou_detail_004_kani=true&JigyosyoCd=1571600251-00&ServiceCd=150&Type=search" }, "geometry": { "type": "Point", "coordinates": [ 138.259520228836095, 37.057812076182131 ] } },
{ "type": "Feature", "properties": { "内容": "みなかみの里ディ・サ－ビスセンター【通所介護】妙高市大字上新保549番地", "url2": "https://www.kaigokensaku.mhlw.go.jp/15/index.php?action_kouhyou_detail_004_kani=true&JigyosyoCd=1571600111-00&ServiceCd=150&Type=search" }, "geometry": { "type": "Point", "coordinates": [ 138.265568700000017, 37.0211444 ] } },
{ "type": "Feature", "properties": { "内容": "名香山苑デイサービスセンター【通所介護】妙高市大字関川７３３－２０", "url2": "https://www.kaigokensaku.mhlw.go.jp/15/index.php?action_kouhyou_detail_004_kani=true&JigyosyoCd=1571600392-00&ServiceCd=150&Type=search" }, "geometry": { "type": "Point", "coordinates": [ 138.204470799999967, 36.8697579 ] } },
{ "type": "Feature", "properties": { "内容": "妙高の里デイサービスセンター【通所介護】妙高市大字葎生531-1", "url2": "https://www.kaigokensaku.mhlw.go.jp/15/index.php?action_kouhyou_detail_004_kani=true&JigyosyoCd=1571600400-00&ServiceCd=150&Type=search" }, "geometry": { "type": "Point", "coordinates": [ 138.226139900000021, 36.931765 ] } },
{ "type": "Feature", "properties": { "内容": "デイサービスあおぞら【通所介護】新潟県妙高市柳井田町４－１２－１６", "url2": "https://www.kaigokensaku.mhlw.go.jp/15/index.php?action_kouhyou_detail_004_kani=true&JigyosyoCd=1571600715-00&ServiceCd=150&Type=search" }, "geometry": { "type": "Point", "coordinates": [ 138.259800360188251, 37.057628557416855 ] } },
{ "type": "Feature", "properties": { "内容": "デイサービスセンター新井【通所介護】妙高市高柳2丁目6番2号", "url2": "https://www.kaigokensaku.mhlw.go.jp/15/index.php?action_kouhyou_detail_004_kani=true&JigyosyoCd=1571600293-00&ServiceCd=150&Type=search" }, "geometry": { "type": "Point", "coordinates": [ 138.263704700000062, 37.0325707 ] } },
{ "type": "Feature", "properties": { "内容": "デイサービスセンター朝日【通所介護】新潟県妙高市朝日町1-9-14", "url2": "https://www.kaigokensaku.mhlw.go.jp/15/index.php?action_kouhyou_detail_004_kani=true&JigyosyoCd=1571600368-00&ServiceCd=150&Type=search" }, "geometry": { "type": "Point", "coordinates": [ 138.25311720000002, 37.0268711 ] } },
{ "type": "Feature", "properties": { "内容": "ツクイ五泉赤海【通所介護】新潟県五泉市赤海2-6-14", "url2": "https://www.kaigokensaku.mhlw.go.jp/15/index.php?action_kouhyou_detail_004_kani=true&JigyosyoCd=1571700721-00&ServiceCd=150&Type=search" }, "geometry": { "type": "Point", "coordinates": [ 139.1944112, 37.7349232 ] } },
{ "type": "Feature", "properties": { "内容": "五泉中央デイサービスセンター【通所介護】新潟県五泉市太田１１３３番地１", "url2": "https://www.kaigokensaku.mhlw.go.jp/15/index.php?action_kouhyou_detail_004_kani=true&JigyosyoCd=1571700101-00&ServiceCd=150&Type=search" }, "geometry": { "type": "Point", "coordinates": [ 139.1830453, 37.743672 ] } },
{ "type": "Feature", "properties": { "内容": "街なかデイサービスたからばこ【通所介護】新潟県五泉市村松甲2197番地1", "url2": "https://www.kaigokensaku.mhlw.go.jp/15/index.php?action_kouhyou_detail_004_kani=true&JigyosyoCd=1571700838-00&ServiceCd=150&Type=search" }, "geometry": { "type": "Point", "coordinates": [ 139.177900499999964, 37.6926265 ] } },
{ "type": "Feature", "properties": { "内容": "五泉市村松デイサービスセンター【通所介護】新潟県五泉市愛宕甲7211番地1五泉市村松デイサービスセンター", "url2": "https://www.kaigokensaku.mhlw.go.jp/15/index.php?action_kouhyou_detail_004_kani=true&JigyosyoCd=1571700341-00&ServiceCd=150&Type=search" }, "geometry": { "type": "Point", "coordinates": [ 139.1921582, 37.6875256 ] } },
{ "type": "Feature", "properties": { "内容": "デイサービスひなたぼっこ【通所介護】新潟県五泉市村松203番地1", "url2": "https://www.kaigokensaku.mhlw.go.jp/15/index.php?action_kouhyou_detail_004_kani=true&JigyosyoCd=1571700432-00&ServiceCd=150&Type=search" }, "geometry": { "type": "Point", "coordinates": [ 139.167107100000067, 37.6863058 ] } },
{ "type": "Feature", "properties": { "内容": "五泉はじめデイサービスセンター【通所介護】新潟県五泉市馬下１３８１", "url2": "https://www.kaigokensaku.mhlw.go.jp/15/index.php?action_kouhyou_detail_004_kani=true&JigyosyoCd=1571700044-00&ServiceCd=150&Type=search" }, "geometry": { "type": "Point", "coordinates": [ 139.260100779762297, 37.734818214067282 ] } },
{ "type": "Feature", "properties": { "内容": "デイサービス　ひまわり【通所介護】五泉市南本町３丁目９４９番地", "url2": "https://www.kaigokensaku.mhlw.go.jp/15/index.php?action_kouhyou_detail_004_kani=true&JigyosyoCd=1571700275-00&ServiceCd=150&Type=search" }, "geometry": { "type": "Point", "coordinates": [ 139.177376673819026, 37.730732823501505 ] } },
{ "type": "Feature", "properties": { "内容": "デイサービスセンター春日和船越【通所介護】新潟県五泉市船越９７３－４８", "url2": "https://www.kaigokensaku.mhlw.go.jp/15/index.php?action_kouhyou_detail_004_kani=true&JigyosyoCd=1571700655-00&ServiceCd=150&Type=search" }, "geometry": { "type": "Point", "coordinates": [ 139.167474299999981, 37.7626859 ] } },
{ "type": "Feature", "properties": { "内容": "さくら聖母の園デイサービスセンター【通所介護】上越市西城町２丁目３番２０号", "url2": "https://www.kaigokensaku.mhlw.go.jp/15/index.php?action_kouhyou_detail_004_kani=true&JigyosyoCd=1570300218-00&ServiceCd=150&Type=search" }, "geometry": { "type": "Point", "coordinates": [ 138.249911, 37.1116392 ] } },
{ "type": "Feature", "properties": { "内容": "ツクイ上越つちはし【通所介護】新潟県上越市土橋828-2", "url2": "https://www.kaigokensaku.mhlw.go.jp/15/index.php?action_kouhyou_detail_004_kani=true&JigyosyoCd=1570300804-00&ServiceCd=150&Type=search" }, "geometry": { "type": "Point", "coordinates": [ 138.243839665853898, 37.133503729709197 ] } },
{ "type": "Feature", "properties": { "内容": "デイサービスセンター悠久の里【通所介護】上越市とよば186番地", "url2": "https://www.kaigokensaku.mhlw.go.jp/15/index.php?action_kouhyou_detail_004_kani=true&JigyosyoCd=1570302362-00&ServiceCd=150&Type=search" }, "geometry": { "type": "Point", "coordinates": [ 138.274800899999946, 37.1028186 ] } },
{ "type": "Feature", "properties": { "内容": "ツクイ上越北城【通所介護】上越市北城町1－16－18", "url2": "https://www.kaigokensaku.mhlw.go.jp/15/index.php?action_kouhyou_detail_004_kani=true&JigyosyoCd=1570300887-00&ServiceCd=150&Type=search" }, "geometry": { "type": "Point", "coordinates": [ 138.262426199999936, 37.1157806 ] } },
{ "type": "Feature", "properties": { "内容": "沖見の里デイサービスセンター【通所介護】新潟県上越市牧区大月252番地", "url2": "https://www.kaigokensaku.mhlw.go.jp/15/index.php?action_kouhyou_detail_004_kani=true&JigyosyoCd=1570301406-00&ServiceCd=150&Type=search" }, "geometry": { "type": "Point", "coordinates": [ 138.3993792, 37.098730599999989 ] } },
{ "type": "Feature", "properties": { "内容": "名立デイサービスセンター椿寿苑【通所介護】上越市名立区名立大町4234番地", "url2": "https://www.kaigokensaku.mhlw.go.jp/15/index.php?action_kouhyou_detail_004_kani=true&JigyosyoCd=1570301885-00&ServiceCd=150&Type=search" }, "geometry": { "type": "Point", "coordinates": [ 138.09145209999997, 37.160013002942051 ] } },
{ "type": "Feature", "properties": { "内容": "まちトレ上越【通所介護】新潟県上越市新光町1-6-17", "url2": "https://www.kaigokensaku.mhlw.go.jp/15/index.php?action_kouhyou_detail_004_kani=true&JigyosyoCd=1570303881-00&ServiceCd=150&Type=search" }, "geometry": { "type": "Point", "coordinates": [ 138.238699200000042, 37.1502447 ] } },
{ "type": "Feature", "properties": { "内容": "デイホーム　金谷【通所介護】上越市大貫２丁目３－２６", "url2": "https://www.kaigokensaku.mhlw.go.jp/15/index.php?action_kouhyou_detail_004_kani=true&JigyosyoCd=1570300556-00&ServiceCd=150&Type=search" }, "geometry": { "type": "Point", "coordinates": [ 138.235862600000019, 37.1058142 ] } },
{ "type": "Feature", "properties": { "内容": "デイサービスセンター謙信高志の里【通所介護】上越市木田新田1丁目1番3号", "url2": "https://www.kaigokensaku.mhlw.go.jp/15/index.php?action_kouhyou_detail_004_kani=true&JigyosyoCd=1570300663-00&ServiceCd=150&Type=search" }, "geometry": { "type": "Point", "coordinates": [ 138.239124365081778, 37.139544018306594 ] } },
{ "type": "Feature", "properties": { "内容": "デイサービス大竹機能訓練センター【通所介護】上越市安江１－３－５", "url2": "https://www.kaigokensaku.mhlw.go.jp/15/index.php?action_kouhyou_detail_004_kani=true&JigyosyoCd=1570301034-00&ServiceCd=150&Type=search" }, "geometry": { "type": "Point", "coordinates": [ 138.262318400000026, 37.1726316 ] } },
{ "type": "Feature", "properties": { "内容": "社会福祉法人上越頸城福祉会デイサービスセンターゆりかご荘【通所介護】新潟県上越市大潟区犀潟４１０番地２", "url2": "https://www.kaigokensaku.mhlw.go.jp/15/index.php?action_kouhyou_detail_004_kani=true&JigyosyoCd=1570301364-00&ServiceCd=150&Type=search" }, "geometry": { "type": "Point", "coordinates": [ 138.30381239999997, 37.2088953 ] } },
{ "type": "Feature", "properties": { "内容": "くびきの里デイサービスセンター【通所介護】新潟県上越市頸城区上吉194番地1", "url2": "https://www.kaigokensaku.mhlw.go.jp/15/index.php?action_kouhyou_detail_004_kani=true&JigyosyoCd=1570301760-00&ServiceCd=150&Type=search" }, "geometry": { "type": "Point", "coordinates": [ 138.28764350000003, 37.1841199 ] } },
{ "type": "Feature", "properties": { "内容": "浦川原高齢者生活福祉センター【通所介護】上越市浦川原区顕聖寺242番地2", "url2": "https://www.kaigokensaku.mhlw.go.jp/15/index.php?action_kouhyou_detail_004_kani=true&JigyosyoCd=1570301786-00&ServiceCd=150&Type=search" }, "geometry": { "type": "Point", "coordinates": [ 138.422099600000024, 37.1586437 ] } },
{ "type": "Feature", "properties": { "内容": "大潟デイサービスセンターやすらぎの家【通所介護】上越市大潟区九戸浜240-2", "url2": "https://www.kaigokensaku.mhlw.go.jp/15/index.php?action_kouhyou_detail_004_kani=true&JigyosyoCd=1570301794-00&ServiceCd=150&Type=search" }, "geometry": { "type": "Point", "coordinates": [ 138.339021199999934, 37.240776 ] } },
{ "type": "Feature", "properties": { "内容": "頸城デイサービスセンター無憂の里【通所介護】上越市頸城区百間町６１５番地2", "url2": "https://www.kaigokensaku.mhlw.go.jp/15/index.php?action_kouhyou_detail_004_kani=true&JigyosyoCd=1570301810-00&ServiceCd=150&Type=search" }, "geometry": { "type": "Point", "coordinates": [ 138.331201299999947, 37.1867598 ] } },
{ "type": "Feature", "properties": { "内容": "デイサービスセンター三和愛宕の園【通所介護】上越市三和区野407番地1", "url2": "https://www.kaigokensaku.mhlw.go.jp/15/index.php?action_kouhyou_detail_004_kani=true&JigyosyoCd=1570301992-00&ServiceCd=150&Type=search" }, "geometry": { "type": "Point", "coordinates": [ 138.321874699999967, 37.1200842 ] } },
{ "type": "Feature", "properties": { "内容": "デイサービス谷浜【通所介護】新潟県上越市長浜1850番地", "url2": "https://www.kaigokensaku.mhlw.go.jp/15/index.php?action_kouhyou_detail_004_kani=true&JigyosyoCd=1570302198-00&ServiceCd=150&Type=search" }, "geometry": { "type": "Point", "coordinates": [ 138.182399, 37.1643356 ] } },
{ "type": "Feature", "properties": { "内容": "いこいの里あさひ【通所介護】上越市吉川区梶屋敷２０８４番１", "url2": "https://www.kaigokensaku.mhlw.go.jp/15/index.php?action_kouhyou_detail_004_kani=true&JigyosyoCd=1570302941-00&ServiceCd=150&Type=search" }, "geometry": { "type": "Point", "coordinates": [ 138.378303863229348, 37.222940293136432 ] } },
{ "type": "Feature", "properties": { "内容": "デイサービスたかだ桜園【通所介護】上越市東本町4丁目3番46号", "url2": "https://www.kaigokensaku.mhlw.go.jp/15/index.php?action_kouhyou_detail_004_kani=true&JigyosyoCd=1570303154-00&ServiceCd=150&Type=search" }, "geometry": { "type": "Point", "coordinates": [ 138.259334500000023, 37.1210048 ] } },
{ "type": "Feature", "properties": { "内容": "デイサービスサンクス高田【通所介護】新潟県上越市寺町3丁目10番11号", "url2": "https://www.kaigokensaku.mhlw.go.jp/15/index.php?action_kouhyou_detail_004_kani=true&JigyosyoCd=1570303519-00&ServiceCd=150&Type=search" }, "geometry": { "type": "Point", "coordinates": [ 138.241597599999977, 37.117263 ] } },
{ "type": "Feature", "properties": { "内容": "柿崎第1デイサービスセンター【通所介護】新潟県上越市柿崎区柿崎5548", "url2": "https://www.kaigokensaku.mhlw.go.jp/15/index.php?action_kouhyou_detail_004_kani=true&JigyosyoCd=1570304103-00&ServiceCd=150&Type=search" }, "geometry": { "type": "Point", "coordinates": [ 138.394426, 37.277943 ] } },
{ "type": "Feature", "properties": { "内容": "あたごデイサービス柿崎【通所介護】新潟県上越市柿崎区直海浜1445-10", "url2": "https://www.kaigokensaku.mhlw.go.jp/15/index.php?action_kouhyou_detail_004_kani=true&JigyosyoCd=1570304228-00&ServiceCd=150&Type=search" }, "geometry": { "type": "Point", "coordinates": [ 138.3830606, 37.2735384 ] } },
{ "type": "Feature", "properties": { "内容": "デイサービスセンター大潟【通所介護】新潟県上越市大潟区土底浜978番地1", "url2": "https://www.kaigokensaku.mhlw.go.jp/15/index.php?action_kouhyou_detail_004_kani=true&JigyosyoCd=1570301372-00&ServiceCd=150&Type=search" }, "geometry": { "type": "Point", "coordinates": [ 138.338829900000064, 37.2299882 ] } },
{ "type": "Feature", "properties": { "内容": "高田ケアセンターそよ風【通所介護】新潟県上越市大字中田原105-71", "url2": "https://www.kaigokensaku.mhlw.go.jp/15/index.php?action_kouhyou_detail_004_kani=true&JigyosyoCd=1570303972-00&ServiceCd=150&Type=search" }, "geometry": { "type": "Point", "coordinates": [ 138.237546593917813, 37.095553766438549 ] } },
{ "type": "Feature", "properties": { "内容": "デイホーム三郷【通所介護】新潟県上越市本長者原563番3", "url2": "https://www.kaigokensaku.mhlw.go.jp/15/index.php?action_kouhyou_detail_004_kani=true&JigyosyoCd=1570300598-00&ServiceCd=150&Type=search" }, "geometry": { "type": "Point", "coordinates": [ 138.286289099999948, 37.0907645 ] } },
{ "type": "Feature", "properties": { "内容": "デイサービスセンター　やまと【通所介護】新潟県上越市大和３丁目２１番８号", "url2": "https://www.kaigokensaku.mhlw.go.jp/15/index.php?action_kouhyou_detail_004_kani=true&JigyosyoCd=1570300853-00&ServiceCd=150&Type=search" }, "geometry": { "type": "Point", "coordinates": [ 138.250448, 37.0883618 ] } },
{ "type": "Feature", "properties": { "内容": "上越ケアセンターそよ風【通所介護】上越市安江1丁目3番40号", "url2": "https://www.kaigokensaku.mhlw.go.jp/15/index.php?action_kouhyou_detail_004_kani=true&JigyosyoCd=1570302057-00&ServiceCd=150&Type=search" }, "geometry": { "type": "Point", "coordinates": [ 138.263551600000028, 37.1721595 ] } },
{ "type": "Feature", "properties": { "内容": "デイサービスセンターエンジョイ倶楽部もんぜん【通所介護】新潟県上越市大字下門前１９１０番地", "url2": "https://www.kaigokensaku.mhlw.go.jp/15/index.php?action_kouhyou_detail_004_kani=true&JigyosyoCd=1570302545-00&ServiceCd=150&Type=search" }, "geometry": { "type": "Point", "coordinates": [ 138.254868177770959, 37.159064217356935 ] } },
{ "type": "Feature", "properties": { "内容": "デイサービスめぐみ【通所介護】新潟県上越市本町７丁目２番１号", "url2": "https://www.kaigokensaku.mhlw.go.jp/15/index.php?action_kouhyou_detail_004_kani=true&JigyosyoCd=1570302743-00&ServiceCd=150&Type=search" }, "geometry": { "type": "Point", "coordinates": [ 138.245877699999937, 37.1183603 ] } },
{ "type": "Feature", "properties": { "内容": "デイサービスセンター新光園【通所介護】上越市新光町3-10-31", "url2": "https://www.kaigokensaku.mhlw.go.jp/15/index.php?action_kouhyou_detail_004_kani=true&JigyosyoCd=1570300317-00&ServiceCd=150&Type=search" }, "geometry": { "type": "Point", "coordinates": [ 138.241248600000063, 37.1584882 ] } },
{ "type": "Feature", "properties": { "内容": "いなほ園デイサービスセンター【通所介護】上越市上真砂219番地", "url2": "https://www.kaigokensaku.mhlw.go.jp/15/index.php?action_kouhyou_detail_004_kani=true&JigyosyoCd=1570300655-00&ServiceCd=150&Type=search" }, "geometry": { "type": "Point", "coordinates": [ 138.300712293779043, 37.143774049760282 ] } },
{ "type": "Feature", "properties": { "内容": "ツクイ上越栄町【通所介護】上越市栄町1-7-26", "url2": "https://www.kaigokensaku.mhlw.go.jp/15/index.php?action_kouhyou_detail_004_kani=true&JigyosyoCd=1570300978-00&ServiceCd=150&Type=search" }, "geometry": { "type": "Point", "coordinates": [ 138.24229, 37.1626239 ] } },
{ "type": "Feature", "properties": { "内容": "えんじゅの郷デイサービスセンター【通所介護】新潟県上越市中郷区藤沢998番地1", "url2": "https://www.kaigokensaku.mhlw.go.jp/15/index.php?action_kouhyou_detail_004_kani=true&JigyosyoCd=1570301398-00&ServiceCd=150&Type=search" }, "geometry": { "type": "Point", "coordinates": [ 138.223345064140318, 36.980930420268415 ] } },
{ "type": "Feature", "properties": { "内容": "みやじまの里　清心荘【通所介護】新潟県上越市板倉区宮島135-1", "url2": "https://www.kaigokensaku.mhlw.go.jp/15/index.php?action_kouhyou_detail_004_kani=true&JigyosyoCd=1570301844-00&ServiceCd=150&Type=search" }, "geometry": { "type": "Point", "coordinates": [ 138.31301510000003, 37.0467907 ] } },
{ "type": "Feature", "properties": { "内容": "デイホーム登美の丘【通所介護】上越市国府1丁目15番7号", "url2": "https://www.kaigokensaku.mhlw.go.jp/15/index.php?action_kouhyou_detail_004_kani=true&JigyosyoCd=1570303220-00&ServiceCd=150&Type=search" }, "geometry": { "type": "Point", "coordinates": [ 138.222881669033768, 37.164513973339325 ] } },
{ "type": "Feature", "properties": { "内容": "三和デイサービスセンターすいせんの里【通所介護】上越市三和区井ノ口406番地1", "url2": "https://www.kaigokensaku.mhlw.go.jp/15/index.php?action_kouhyou_detail_004_kani=true&JigyosyoCd=1570301877-00&ServiceCd=150&Type=search" }, "geometry": { "type": "Point", "coordinates": [ 138.3458994, 37.125732571211032 ] } },
{ "type": "Feature", "properties": { "内容": "あたごデイサービス高田【通所介護】新潟県上越市大貫3丁目3番12号", "url2": "https://www.kaigokensaku.mhlw.go.jp/15/index.php?action_kouhyou_detail_004_kani=true&JigyosyoCd=1570304244-00&ServiceCd=150&Type=search" }, "geometry": { "type": "Point", "coordinates": [ 138.2346475, 37.1118266 ] } },
{ "type": "Feature", "properties": { "内容": "デイホームみんなの家【通所介護】新潟県上越市大貫1丁目15番14号", "url2": "https://www.kaigokensaku.mhlw.go.jp/15/index.php?action_kouhyou_detail_004_kani=true&JigyosyoCd=1570302131-00&ServiceCd=150&Type=search" }, "geometry": { "type": "Point", "coordinates": [ 138.233113, 37.102384 ] } },
{ "type": "Feature", "properties": { "内容": "通所介護太陽と緑の家今泉【通所介護】新潟県上越市大字今泉字西蓮池1310-8", "url2": "https://www.kaigokensaku.mhlw.go.jp/15/index.php?action_kouhyou_detail_004_kani=true&JigyosyoCd=1570302495-00&ServiceCd=150&Type=search" }, "geometry": { "type": "Point", "coordinates": [ 138.248412997050536, 37.094068083598096 ] } },
{ "type": "Feature", "properties": { "内容": "あたごデイサービス直江津【通所介護】新潟県上越市中央３丁目18番地7", "url2": "https://www.kaigokensaku.mhlw.go.jp/15/index.php?action_kouhyou_detail_004_kani=true&JigyosyoCd=1570304251-00&ServiceCd=150&Type=search" }, "geometry": { "type": "Point", "coordinates": [ 138.2464654, 37.1800723 ] } },
{ "type": "Feature", "properties": { "内容": "ニチイケアセンター直江津【通所介護】上越市五智新町1-24", "url2": "https://www.kaigokensaku.mhlw.go.jp/15/index.php?action_kouhyou_detail_004_kani=true&JigyosyoCd=1570302164-00&ServiceCd=150&Type=search" }, "geometry": { "type": "Point", "coordinates": [ 138.231110299999955, 37.1673702 ] } },
{ "type": "Feature", "properties": { "内容": "デイホームげんき【通所介護】上越市木田2丁目15番14号", "url2": "https://www.kaigokensaku.mhlw.go.jp/15/index.php?action_kouhyou_detail_004_kani=true&JigyosyoCd=1570302693-00&ServiceCd=150&Type=search" }, "geometry": { "type": "Point", "coordinates": [ 138.242268500000023, 37.1453093 ] } },
{ "type": "Feature", "properties": { "内容": "デイサービス太陽【通所介護】新潟県上越市中郷区二本木1888", "url2": "https://www.kaigokensaku.mhlw.go.jp/15/index.php?action_kouhyou_detail_004_kani=true&JigyosyoCd=1570304277-00&ServiceCd=150&Type=search" }, "geometry": { "type": "Point", "coordinates": [ 138.216354201325345, 36.975514086060429 ] } },
{ "type": "Feature", "properties": { "内容": "レッツ倶楽部高土町【通所介護】新潟県上越市高土町1-11-3", "url2": "https://www.kaigokensaku.mhlw.go.jp/15/index.php?action_kouhyou_detail_004_kani=true&JigyosyoCd=1570303956-00&ServiceCd=150&Type=search" }, "geometry": { "type": "Point", "coordinates": [ 138.2510766, 37.1239573 ] } },
{ "type": "Feature", "properties": { "内容": "上越イキイキクラブ南城【通所介護】新潟県上越市南城町2丁目5番21号カントリーハイツD店舗A", "url2": "https://www.kaigokensaku.mhlw.go.jp/15/index.php?action_kouhyou_detail_004_kani=true&JigyosyoCd=1570304095-00&ServiceCd=150&Type=search" }, "geometry": { "type": "Point", "coordinates": [ 138.255619, 37.1014195 ] } },
{ "type": "Feature", "properties": { "内容": "デイサービスセンター　シンパシー【通所介護】新潟県阿賀野市南安野町８番２０号", "url2": "https://www.kaigokensaku.mhlw.go.jp/15/index.php?action_kouhyou_detail_004_kani=true&JigyosyoCd=1572100756-00&ServiceCd=150&Type=search" }, "geometry": { "type": "Point", "coordinates": [ 139.211958600000031, 37.836549300000016 ] } },
{ "type": "Feature", "properties": { "内容": "阿賀野市デイサービスセンター第ニわかばの里【通所介護】阿賀野市稲荷町11番10号", "url2": "https://www.kaigokensaku.mhlw.go.jp/15/index.php?action_kouhyou_detail_004_kani=true&JigyosyoCd=1572100566-00&ServiceCd=150&Type=search" }, "geometry": { "type": "Point", "coordinates": [ 139.215881500000023, 37.8325733 ] } },
{ "type": "Feature", "properties": { "内容": "阿賀野市デイサービスセンター第二むすびの里【通所介護】新潟県阿賀野市寺社甲208番地１", "url2": "https://www.kaigokensaku.mhlw.go.jp/15/index.php?action_kouhyou_detail_004_kani=true&JigyosyoCd=1572100525-00&ServiceCd=150&Type=search" }, "geometry": { "type": "Point", "coordinates": [ 139.229337308598389, 37.782991622122609 ] } },
{ "type": "Feature", "properties": { "内容": "はあとふるあたごデイサービスセンター水原【通所介護】阿賀野市外城町21番2号", "url2": "https://www.kaigokensaku.mhlw.go.jp/15/index.php?action_kouhyou_detail_004_kani=true&JigyosyoCd=1572100483-00&ServiceCd=150&Type=search" }, "geometry": { "type": "Point", "coordinates": [ 139.231069544180315, 37.837333826843455 ] } },
{ "type": "Feature", "properties": { "内容": "ごきげん倶楽部しゃんしゃん【通所介護】阿賀野市山口町一丁目1687番1", "url2": "https://www.kaigokensaku.mhlw.go.jp/15/index.php?action_kouhyou_detail_004_kani=true&JigyosyoCd=1572100491-00&ServiceCd=150&Type=search" }, "geometry": { "type": "Point", "coordinates": [ 139.2120956, 37.8384557 ] } },
{ "type": "Feature", "properties": { "内容": "阿賀野市デイサービスセンターむすびの里【通所介護】新潟県阿賀野市寺社甲214番地", "url2": "https://www.kaigokensaku.mhlw.go.jp/15/index.php?action_kouhyou_detail_004_kani=true&JigyosyoCd=1572100509-00&ServiceCd=150&Type=search" }, "geometry": { "type": "Point", "coordinates": [ 139.2290395, 37.783024 ] } },
{ "type": "Feature", "properties": { "内容": "デイサービスセンターはもちの里【通所介護】新潟県佐渡市羽茂本郷２５番地", "url2": "https://www.kaigokensaku.mhlw.go.jp/15/index.php?action_kouhyou_detail_004_kani=true&JigyosyoCd=1572200051-00&ServiceCd=150&Type=search" }, "geometry": { "type": "Point", "coordinates": [ 138.311735590846183, 37.843476012320814 ] } },
{ "type": "Feature", "properties": { "内容": "やはたの里【通所介護】新潟県佐渡市八幡町340", "url2": "https://www.kaigokensaku.mhlw.go.jp/15/index.php?action_kouhyou_detail_004_kani=true&JigyosyoCd=1572200036-00&ServiceCd=150&Type=search" }, "geometry": { "type": "Point", "coordinates": [ 138.325604447885098, 37.995880450917845 ] } },
{ "type": "Feature", "properties": { "内容": "デイサービスセンターさど【通所介護】佐渡市両津湊343番地45", "url2": "https://www.kaigokensaku.mhlw.go.jp/15/index.php?action_kouhyou_detail_004_kani=true&JigyosyoCd=1572200796-00&ServiceCd=150&Type=search" }, "geometry": { "type": "Point", "coordinates": [ 138.4406199, 38.0751757 ] } },
{ "type": "Feature", "properties": { "内容": "ツクイ佐渡かない【通所介護】新潟県佐渡市吉井本郷字新町１４４－１", "url2": "https://www.kaigokensaku.mhlw.go.jp/15/index.php?action_kouhyou_detail_004_kani=true&JigyosyoCd=1572201000-00&ServiceCd=150&Type=search" }, "geometry": { "type": "Point", "coordinates": [ 138.391817645477317, 38.046329724801815 ] } },
{ "type": "Feature", "properties": { "内容": "デイサービスセンター大浦の里【通所介護】新潟県佐渡市相川大浦５３３番地２", "url2": "https://www.kaigokensaku.mhlw.go.jp/15/index.php?action_kouhyou_detail_004_kani=true&JigyosyoCd=1572200028-00&ServiceCd=150&Type=search" }, "geometry": { "type": "Point", "coordinates": [ 138.226938, 38.0155125 ] } },
{ "type": "Feature", "properties": { "内容": "デイサービスセンター　真野の里【通所介護】佐渡市真野新町624-2", "url2": "https://www.kaigokensaku.mhlw.go.jp/15/index.php?action_kouhyou_detail_004_kani=true&JigyosyoCd=1572200044-00&ServiceCd=150&Type=search" }, "geometry": { "type": "Point", "coordinates": [ 138.348328199999969, 37.964461 ] } },
{ "type": "Feature", "properties": { "内容": "金井デイサービスセンター　しゃくなげの里【通所介護】新潟県佐渡市中興乙２８２２番地１", "url2": "https://www.kaigokensaku.mhlw.go.jp/15/index.php?action_kouhyou_detail_004_kani=true&JigyosyoCd=1572200374-00&ServiceCd=150&Type=search" }, "geometry": { "type": "Point", "coordinates": [ 138.358363571163977, 38.028130181240442 ] } },
{ "type": "Feature", "properties": { "内容": "赤泊デイサービスセンターやすらぎ【通所介護】新潟県佐渡市赤泊２２０７番地１９", "url2": "https://www.kaigokensaku.mhlw.go.jp/15/index.php?action_kouhyou_detail_004_kani=true&JigyosyoCd=1572200416-00&ServiceCd=150&Type=search" }, "geometry": { "type": "Point", "coordinates": [ 138.409538099999963, 37.8657015 ] } },
{ "type": "Feature", "properties": { "内容": "両津デイサービスセンターしゃくなげ【通所介護】新潟県佐渡市春日１１５０番地２０", "url2": "https://www.kaigokensaku.mhlw.go.jp/15/index.php?action_kouhyou_detail_004_kani=true&JigyosyoCd=1572200903-00&ServiceCd=150&Type=search" }, "geometry": { "type": "Point", "coordinates": [ 138.430247799999961, 38.0899875 ] } },
{ "type": "Feature", "properties": { "内容": "ツクイ佐渡さわた【通所介護】新潟県佐渡市東大通1225-4", "url2": "https://www.kaigokensaku.mhlw.go.jp/15/index.php?action_kouhyou_detail_004_kani=true&JigyosyoCd=1572201109-00&ServiceCd=150&Type=search" }, "geometry": { "type": "Point", "coordinates": [ 138.329097, 38.0042919 ] } },
{ "type": "Feature", "properties": { "内容": "新穂デイサービスセンター【通所介護】新潟県佐渡市新穂大野1816番地2", "url2": "https://www.kaigokensaku.mhlw.go.jp/15/index.php?action_kouhyou_detail_004_kani=true&JigyosyoCd=1572200945-00&ServiceCd=150&Type=search" }, "geometry": { "type": "Point", "coordinates": [ 138.413988900000049, 38.0136628 ] } },
{ "type": "Feature", "properties": { "内容": "デイサービスセンター十季のあかり佐渡【通所介護】新潟県佐渡市青野334-8", "url2": "https://www.kaigokensaku.mhlw.go.jp/15/index.php?action_kouhyou_detail_004_kani=true&JigyosyoCd=1572201380-00&ServiceCd=150&Type=search" }, "geometry": { "type": "Point", "coordinates": [ 138.3039694, 38.0152059 ] } },
{ "type": "Feature", "properties": { "内容": "デイサービスセンター　雲雀ヶ丘【通所介護】新潟県魚沼市小出島２６０番地１", "url2": "https://www.kaigokensaku.mhlw.go.jp/15/index.php?action_kouhyou_detail_004_kani=true&JigyosyoCd=1572300323-00&ServiceCd=150&Type=search" }, "geometry": { "type": "Point", "coordinates": [ 138.959348, 37.2291174 ] } },
{ "type": "Feature", "properties": { "内容": "まちトレ魚沼【通所介護】魚沼市井口新田949-3", "url2": "https://www.kaigokensaku.mhlw.go.jp/15/index.php?action_kouhyou_detail_004_kani=true&JigyosyoCd=1572300679-00&ServiceCd=150&Type=search" }, "geometry": { "type": "Point", "coordinates": [ 138.969445586539933, 37.229248900148527 ] } },
{ "type": "Feature", "properties": { "内容": "デイサービスセンターひまわり【通所介護】新潟県魚沼市新保352", "url2": "https://www.kaigokensaku.mhlw.go.jp/15/index.php?action_kouhyou_detail_004_kani=true&JigyosyoCd=1572300083-00&ServiceCd=150&Type=search" }, "geometry": { "type": "Point", "coordinates": [ 138.9729625, 37.2440574 ] } },
{ "type": "Feature", "properties": { "内容": "湯之谷デイサービスセンター【通所介護】新潟県魚沼市下折立559番地1", "url2": "https://www.kaigokensaku.mhlw.go.jp/15/index.php?action_kouhyou_detail_004_kani=true&JigyosyoCd=1572300497-00&ServiceCd=150&Type=search" }, "geometry": { "type": "Point", "coordinates": [ 139.064779, 37.2066305 ] } },
{ "type": "Feature", "properties": { "内容": "前島ふれあいセンター【通所介護】新潟県　魚沼市大石82-1", "url2": "https://www.kaigokensaku.mhlw.go.jp/15/index.php?action_kouhyou_detail_004_kani=true&JigyosyoCd=1572300059-00&ServiceCd=150&Type=search" }, "geometry": { "type": "Point", "coordinates": [ 138.937824299999988, 37.2377136 ] } },
{ "type": "Feature", "properties": { "内容": "デイサービスセンターかんまち【通所介護】新潟県魚沼市小出島107－3", "url2": "https://www.kaigokensaku.mhlw.go.jp/15/index.php?action_kouhyou_detail_004_kani=true&JigyosyoCd=1572300687-00&ServiceCd=150&Type=search" }, "geometry": { "type": "Point", "coordinates": [ 138.962222600000018, 37.2309533 ] } },
{ "type": "Feature", "properties": { "内容": "デイサービスセンターうかじ園【通所介護】新潟県魚沼市徳田112番地1", "url2": "https://www.kaigokensaku.mhlw.go.jp/15/index.php?action_kouhyou_detail_004_kani=true&JigyosyoCd=1572300075-00&ServiceCd=150&Type=search" }, "geometry": { "type": "Point", "coordinates": [ 138.909464899999989, 37.2565193 ] } },
{ "type": "Feature", "properties": { "内容": "美雪園デイサービスセンター【通所介護】新潟県魚沼市和田413番地1", "url2": "https://www.kaigokensaku.mhlw.go.jp/15/index.php?action_kouhyou_detail_004_kani=true&JigyosyoCd=1572300091-00&ServiceCd=150&Type=search" }, "geometry": { "type": "Point", "coordinates": [ 138.979443899999978, 37.2785289 ] } },
{ "type": "Feature", "properties": { "内容": "守門デイサービスセンター【通所介護】魚沼市須原1237-1", "url2": "https://www.kaigokensaku.mhlw.go.jp/15/index.php?action_kouhyou_detail_004_kani=true&JigyosyoCd=1572300471-00&ServiceCd=150&Type=search" }, "geometry": { "type": "Point", "coordinates": [ 139.017381399999977, 37.3182441 ] } },
{ "type": "Feature", "properties": { "内容": "デイサービスゆlaxUONUMA【通所介護】新潟県魚沼市中原２３５番地５", "url2": "https://www.kaigokensaku.mhlw.go.jp/15/index.php?action_kouhyou_detail_004_kani=true&JigyosyoCd=1572300711-00&ServiceCd=150&Type=search" }, "geometry": { "type": "Point", "coordinates": [ 138.96687307976228, 37.219005911708862 ] } },
{ "type": "Feature", "properties": { "内容": "塩沢デイサービスセンターゆきつばき【通所介護】南魚沼市塩沢１３２８－２", "url2": "https://www.kaigokensaku.mhlw.go.jp/15/index.php?action_kouhyou_detail_004_kani=true&JigyosyoCd=1572400511-00&ServiceCd=150&Type=search" }, "geometry": { "type": "Point", "coordinates": [ 138.848604499999965, 37.0402574 ] } },
{ "type": "Feature", "properties": { "内容": "萌気園大和通所介護「地蔵の湯」【通所介護】新潟県南魚沼市市野江甲2-1", "url2": "https://www.kaigokensaku.mhlw.go.jp/15/index.php?action_kouhyou_detail_004_kani=true&JigyosyoCd=1572400107-00&ServiceCd=150&Type=search" }, "geometry": { "type": "Point", "coordinates": [ 138.910246899999947, 37.158380700000016 ] } },
{ "type": "Feature", "properties": { "内容": "八色園デイサービスセンター【通所介護】新潟県南魚沼市浦佐４０５９－１", "url2": "https://www.kaigokensaku.mhlw.go.jp/15/index.php?action_kouhyou_detail_004_kani=true&JigyosyoCd=1572400099-00&ServiceCd=150&Type=search" }, "geometry": { "type": "Point", "coordinates": [ 138.936185300000034, 37.1701323 ] } },
{ "type": "Feature", "properties": { "内容": "デイサービスセンターポプラ【通所介護】南魚沼市六日町１１４１番地１", "url2": "https://www.kaigokensaku.mhlw.go.jp/15/index.php?action_kouhyou_detail_004_kani=true&JigyosyoCd=1575800667-00&ServiceCd=150&Type=search" }, "geometry": { "type": "Point", "coordinates": [ 138.876337400000011, 37.0572283 ] } },
{ "type": "Feature", "properties": { "内容": "みなみ園デイサービスセンター【通所介護】南魚沼市六日町712-4", "url2": "https://www.kaigokensaku.mhlw.go.jp/15/index.php?action_kouhyou_detail_004_kani=true&JigyosyoCd=1572400065-00&ServiceCd=150&Type=search" }, "geometry": { "type": "Point", "coordinates": [ 138.865169199999968, 37.0553699 ] } },
{ "type": "Feature", "properties": { "内容": "まいこ園第２デイサービスセンター【通所介護】新潟県南魚沼市仙石１番地１８", "url2": "https://www.kaigokensaku.mhlw.go.jp/15/index.php?action_kouhyou_detail_004_kani=true&JigyosyoCd=1572400776-00&ServiceCd=150&Type=search" }, "geometry": { "type": "Point", "coordinates": [ 138.841398, 37.0063528 ] } },
{ "type": "Feature", "properties": { "内容": "雪椿の里デイサービスセンター【通所介護】新潟県南魚沼市穴地１４番地１", "url2": "https://www.kaigokensaku.mhlw.go.jp/15/index.php?action_kouhyou_detail_004_kani=true&JigyosyoCd=1572400883-00&ServiceCd=150&Type=search" }, "geometry": { "type": "Point", "coordinates": [ 138.95387089999997, 37.1370822 ] } },
{ "type": "Feature", "properties": { "内容": "胎内市デイサービスセンターいわはら荘【通所介護】新潟県胎内市下赤谷387番地１５", "url2": "https://www.kaigokensaku.mhlw.go.jp/15/index.php?action_kouhyou_detail_004_kani=true&JigyosyoCd=1572500344-00&ServiceCd=150&Type=search" }, "geometry": { "type": "Point", "coordinates": [ 139.450232300000039, 38.064197900000011 ] } },
{ "type": "Feature", "properties": { "内容": "デイサービスアップル花はな【通所介護】新潟県胎内市西条614番地1", "url2": "https://www.kaigokensaku.mhlw.go.jp/15/index.php?action_kouhyou_detail_004_kani=true&JigyosyoCd=1572500427-00&ServiceCd=150&Type=search" }, "geometry": { "type": "Point", "coordinates": [ 139.396682588238519, 38.068229573091521 ] } },
{ "type": "Feature", "properties": { "内容": "アクティブデイはすがた【通所介護】北蒲原郡聖籠町大字蓮潟2251-8", "url2": "https://www.kaigokensaku.mhlw.go.jp/15/index.php?action_kouhyou_detail_004_kani=true&JigyosyoCd=1575001035-00&ServiceCd=150&Type=search" }, "geometry": { "type": "Point", "coordinates": [ 139.266136, 37.9783545 ] } },
{ "type": "Feature", "properties": { "内容": "デイサービスセンターはすがた園【通所介護】新潟県北蒲原郡聖籠町大字蓮潟2249", "url2": "https://www.kaigokensaku.mhlw.go.jp/15/index.php?action_kouhyou_detail_004_kani=true&JigyosyoCd=1575001167-00&ServiceCd=150&Type=search" }, "geometry": { "type": "Point", "coordinates": [ 139.265986, 37.9791849 ] } },
{ "type": "Feature", "properties": { "内容": "弥彦介護施設あおぞら【通所介護】新潟県西蒲原郡弥彦村大字弥彦721番地", "url2": "https://www.kaigokensaku.mhlw.go.jp/15/index.php?action_kouhyou_detail_004_kani=true&JigyosyoCd=1575201304-00&ServiceCd=150&Type=search" }, "geometry": { "type": "Point", "coordinates": [ 138.828831400000013, 37.6914203 ] } },
{ "type": "Feature", "properties": { "内容": "デイサービスセンター　桜井の里【通所介護】新潟県西蒲原郡弥彦村大字麓３０３６番地", "url2": "https://www.kaigokensaku.mhlw.go.jp/15/index.php?action_kouhyou_detail_004_kani=true&JigyosyoCd=1575200306-00&ServiceCd=150&Type=search" }, "geometry": { "type": "Point", "coordinates": [ 138.826521100000036, 37.6800632 ] } },
{ "type": "Feature", "properties": { "内容": "デイサービスセンター　あじさいの里【通所介護】南蒲原郡田上町大字田上丙2987番地1", "url2": "https://www.kaigokensaku.mhlw.go.jp/15/index.php?action_kouhyou_detail_004_kani=true&JigyosyoCd=1575300163-00&ServiceCd=150&Type=search" }, "geometry": { "type": "Point", "coordinates": [ 139.077454699999947, 37.7202909 ] } },
{ "type": "Feature", "properties": { "内容": "老人介護施設　たがみの里　通所介護事業所【通所介護】南蒲原郡田上町大字川船河甲883番地1", "url2": "https://www.kaigokensaku.mhlw.go.jp/15/index.php?action_kouhyou_detail_004_kani=true&JigyosyoCd=1575300338-00&ServiceCd=150&Type=search" }, "geometry": { "type": "Point", "coordinates": [ 139.057551500000045, 37.6791196 ] } },
{ "type": "Feature", "properties": { "内容": "田上町デイサービスセンター【通所介護】南蒲原郡田上町大字田上丙1201番地1", "url2": "https://www.kaigokensaku.mhlw.go.jp/15/index.php?action_kouhyou_detail_004_kani=true&JigyosyoCd=1575300072-00&ServiceCd=150&Type=search" }, "geometry": { "type": "Point", "coordinates": [ 139.072473, 37.7121963 ] } },
{ "type": "Feature", "properties": { "内容": "半日デイサービス　ダイキョウ【通所介護】新潟県南蒲原郡田上町川船河甲８９７ー１３", "url2": "https://www.kaigokensaku.mhlw.go.jp/15/index.php?action_kouhyou_detail_004_kani=true&JigyosyoCd=1575300411-00&ServiceCd=150&Type=search" }, "geometry": { "type": "Point", "coordinates": [ 139.0584689, 37.6779723 ] } },
{ "type": "Feature", "properties": { "内容": "津川デイサービスセンター【通所介護】新潟県東蒲原郡阿賀町津川６６４番地阿賀町総合福祉保健センターやまぶきの里", "url2": "https://www.kaigokensaku.mhlw.go.jp/15/index.php?action_kouhyou_detail_004_kani=true&JigyosyoCd=1575400286-00&ServiceCd=150&Type=search" }, "geometry": { "type": "Point", "coordinates": [ 139.462096299999985, 37.6743328 ] } },
{ "type": "Feature", "properties": { "内容": "上川高齢者生活福祉センター【通所介護】新潟県東蒲原郡阿賀町三方甲1135番地１", "url2": "https://www.kaigokensaku.mhlw.go.jp/15/index.php?action_kouhyou_detail_004_kani=true&JigyosyoCd=1575400252-00&ServiceCd=150&Type=search" }, "geometry": { "type": "Point", "coordinates": [ 139.485635399999978, 37.599333 ] } },
{ "type": "Feature", "properties": { "内容": "鹿瀬デイサービスセンター【通所介護】東蒲原郡阿賀町鹿瀬11540番地55", "url2": "https://www.kaigokensaku.mhlw.go.jp/15/index.php?action_kouhyou_detail_004_kani=true&JigyosyoCd=1575400260-00&ServiceCd=150&Type=search" }, "geometry": { "type": "Point", "coordinates": [ 139.466393723729652, 37.706739345538523 ] } },
{ "type": "Feature", "properties": { "内容": "デイサービスセンター東蒲の里みかわ園【通所介護】新潟県東蒲原郡阿賀町あが野南４３１９－４", "url2": "https://www.kaigokensaku.mhlw.go.jp/15/index.php?action_kouhyou_detail_004_kani=true&JigyosyoCd=1575400120-00&ServiceCd=150&Type=search" }, "geometry": { "type": "Point", "coordinates": [ 139.368379900000036, 37.7078581 ] } },
{ "type": "Feature", "properties": { "内容": "デイサービスセンター東蒲の里【通所介護】新潟県東蒲原郡阿賀町津川207番地1", "url2": "https://www.kaigokensaku.mhlw.go.jp/15/index.php?action_kouhyou_detail_004_kani=true&JigyosyoCd=1575400138-00&ServiceCd=150&Type=search" }, "geometry": { "type": "Point", "coordinates": [ 139.46331269999996, 37.6785656 ] } },
{ "type": "Feature", "properties": { "内容": "デイサービスセンター紙ふうせん【通所介護】新潟県三島郡出雲崎町大字船橋483番地1", "url2": "https://www.kaigokensaku.mhlw.go.jp/15/index.php?action_kouhyou_detail_004_kani=true&JigyosyoCd=1575500499-00&ServiceCd=150&Type=search" }, "geometry": { "type": "Point", "coordinates": [ 138.704389900000024, 37.5134258 ] } },
{ "type": "Feature", "properties": { "内容": "ゆのさと園デイサービスセンター【通所介護】新潟県南魚沼郡湯沢町大字神立1647番地275", "url2": "https://www.kaigokensaku.mhlw.go.jp/15/index.php?action_kouhyou_detail_004_kani=true&JigyosyoCd=1575800261-00&ServiceCd=150&Type=search" }, "geometry": { "type": "Point", "coordinates": [ 138.832169499999964, 36.9294951 ] } },
{ "type": "Feature", "properties": { "内容": "津南町高齢者生活福祉センター【通所介護】新潟県中魚沼郡津南町大字下船渡丁２６８２番地３", "url2": "https://www.kaigokensaku.mhlw.go.jp/15/index.php?action_kouhyou_detail_004_kani=true&JigyosyoCd=1575900046-00&ServiceCd=150&Type=search" }, "geometry": { "type": "Point", "coordinates": [ 138.649105700000064, 37.0154851 ] } },
{ "type": "Feature", "properties": { "内容": "デイサービスセンターかりん【通所介護】新潟県中魚沼郡津南町大字芦ヶ崎乙329番地1特別養護老人ホームかりんの里", "url2": "https://www.kaigokensaku.mhlw.go.jp/15/index.php?action_kouhyou_detail_004_kani=true&JigyosyoCd=1575900244-00&ServiceCd=150&Type=search" }, "geometry": { "type": "Point", "coordinates": [ 138.634993399999985, 37.0035583 ] } },
{ "type": "Feature", "properties": { "内容": "ももの木デイサービスセンターきらら【通所介護】刈羽郡刈羽村大字刈羽１３６５番地２刈羽村高齢者福祉複合施設きらら内", "url2": "https://www.kaigokensaku.mhlw.go.jp/15/index.php?action_kouhyou_detail_004_kani=true&JigyosyoCd=1576000325-00&ServiceCd=150&Type=search" }, "geometry": { "type": "Point", "coordinates": [ 138.6178033, 37.425411 ] } },
{ "type": "Feature", "properties": { "内容": "関川村高齢者生活福祉センター【通所介護】新潟県岩船郡関川村大字湯沢1862-1", "url2": "https://www.kaigokensaku.mhlw.go.jp/15/index.php?action_kouhyou_detail_004_kani=true&JigyosyoCd=1576400269-00&ServiceCd=150&Type=search" }, "geometry": { "type": "Point", "coordinates": [ 139.576291399999945, 38.0935725 ] } }
]
}
