{
"type": "FeatureCollection",
"name": "geo_15_小学校",
"crs": { "type": "name", "properties": { "name": "urn:ogc:def:crs:EPSG::6668" } },
"features": [
{ "type": "Feature", "properties": { "P29_001": "15103", "P29_002": "B115110000014", "P29_003": "16001", "P29_004": "新潟大学附属新潟小学校", "P29_005": "新潟県新潟市中央区西大畑町5214", "P29_006": "1", "P29_007": "1", "P29_008": "00", "P29_009": null }, "geometry": { "type": "Point", "coordinates": [ 139.033988966572053, 37.924607058033736 ] } },
{ "type": "Feature", "properties": { "P29_001": "15202", "P29_002": "B115110000023", "P29_003": "16001", "P29_004": "新潟大学附属長岡小学校", "P29_005": "新潟県長岡市学校町1-1-1", "P29_006": "1", "P29_007": "1", "P29_008": "00", "P29_009": null }, "geometry": { "type": "Point", "coordinates": [ 138.863461230253222, 37.440621155521633 ] } },
{ "type": "Feature", "properties": { "P29_001": "15222", "P29_002": "B115110000032", "P29_003": "16001", "P29_004": "上越教育大学附属小学校", "P29_005": "新潟県上越市西城町1-7-1", "P29_006": "1", "P29_007": "1", "P29_008": "00", "P29_009": null }, "geometry": { "type": "Point", "coordinates": [ 138.253215961263692, 37.113386644298188 ] } },
{ "type": "Feature", "properties": { "P29_001": "15101", "P29_002": "B115210000012", "P29_003": "16001", "P29_004": "新潟市立松浜小学校", "P29_005": "新潟県新潟市北区松浜3-19-1", "P29_006": "3", "P29_007": "1", "P29_008": "00", "P29_009": null }, "geometry": { "type": "Point", "coordinates": [ 139.140011977109481, 37.953248203514519 ] } },
{ "type": "Feature", "properties": { "P29_001": "15101", "P29_002": "B115210000021", "P29_003": "16001", "P29_004": "新潟市立南浜小学校", "P29_005": "新潟県新潟市北区島見町2078", "P29_006": "3", "P29_007": "1", "P29_008": "00", "P29_009": null }, "geometry": { "type": "Point", "coordinates": [ 139.196707375854118, 37.970314970350351 ] } },
{ "type": "Feature", "properties": { "P29_001": "15101", "P29_002": "B115210000030", "P29_003": "16001", "P29_004": "新潟市立太夫浜小学校", "P29_005": "新潟県新潟市北区太夫浜2045-2", "P29_006": "3", "P29_007": "1", "P29_008": "00", "P29_009": null }, "geometry": { "type": "Point", "coordinates": [ 139.162929873465771, 37.957166935353129 ] } },
{ "type": "Feature", "properties": { "P29_001": "15101", "P29_002": "B115210000049", "P29_003": "16001", "P29_004": "新潟市立濁川小学校", "P29_005": "新潟県新潟市北区濁川284", "P29_006": "3", "P29_007": "1", "P29_008": "00", "P29_009": null }, "geometry": { "type": "Point", "coordinates": [ 139.159118861907103, 37.930721431252785 ] } },
{ "type": "Feature", "properties": { "P29_001": "15101", "P29_002": "B115210000058", "P29_003": "16001", "P29_004": "新潟市立葛塚小学校", "P29_005": "新潟県新潟市北区川西3-9-24", "P29_006": "3", "P29_007": "1", "P29_008": "00", "P29_009": null }, "geometry": { "type": "Point", "coordinates": [ 139.217112487305059, 37.907818227250743 ] } },
{ "type": "Feature", "properties": { "P29_001": "15101", "P29_002": "B115210000067", "P29_003": "16001", "P29_004": "新潟市立岡方第一小学校", "P29_005": "新潟県新潟市北区長戸呂985", "P29_006": "3", "P29_007": "1", "P29_008": "00", "P29_009": null }, "geometry": { "type": "Point", "coordinates": [ 139.185836738383898, 37.876816559918851 ] } },
{ "type": "Feature", "properties": { "P29_001": "15101", "P29_002": "B115210000076", "P29_003": "16001", "P29_004": "新潟市立岡方第二小学校", "P29_005": "新潟県新潟市北区森下1223", "P29_006": "3", "P29_007": "1", "P29_008": "00", "P29_009": null }, "geometry": { "type": "Point", "coordinates": [ 139.16475411089678, 37.905035569135215 ] } },
{ "type": "Feature", "properties": { "P29_001": "15101", "P29_002": "B115210000085", "P29_003": "16001", "P29_004": "新潟市立木崎小学校", "P29_005": "新潟県新潟市北区木崎2973", "P29_006": "3", "P29_007": "1", "P29_008": "00", "P29_009": null }, "geometry": { "type": "Point", "coordinates": [ 139.194831814792082, 37.940949663353507 ] } },
{ "type": "Feature", "properties": { "P29_001": "15101", "P29_002": "B115210000094", "P29_003": "16001", "P29_004": "新潟市立豊栄南小学校", "P29_005": "新潟県新潟市北区長場2621", "P29_006": "3", "P29_007": "1", "P29_008": "00", "P29_009": null }, "geometry": { "type": "Point", "coordinates": [ 139.213705391419921, 37.878739332770138 ] } },
{ "type": "Feature", "properties": { "P29_001": "15101", "P29_002": "B115210000101", "P29_003": "16001", "P29_004": "新潟市立葛塚東小学校", "P29_005": "新潟県新潟市北区朝日町4-1-2", "P29_006": "3", "P29_007": "1", "P29_008": "00", "P29_009": null }, "geometry": { "type": "Point", "coordinates": [ 139.226936039155646, 37.916706553682985 ] } },
{ "type": "Feature", "properties": { "P29_001": "15101", "P29_002": "B115210000110", "P29_003": "16001", "P29_004": "新潟市立早通南小学校", "P29_005": "新潟県新潟市北区須戸1-1-1", "P29_006": "3", "P29_007": "1", "P29_008": "00", "P29_009": null }, "geometry": { "type": "Point", "coordinates": [ 139.183621435859266, 37.918908083457616 ] } },
{ "type": "Feature", "properties": { "P29_001": "15102", "P29_002": "B115210000129", "P29_003": "16001", "P29_004": "新潟市立山の下小学校", "P29_005": "新潟県新潟市東区山の下町8-55", "P29_006": "3", "P29_007": "1", "P29_008": "00", "P29_009": null }, "geometry": { "type": "Point", "coordinates": [ 139.073456725177493, 37.94020515276933 ] } },
{ "type": "Feature", "properties": { "P29_001": "15102", "P29_002": "B115210000138", "P29_003": "16001", "P29_004": "新潟市立大形小学校", "P29_005": "新潟県新潟市東区大形本町2-6-1", "P29_006": "3", "P29_007": "1", "P29_008": "00", "P29_009": null }, "geometry": { "type": "Point", "coordinates": [ 139.119724710242537, 37.924678956151695 ] } },
{ "type": "Feature", "properties": { "P29_001": "15102", "P29_002": "B115210000147", "P29_003": "16001", "P29_004": "新潟市立中野山小学校", "P29_005": "新潟県新潟市東区中野山1-1-1", "P29_006": "3", "P29_007": "1", "P29_008": "00", "P29_009": null }, "geometry": { "type": "Point", "coordinates": [ 139.101032765219259, 37.903157981135536 ] } },
{ "type": "Feature", "properties": { "P29_001": "15102", "P29_002": "B115210000156", "P29_003": "16001", "P29_004": "新潟市立木戸小学校", "P29_005": "新潟県新潟市東区中山4-1-1", "P29_006": "3", "P29_007": "1", "P29_008": "00", "P29_009": null }, "geometry": { "type": "Point", "coordinates": [ 139.086498294983755, 37.916236038465186 ] } },
{ "type": "Feature", "properties": { "P29_001": "15102", "P29_002": "B115210000165", "P29_003": "16001", "P29_004": "新潟市立東山の下小学校", "P29_005": "新潟県新潟市東区藤見町1-23-57", "P29_006": "3", "P29_007": "1", "P29_008": "00", "P29_009": null }, "geometry": { "type": "Point", "coordinates": [ 139.090973506275645, 37.934340274969898 ] } },
{ "type": "Feature", "properties": { "P29_001": "15102", "P29_002": "B115210000174", "P29_003": "16001", "P29_004": "新潟市立桃山小学校", "P29_005": "新潟県新潟市東区桃山町2-204", "P29_006": "3", "P29_007": "1", "P29_008": "00", "P29_009": null }, "geometry": { "type": "Point", "coordinates": [ 139.078318905493205, 37.944459804354359 ] } },
{ "type": "Feature", "properties": { "P29_001": "15102", "P29_002": "B115210000183", "P29_003": "16001", "P29_004": "新潟市立下山小学校", "P29_005": "新潟県新潟市東区太平2-18", "P29_006": "3", "P29_007": "1", "P29_008": "00", "P29_009": null }, "geometry": { "type": "Point", "coordinates": [ 139.116643961578944, 37.943468248810085 ] } },
{ "type": "Feature", "properties": { "P29_001": "15102", "P29_002": "B115210000192", "P29_003": "16001", "P29_004": "新潟市立牡丹山小学校", "P29_005": "新潟県新潟市東区牡丹山6-15-1", "P29_006": "3", "P29_007": "1", "P29_008": "00", "P29_009": null }, "geometry": { "type": "Point", "coordinates": [ 139.098658678705334, 37.918951799175204 ] } },
{ "type": "Feature", "properties": { "P29_001": "15102", "P29_002": "B115210000209", "P29_003": "16001", "P29_004": "新潟市立東中野山小学校", "P29_005": "新潟県新潟市東区猿ヶ馬場9", "P29_006": "3", "P29_007": "1", "P29_008": "00", "P29_009": null }, "geometry": { "type": "Point", "coordinates": [ 139.119508546021535, 37.904617507486414 ] } },
{ "type": "Feature", "properties": { "P29_001": "15102", "P29_002": "B115210000218", "P29_003": "16001", "P29_004": "新潟市立竹尾小学校", "P29_005": "新潟県新潟市東区竹尾2-18-1", "P29_006": "3", "P29_007": "1", "P29_008": "00", "P29_009": null }, "geometry": { "type": "Point", "coordinates": [ 139.089371901164697, 37.910982837884376 ] } },
{ "type": "Feature", "properties": { "P29_001": "15102", "P29_002": "B115210000227", "P29_003": "16001", "P29_004": "新潟市立南中野山小学校", "P29_005": "新潟県新潟市東区中野山863-1", "P29_006": "3", "P29_007": "1", "P29_008": "00", "P29_009": null }, "geometry": { "type": "Point", "coordinates": [ 139.106294217898522, 37.895744893644768 ] } },
{ "type": "Feature", "properties": { "P29_001": "15102", "P29_002": "B115210000236", "P29_003": "16001", "P29_004": "新潟市立江南小学校", "P29_005": "新潟県新潟市東区江南5-1-1", "P29_006": "3", "P29_007": "1", "P29_008": "00", "P29_009": null }, "geometry": { "type": "Point", "coordinates": [ 139.082371665985164, 37.90426396070103 ] } },
{ "type": "Feature", "properties": { "P29_001": "15103", "P29_002": "B115210000245", "P29_003": "16001", "P29_004": "新潟市立浜浦小学校", "P29_005": "新潟県新潟市中央区浜浦町1-1", "P29_006": "3", "P29_007": "1", "P29_008": "00", "P29_009": null }, "geometry": { "type": "Point", "coordinates": [ 139.013123336758554, 37.91206137446293 ] } },
{ "type": "Feature", "properties": { "P29_001": "15103", "P29_002": "B115210000254", "P29_003": "16001", "P29_004": "新潟市立関屋小学校", "P29_005": "新潟県新潟市中央区関屋下川原2-664", "P29_006": "3", "P29_007": "1", "P29_008": "00", "P29_009": null }, "geometry": { "type": "Point", "coordinates": [ 139.025324688381943, 37.916107481279923 ] } },
{ "type": "Feature", "properties": { "P29_001": "15103", "P29_002": "B115210000263", "P29_003": "16001", "P29_004": "新潟市立鏡淵小学校", "P29_005": "新潟県新潟市中央区白山浦1-207-3", "P29_006": "3", "P29_007": "1", "P29_008": "00", "P29_009": null }, "geometry": { "type": "Point", "coordinates": [ 139.031656871902641, 37.915163298678856 ] } },
{ "type": "Feature", "properties": { "P29_001": "15103", "P29_002": "B115210000272", "P29_003": "16001", "P29_004": "新潟市立白山小学校", "P29_005": "新潟県新潟市中央区川端町1-1", "P29_006": "3", "P29_007": "1", "P29_008": "00", "P29_009": null }, "geometry": { "type": "Point", "coordinates": [ 139.042467382165768, 37.914371531496379 ] } },
{ "type": "Feature", "properties": { "P29_001": "15103", "P29_002": "B115210000281", "P29_003": "16001", "P29_004": "新潟市立新潟小学校", "P29_005": "新潟県新潟市中央区東大畑通1-679", "P29_006": "3", "P29_007": "1", "P29_008": "00", "P29_009": null }, "geometry": { "type": "Point", "coordinates": [ 139.039883754225116, 37.923752366019478 ] } },
{ "type": "Feature", "properties": { "P29_001": "15103", "P29_002": "B115210000290", "P29_003": "16001", "P29_004": "新潟市立沼垂小学校", "P29_005": "新潟県新潟市中央区鏡が岡5-5", "P29_006": "3", "P29_007": "1", "P29_008": "00", "P29_009": null }, "geometry": { "type": "Point", "coordinates": [ 139.07454700200725, 37.916075692238891 ] } },
{ "type": "Feature", "properties": { "P29_001": "15103", "P29_002": "B115210000307", "P29_003": "16001", "P29_004": "新潟市立山潟小学校", "P29_005": "新潟県新潟市中央区弁天橋通3-3-1", "P29_006": "3", "P29_007": "1", "P29_008": "00", "P29_009": null }, "geometry": { "type": "Point", "coordinates": [ 139.071649319448966, 37.88932127736804 ] } },
{ "type": "Feature", "properties": { "P29_001": "15103", "P29_002": "B115210000316", "P29_003": "16001", "P29_004": "新潟市立上所小学校", "P29_005": "新潟県新潟市中央区近江3-2-1", "P29_006": "3", "P29_007": "1", "P29_008": "00", "P29_009": null }, "geometry": { "type": "Point", "coordinates": [ 139.044123999374477, 37.902739852476337 ] } },
{ "type": "Feature", "properties": { "P29_001": "15103", "P29_002": "B115210000325", "P29_003": "16001", "P29_004": "新潟市立鳥屋野小学校", "P29_005": "新潟県新潟市中央区美咲町2-4-7", "P29_006": "3", "P29_007": "1", "P29_008": "00", "P29_009": null }, "geometry": { "type": "Point", "coordinates": [ 139.018555004921978, 37.883167995697733 ] } },
{ "type": "Feature", "properties": { "P29_001": "15103", "P29_002": "B115210000334", "P29_003": "16001", "P29_004": "新潟市立笹口小学校", "P29_005": "新潟県新潟市中央区笹口2-47", "P29_006": "3", "P29_007": "1", "P29_008": "00", "P29_009": null }, "geometry": { "type": "Point", "coordinates": [ 139.06859828276356, 37.912291982631267 ] } },
{ "type": "Feature", "properties": { "P29_001": "15103", "P29_002": "B115210000343", "P29_003": "16001", "P29_004": "新潟市立女池小学校", "P29_005": "新潟県新潟市中央区女池6-4-1", "P29_006": "3", "P29_007": "1", "P29_008": "00", "P29_009": null }, "geometry": { "type": "Point", "coordinates": [ 139.043707947256252, 37.892489181317067 ] } },
{ "type": "Feature", "properties": { "P29_001": "15103", "P29_002": "B115210000352", "P29_003": "16001", "P29_004": "新潟市立有明台小学校", "P29_005": "新潟県新潟市中央区有明台4-1", "P29_006": "3", "P29_007": "1", "P29_008": "00", "P29_009": null }, "geometry": { "type": "Point", "coordinates": [ 139.011342438794969, 37.901922468069344 ] } },
{ "type": "Feature", "properties": { "P29_001": "15103", "P29_002": "B115210000361", "P29_003": "16001", "P29_004": "新潟市立南万代小学校", "P29_005": "新潟県新潟市中央区幸西4-1-1", "P29_006": "3", "P29_007": "1", "P29_008": "00", "P29_009": null }, "geometry": { "type": "Point", "coordinates": [ 139.050664127842538, 37.913359129214093 ] } },
{ "type": "Feature", "properties": { "P29_001": "15103", "P29_002": "B115210000370", "P29_003": "16001", "P29_004": "新潟市立上山小学校", "P29_005": "新潟県新潟市中央区女池上山1-1-28", "P29_006": "3", "P29_007": "1", "P29_008": "00", "P29_009": null }, "geometry": { "type": "Point", "coordinates": [ 139.031407139555057, 37.895310027435521 ] } },
{ "type": "Feature", "properties": { "P29_001": "15103", "P29_002": "B115210000389", "P29_003": "16001", "P29_004": "新潟市立桜が丘小学校", "P29_005": "新潟県新潟市中央区姥ケ山6-1-21", "P29_006": "3", "P29_007": "1", "P29_008": "00", "P29_009": null }, "geometry": { "type": "Point", "coordinates": [ 139.079744154896105, 37.892529183915492 ] } },
{ "type": "Feature", "properties": { "P29_001": "15103", "P29_002": "B115210000398", "P29_003": "16001", "P29_004": "新潟市立紫竹山小学校", "P29_005": "新潟県新潟市中央区紫竹山1-12-1", "P29_006": "3", "P29_007": "1", "P29_008": "00", "P29_009": null }, "geometry": { "type": "Point", "coordinates": [ 139.059653439642773, 37.898707465604765 ] } },
{ "type": "Feature", "properties": { "P29_001": "15103", "P29_002": "B115210000405", "P29_003": "16001", "P29_004": "新潟市立万代長嶺小学校", "P29_005": "新潟県新潟市中央区東万代町4-1", "P29_006": "3", "P29_007": "1", "P29_008": "00", "P29_009": null }, "geometry": { "type": "Point", "coordinates": [ 139.065083978584312, 37.917512449136559 ] } },
{ "type": "Feature", "properties": { "P29_001": "15103", "P29_002": "B115210000414", "P29_003": "16001", "P29_004": "新潟市立日和山小学校", "P29_005": "新潟県新潟市中央区栄町3-5930-2", "P29_006": "3", "P29_007": "1", "P29_008": "00", "P29_009": null }, "geometry": { "type": "Point", "coordinates": [ 139.048745333437552, 37.935321943965171 ] } },
{ "type": "Feature", "properties": { "P29_001": "15104", "P29_002": "B115210000423", "P29_003": "16001", "P29_004": "新潟市立丸山小学校", "P29_005": "新潟県新潟市江南区丸山300", "P29_006": "3", "P29_007": "1", "P29_008": "00", "P29_009": null }, "geometry": { "type": "Point", "coordinates": [ 139.129839318576927, 37.879169779608134 ] } },
{ "type": "Feature", "properties": { "P29_001": "15104", "P29_002": "B115210000432", "P29_003": "16001", "P29_004": "新潟市立大淵小学校", "P29_005": "新潟県新潟市江南区大淵1760-1", "P29_006": "3", "P29_007": "1", "P29_008": "00", "P29_009": null }, "geometry": { "type": "Point", "coordinates": [ 139.140128003409444, 37.899773998367174 ] } },
{ "type": "Feature", "properties": { "P29_001": "15104", "P29_002": "B115210000441", "P29_003": "16001", "P29_004": "新潟市立曽野木小学校", "P29_005": "新潟県新潟市江南区天野2-7-1", "P29_006": "3", "P29_007": "1", "P29_008": "00", "P29_009": null }, "geometry": { "type": "Point", "coordinates": [ 139.032727579087151, 37.857430715060993 ] } },
{ "type": "Feature", "properties": { "P29_001": "15104", "P29_002": "B115210000450", "P29_003": "16001", "P29_004": "新潟市立東曽野木小学校", "P29_005": "新潟県新潟市江南区鐘木214-1", "P29_006": "3", "P29_007": "1", "P29_008": "00", "P29_009": null }, "geometry": { "type": "Point", "coordinates": [ 139.048930865639903, 37.868335611656128 ] } },
{ "type": "Feature", "properties": { "P29_001": "15104", "P29_002": "B115210000469", "P29_003": "16001", "P29_004": "新潟市立両川小学校", "P29_005": "新潟県新潟市江南区酒屋町687-1", "P29_006": "3", "P29_007": "1", "P29_008": "00", "P29_009": null }, "geometry": { "type": "Point", "coordinates": [ 139.072309177501836, 37.837832981307969 ] } },
{ "type": "Feature", "properties": { "P29_001": "15104", "P29_002": "B115210000478", "P29_003": "16001", "P29_004": "新潟市立横越小学校", "P29_005": "新潟県新潟市江南区横越中央6-3-1", "P29_006": "3", "P29_007": "1", "P29_008": "00", "P29_009": null }, "geometry": { "type": "Point", "coordinates": [ 139.148881169186694, 37.852135285311995 ] } },
{ "type": "Feature", "properties": { "P29_001": "15104", "P29_002": "B115210000487", "P29_003": "16001", "P29_004": "新潟市立早通小学校", "P29_005": "新潟県新潟市江南区早通5-7-2", "P29_006": "3", "P29_007": "1", "P29_008": "00", "P29_009": null }, "geometry": { "type": "Point", "coordinates": [ 139.087364349647373, 37.861818574731025 ] } },
{ "type": "Feature", "properties": { "P29_001": "15104", "P29_002": "B115210000496", "P29_003": "16001", "P29_004": "新潟市立亀田小学校", "P29_005": "新潟県新潟市江南区亀田新明町1-1-46", "P29_006": "3", "P29_007": "1", "P29_008": "00", "P29_009": null }, "geometry": { "type": "Point", "coordinates": [ 139.110940978746839, 37.868439272234106 ] } },
{ "type": "Feature", "properties": { "P29_001": "15104", "P29_002": "B115210000502", "P29_003": "16001", "P29_004": "新潟市立亀田東小学校", "P29_005": "新潟県新潟市江南区亀田水道町3-2-45", "P29_006": "3", "P29_007": "1", "P29_008": "00", "P29_009": null }, "geometry": { "type": "Point", "coordinates": [ 139.118535613269245, 37.869117544498195 ] } },
{ "type": "Feature", "properties": { "P29_001": "15104", "P29_002": "B115210000511", "P29_003": "16001", "P29_004": "新潟市立亀田西小学校", "P29_005": "新潟県新潟市江南区亀田四ツ興野4-1-1", "P29_006": "3", "P29_007": "1", "P29_008": "00", "P29_009": null }, "geometry": { "type": "Point", "coordinates": [ 139.099823653215935, 37.870377019716244 ] } },
{ "type": "Feature", "properties": { "P29_001": "15105", "P29_002": "B115210000520", "P29_003": "16001", "P29_004": "新潟市立荻川小学校", "P29_005": "新潟県新潟市秋葉区車場922-1", "P29_006": "3", "P29_007": "1", "P29_008": "00", "P29_009": null }, "geometry": { "type": "Point", "coordinates": [ 139.10018066483255, 37.833802471531669 ] } },
{ "type": "Feature", "properties": { "P29_001": "15105", "P29_002": "B115210000539", "P29_003": "16001", "P29_004": "新潟市立新津第一小学校", "P29_005": "新潟県新潟市秋葉区新津本町4-4-3", "P29_006": "3", "P29_007": "1", "P29_008": "00", "P29_009": null }, "geometry": { "type": "Point", "coordinates": [ 139.124478041577106, 37.793503621015674 ] } },
{ "type": "Feature", "properties": { "P29_001": "15105", "P29_002": "B115210000548", "P29_003": "16001", "P29_004": "新潟市立新津第二小学校", "P29_005": "新潟県新潟市秋葉区新町2-3-3", "P29_006": "3", "P29_007": "1", "P29_008": "00", "P29_009": null }, "geometry": { "type": "Point", "coordinates": [ 139.131328370119803, 37.797217142843152 ] } },
{ "type": "Feature", "properties": { "P29_001": "15105", "P29_002": "B115210000557", "P29_003": "16001", "P29_004": "新潟市立結小学校", "P29_005": "新潟県新潟市秋葉区結132", "P29_006": "3", "P29_007": "1", "P29_008": "00", "P29_009": null }, "geometry": { "type": "Point", "coordinates": [ 139.121582837437785, 37.828165756388302 ] } },
{ "type": "Feature", "properties": { "P29_001": "15105", "P29_002": "B115210000566", "P29_003": "16001", "P29_004": "新潟市立小合東小学校", "P29_005": "新潟県新潟市秋葉区小戸上組234", "P29_006": "3", "P29_007": "1", "P29_008": "00", "P29_009": null }, "geometry": { "type": "Point", "coordinates": [ 139.092945765203012, 37.793794889607064 ] } },
{ "type": "Feature", "properties": { "P29_001": "15105", "P29_002": "B115210000575", "P29_003": "16001", "P29_004": "新潟市立小合小学校", "P29_005": "新潟県新潟市秋葉区出戸180", "P29_006": "3", "P29_007": "1", "P29_008": "00", "P29_009": null }, "geometry": { "type": "Point", "coordinates": [ 139.071766105788583, 37.786063403641776 ] } },
{ "type": "Feature", "properties": { "P29_001": "15105", "P29_002": "B115210000584", "P29_003": "16001", "P29_004": "新潟市立金津小学校", "P29_005": "新潟県新潟市秋葉区古津88", "P29_006": "3", "P29_007": "1", "P29_008": "00", "P29_009": null }, "geometry": { "type": "Point", "coordinates": [ 139.117892534421486, 37.768610252190342 ] } },
{ "type": "Feature", "properties": { "P29_001": "15105", "P29_002": "B115210000593", "P29_003": "16001", "P29_004": "新潟市立新関小学校", "P29_005": "新潟県新潟市秋葉区下新766", "P29_006": "3", "P29_007": "1", "P29_008": "00", "P29_009": null }, "geometry": { "type": "Point", "coordinates": [ 139.171020667975085, 37.780500499277338 ] } },
{ "type": "Feature", "properties": { "P29_001": "15105", "P29_002": "B115210000600", "P29_003": "16001", "P29_004": "新潟市立新津第三小学校", "P29_005": "新潟県新潟市秋葉区山谷町3-4785", "P29_006": "3", "P29_007": "1", "P29_008": "00", "P29_009": null }, "geometry": { "type": "Point", "coordinates": [ 139.112402285170702, 37.80084080948177 ] } },
{ "type": "Feature", "properties": { "P29_001": "15105", "P29_002": "B115210000619", "P29_003": "16001", "P29_004": "新潟市立阿賀小学校", "P29_005": "新潟県新潟市秋葉区新津東町2-1325", "P29_006": "3", "P29_007": "1", "P29_008": "00", "P29_009": null }, "geometry": { "type": "Point", "coordinates": [ 139.145532312948944, 37.800534078811054 ] } },
{ "type": "Feature", "properties": { "P29_001": "15105", "P29_002": "B115210000628", "P29_003": "16001", "P29_004": "新潟市立小須戸小学校", "P29_005": "新潟県新潟市秋葉区横川浜541", "P29_006": "3", "P29_007": "1", "P29_008": "00", "P29_009": null }, "geometry": { "type": "Point", "coordinates": [ 139.072160608412901, 37.75213455213504 ] } },
{ "type": "Feature", "properties": { "P29_001": "15105", "P29_002": "B115210000637", "P29_003": "16001", "P29_004": "新潟市立矢代田小学校", "P29_005": "新潟県新潟市秋葉区矢代田5596", "P29_006": "3", "P29_007": "1", "P29_008": "00", "P29_009": null }, "geometry": { "type": "Point", "coordinates": [ 139.092645159420982, 37.73952372684677 ] } },
{ "type": "Feature", "properties": { "P29_001": "15106", "P29_002": "B115210000646", "P29_003": "16001", "P29_004": "新潟市立新飯田小学校", "P29_005": "新潟県新潟市南区新飯田1791", "P29_006": "3", "P29_007": "1", "P29_008": "00", "P29_009": null }, "geometry": { "type": "Point", "coordinates": [ 138.982007703275912, 37.687485462943755 ] } },
{ "type": "Feature", "properties": { "P29_001": "15106", "P29_002": "B115210000655", "P29_003": "16001", "P29_004": "新潟市立茨曽根小学校", "P29_005": "新潟県新潟市南区茨曽根1432-1", "P29_006": "3", "P29_007": "1", "P29_008": "00", "P29_009": null }, "geometry": { "type": "Point", "coordinates": [ 138.999926999189711, 37.71752624741606 ] } },
{ "type": "Feature", "properties": { "P29_001": "15106", "P29_002": "B115210000664", "P29_003": "16001", "P29_004": "新潟市立庄瀬小学校", "P29_005": "新潟県新潟市南区菱潟新田193", "P29_006": "3", "P29_007": "1", "P29_008": "00", "P29_009": null }, "geometry": { "type": "Point", "coordinates": [ 139.042272102942206, 37.721203407793624 ] } },
{ "type": "Feature", "properties": { "P29_001": "15106", "P29_002": "B115210000673", "P29_003": "16001", "P29_004": "新潟市立白根小学校", "P29_005": "新潟県新潟市南区白根1407", "P29_006": "3", "P29_007": "1", "P29_008": "00", "P29_009": null }, "geometry": { "type": "Point", "coordinates": [ 139.015927000949858, 37.764781002658673 ] } },
{ "type": "Feature", "properties": { "P29_001": "15106", "P29_002": "B115210000682", "P29_003": "16001", "P29_004": "新潟市立臼井小学校", "P29_005": "新潟県新潟市南区臼井4483", "P29_006": "3", "P29_007": "1", "P29_008": "00", "P29_009": null }, "geometry": { "type": "Point", "coordinates": [ 139.057786779378404, 37.776942567506637 ] } },
{ "type": "Feature", "properties": { "P29_001": "15106", "P29_002": "B115210000691", "P29_003": "16001", "P29_004": "新潟市立根岸小学校", "P29_005": "新潟県新潟市南区山崎興野2288", "P29_006": "3", "P29_007": "1", "P29_008": "00", "P29_009": null }, "geometry": { "type": "Point", "coordinates": [ 139.005204650367972, 37.809088357088449 ] } },
{ "type": "Feature", "properties": { "P29_001": "15106", "P29_002": "B115210000708", "P29_003": "16001", "P29_004": "新潟市立大通小学校", "P29_005": "新潟県新潟市南区大通南5-5426", "P29_006": "3", "P29_007": "1", "P29_008": "00", "P29_009": null }, "geometry": { "type": "Point", "coordinates": [ 139.021063351608802, 37.833224963347519 ] } },
{ "type": "Feature", "properties": { "P29_001": "15106", "P29_002": "B115210000717", "P29_003": "16001", "P29_004": "新潟市立小林小学校", "P29_005": "新潟県新潟市南区浦梨215-1", "P29_006": "3", "P29_007": "1", "P29_008": "00", "P29_009": null }, "geometry": { "type": "Point", "coordinates": [ 139.030523898547756, 37.75470119822797 ] } },
{ "type": "Feature", "properties": { "P29_001": "15106", "P29_002": "B115210000726", "P29_003": "16001", "P29_004": "新潟市立大鷲小学校", "P29_005": "新潟県新潟市南区東笠巻1202", "P29_006": "3", "P29_007": "1", "P29_008": "00", "P29_009": null }, "geometry": { "type": "Point", "coordinates": [ 139.053111049871006, 37.815873132799474 ] } },
{ "type": "Feature", "properties": { "P29_001": "15106", "P29_002": "B115210000735", "P29_003": "16001", "P29_004": "新潟市立味方小学校", "P29_005": "新潟県新潟市南区吉江370", "P29_006": "3", "P29_007": "1", "P29_008": "00", "P29_009": null }, "geometry": { "type": "Point", "coordinates": [ 139.011593003002105, 37.789666001487788 ] } },
{ "type": "Feature", "properties": { "P29_001": "15106", "P29_002": "B115210000744", "P29_003": "16001", "P29_004": "新潟市立月潟小学校", "P29_005": "新潟県新潟市南区月潟1410", "P29_006": "3", "P29_007": "1", "P29_008": "00", "P29_009": null }, "geometry": { "type": "Point", "coordinates": [ 138.998043254954325, 37.731561175880671 ] } },
{ "type": "Feature", "properties": { "P29_001": "15107", "P29_002": "B115210000753", "P29_003": "16001", "P29_004": "新潟市立小針小学校", "P29_005": "新潟県新潟市西区小針2-36-1", "P29_006": "3", "P29_007": "1", "P29_008": "00", "P29_009": null }, "geometry": { "type": "Point", "coordinates": [ 138.996241719399933, 37.888561451017367 ] } },
{ "type": "Feature", "properties": { "P29_001": "15107", "P29_002": "B115210000762", "P29_003": "16001", "P29_004": "新潟市立新通小学校", "P29_005": "新潟県新潟市西区坂井東6-18-1", "P29_006": "3", "P29_007": "1", "P29_008": "00", "P29_009": null }, "geometry": { "type": "Point", "coordinates": [ 138.964455091030288, 37.87043981928511 ] } },
{ "type": "Feature", "properties": { "P29_001": "15107", "P29_002": "B115210000771", "P29_003": "16001", "P29_004": "新潟市立内野小学校", "P29_005": "新潟県新潟市西区内野山手2-18-36", "P29_006": "3", "P29_007": "1", "P29_008": "00", "P29_009": null }, "geometry": { "type": "Point", "coordinates": [ 138.935178760922298, 37.859339104636604 ] } },
{ "type": "Feature", "properties": { "P29_001": "15107", "P29_002": "B115210000780", "P29_003": "16001", "P29_004": "新潟市立木山小学校", "P29_005": "新潟県新潟市西区谷内1886", "P29_006": "3", "P29_007": "1", "P29_008": "00", "P29_009": null }, "geometry": { "type": "Point", "coordinates": [ 138.89219925475868, 37.833329843712924 ] } },
{ "type": "Feature", "properties": { "P29_001": "15107", "P29_002": "B115210000799", "P29_003": "16001", "P29_004": "新潟市立赤塚小学校", "P29_005": "新潟県新潟市西区赤塚4478", "P29_006": "3", "P29_007": "1", "P29_008": "00", "P29_009": null }, "geometry": { "type": "Point", "coordinates": [ 138.883251621116756, 37.814930111823955 ] } },
{ "type": "Feature", "properties": { "P29_001": "15107", "P29_002": "B115210000806", "P29_003": "16001", "P29_004": "新潟市立小瀬小学校", "P29_005": "新潟県新潟市西区小瀬637", "P29_006": "3", "P29_007": "1", "P29_008": "00", "P29_009": null }, "geometry": { "type": "Point", "coordinates": [ 138.929297155356068, 37.823078666144653 ] } },
{ "type": "Feature", "properties": { "P29_001": "15107", "P29_002": "B115210000815", "P29_003": "16001", "P29_004": "新潟市立笠木小学校", "P29_005": "新潟県新潟市西区笠木1695", "P29_006": "3", "P29_007": "1", "P29_008": "00", "P29_009": null }, "geometry": { "type": "Point", "coordinates": [ 138.946688738418459, 37.842090998763467 ] } },
{ "type": "Feature", "properties": { "P29_001": "15107", "P29_002": "B115210000824", "P29_003": "16001", "P29_004": "新潟市立青山小学校", "P29_005": "新潟県新潟市西区西有明町4-1", "P29_006": "3", "P29_007": "1", "P29_008": "00", "P29_009": null }, "geometry": { "type": "Point", "coordinates": [ 138.989550814866135, 37.897440313645212 ] } },
{ "type": "Feature", "properties": { "P29_001": "15107", "P29_002": "B115210000833", "P29_003": "16001", "P29_004": "新潟市立真砂小学校", "P29_005": "新潟県新潟市西区真砂3-24-1", "P29_006": "3", "P29_007": "1", "P29_008": "00", "P29_009": null }, "geometry": { "type": "Point", "coordinates": [ 138.980810916626666, 37.891795604114755 ] } },
{ "type": "Feature", "properties": { "P29_001": "15107", "P29_002": "B115210000842", "P29_003": "16001", "P29_004": "新潟市立五十嵐小学校", "P29_005": "新潟県新潟市西区寺尾西4-23-1", "P29_006": "3", "P29_007": "1", "P29_008": "00", "P29_009": null }, "geometry": { "type": "Point", "coordinates": [ 138.960916488720926, 37.879158053158683 ] } },
{ "type": "Feature", "properties": { "P29_001": "15107", "P29_002": "B115210000851", "P29_003": "16001", "P29_004": "新潟市立坂井輪小学校", "P29_005": "新潟県新潟市西区坂井東1-2-1", "P29_006": "3", "P29_007": "1", "P29_008": "00", "P29_009": null }, "geometry": { "type": "Point", "coordinates": [ 138.98682735160574, 37.880673310177613 ] } },
{ "type": "Feature", "properties": { "P29_001": "15107", "P29_002": "B115210000860", "P29_003": "16001", "P29_004": "新潟市立坂井東小学校", "P29_005": "新潟県新潟市西区坂井東5-17-1", "P29_006": "3", "P29_007": "1", "P29_008": "00", "P29_009": null }, "geometry": { "type": "Point", "coordinates": [ 138.970987077176403, 37.867889491950287 ] } },
{ "type": "Feature", "properties": { "P29_001": "15107", "P29_002": "B115210000879", "P29_003": "16001", "P29_004": "新潟市立西内野小学校", "P29_005": "新潟県新潟市西区内野上新町308-1", "P29_006": "3", "P29_007": "1", "P29_008": "00", "P29_009": null }, "geometry": { "type": "Point", "coordinates": [ 138.91190866154227, 37.850159258905087 ] } },
{ "type": "Feature", "properties": { "P29_001": "15107", "P29_002": "B115210000888", "P29_003": "16001", "P29_004": "新潟市立東青山小学校", "P29_005": "新潟県新潟市西区青山261-1", "P29_006": "3", "P29_007": "1", "P29_008": "00", "P29_009": null }, "geometry": { "type": "Point", "coordinates": [ 139.008061001340053, 37.895753741730182 ] } },
{ "type": "Feature", "properties": { "P29_001": "15107", "P29_002": "B115210000897", "P29_003": "16001", "P29_004": "新潟市立黒埼南小学校", "P29_005": "新潟県新潟市西区木場911-1", "P29_006": "3", "P29_007": "1", "P29_008": "00", "P29_009": null }, "geometry": { "type": "Point", "coordinates": [ 138.9893916553157, 37.829944725417221 ] } },
{ "type": "Feature", "properties": { "P29_001": "15107", "P29_002": "B115210000904", "P29_003": "16001", "P29_004": "新潟市立内野小学校希望が丘分校", "P29_005": "新潟県新潟市西区五十嵐三の町9952", "P29_006": "3", "P29_007": "1", "P29_008": "00", "P29_009": null }, "geometry": { "type": "Point", "coordinates": [ 138.922917202256485, 37.857340747184452 ] } },
{ "type": "Feature", "properties": { "P29_001": "15107", "P29_002": "B115210000913", "P29_003": "16001", "P29_004": "新潟市立新通つばさ小学校", "P29_005": "新潟県新潟市西区大野137", "P29_006": "3", "P29_007": "1", "P29_008": "00", "P29_009": null }, "geometry": { "type": "Point", "coordinates": [ 138.95362831872248, 37.863567792904519 ] } },
{ "type": "Feature", "properties": { "P29_001": "15107", "P29_002": "B115210000922", "P29_003": "16001", "P29_004": "新潟市立大野小学校", "P29_005": "新潟県新潟市西区大野町3140ノ乙", "P29_006": "3", "P29_007": "1", "P29_008": "00", "P29_009": null }, "geometry": { "type": "Point", "coordinates": [ 139.018707432860822, 37.845050158589778 ] } },
{ "type": "Feature", "properties": { "P29_001": "15107", "P29_002": "B115210000931", "P29_003": "16001", "P29_004": "新潟市立山田小学校", "P29_005": "新潟県新潟市西区山田2781-2", "P29_006": "3", "P29_007": "1", "P29_008": "00", "P29_009": null }, "geometry": { "type": "Point", "coordinates": [ 139.012370231131086, 37.869257043980895 ] } },
{ "type": "Feature", "properties": { "P29_001": "15107", "P29_002": "B115210000940", "P29_003": "16001", "P29_004": "新潟市立立仏小学校", "P29_005": "新潟県新潟市西区立仏950", "P29_006": "3", "P29_007": "1", "P29_008": "00", "P29_009": null }, "geometry": { "type": "Point", "coordinates": [ 139.003249776832774, 37.872849586540944 ] } },
{ "type": "Feature", "properties": { "P29_001": "15108", "P29_002": "B115210000959", "P29_003": "16001", "P29_004": "新潟市立潟東小学校", "P29_005": "新潟県新潟市西蒲区三方250", "P29_006": "3", "P29_007": "1", "P29_008": "00", "P29_009": null }, "geometry": { "type": "Point", "coordinates": [ 138.961566797559868, 37.772353415685203 ] } },
{ "type": "Feature", "properties": { "P29_001": "15108", "P29_002": "B115210000968", "P29_003": "16001", "P29_004": "新潟市立岩室小学校", "P29_005": "新潟県新潟市西蒲区西長島510", "P29_006": "3", "P29_007": "1", "P29_008": "00", "P29_009": null }, "geometry": { "type": "Point", "coordinates": [ 138.851395261385619, 37.729980306494028 ] } },
{ "type": "Feature", "properties": { "P29_001": "15108", "P29_002": "B115210000977", "P29_003": "16001", "P29_004": "新潟市立和納小学校", "P29_005": "新潟県新潟市西蒲区和納1212", "P29_006": "3", "P29_007": "1", "P29_008": "00", "P29_009": null }, "geometry": { "type": "Point", "coordinates": [ 138.885527002084984, 37.722642997081763 ] } },
{ "type": "Feature", "properties": { "P29_001": "15108", "P29_002": "B115210000986", "P29_003": "16001", "P29_004": "新潟市立越前小学校", "P29_005": "新潟県新潟市西蒲区越前浜4670", "P29_006": "3", "P29_007": "1", "P29_008": "00", "P29_009": null }, "geometry": { "type": "Point", "coordinates": [ 138.843114241079945, 37.805332787324531 ] } },
{ "type": "Feature", "properties": { "P29_001": "15108", "P29_002": "B115210000995", "P29_003": "16001", "P29_004": "新潟市立松野尾小学校", "P29_005": "新潟県新潟市西蒲区松野尾690", "P29_006": "3", "P29_007": "1", "P29_008": "00", "P29_009": null }, "geometry": { "type": "Point", "coordinates": [ 138.877966743103968, 37.796017126468477 ] } },
{ "type": "Feature", "properties": { "P29_001": "15108", "P29_002": "B115210001002", "P29_003": "16001", "P29_004": "新潟市立漆山小学校", "P29_005": "新潟県新潟市西蒲区馬堀4515", "P29_006": "3", "P29_007": "1", "P29_008": "00", "P29_009": null }, "geometry": { "type": "Point", "coordinates": [ 138.920164531910132, 37.742861583209645 ] } },
{ "type": "Feature", "properties": { "P29_001": "15108", "P29_002": "B115210001011", "P29_003": "16001", "P29_004": "新潟市立巻北小学校", "P29_005": "新潟県新潟市西蒲区竹野町163", "P29_006": "3", "P29_007": "1", "P29_008": "00", "P29_009": null }, "geometry": { "type": "Point", "coordinates": [ 138.877075037024298, 37.764505272503733 ] } },
{ "type": "Feature", "properties": { "P29_001": "15108", "P29_002": "B115210001020", "P29_003": "16001", "P29_004": "新潟市立巻南小学校", "P29_005": "新潟県新潟市西蒲区堀山新田1301", "P29_006": "3", "P29_007": "1", "P29_008": "00", "P29_009": null }, "geometry": { "type": "Point", "coordinates": [ 138.876242942295619, 37.755897335537078 ] } },
{ "type": "Feature", "properties": { "P29_001": "15108", "P29_002": "B115210001039", "P29_003": "16001", "P29_004": "新潟市立鎧郷小学校", "P29_005": "新潟県新潟市西蒲区天竺堂412-4", "P29_006": "3", "P29_007": "1", "P29_008": "00", "P29_009": null }, "geometry": { "type": "Point", "coordinates": [ 138.901625761990317, 37.786680289642739 ] } },
{ "type": "Feature", "properties": { "P29_001": "15108", "P29_002": "B115210001048", "P29_003": "16001", "P29_004": "新潟市立曽根小学校", "P29_005": "新潟県新潟市西蒲区曽根750", "P29_006": "3", "P29_007": "1", "P29_008": "00", "P29_009": null }, "geometry": { "type": "Point", "coordinates": [ 138.918954412080666, 37.795851675498753 ] } },
{ "type": "Feature", "properties": { "P29_001": "15108", "P29_002": "B115210001057", "P29_003": "16001", "P29_004": "新潟市立升潟小学校", "P29_005": "新潟県新潟市西蒲区升潟2179", "P29_006": "3", "P29_007": "1", "P29_008": "00", "P29_009": null }, "geometry": { "type": "Point", "coordinates": [ 138.941260906751921, 37.810274546683125 ] } },
{ "type": "Feature", "properties": { "P29_001": "15108", "P29_002": "B115210001066", "P29_003": "16001", "P29_004": "新潟市立中之口東小学校", "P29_005": "新潟県新潟市西蒲区小吉1100", "P29_006": "3", "P29_007": "1", "P29_008": "00", "P29_009": null }, "geometry": { "type": "Point", "coordinates": [ 138.978515782685122, 37.707951745128888 ] } },
{ "type": "Feature", "properties": { "P29_001": "15108", "P29_002": "B115210001075", "P29_003": "16001", "P29_004": "新潟市立中之口西小学校", "P29_005": "新潟県新潟市西蒲区打越甲244", "P29_006": "3", "P29_007": "1", "P29_008": "00", "P29_009": null }, "geometry": { "type": "Point", "coordinates": [ 138.952821593916156, 37.730825065185741 ] } },
{ "type": "Feature", "properties": { "P29_001": "15202", "P29_002": "B115220200019", "P29_003": "16001", "P29_004": "長岡市立阪之上小学校", "P29_005": "新潟県長岡市今朝白1-11-21", "P29_006": "3", "P29_007": "1", "P29_008": "00", "P29_009": null }, "geometry": { "type": "Point", "coordinates": [ 138.857348771883892, 37.446623612419849 ] } },
{ "type": "Feature", "properties": { "P29_001": "15202", "P29_002": "B115220200028", "P29_003": "16001", "P29_004": "長岡市立中島小学校", "P29_005": "新潟県長岡市中島3-9-33", "P29_006": "3", "P29_007": "1", "P29_008": "00", "P29_009": null }, "geometry": { "type": "Point", "coordinates": [ 138.843778792255051, 37.452756280274137 ] } },
{ "type": "Feature", "properties": { "P29_001": "15202", "P29_002": "B115220200037", "P29_003": "16001", "P29_004": "長岡市立表町小学校", "P29_005": "新潟県長岡市中島5-7-7", "P29_006": "3", "P29_007": "1", "P29_008": "00", "P29_009": null }, "geometry": { "type": "Point", "coordinates": [ 138.84874662726574, 37.453868219046505 ] } },
{ "type": "Feature", "properties": { "P29_001": "15202", "P29_002": "B115220200046", "P29_003": "16001", "P29_004": "長岡市立神田小学校", "P29_005": "新潟県長岡市西神田町2-3", "P29_006": "3", "P29_007": "1", "P29_008": "00", "P29_009": null }, "geometry": { "type": "Point", "coordinates": [ 138.853222495227442, 37.459141152322147 ] } },
{ "type": "Feature", "properties": { "P29_001": "15202", "P29_002": "B115220200055", "P29_003": "16001", "P29_004": "長岡市立新町小学校", "P29_005": "新潟県長岡市西新町2-2-7", "P29_006": "3", "P29_007": "1", "P29_008": "00", "P29_009": null }, "geometry": { "type": "Point", "coordinates": [ 138.855519124710185, 37.463524595453094 ] } },
{ "type": "Feature", "properties": { "P29_001": "15202", "P29_002": "B115220200064", "P29_003": "16001", "P29_004": "長岡市立川崎小学校", "P29_005": "新潟県長岡市干場1-1-24", "P29_006": "3", "P29_007": "1", "P29_008": "00", "P29_009": null }, "geometry": { "type": "Point", "coordinates": [ 138.861710367421949, 37.451992843449034 ] } },
{ "type": "Feature", "properties": { "P29_001": "15202", "P29_002": "B115220200073", "P29_003": "16001", "P29_004": "長岡市立四郎丸小学校", "P29_005": "新潟県長岡市四郎丸1-2-25", "P29_006": "3", "P29_007": "1", "P29_008": "00", "P29_009": null }, "geometry": { "type": "Point", "coordinates": [ 138.857289995591657, 37.438899002351469 ] } },
{ "type": "Feature", "properties": { "P29_001": "15202", "P29_002": "B115220200082", "P29_003": "16001", "P29_004": "長岡市立千手小学校", "P29_005": "新潟県長岡市千手2-8-1", "P29_006": "3", "P29_007": "1", "P29_008": "00", "P29_009": null }, "geometry": { "type": "Point", "coordinates": [ 138.843553953760022, 37.442021270962435 ] } },
{ "type": "Feature", "properties": { "P29_001": "15202", "P29_002": "B115220200091", "P29_003": "16001", "P29_004": "長岡市立富曽亀小学校", "P29_005": "新潟県長岡市永田町555", "P29_006": "3", "P29_007": "1", "P29_008": "00", "P29_009": null }, "geometry": { "type": "Point", "coordinates": [ 138.874350696686662, 37.466053695877854 ] } },
{ "type": "Feature", "properties": { "P29_001": "15202", "P29_002": "B115220200108", "P29_003": "16001", "P29_004": "長岡市立黒条小学校", "P29_005": "新潟県長岡市高見町400", "P29_006": "3", "P29_007": "1", "P29_008": "00", "P29_009": null }, "geometry": { "type": "Point", "coordinates": [ 138.860382384048762, 37.498349032280686 ] } },
{ "type": "Feature", "properties": { "P29_001": "15202", "P29_002": "B115220200117", "P29_003": "16001", "P29_004": "長岡市立桂小学校", "P29_005": "新潟県長岡市桂町8", "P29_006": "3", "P29_007": "1", "P29_008": "00", "P29_009": null }, "geometry": { "type": "Point", "coordinates": [ 138.919406202180255, 37.481338995955618 ] } },
{ "type": "Feature", "properties": { "P29_001": "15202", "P29_002": "B115220200126", "P29_003": "16001", "P29_004": "長岡市立浦瀬小学校", "P29_005": "新潟県長岡市浦瀬町301", "P29_006": "3", "P29_007": "1", "P29_008": "00", "P29_009": null }, "geometry": { "type": "Point", "coordinates": [ 138.905080449639144, 37.467935191630346 ] } },
{ "type": "Feature", "properties": { "P29_001": "15202", "P29_002": "B115220200135", "P29_003": "16001", "P29_004": "長岡市立柿小学校", "P29_005": "新潟県長岡市柿町650-1", "P29_006": "3", "P29_007": "1", "P29_008": "00", "P29_009": null }, "geometry": { "type": "Point", "coordinates": [ 138.868066385717896, 37.423757347422253 ] } },
{ "type": "Feature", "properties": { "P29_001": "15202", "P29_002": "B115220200144", "P29_003": "16001", "P29_004": "長岡市立栖吉小学校", "P29_005": "新潟県長岡市悠久町3-232", "P29_006": "3", "P29_007": "1", "P29_008": "00", "P29_009": null }, "geometry": { "type": "Point", "coordinates": [ 138.880953674284143, 37.437476238221024 ] } },
{ "type": "Feature", "properties": { "P29_001": "15202", "P29_002": "B115220200153", "P29_003": "16001", "P29_004": "長岡市立前川小学校", "P29_005": "新潟県長岡市前島町75", "P29_006": "3", "P29_007": "1", "P29_008": "00", "P29_009": null }, "geometry": { "type": "Point", "coordinates": [ 138.822989163621173, 37.403846742894885 ] } },
{ "type": "Feature", "properties": { "P29_001": "15202", "P29_002": "B115220200162", "P29_003": "16001", "P29_004": "長岡市立宮内小学校", "P29_005": "新潟県長岡市宮栄3-22-1", "P29_006": "3", "P29_007": "1", "P29_008": "00", "P29_009": null }, "geometry": { "type": "Point", "coordinates": [ 138.8395809385745, 37.424845001058969 ] } },
{ "type": "Feature", "properties": { "P29_001": "15202", "P29_002": "B115220200171", "P29_003": "16001", "P29_004": "長岡市立上組小学校", "P29_005": "新潟県長岡市豊詰町227", "P29_006": "3", "P29_007": "1", "P29_008": "00", "P29_009": null }, "geometry": { "type": "Point", "coordinates": [ 138.841149457389349, 37.409411137612473 ] } },
{ "type": "Feature", "properties": { "P29_001": "15202", "P29_002": "B115220200180", "P29_003": "16001", "P29_004": "長岡市立石坂小学校", "P29_005": "新潟県長岡市村松町2735", "P29_006": "3", "P29_007": "1", "P29_008": "00", "P29_009": null }, "geometry": { "type": "Point", "coordinates": [ 138.854985795847142, 37.391435841737312 ] } },
{ "type": "Feature", "properties": { "P29_001": "15202", "P29_002": "B115220200199", "P29_003": "16001", "P29_004": "長岡市立十日町小学校", "P29_005": "新潟県長岡市十日町1220", "P29_006": "3", "P29_007": "1", "P29_008": "00", "P29_009": null }, "geometry": { "type": "Point", "coordinates": [ 138.83726239478176, 37.387826055852223 ] } },
{ "type": "Feature", "properties": { "P29_001": "15202", "P29_002": "B115220200206", "P29_003": "16001", "P29_004": "長岡市立大島小学校", "P29_005": "新潟県長岡市大島新町5-甲1000", "P29_006": "3", "P29_007": "1", "P29_008": "00", "P29_009": null }, "geometry": { "type": "Point", "coordinates": [ 138.821267411473031, 37.447220788160031 ] } },
{ "type": "Feature", "properties": { "P29_001": "15202", "P29_002": "B115220200215", "P29_003": "16001", "P29_004": "長岡市立才津小学校", "P29_005": "新潟県長岡市才津西町2200-子", "P29_006": "3", "P29_007": "1", "P29_008": "00", "P29_009": null }, "geometry": { "type": "Point", "coordinates": [ 138.797286904510344, 37.432387036413338 ] } },
{ "type": "Feature", "properties": { "P29_001": "15202", "P29_002": "B115220200224", "P29_003": "16001", "P29_004": "長岡市立深沢小学校", "P29_005": "新潟県長岡市深沢町3081", "P29_006": "3", "P29_007": "1", "P29_008": "00", "P29_009": null }, "geometry": { "type": "Point", "coordinates": [ 138.775491609879793, 37.412271560076384 ] } },
{ "type": "Feature", "properties": { "P29_001": "15202", "P29_002": "B115220200233", "P29_003": "16001", "P29_004": "長岡市立日越小学校", "P29_005": "新潟県長岡市宝地町197-1", "P29_006": "3", "P29_007": "1", "P29_008": "00", "P29_009": null }, "geometry": { "type": "Point", "coordinates": [ 138.798217655119487, 37.452632639979342 ] } },
{ "type": "Feature", "properties": { "P29_001": "15202", "P29_002": "B115220200242", "P29_003": "16001", "P29_004": "長岡市立関原小学校", "P29_005": "新潟県長岡市関原町2-110", "P29_006": "3", "P29_007": "1", "P29_008": "00", "P29_009": null }, "geometry": { "type": "Point", "coordinates": [ 138.773712979793657, 37.455349261793366 ] } },
{ "type": "Feature", "properties": { "P29_001": "15202", "P29_002": "B115220200251", "P29_003": "16001", "P29_004": "長岡市立福戸小学校", "P29_005": "新潟県長岡市福道町141", "P29_006": "3", "P29_007": "1", "P29_008": "00", "P29_009": null }, "geometry": { "type": "Point", "coordinates": [ 138.806051538147187, 37.478040461922355 ] } },
{ "type": "Feature", "properties": { "P29_001": "15202", "P29_002": "B115220200260", "P29_003": "16001", "P29_004": "長岡市立下川西小学校", "P29_005": "新潟県長岡市花井町1019", "P29_006": "3", "P29_007": "1", "P29_008": "00", "P29_009": null }, "geometry": { "type": "Point", "coordinates": [ 138.827028419068398, 37.507673586969887 ] } },
{ "type": "Feature", "properties": { "P29_001": "15202", "P29_002": "B115220200279", "P29_003": "16001", "P29_004": "長岡市立上川西小学校", "P29_005": "新潟県長岡市下柳2-8-46", "P29_006": "3", "P29_007": "1", "P29_008": "00", "P29_009": null }, "geometry": { "type": "Point", "coordinates": [ 138.834293273974197, 37.473647894422783 ] } },
{ "type": "Feature", "properties": { "P29_001": "15202", "P29_002": "B115220200288", "P29_003": "16001", "P29_004": "長岡市立宮本小学校", "P29_005": "新潟県長岡市宮本町1-甲67-1", "P29_006": "3", "P29_007": "1", "P29_008": "00", "P29_009": null }, "geometry": { "type": "Point", "coordinates": [ 138.745762154096354, 37.449846807903342 ] } },
{ "type": "Feature", "properties": { "P29_001": "15202", "P29_002": "B115220200297", "P29_003": "16001", "P29_004": "長岡市立大積小学校", "P29_005": "新潟県長岡市大積町1-甲1021", "P29_006": "3", "P29_007": "1", "P29_008": "00", "P29_009": null }, "geometry": { "type": "Point", "coordinates": [ 138.728523577088907, 37.429794105143387 ] } },
{ "type": "Feature", "properties": { "P29_001": "15202", "P29_002": "B115220200304", "P29_003": "16001", "P29_004": "長岡市立新組小学校", "P29_005": "新潟県長岡市福井町125", "P29_006": "3", "P29_007": "1", "P29_008": "00", "P29_009": null }, "geometry": { "type": "Point", "coordinates": [ 138.88389426555139, 37.501381728365487 ] } },
{ "type": "Feature", "properties": { "P29_001": "15202", "P29_002": "B115220200313", "P29_003": "16001", "P29_004": "長岡市立太田小学校", "P29_005": "新潟県長岡市濁沢町485", "P29_006": "3", "P29_007": "1", "P29_008": "00", "P29_009": null }, "geometry": { "type": "Point", "coordinates": [ 138.886427520579417, 37.360372126252322 ] } },
{ "type": "Feature", "properties": { "P29_001": "15202", "P29_002": "B115220200322", "P29_003": "16001", "P29_004": "長岡市立希望が丘小学校", "P29_005": "新潟県長岡市西津町2204-2", "P29_006": "3", "P29_007": "1", "P29_008": "00", "P29_009": null }, "geometry": { "type": "Point", "coordinates": [ 138.812955768745383, 37.439225580713305 ] } },
{ "type": "Feature", "properties": { "P29_001": "15202", "P29_002": "B115220200331", "P29_003": "16001", "P29_004": "長岡市立豊田小学校", "P29_005": "新潟県長岡市豊田町4-1", "P29_006": "3", "P29_007": "1", "P29_008": "00", "P29_009": null }, "geometry": { "type": "Point", "coordinates": [ 138.857081275478407, 37.427957533105584 ] } },
{ "type": "Feature", "properties": { "P29_001": "15202", "P29_002": "B115220200340", "P29_003": "16001", "P29_004": "長岡市立川崎東小学校", "P29_005": "新潟県長岡市川崎町671-1", "P29_006": "3", "P29_007": "1", "P29_008": "00", "P29_009": null }, "geometry": { "type": "Point", "coordinates": [ 138.866514015430766, 37.459537823000012 ] } },
{ "type": "Feature", "properties": { "P29_001": "15202", "P29_002": "B115220200359", "P29_003": "16001", "P29_004": "長岡市立青葉台小学校", "P29_005": "新潟県長岡市青葉台4-15", "P29_006": "3", "P29_007": "1", "P29_008": "00", "P29_009": null }, "geometry": { "type": "Point", "coordinates": [ 138.753464684088243, 37.440695139455016 ] } },
{ "type": "Feature", "properties": { "P29_001": "15202", "P29_002": "B115220200368", "P29_003": "16001", "P29_004": "長岡市立和島小学校", "P29_005": "新潟県長岡市小島谷3545-1", "P29_006": "3", "P29_007": "1", "P29_008": "00", "P29_009": null }, "geometry": { "type": "Point", "coordinates": [ 138.770246316004148, 37.576405518311596 ] } },
{ "type": "Feature", "properties": { "P29_001": "15202", "P29_002": "B115220200377", "P29_003": "16001", "P29_004": "長岡市立岡南小学校", "P29_005": "新潟県長岡市滝谷町143", "P29_006": "3", "P29_007": "1", "P29_008": "00", "P29_009": null }, "geometry": { "type": "Point", "coordinates": [ 138.835620413860255, 37.374372067450246 ] } },
{ "type": "Feature", "properties": { "P29_001": "15202", "P29_002": "B115220200386", "P29_003": "16001", "P29_004": "長岡市立下塩小学校", "P29_005": "新潟県長岡市吉水1720", "P29_006": "3", "P29_007": "1", "P29_008": "00", "P29_009": null }, "geometry": { "type": "Point", "coordinates": [ 139.019930199947623, 37.503435088169716 ] } },
{ "type": "Feature", "properties": { "P29_001": "15202", "P29_002": "B115220200402", "P29_003": "16001", "P29_004": "長岡市立東谷小学校", "P29_005": "新潟県長岡市栃堀53", "P29_006": "3", "P29_007": "1", "P29_008": "00", "P29_009": null }, "geometry": { "type": "Point", "coordinates": [ 139.018619543615955, 37.447348212002197 ] } },
{ "type": "Feature", "properties": { "P29_001": "15202", "P29_002": "B115220200411", "P29_003": "16001", "P29_004": "長岡市立栃尾東小学校", "P29_005": "新潟県長岡市栃尾原町4-3-1", "P29_006": "3", "P29_007": "1", "P29_008": "00", "P29_009": null }, "geometry": { "type": "Point", "coordinates": [ 138.998465790628501, 37.483603255320453 ] } },
{ "type": "Feature", "properties": { "P29_001": "15202", "P29_002": "B115220200420", "P29_003": "16001", "P29_004": "長岡市立栃尾南小学校", "P29_005": "新潟県長岡市上の原町1-18", "P29_006": "3", "P29_007": "1", "P29_008": "00", "P29_009": null }, "geometry": { "type": "Point", "coordinates": [ 138.996095051750331, 37.471214919616564 ] } },
{ "type": "Feature", "properties": { "P29_001": "15202", "P29_002": "B115220200439", "P29_003": "16001", "P29_004": "長岡市立上通小学校", "P29_005": "新潟県長岡市灰島新田10-2", "P29_006": "3", "P29_007": "1", "P29_008": "00", "P29_009": null }, "geometry": { "type": "Point", "coordinates": [ 138.87239292243504, 37.520088802887869 ] } },
{ "type": "Feature", "properties": { "P29_001": "15202", "P29_002": "B115220200448", "P29_003": "16001", "P29_004": "長岡市立信条小学校", "P29_005": "新潟県長岡市中条新田92", "P29_006": "3", "P29_007": "1", "P29_008": "00", "P29_009": null }, "geometry": { "type": "Point", "coordinates": [ 138.851831604287554, 37.601450579163441 ] } },
{ "type": "Feature", "properties": { "P29_001": "15202", "P29_002": "B115220200457", "P29_003": "16001", "P29_004": "長岡市立中之島中央小学校", "P29_005": "新潟県長岡市鶴ヶ曽根1162", "P29_006": "3", "P29_007": "1", "P29_008": "00", "P29_009": null }, "geometry": { "type": "Point", "coordinates": [ 138.869460193918286, 37.549165142230116 ] } },
{ "type": "Feature", "properties": { "P29_001": "15202", "P29_002": "B115220200466", "P29_003": "16001", "P29_004": "長岡市立越路小学校", "P29_005": "新潟県長岡市浦270", "P29_006": "3", "P29_007": "1", "P29_008": "00", "P29_009": null }, "geometry": { "type": "Point", "coordinates": [ 138.797408427873251, 37.399729790797139 ] } },
{ "type": "Feature", "properties": { "P29_001": "15202", "P29_002": "B115220200475", "P29_003": "16001", "P29_004": "長岡市立越路西小学校", "P29_005": "新潟県長岡市不動沢210-2", "P29_006": "3", "P29_007": "1", "P29_008": "00", "P29_009": null }, "geometry": { "type": "Point", "coordinates": [ 138.742710202881511, 37.365035207684301 ] } },
{ "type": "Feature", "properties": { "P29_001": "15202", "P29_002": "B115220200484", "P29_003": "16001", "P29_004": "長岡市立日吉小学校", "P29_005": "新潟県長岡市鳥越甲420", "P29_006": "3", "P29_007": "1", "P29_008": "00", "P29_009": null }, "geometry": { "type": "Point", "coordinates": [ 138.765669672444403, 37.471857827181729 ] } },
{ "type": "Feature", "properties": { "P29_001": "15202", "P29_002": "B115220200493", "P29_003": "16001", "P29_004": "長岡市立脇野町小学校", "P29_005": "新潟県長岡市脇野町1242", "P29_006": "3", "P29_007": "1", "P29_008": "00", "P29_009": null }, "geometry": { "type": "Point", "coordinates": [ 138.78745370384371, 37.501495163661943 ] } },
{ "type": "Feature", "properties": { "P29_001": "15202", "P29_002": "B115220200509", "P29_003": "16001", "P29_004": "長岡市立与板小学校", "P29_005": "新潟県長岡市与板町東与板52", "P29_006": "3", "P29_007": "1", "P29_008": "00", "P29_009": null }, "geometry": { "type": "Point", "coordinates": [ 138.815024864877529, 37.543107053222215 ] } },
{ "type": "Feature", "properties": { "P29_001": "15202", "P29_002": "B115220200518", "P29_003": "16001", "P29_004": "長岡市立寺泊小学校", "P29_005": "新潟県長岡市寺泊一里塚3890", "P29_006": "3", "P29_007": "1", "P29_008": "00", "P29_009": null }, "geometry": { "type": "Point", "coordinates": [ 138.772553260940811, 37.644176695960134 ] } },
{ "type": "Feature", "properties": { "P29_001": "15202", "P29_002": "B115220200527", "P29_003": "16001", "P29_004": "長岡市立大河津小学校", "P29_005": "新潟県長岡市寺泊求草1035", "P29_006": "3", "P29_007": "1", "P29_008": "00", "P29_009": null }, "geometry": { "type": "Point", "coordinates": [ 138.812207562667368, 37.611692762355645 ] } },
{ "type": "Feature", "properties": { "P29_001": "15202", "P29_002": "B115220200536", "P29_003": "16001", "P29_004": "長岡市立山古志小学校", "P29_005": "新潟県長岡市古志竹沢乙284", "P29_006": "3", "P29_007": "1", "P29_008": "00", "P29_009": null }, "geometry": { "type": "Point", "coordinates": [ 138.889710479282257, 37.331406924337458 ] } },
{ "type": "Feature", "properties": { "P29_001": "15202", "P29_002": "B115220200545", "P29_003": "16001", "P29_004": "長岡市立川口小学校", "P29_005": "新潟県長岡市西川口1149", "P29_006": "3", "P29_007": "1", "P29_008": "00", "P29_009": null }, "geometry": { "type": "Point", "coordinates": [ 138.862349313303014, 37.264376696424456 ] } },
{ "type": "Feature", "properties": { "P29_001": "15202", "P29_002": "B115220200554", "P29_003": "16001", "P29_004": "長岡市立小国小学校", "P29_005": "新潟県長岡市小国町二本柳80", "P29_006": "3", "P29_007": "1", "P29_008": "00", "P29_009": null }, "geometry": { "type": "Point", "coordinates": [ 138.702482001558252, 37.298758126387142 ] } },
{ "type": "Feature", "properties": { "P29_001": "15204", "P29_002": "B115220400017", "P29_003": "16001", "P29_004": "三条市立一ノ木戸小学校", "P29_005": "新潟県三条市興野1-18-1", "P29_006": "3", "P29_007": "1", "P29_008": "00", "P29_009": null }, "geometry": { "type": "Point", "coordinates": [ 138.967857715523053, 37.637373329775215 ] } },
{ "type": "Feature", "properties": { "P29_001": "15204", "P29_002": "B115220400026", "P29_003": "16001", "P29_004": "三条市立裏館小学校", "P29_005": "新潟県三条市東裏館3-2-67", "P29_006": "3", "P29_007": "1", "P29_008": "00", "P29_009": null }, "geometry": { "type": "Point", "coordinates": [ 138.960503089757708, 37.640289711982795 ] } },
{ "type": "Feature", "properties": { "P29_001": "15204", "P29_002": "B115220400035", "P29_003": "16001", "P29_004": "三条市立上林小学校", "P29_005": "新潟県三条市大字栗林1188", "P29_006": "3", "P29_007": "1", "P29_008": "00", "P29_009": null }, "geometry": { "type": "Point", "coordinates": [ 138.961548709265656, 37.652961953262526 ] } },
{ "type": "Feature", "properties": { "P29_001": "15204", "P29_002": "B115220400044", "P29_003": "16001", "P29_004": "三条市立井栗小学校", "P29_005": "新潟県三条市大字西潟3-30", "P29_006": "3", "P29_007": "1", "P29_008": "00", "P29_009": null }, "geometry": { "type": "Point", "coordinates": [ 138.994573031419236, 37.64290730254563 ] } },
{ "type": "Feature", "properties": { "P29_001": "15204", "P29_002": "B115220400053", "P29_003": "16001", "P29_004": "三条市立旭小学校", "P29_005": "新潟県三条市柳川新田431", "P29_006": "3", "P29_007": "1", "P29_008": "00", "P29_009": null }, "geometry": { "type": "Point", "coordinates": [ 138.990290821758038, 37.663649535225176 ] } },
{ "type": "Feature", "properties": { "P29_001": "15204", "P29_002": "B115220400062", "P29_003": "16001", "P29_004": "三条市立西鱈田小学校", "P29_005": "新潟県三条市大字東鱈田40", "P29_006": "3", "P29_007": "1", "P29_008": "00", "P29_009": null }, "geometry": { "type": "Point", "coordinates": [ 138.961152188452559, 37.607216343370062 ] } },
{ "type": "Feature", "properties": { "P29_001": "15204", "P29_002": "B115220400071", "P29_003": "16001", "P29_004": "三条市立月岡小学校", "P29_005": "新潟県三条市月岡1-34-1", "P29_006": "3", "P29_007": "1", "P29_008": "00", "P29_009": null }, "geometry": { "type": "Point", "coordinates": [ 138.973297041190762, 37.615149505808233 ] } },
{ "type": "Feature", "properties": { "P29_001": "15204", "P29_002": "B115220400080", "P29_003": "16001", "P29_004": "三条市立保内小学校", "P29_005": "新潟県三条市大字上保内乙500", "P29_006": "3", "P29_007": "1", "P29_008": "00", "P29_009": null }, "geometry": { "type": "Point", "coordinates": [ 139.018376765416463, 37.636690904271077 ] } },
{ "type": "Feature", "properties": { "P29_001": "15204", "P29_002": "B115220400099", "P29_003": "16001", "P29_004": "三条市立大島小学校", "P29_005": "新潟県三条市大字代官島2326", "P29_006": "3", "P29_007": "1", "P29_008": "00", "P29_009": null }, "geometry": { "type": "Point", "coordinates": [ 138.968264807678622, 37.675163320169553 ] } },
{ "type": "Feature", "properties": { "P29_001": "15204", "P29_002": "B115220400106", "P29_003": "16001", "P29_004": "三条市立須頃小学校", "P29_005": "新潟県三条市大字上須頃106", "P29_006": "3", "P29_007": "1", "P29_008": "00", "P29_009": null }, "geometry": { "type": "Point", "coordinates": [ 138.937263310721505, 37.634142241263348 ] } },
{ "type": "Feature", "properties": { "P29_001": "15204", "P29_002": "B115220400115", "P29_003": "16001", "P29_004": "三条市立嵐南小学校", "P29_005": "新潟県三条市南四日町1-1-1", "P29_006": "3", "P29_007": "1", "P29_008": "00", "P29_009": null }, "geometry": { "type": "Point", "coordinates": [ 138.957667560765685, 37.62340198345656 ] } },
{ "type": "Feature", "properties": { "P29_001": "15204", "P29_002": "B115220400124", "P29_003": "16001", "P29_004": "三条市立長沢小学校", "P29_005": "新潟県三条市大字笹岡579", "P29_006": "3", "P29_007": "1", "P29_008": "00", "P29_009": null }, "geometry": { "type": "Point", "coordinates": [ 139.029154773162588, 37.559171474274834 ] } },
{ "type": "Feature", "properties": { "P29_001": "15204", "P29_002": "B115220400133", "P29_003": "16001", "P29_004": "三条市立笹岡小学校", "P29_005": "新潟県三条市大字中野原329", "P29_006": "3", "P29_007": "1", "P29_008": "00", "P29_009": null }, "geometry": { "type": "Point", "coordinates": [ 139.049489615754908, 37.552300917765507 ] } },
{ "type": "Feature", "properties": { "P29_001": "15204", "P29_002": "B115220400142", "P29_003": "16001", "P29_004": "三条市立大浦小学校", "P29_005": "新潟県三条市大字上大浦666", "P29_006": "3", "P29_007": "1", "P29_008": "00", "P29_009": null }, "geometry": { "type": "Point", "coordinates": [ 139.009601651973838, 37.586458120557289 ] } },
{ "type": "Feature", "properties": { "P29_001": "15204", "P29_002": "B115220400151", "P29_003": "16001", "P29_004": "三条市立森町小学校", "P29_005": "新潟県三条市大字庭月85", "P29_006": "3", "P29_007": "1", "P29_008": "00", "P29_009": null }, "geometry": { "type": "Point", "coordinates": [ 139.112545190427056, 37.540064801788837 ] } },
{ "type": "Feature", "properties": { "P29_001": "15204", "P29_002": "B115220400160", "P29_003": "16001", "P29_004": "三条市立飯田小学校", "P29_005": "新潟県三条市大字飯田1000-1", "P29_006": "3", "P29_007": "1", "P29_008": "00", "P29_009": null }, "geometry": { "type": "Point", "coordinates": [ 139.049342793741317, 37.572753790245166 ] } },
{ "type": "Feature", "properties": { "P29_001": "15204", "P29_002": "B115220400179", "P29_003": "16001", "P29_004": "三条市立栄中央小学校", "P29_005": "新潟県三条市福島新田丁841", "P29_006": "3", "P29_007": "1", "P29_008": "00", "P29_009": null }, "geometry": { "type": "Point", "coordinates": [ 138.91646014128176, 37.589233779205884 ] } },
{ "type": "Feature", "properties": { "P29_001": "15204", "P29_002": "B115220400188", "P29_003": "16001", "P29_004": "三条市立栄北小学校", "P29_005": "新潟県三条市泉新田123", "P29_006": "3", "P29_007": "1", "P29_008": "00", "P29_009": null }, "geometry": { "type": "Point", "coordinates": [ 138.910933331043651, 37.622643910477983 ] } },
{ "type": "Feature", "properties": { "P29_001": "15204", "P29_002": "B115220400197", "P29_003": "16001", "P29_004": "三条市立大面小学校", "P29_005": "新潟県三条市大字北潟1", "P29_006": "3", "P29_007": "1", "P29_008": "00", "P29_009": null }, "geometry": { "type": "Point", "coordinates": [ 138.934027521452265, 37.573711274938681 ] } },
{ "type": "Feature", "properties": { "P29_001": "15205", "P29_002": "B115220500016", "P29_003": "16001", "P29_004": "柏崎市立柏崎小学校", "P29_005": "新潟県柏崎市学校町1-88", "P29_006": "3", "P29_007": "1", "P29_008": "00", "P29_009": null }, "geometry": { "type": "Point", "coordinates": [ 138.553769270532257, 37.371302713124663 ] } },
{ "type": "Feature", "properties": { "P29_001": "15205", "P29_002": "B115220500025", "P29_003": "16001", "P29_004": "柏崎市立比角小学校", "P29_005": "新潟県柏崎市扇町2-22", "P29_006": "3", "P29_007": "1", "P29_008": "00", "P29_009": null }, "geometry": { "type": "Point", "coordinates": [ 138.570548216059535, 37.368570652411314 ] } },
{ "type": "Feature", "properties": { "P29_001": "15205", "P29_002": "B115220500034", "P29_003": "16001", "P29_004": "柏崎市立枇杷島小学校", "P29_005": "新潟県柏崎市関町9-34", "P29_006": "3", "P29_007": "1", "P29_008": "00", "P29_009": null }, "geometry": { "type": "Point", "coordinates": [ 138.55377129506013, 37.359503573744377 ] } },
{ "type": "Feature", "properties": { "P29_001": "15205", "P29_002": "B115220500043", "P29_003": "16001", "P29_004": "柏崎市立大洲小学校", "P29_005": "新潟県柏崎市大久保2-10-13", "P29_006": "3", "P29_007": "1", "P29_008": "00", "P29_009": null }, "geometry": { "type": "Point", "coordinates": [ 138.54308033667823, 37.362272418888899 ] } },
{ "type": "Feature", "properties": { "P29_001": "15205", "P29_002": "B115220500052", "P29_003": "16001", "P29_004": "柏崎市立鯨波小学校", "P29_005": "新潟県柏崎市大字鯨波乙1032", "P29_006": "3", "P29_007": "1", "P29_008": "00", "P29_009": null }, "geometry": { "type": "Point", "coordinates": [ 138.515514236620987, 37.348904087574049 ] } },
{ "type": "Feature", "properties": { "P29_001": "15205", "P29_002": "B115220500061", "P29_003": "16001", "P29_004": "柏崎市立槇原小学校", "P29_005": "新潟県柏崎市春日3-4-31", "P29_006": "3", "P29_007": "1", "P29_008": "00", "P29_009": null }, "geometry": { "type": "Point", "coordinates": [ 138.579439929615717, 37.386028070588289 ] } },
{ "type": "Feature", "properties": { "P29_001": "15205", "P29_002": "B115220500070", "P29_003": "16001", "P29_004": "柏崎市立日吉小学校", "P29_005": "新潟県柏崎市大字土合806", "P29_006": "3", "P29_007": "1", "P29_008": "00", "P29_009": null }, "geometry": { "type": "Point", "coordinates": [ 138.598318953805034, 37.393246664539902 ] } },
{ "type": "Feature", "properties": { "P29_001": "15205", "P29_002": "B115220500089", "P29_003": "16001", "P29_004": "柏崎市立荒浜小学校", "P29_005": "新潟県柏崎市荒浜1-2-11", "P29_006": "3", "P29_007": "1", "P29_008": "00", "P29_009": null }, "geometry": { "type": "Point", "coordinates": [ 138.579871409107426, 37.401158867966728 ] } },
{ "type": "Feature", "properties": { "P29_001": "15205", "P29_002": "B115220500098", "P29_003": "16001", "P29_004": "柏崎市立田尻小学校", "P29_005": "新潟県柏崎市大字安田1455", "P29_006": "3", "P29_007": "1", "P29_008": "00", "P29_009": null }, "geometry": { "type": "Point", "coordinates": [ 138.603984995598154, 37.351710998830868 ] } },
{ "type": "Feature", "properties": { "P29_001": "15205", "P29_002": "B115220500105", "P29_003": "16001", "P29_004": "柏崎市立北鯖石小学校", "P29_005": "新潟県柏崎市中田1743-2", "P29_006": "3", "P29_007": "1", "P29_008": "00", "P29_009": null }, "geometry": { "type": "Point", "coordinates": [ 138.608081672170869, 37.373714337672808 ] } },
{ "type": "Feature", "properties": { "P29_001": "15205", "P29_002": "B115220500114", "P29_003": "16001", "P29_004": "柏崎市立中通小学校", "P29_005": "新潟県柏崎市大字曽地130", "P29_006": "3", "P29_007": "1", "P29_008": "00", "P29_009": null }, "geometry": { "type": "Point", "coordinates": [ 138.636120446816449, 37.402717368712715 ] } },
{ "type": "Feature", "properties": { "P29_001": "15205", "P29_002": "B115220500123", "P29_003": "16001", "P29_004": "柏崎市立米山小学校", "P29_005": "新潟県柏崎市米山町304-4", "P29_006": "3", "P29_007": "1", "P29_008": "00", "P29_009": null }, "geometry": { "type": "Point", "coordinates": [ 138.431204602090787, 37.315628870444229 ] } },
{ "type": "Feature", "properties": { "P29_001": "15205", "P29_002": "B115220500132", "P29_003": "16001", "P29_004": "柏崎市立鯖石小学校", "P29_005": "新潟県柏崎市大字加納2628-1", "P29_006": "3", "P29_007": "1", "P29_008": "00", "P29_009": null }, "geometry": { "type": "Point", "coordinates": [ 138.623721199996396, 37.306892766406371 ] } },
{ "type": "Feature", "properties": { "P29_001": "15205", "P29_002": "B115220500141", "P29_003": "16001", "P29_004": "柏崎市立新道小学校", "P29_005": "新潟県柏崎市新道5001-1", "P29_006": "3", "P29_007": "1", "P29_008": "00", "P29_009": null }, "geometry": { "type": "Point", "coordinates": [ 138.563458515957393, 37.325677145667086 ] } },
{ "type": "Feature", "properties": { "P29_001": "15205", "P29_002": "B115220500150", "P29_003": "16001", "P29_004": "柏崎市立剣野小学校", "P29_005": "新潟県柏崎市常盤台25-24", "P29_006": "3", "P29_007": "1", "P29_008": "00", "P29_009": null }, "geometry": { "type": "Point", "coordinates": [ 138.545857581596664, 37.356739760597748 ] } },
{ "type": "Feature", "properties": { "P29_001": "15205", "P29_002": "B115220500169", "P29_003": "16001", "P29_004": "柏崎市立北条小学校", "P29_005": "新潟県柏崎市大字北条1981-1", "P29_006": "3", "P29_007": "1", "P29_008": "00", "P29_009": null }, "geometry": { "type": "Point", "coordinates": [ 138.644485111802112, 37.343173563834675 ] } },
{ "type": "Feature", "properties": { "P29_001": "15205", "P29_002": "B115220500178", "P29_003": "16001", "P29_004": "柏崎市立高柳小学校", "P29_005": "新潟県柏崎市高柳町岡野町1485-3", "P29_006": "3", "P29_007": "1", "P29_008": "00", "P29_009": null }, "geometry": { "type": "Point", "coordinates": [ 138.636108649545037, 37.224047152602125 ] } },
{ "type": "Feature", "properties": { "P29_001": "15205", "P29_002": "B115220500187", "P29_003": "16001", "P29_004": "柏崎市立半田小学校", "P29_005": "新潟県柏崎市南半田1-1", "P29_006": "3", "P29_007": "1", "P29_008": "00", "P29_009": null }, "geometry": { "type": "Point", "coordinates": [ 138.577820037612128, 37.353090821435345 ] } },
{ "type": "Feature", "properties": { "P29_001": "15205", "P29_002": "B115220500196", "P29_003": "16001", "P29_004": "柏崎市立二田小学校", "P29_005": "新潟県柏崎市西山町長嶺1718", "P29_006": "3", "P29_007": "1", "P29_008": "00", "P29_009": null }, "geometry": { "type": "Point", "coordinates": [ 138.642554618185045, 37.450777363711794 ] } },
{ "type": "Feature", "properties": { "P29_001": "15205", "P29_002": "B115220500203", "P29_003": "16001", "P29_004": "柏崎市立内郷小学校", "P29_005": "新潟県柏崎市西山町上山田668-2", "P29_006": "3", "P29_007": "1", "P29_008": "00", "P29_009": null }, "geometry": { "type": "Point", "coordinates": [ 138.677197877806066, 37.475354500091314 ] } },
{ "type": "Feature", "properties": { "P29_001": "15206", "P29_002": "B115220600015", "P29_003": "16001", "P29_004": "新発田市立外ヶ輪小学校", "P29_005": "新潟県新発田市中央町5-8-9", "P29_006": "3", "P29_007": "1", "P29_008": "00", "P29_009": null }, "geometry": { "type": "Point", "coordinates": [ 139.329682879086135, 37.953769132441955 ] } },
{ "type": "Feature", "properties": { "P29_001": "15206", "P29_002": "B115220600024", "P29_003": "16001", "P29_004": "新発田市立猿橋小学校", "P29_005": "新潟県新発田市中曽根町3-8-29", "P29_006": "3", "P29_007": "1", "P29_008": "00", "P29_009": null }, "geometry": { "type": "Point", "coordinates": [ 139.309649099050688, 37.959609355341009 ] } },
{ "type": "Feature", "properties": { "P29_001": "15206", "P29_002": "B115220600033", "P29_003": "16001", "P29_004": "新発田市立二葉小学校", "P29_005": "新潟県新発田市中田町3-6-1", "P29_006": "3", "P29_007": "1", "P29_008": "00", "P29_009": null }, "geometry": { "type": "Point", "coordinates": [ 139.336890874313383, 37.962082004457223 ] } },
{ "type": "Feature", "properties": { "P29_001": "15206", "P29_002": "B115220600042", "P29_003": "16001", "P29_004": "新発田市立御免町小学校", "P29_005": "新潟県新発田市大栄町4-5-33", "P29_006": "3", "P29_007": "1", "P29_008": "00", "P29_009": null }, "geometry": { "type": "Point", "coordinates": [ 139.321258574702654, 37.943808903931831 ] } },
{ "type": "Feature", "properties": { "P29_001": "15206", "P29_002": "B115220600060", "P29_003": "16001", "P29_004": "新発田市立佐々木小学校", "P29_005": "新潟県新発田市則清856", "P29_006": "3", "P29_007": "1", "P29_008": "00", "P29_009": null }, "geometry": { "type": "Point", "coordinates": [ 139.282285910469255, 37.945037116089395 ] } },
{ "type": "Feature", "properties": { "P29_001": "15206", "P29_002": "B115220600079", "P29_003": "16001", "P29_004": "新発田市立七葉小学校", "P29_005": "新潟県新発田市黒岩66", "P29_006": "3", "P29_007": "1", "P29_008": "00", "P29_009": null }, "geometry": { "type": "Point", "coordinates": [ 139.371852756008167, 37.965213670751758 ] } },
{ "type": "Feature", "properties": { "P29_001": "15206", "P29_002": "B115220600088", "P29_003": "16001", "P29_004": "新発田市立住吉小学校", "P29_005": "新潟県新発田市住吉町3-6-22", "P29_006": "3", "P29_007": "1", "P29_008": "00", "P29_009": null }, "geometry": { "type": "Point", "coordinates": [ 139.307426047029594, 37.946587537682738 ] } },
{ "type": "Feature", "properties": { "P29_001": "15206", "P29_002": "B115220600097", "P29_003": "16001", "P29_004": "新発田市立東豊小学校", "P29_005": "新潟県新発田市東新町4-10-8", "P29_006": "3", "P29_007": "1", "P29_008": "00", "P29_009": null }, "geometry": { "type": "Point", "coordinates": [ 139.346836992354838, 37.945708434798348 ] } },
{ "type": "Feature", "properties": { "P29_001": "15206", "P29_002": "B115220600104", "P29_003": "16001", "P29_004": "新発田市立加治川小学校", "P29_005": "新潟県新発田市上今泉366", "P29_006": "3", "P29_007": "1", "P29_008": "00", "P29_009": null }, "geometry": { "type": "Point", "coordinates": [ 139.358947001062035, 37.989628000272084 ] } },
{ "type": "Feature", "properties": { "P29_001": "15206", "P29_002": "B115220600113", "P29_003": "16001", "P29_004": "新発田市立川東小学校", "P29_005": "新潟県新発田市立下羽津1938", "P29_006": "3", "P29_007": "1", "P29_008": "00", "P29_009": null }, "geometry": { "type": "Point", "coordinates": [ 139.386551851033005, 37.93355534497735 ] } },
{ "type": "Feature", "properties": { "P29_001": "15206", "P29_002": "B115220600122", "P29_003": "16001", "P29_004": "新発田市立東小学校", "P29_005": "新潟県新発田市五十公野4862", "P29_006": "3", "P29_007": "1", "P29_008": "00", "P29_009": null }, "geometry": { "type": "Point", "coordinates": [ 139.350441349560583, 37.928437788040128 ] } },
{ "type": "Feature", "properties": { "P29_001": "15206", "P29_002": "B115220600177", "P29_003": "16001", "P29_004": "新発田市立紫雲寺小学校", "P29_005": "新潟県新発田市稲荷岡2389", "P29_006": "3", "P29_007": "1", "P29_008": "00", "P29_009": null }, "geometry": { "type": "Point", "coordinates": [ 139.318016146031567, 38.014154847585388 ] } },
{ "type": "Feature", "properties": { "P29_001": "15206", "P29_002": "B115220600186", "P29_003": "16001", "P29_004": "新発田市立米子小学校", "P29_005": "新潟県新発田市真野原外1773", "P29_006": "3", "P29_007": "1", "P29_008": "00", "P29_009": null }, "geometry": { "type": "Point", "coordinates": [ 139.301652660791689, 37.998935863403666 ] } },
{ "type": "Feature", "properties": { "P29_001": "15206", "P29_002": "B115220600195", "P29_003": "16001", "P29_004": "新発田市立藤塚小学校", "P29_005": "新潟県新発田市藤塚浜4063-3", "P29_006": "3", "P29_007": "1", "P29_008": "00", "P29_009": null }, "geometry": { "type": "Point", "coordinates": [ 139.308010816971489, 38.034080875276118 ] } },
{ "type": "Feature", "properties": { "P29_001": "15206", "P29_002": "B115220600202", "P29_003": "16001", "P29_004": "新発田市立豊浦小学校", "P29_005": "新潟県新発田市大伝465-2", "P29_006": "3", "P29_007": "1", "P29_008": "00", "P29_009": null }, "geometry": { "type": "Point", "coordinates": [ 139.310786126111083, 37.920140231577129 ] } },
{ "type": "Feature", "properties": { "P29_001": "15208", "P29_002": "B115220800013", "P29_003": "16001", "P29_004": "小千谷市立小千谷小学校", "P29_005": "新潟県小千谷市土川1-5-1", "P29_006": "3", "P29_007": "1", "P29_008": "00", "P29_009": null }, "geometry": { "type": "Point", "coordinates": [ 138.790677857399118, 37.306146443549835 ] } },
{ "type": "Feature", "properties": { "P29_001": "15208", "P29_002": "B115220800022", "P29_003": "16001", "P29_004": "小千谷市立東小千谷小学校", "P29_005": "新潟県小千谷市旭町7-6", "P29_006": "3", "P29_007": "1", "P29_008": "00", "P29_009": null }, "geometry": { "type": "Point", "coordinates": [ 138.812276417214036, 37.306480895117843 ] } },
{ "type": "Feature", "properties": { "P29_001": "15208", "P29_002": "B115220800031", "P29_003": "16001", "P29_004": "小千谷市立吉谷小学校", "P29_005": "新潟県小千谷市西吉谷甲216", "P29_006": "3", "P29_007": "1", "P29_008": "00", "P29_009": null }, "geometry": { "type": "Point", "coordinates": [ 138.782083966854913, 37.287638660573471 ] } },
{ "type": "Feature", "properties": { "P29_001": "15208", "P29_002": "B115220800040", "P29_003": "16001", "P29_004": "小千谷市立千田小学校", "P29_005": "新潟県小千谷市大字千谷甲1231", "P29_006": "3", "P29_007": "1", "P29_008": "00", "P29_009": null }, "geometry": { "type": "Point", "coordinates": [ 138.801032965874924, 37.329773531799695 ] } },
{ "type": "Feature", "properties": { "P29_001": "15208", "P29_002": "B115220800059", "P29_003": "16001", "P29_004": "小千谷市立片貝小学校", "P29_005": "新潟県小千谷市片貝町8643", "P29_006": "3", "P29_007": "1", "P29_008": "00", "P29_009": null }, "geometry": { "type": "Point", "coordinates": [ 138.774087865311486, 37.367210466744929 ] } },
{ "type": "Feature", "properties": { "P29_001": "15208", "P29_002": "B115220800068", "P29_003": "16001", "P29_004": "小千谷市立和泉小学校", "P29_005": "新潟県小千谷市高梨町580", "P29_006": "3", "P29_007": "1", "P29_008": "00", "P29_009": null }, "geometry": { "type": "Point", "coordinates": [ 138.818485476110055, 37.343324394170281 ] } },
{ "type": "Feature", "properties": { "P29_001": "15208", "P29_002": "B115220800077", "P29_003": "16001", "P29_004": "小千谷市立東山小学校", "P29_005": "新潟県小千谷市大字小栗山2357", "P29_006": "3", "P29_007": "1", "P29_008": "00", "P29_009": null }, "geometry": { "type": "Point", "coordinates": [ 138.853214518099236, 37.336964484973777 ] } },
{ "type": "Feature", "properties": { "P29_001": "15208", "P29_002": "B115220800086", "P29_003": "16001", "P29_004": "小千谷市立南小学校", "P29_005": "新潟県小千谷市真人町丁678", "P29_006": "3", "P29_007": "1", "P29_008": "00", "P29_009": null }, "geometry": { "type": "Point", "coordinates": [ 138.803698653277195, 37.253385414864645 ] } },
{ "type": "Feature", "properties": { "P29_001": "15209", "P29_002": "B115220900012", "P29_003": "16001", "P29_004": "加茂市立加茂小学校", "P29_005": "新潟県加茂市青海町1-1-5", "P29_006": "3", "P29_007": "1", "P29_008": "00", "P29_009": null }, "geometry": { "type": "Point", "coordinates": [ 139.055169055372659, 37.661454671902675 ] } },
{ "type": "Feature", "properties": { "P29_001": "15209", "P29_002": "B115220900021", "P29_003": "16001", "P29_004": "加茂市立加茂南小学校", "P29_005": "新潟県加茂市五番町7-1", "P29_006": "3", "P29_007": "1", "P29_008": "00", "P29_009": null }, "geometry": { "type": "Point", "coordinates": [ 139.058214981183056, 37.656108541260053 ] } },
{ "type": "Feature", "properties": { "P29_001": "15209", "P29_002": "B115220900030", "P29_003": "16001", "P29_004": "加茂市立下条小学校", "P29_005": "新潟県加茂市中村1-1", "P29_006": "3", "P29_007": "1", "P29_008": "00", "P29_009": null }, "geometry": { "type": "Point", "coordinates": [ 139.042282593893702, 37.654038081089155 ] } },
{ "type": "Feature", "properties": { "P29_001": "15209", "P29_002": "B115220900058", "P29_003": "16001", "P29_004": "加茂市立七谷小学校", "P29_005": "新潟県加茂市大字下高柳35", "P29_006": "3", "P29_007": "1", "P29_008": "00", "P29_009": null }, "geometry": { "type": "Point", "coordinates": [ 139.102873092909562, 37.614067589478651 ] } },
{ "type": "Feature", "properties": { "P29_001": "15209", "P29_002": "B115220900067", "P29_003": "16001", "P29_004": "加茂市立須田小学校", "P29_005": "新潟県加茂市前須田380-1", "P29_006": "3", "P29_007": "1", "P29_008": "00", "P29_009": null }, "geometry": { "type": "Point", "coordinates": [ 139.009569261267359, 37.689190686410733 ] } },
{ "type": "Feature", "properties": { "P29_001": "15209", "P29_002": "B115220900076", "P29_003": "16001", "P29_004": "加茂市立石川小学校", "P29_005": "新潟県加茂市石川2-2-7", "P29_006": "3", "P29_007": "1", "P29_008": "00", "P29_009": null }, "geometry": { "type": "Point", "coordinates": [ 139.043567937200038, 37.667316302343259 ] } },
{ "type": "Feature", "properties": { "P29_001": "15210", "P29_002": "B115221000019", "P29_003": "16001", "P29_004": "十日町市立十日町小学校", "P29_005": "新潟県十日町市学校町1-614-32", "P29_006": "3", "P29_007": "1", "P29_008": "00", "P29_009": null }, "geometry": { "type": "Point", "coordinates": [ 138.767769407022627, 37.128917882493965 ] } },
{ "type": "Feature", "properties": { "P29_001": "15210", "P29_002": "B115221000028", "P29_003": "16001", "P29_004": "十日町市立中条小学校", "P29_005": "新潟県十日町市中条甲1242-1", "P29_006": "3", "P29_007": "1", "P29_008": "00", "P29_009": null }, "geometry": { "type": "Point", "coordinates": [ 138.774043548442279, 37.164850156749083 ] } },
{ "type": "Feature", "properties": { "P29_001": "15210", "P29_002": "B115221000037", "P29_003": "16001", "P29_004": "十日町市立飛渡第一小学校", "P29_005": "新潟県十日町市中条戊2033-1", "P29_006": "3", "P29_007": "1", "P29_008": "00", "P29_009": null }, "geometry": { "type": "Point", "coordinates": [ 138.821205673109432, 37.163375040809868 ] } },
{ "type": "Feature", "properties": { "P29_001": "15210", "P29_002": "B115221000046", "P29_003": "16001", "P29_004": "十日町市立川治小学校", "P29_005": "新潟県十日町市川治688-2", "P29_006": "3", "P29_007": "1", "P29_008": "00", "P29_009": null }, "geometry": { "type": "Point", "coordinates": [ 138.752340511271228, 37.122040771060945 ] } },
{ "type": "Feature", "properties": { "P29_001": "15210", "P29_002": "B115221000055", "P29_003": "16001", "P29_004": "十日町市立吉田小学校", "P29_005": "新潟県十日町市山谷1958", "P29_006": "3", "P29_007": "1", "P29_008": "00", "P29_009": null }, "geometry": { "type": "Point", "coordinates": [ 138.727596446661551, 37.146995944578265 ] } },
{ "type": "Feature", "properties": { "P29_001": "15210", "P29_002": "B115221000064", "P29_003": "16001", "P29_004": "十日町市立鐙島小学校", "P29_005": "新潟県十日町市南鐙坂449-3", "P29_006": "3", "P29_007": "1", "P29_008": "00", "P29_009": null }, "geometry": { "type": "Point", "coordinates": [ 138.718665499968608, 37.124525209235969 ] } },
{ "type": "Feature", "properties": { "P29_001": "15210", "P29_002": "B115221000073", "P29_003": "16001", "P29_004": "十日町市立下条小学校", "P29_005": "新潟県十日町市下条4-241", "P29_006": "3", "P29_007": "1", "P29_008": "00", "P29_009": null }, "geometry": { "type": "Point", "coordinates": [ 138.777468904839679, 37.201691177794487 ] } },
{ "type": "Feature", "properties": { "P29_001": "15210", "P29_002": "B115221000082", "P29_003": "16001", "P29_004": "十日町市立水沢小学校", "P29_005": "新潟県十日町市馬場丁1641", "P29_006": "3", "P29_007": "1", "P29_008": "00", "P29_009": null }, "geometry": { "type": "Point", "coordinates": [ 138.733007435086876, 37.096851022223056 ] } },
{ "type": "Feature", "properties": { "P29_001": "15210", "P29_002": "B115221000091", "P29_003": "16001", "P29_004": "十日町市立馬場小学校", "P29_005": "新潟県十日町市馬場乙1575", "P29_006": "3", "P29_007": "1", "P29_008": "00", "P29_009": null }, "geometry": { "type": "Point", "coordinates": [ 138.71730849707248, 37.080131532492445 ] } },
{ "type": "Feature", "properties": { "P29_001": "15210", "P29_002": "B115221000108", "P29_003": "16001", "P29_004": "十日町市立東小学校", "P29_005": "新潟県十日町市四日町新田375", "P29_006": "3", "P29_007": "1", "P29_008": "00", "P29_009": null }, "geometry": { "type": "Point", "coordinates": [ 138.769122515906673, 37.145154601552569 ] } },
{ "type": "Feature", "properties": { "P29_001": "15210", "P29_002": "B115221000117", "P29_003": "16001", "P29_004": "十日町市立西小学校", "P29_005": "新潟県十日町市西本町1-365-1", "P29_006": "3", "P29_007": "1", "P29_008": "00", "P29_009": null }, "geometry": { "type": "Point", "coordinates": [ 138.754970123919179, 37.140571767057288 ] } },
{ "type": "Feature", "properties": { "P29_001": "15210", "P29_002": "B115221000126", "P29_003": "16001", "P29_004": "十日町市立千手小学校", "P29_005": "新潟県十日町市上新井32", "P29_006": "3", "P29_007": "1", "P29_008": "00", "P29_009": null }, "geometry": { "type": "Point", "coordinates": [ 138.740891970600046, 37.163066520903605 ] } },
{ "type": "Feature", "properties": { "P29_001": "15210", "P29_002": "B115221000135", "P29_003": "16001", "P29_004": "十日町市立上野小学校", "P29_005": "新潟県十日町市上野甲1376", "P29_006": "3", "P29_007": "1", "P29_008": "00", "P29_009": null }, "geometry": { "type": "Point", "coordinates": [ 138.750287779612535, 37.182617768300965 ] } },
{ "type": "Feature", "properties": { "P29_001": "15210", "P29_002": "B115221000144", "P29_003": "16001", "P29_004": "十日町市立橘小学校", "P29_005": "新潟県十日町市野口1-1", "P29_006": "3", "P29_007": "1", "P29_008": "00", "P29_009": null }, "geometry": { "type": "Point", "coordinates": [ 138.749315411864899, 37.205828777853689 ] } },
{ "type": "Feature", "properties": { "P29_001": "15210", "P29_002": "B115221000153", "P29_003": "16001", "P29_004": "十日町市立田沢小学校", "P29_005": "新潟県十日町市上山己1492", "P29_006": "3", "P29_007": "1", "P29_008": "00", "P29_009": null }, "geometry": { "type": "Point", "coordinates": [ 138.6960022307602, 37.052758531426335 ] } },
{ "type": "Feature", "properties": { "P29_001": "15210", "P29_002": "B115221000171", "P29_003": "16001", "P29_004": "十日町市立松代小学校", "P29_005": "新潟県十日町市松代3268-5", "P29_006": "3", "P29_007": "1", "P29_008": "00", "P29_009": null }, "geometry": { "type": "Point", "coordinates": [ 138.609020919931339, 37.132437054563425 ] } },
{ "type": "Feature", "properties": { "P29_001": "15210", "P29_002": "B115221000180", "P29_003": "16001", "P29_004": "十日町市立松之山小学校", "P29_005": "新潟県十日町市松之山1162-3", "P29_006": "3", "P29_007": "1", "P29_008": "00", "P29_009": null }, "geometry": { "type": "Point", "coordinates": [ 138.601729978008734, 37.088031998894316 ] } },
{ "type": "Feature", "properties": { "P29_001": "15211", "P29_002": "B115221100018", "P29_003": "16001", "P29_004": "見附市立見附小学校", "P29_005": "新潟県見附市学校町1-3-89", "P29_006": "3", "P29_007": "1", "P29_008": "00", "P29_009": null }, "geometry": { "type": "Point", "coordinates": [ 138.92174543507349, 37.532282036537993 ] } },
{ "type": "Feature", "properties": { "P29_001": "15211", "P29_002": "B115221100027", "P29_003": "16001", "P29_004": "見附市立見附第二小学校", "P29_005": "新潟県見附市杉沢町3561", "P29_006": "3", "P29_007": "1", "P29_008": "00", "P29_009": null }, "geometry": { "type": "Point", "coordinates": [ 138.978486510548578, 37.522798049407108 ] } },
{ "type": "Feature", "properties": { "P29_001": "15211", "P29_002": "B115221100036", "P29_003": "16001", "P29_004": "見附市立名木野小学校", "P29_005": "新潟県見附市月見台1-10-75", "P29_006": "3", "P29_007": "1", "P29_008": "00", "P29_009": null }, "geometry": { "type": "Point", "coordinates": [ 138.927583136012117, 37.516459867567256 ] } },
{ "type": "Feature", "properties": { "P29_001": "15211", "P29_002": "B115221100045", "P29_003": "16001", "P29_004": "見附市立田井小学校", "P29_005": "新潟県見附市田井町306", "P29_006": "3", "P29_007": "1", "P29_008": "00", "P29_009": null }, "geometry": { "type": "Point", "coordinates": [ 138.925352554827072, 37.496055927677673 ] } },
{ "type": "Feature", "properties": { "P29_001": "15211", "P29_002": "B115221100054", "P29_003": "16001", "P29_004": "見附市立葛巻小学校", "P29_005": "新潟県見附市反田町10", "P29_006": "3", "P29_007": "1", "P29_008": "00", "P29_009": null }, "geometry": { "type": "Point", "coordinates": [ 138.89865987885949, 37.524157334287466 ] } },
{ "type": "Feature", "properties": { "P29_001": "15211", "P29_002": "B115221100063", "P29_003": "16001", "P29_004": "見附市立新潟小学校", "P29_005": "新潟県見附市新潟町2478", "P29_006": "3", "P29_007": "1", "P29_008": "00", "P29_009": null }, "geometry": { "type": "Point", "coordinates": [ 138.920684794046792, 37.550685061409261 ] } },
{ "type": "Feature", "properties": { "P29_001": "15211", "P29_002": "B115221100072", "P29_003": "16001", "P29_004": "見附市立上北谷小学校", "P29_005": "新潟県見附市牛ケ嶺町1292", "P29_006": "3", "P29_007": "1", "P29_008": "00", "P29_009": null }, "geometry": { "type": "Point", "coordinates": [ 138.973522963376638, 37.509733650883341 ] } },
{ "type": "Feature", "properties": { "P29_001": "15211", "P29_002": "B115221100081", "P29_003": "16001", "P29_004": "見附市立今町小学校", "P29_005": "新潟県見附市今町6-19-1", "P29_006": "3", "P29_007": "1", "P29_008": "00", "P29_009": null }, "geometry": { "type": "Point", "coordinates": [ 138.886643771563001, 37.555614062973895 ] } },
{ "type": "Feature", "properties": { "P29_001": "15212", "P29_002": "B115221200017", "P29_003": "16001", "P29_004": "村上市立村上小学校", "P29_005": "新潟県村上市三之町2-41", "P29_006": "3", "P29_007": "1", "P29_008": "00", "P29_009": null }, "geometry": { "type": "Point", "coordinates": [ 139.480170944465897, 38.225287695826424 ] } },
{ "type": "Feature", "properties": { "P29_001": "15212", "P29_002": "B115221200026", "P29_003": "16001", "P29_004": "村上市立岩船小学校", "P29_005": "新潟県村上市岩船上町2-10", "P29_006": "3", "P29_007": "1", "P29_008": "00", "P29_009": null }, "geometry": { "type": "Point", "coordinates": [ 139.438062258393416, 38.191765403961156 ] } },
{ "type": "Feature", "properties": { "P29_001": "15212", "P29_002": "B115221200035", "P29_003": "16001", "P29_004": "村上市立瀬波小学校", "P29_005": "新潟県村上市瀬波上町4-6", "P29_006": "3", "P29_007": "1", "P29_008": "00", "P29_009": null }, "geometry": { "type": "Point", "coordinates": [ 139.457768921487428, 38.231206919372667 ] } },
{ "type": "Feature", "properties": { "P29_001": "15212", "P29_002": "B115221200044", "P29_003": "16001", "P29_004": "村上市立村上南小学校", "P29_005": "新潟県村上市南町2-1-11", "P29_006": "3", "P29_007": "1", "P29_008": "00", "P29_009": null }, "geometry": { "type": "Point", "coordinates": [ 139.472580160482721, 38.21801069600172 ] } },
{ "type": "Feature", "properties": { "P29_001": "15212", "P29_002": "B115221200053", "P29_003": "16001", "P29_004": "村上市立山辺里小学校", "P29_005": "新潟県村上市日下1428", "P29_006": "3", "P29_007": "1", "P29_008": "00", "P29_009": null }, "geometry": { "type": "Point", "coordinates": [ 139.508398468667622, 38.22078120033251 ] } },
{ "type": "Feature", "properties": { "P29_001": "15212", "P29_002": "B115221200062", "P29_003": "16001", "P29_004": "村上市立朝日さくら小学校", "P29_005": "新潟県村上市猿沢2791甲", "P29_006": "3", "P29_007": "1", "P29_008": "00", "P29_009": null }, "geometry": { "type": "Point", "coordinates": [ 139.516695707520284, 38.278544614427439 ] } },
{ "type": "Feature", "properties": { "P29_001": "15212", "P29_002": "B115221200071", "P29_003": "16001", "P29_004": "村上市立さんぽく小学校", "P29_005": "新潟県村上市勝木20-1", "P29_006": "3", "P29_007": "1", "P29_008": "00", "P29_009": null }, "geometry": { "type": "Point", "coordinates": [ 139.527753672629473, 38.486308908326478 ] } },
{ "type": "Feature", "properties": { "P29_001": "15212", "P29_002": "B115221200080", "P29_003": "16001", "P29_004": "村上市立保内小学校", "P29_005": "新潟県村上市下鍜冶屋264-2", "P29_006": "3", "P29_007": "1", "P29_008": "00", "P29_009": null }, "geometry": { "type": "Point", "coordinates": [ 139.454640197991267, 38.114124289569084 ] } },
{ "type": "Feature", "properties": { "P29_001": "15212", "P29_002": "B115221200099", "P29_003": "16001", "P29_004": "村上市立金屋小学校", "P29_005": "新潟県村上市金屋2014-1", "P29_006": "3", "P29_007": "1", "P29_008": "00", "P29_009": null }, "geometry": { "type": "Point", "coordinates": [ 139.427888923522858, 38.132522564544367 ] } },
{ "type": "Feature", "properties": { "P29_001": "15212", "P29_002": "B115221200106", "P29_003": "16001", "P29_004": "村上市立平林小学校", "P29_005": "新潟県村上市塩谷1325-135", "P29_006": "3", "P29_007": "1", "P29_008": "00", "P29_009": null }, "geometry": { "type": "Point", "coordinates": [ 139.423992397730416, 38.156233017798399 ] } },
{ "type": "Feature", "properties": { "P29_001": "15212", "P29_002": "B115221200115", "P29_003": "16001", "P29_004": "村上市立神納小学校", "P29_005": "新潟県村上市九日市503", "P29_006": "3", "P29_007": "1", "P29_008": "00", "P29_009": null }, "geometry": { "type": "Point", "coordinates": [ 139.458535915523612, 38.178488662360564 ] } },
{ "type": "Feature", "properties": { "P29_001": "15212", "P29_002": "B115221200124", "P29_003": "16001", "P29_004": "村上市立小川小学校", "P29_005": "新潟県村上市小川14", "P29_006": "3", "P29_007": "1", "P29_008": "00", "P29_009": null }, "geometry": { "type": "Point", "coordinates": [ 139.508523216716071, 38.246335318282867 ] } },
{ "type": "Feature", "properties": { "P29_001": "15212", "P29_002": "B115221200133", "P29_003": "16001", "P29_004": "村上市立朝日みどり小学校", "P29_005": "新潟県村上市中原2726", "P29_006": "3", "P29_007": "1", "P29_008": "00", "P29_009": null }, "geometry": { "type": "Point", "coordinates": [ 139.548848675726788, 38.281192445017204 ] } },
{ "type": "Feature", "properties": { "P29_001": "15213", "P29_002": "B115221300016", "P29_003": "16001", "P29_004": "燕市立燕東小学校", "P29_005": "新潟県燕市新町1-26", "P29_006": "3", "P29_007": "1", "P29_008": "00", "P29_009": null }, "geometry": { "type": "Point", "coordinates": [ 138.932623355339615, 37.66431825259405 ] } },
{ "type": "Feature", "properties": { "P29_001": "15213", "P29_002": "B115221300025", "P29_003": "16001", "P29_004": "燕市立燕西小学校", "P29_005": "新潟県燕市大字東太田7936", "P29_006": "3", "P29_007": "1", "P29_008": "00", "P29_009": null }, "geometry": { "type": "Point", "coordinates": [ 138.917051522842769, 37.665736844807398 ] } },
{ "type": "Feature", "properties": { "P29_001": "15213", "P29_002": "B115221300034", "P29_003": "16001", "P29_004": "燕市立燕南小学校", "P29_005": "新潟県燕市殿島1-4-21", "P29_006": "3", "P29_007": "1", "P29_008": "00", "P29_009": null }, "geometry": { "type": "Point", "coordinates": [ 138.924713916221918, 37.657516116170491 ] } },
{ "type": "Feature", "properties": { "P29_001": "15213", "P29_002": "B115221300043", "P29_003": "16001", "P29_004": "燕市立小池小学校", "P29_005": "新潟県燕市柳山2131", "P29_006": "3", "P29_007": "1", "P29_008": "00", "P29_009": null }, "geometry": { "type": "Point", "coordinates": [ 138.905845967105506, 37.637729748093406 ] } },
{ "type": "Feature", "properties": { "P29_001": "15213", "P29_002": "B115221300052", "P29_003": "16001", "P29_004": "燕市立大関小学校", "P29_005": "新潟県燕市大曲605", "P29_006": "3", "P29_007": "1", "P29_008": "00", "P29_009": null }, "geometry": { "type": "Point", "coordinates": [ 138.915140424739207, 37.654910725188834 ] } },
{ "type": "Feature", "properties": { "P29_001": "15213", "P29_002": "B115221300061", "P29_003": "16001", "P29_004": "燕市立松長小学校", "P29_005": "新潟県燕市舘野1204", "P29_006": "3", "P29_007": "1", "P29_008": "00", "P29_009": null }, "geometry": { "type": "Point", "coordinates": [ 138.933821063844675, 37.701654968642728 ] } },
{ "type": "Feature", "properties": { "P29_001": "15213", "P29_002": "B115221300070", "P29_003": "16001", "P29_004": "燕市立燕北小学校", "P29_005": "新潟県燕市東太田1680", "P29_006": "3", "P29_007": "1", "P29_008": "00", "P29_009": null }, "geometry": { "type": "Point", "coordinates": [ 138.930342415105798, 37.676143230307382 ] } },
{ "type": "Feature", "properties": { "P29_001": "15213", "P29_002": "B115221300089", "P29_003": "16001", "P29_004": "燕市立小中川小学校", "P29_005": "新潟県燕市花園町32-1", "P29_006": "3", "P29_007": "1", "P29_008": "00", "P29_009": null }, "geometry": { "type": "Point", "coordinates": [ 138.953270708584341, 37.685348216655001 ] } },
{ "type": "Feature", "properties": { "P29_001": "15213", "P29_002": "B115221300098", "P29_003": "16001", "P29_004": "燕市立島上小学校", "P29_005": "新潟県燕市横田301", "P29_006": "3", "P29_007": "1", "P29_008": "00", "P29_009": null }, "geometry": { "type": "Point", "coordinates": [ 138.878241892367811, 37.627554371954709 ] } },
{ "type": "Feature", "properties": { "P29_001": "15213", "P29_002": "B115221300105", "P29_003": "16001", "P29_004": "燕市立分水小学校", "P29_005": "新潟県燕市分水学校町1-7-1", "P29_006": "3", "P29_007": "1", "P29_008": "00", "P29_009": null }, "geometry": { "type": "Point", "coordinates": [ 138.848052544728802, 37.627855778568716 ] } },
{ "type": "Feature", "properties": { "P29_001": "15213", "P29_002": "B115221300114", "P29_003": "16001", "P29_004": "燕市立分水北小学校", "P29_005": "新潟県燕市中島1229-1", "P29_006": "3", "P29_007": "1", "P29_008": "00", "P29_009": null }, "geometry": { "type": "Point", "coordinates": [ 138.838357635166318, 37.648392610445043 ] } },
{ "type": "Feature", "properties": { "P29_001": "15213", "P29_002": "B115221300123", "P29_003": "16001", "P29_004": "燕市立粟生津小学校", "P29_005": "新潟県燕市粟生津657", "P29_006": "3", "P29_007": "1", "P29_008": "00", "P29_009": null }, "geometry": { "type": "Point", "coordinates": [ 138.871356069229591, 37.651412036002924 ] } },
{ "type": "Feature", "properties": { "P29_001": "15213", "P29_002": "B115221300132", "P29_003": "16001", "P29_004": "燕市立吉田小学校", "P29_005": "新潟県燕市吉田弥生町1-1", "P29_006": "3", "P29_007": "1", "P29_008": "00", "P29_009": null }, "geometry": { "type": "Point", "coordinates": [ 138.873937624145583, 37.693344926204645 ] } },
{ "type": "Feature", "properties": { "P29_001": "15213", "P29_002": "B115221300141", "P29_003": "16001", "P29_004": "燕市立吉田南小学校", "P29_005": "新潟県燕市吉田6126", "P29_006": "3", "P29_007": "1", "P29_008": "00", "P29_009": null }, "geometry": { "type": "Point", "coordinates": [ 138.87240392333814, 37.678458311196884 ] } },
{ "type": "Feature", "properties": { "P29_001": "15213", "P29_002": "B115221300150", "P29_003": "16001", "P29_004": "燕市立吉田北小学校", "P29_005": "新潟県燕市米納津4297-1", "P29_006": "3", "P29_007": "1", "P29_008": "00", "P29_009": null }, "geometry": { "type": "Point", "coordinates": [ 138.898551577015553, 37.702658060232963 ] } },
{ "type": "Feature", "properties": { "P29_001": "15216", "P29_002": "B115221600013", "P29_003": "16001", "P29_004": "糸魚川市立下早川小学校", "P29_005": "新潟県糸魚川市日光寺322", "P29_006": "3", "P29_007": "1", "P29_008": "00", "P29_009": null }, "geometry": { "type": "Point", "coordinates": [ 137.935286542481919, 37.031736149834977 ] } },
{ "type": "Feature", "properties": { "P29_001": "15216", "P29_002": "B115221600022", "P29_003": "16001", "P29_004": "糸魚川市立大和川小学校", "P29_005": "新潟県糸魚川市田伏87", "P29_006": "3", "P29_007": "1", "P29_008": "00", "P29_009": null }, "geometry": { "type": "Point", "coordinates": [ 137.89830500621494, 37.055335643027291 ] } },
{ "type": "Feature", "properties": { "P29_001": "15216", "P29_002": "B115221600031", "P29_003": "16001", "P29_004": "糸魚川市立糸魚川小学校", "P29_005": "新潟県糸魚川市中央1-2-1", "P29_006": "3", "P29_007": "1", "P29_008": "00", "P29_009": null }, "geometry": { "type": "Point", "coordinates": [ 137.859337293330185, 37.041366583758119 ] } },
{ "type": "Feature", "properties": { "P29_001": "15216", "P29_002": "B115221600040", "P29_003": "16001", "P29_004": "糸魚川市立大野小学校", "P29_005": "新潟県糸魚川市大野2044-1", "P29_006": "3", "P29_007": "1", "P29_008": "00", "P29_009": null }, "geometry": { "type": "Point", "coordinates": [ 137.87461345133778, 37.001033368509617 ] } },
{ "type": "Feature", "properties": { "P29_001": "15216", "P29_002": "B115221600059", "P29_003": "16001", "P29_004": "糸魚川市立根知小学校", "P29_005": "新潟県糸魚川市東中5121-1", "P29_006": "3", "P29_007": "1", "P29_008": "00", "P29_009": null }, "geometry": { "type": "Point", "coordinates": [ 137.886567045895617, 36.965250171448297 ] } },
{ "type": "Feature", "properties": { "P29_001": "15216", "P29_002": "B115221600068", "P29_003": "16001", "P29_004": "糸魚川市立糸魚川東小学校", "P29_005": "新潟県糸魚川市東寺町2-4-1", "P29_006": "3", "P29_007": "1", "P29_008": "00", "P29_009": null }, "geometry": { "type": "Point", "coordinates": [ 137.873590877405519, 37.044505000537782 ] } },
{ "type": "Feature", "properties": { "P29_001": "15216", "P29_002": "B115221600077", "P29_003": "16001", "P29_004": "糸魚川市立西海小学校", "P29_005": "新潟県糸魚川市羽生1937", "P29_006": "3", "P29_007": "1", "P29_008": "00", "P29_009": null }, "geometry": { "type": "Point", "coordinates": [ 137.888613156956779, 37.02999971935602 ] } },
{ "type": "Feature", "properties": { "P29_001": "15216", "P29_002": "B115221600086", "P29_003": "16001", "P29_004": "糸魚川市立能生小学校", "P29_005": "新潟県糸魚川市大字能生4485", "P29_006": "3", "P29_007": "1", "P29_008": "00", "P29_009": null }, "geometry": { "type": "Point", "coordinates": [ 137.990812702535322, 37.101491465219667 ] } },
{ "type": "Feature", "properties": { "P29_001": "15216", "P29_002": "B115221600095", "P29_003": "16001", "P29_004": "糸魚川市立中能生小学校", "P29_005": "新潟県糸魚川市大字平404", "P29_006": "3", "P29_007": "1", "P29_008": "00", "P29_009": null }, "geometry": { "type": "Point", "coordinates": [ 138.024381961759588, 37.084141664599407 ] } },
{ "type": "Feature", "properties": { "P29_001": "15216", "P29_002": "B115221600102", "P29_003": "16001", "P29_004": "糸魚川市立南能生小学校", "P29_005": "新潟県糸魚川市溝尾2991-4", "P29_006": "3", "P29_007": "1", "P29_008": "00", "P29_009": null }, "geometry": { "type": "Point", "coordinates": [ 138.049784831459505, 37.064973441216068 ] } },
{ "type": "Feature", "properties": { "P29_001": "15216", "P29_002": "B115221600120", "P29_003": "16001", "P29_004": "糸魚川市立磯部小学校", "P29_005": "新潟県糸魚川市大字筒石500", "P29_006": "3", "P29_007": "1", "P29_008": "00", "P29_009": null }, "geometry": { "type": "Point", "coordinates": [ 138.054613560307359, 37.132236371677102 ] } },
{ "type": "Feature", "properties": { "P29_001": "15216", "P29_002": "B115221600139", "P29_003": "16001", "P29_004": "糸魚川市立田沢小学校", "P29_005": "新潟県糸魚川市田海13-2", "P29_006": "3", "P29_007": "1", "P29_008": "00", "P29_009": null }, "geometry": { "type": "Point", "coordinates": [ 137.821902543637265, 37.032634637512338 ] } },
{ "type": "Feature", "properties": { "P29_001": "15216", "P29_002": "B115221600148", "P29_003": "16001", "P29_004": "糸魚川市立青海小学校", "P29_005": "新潟県糸魚川市青海382", "P29_006": "3", "P29_007": "1", "P29_008": "00", "P29_009": null }, "geometry": { "type": "Point", "coordinates": [ 137.799868513343341, 37.020808285108423 ] } },
{ "type": "Feature", "properties": { "P29_001": "15217", "P29_002": "B115221700012", "P29_003": "16001", "P29_004": "妙高市立新井小学校", "P29_005": "新潟県妙高市白山町4-1-12", "P29_006": "3", "P29_007": "1", "P29_008": "00", "P29_009": null }, "geometry": { "type": "Point", "coordinates": [ 138.24811244257458, 37.023279742971255 ] } },
{ "type": "Feature", "properties": { "P29_001": "15217", "P29_002": "B115221700021", "P29_003": "16001", "P29_004": "妙高市立斐太北小学校", "P29_005": "新潟県妙高市飛田690", "P29_006": "3", "P29_007": "1", "P29_008": "00", "P29_009": null }, "geometry": { "type": "Point", "coordinates": [ 138.243516564788933, 37.057181067324869 ] } },
{ "type": "Feature", "properties": { "P29_001": "15217", "P29_002": "B115221700030", "P29_003": "16001", "P29_004": "妙高市立新井南小学校", "P29_005": "新潟県妙高市大字除戸1887", "P29_006": "3", "P29_007": "1", "P29_008": "00", "P29_009": null }, "geometry": { "type": "Point", "coordinates": [ 138.269470442096519, 36.980428862129187 ] } },
{ "type": "Feature", "properties": { "P29_001": "15217", "P29_002": "B115221700049", "P29_003": "16001", "P29_004": "妙高市立新井北小学校", "P29_005": "新潟県妙高市栗原4-4-1", "P29_006": "3", "P29_007": "1", "P29_008": "00", "P29_009": null }, "geometry": { "type": "Point", "coordinates": [ 138.262637495976236, 37.049729185841514 ] } },
{ "type": "Feature", "properties": { "P29_001": "15217", "P29_002": "B115221700058", "P29_003": "16001", "P29_004": "妙高市立新井中央小学校", "P29_005": "新潟県妙高市諏訪町2-4-8", "P29_006": "3", "P29_007": "1", "P29_008": "00", "P29_009": null }, "geometry": { "type": "Point", "coordinates": [ 138.260718592002604, 37.026695923316488 ] } },
{ "type": "Feature", "properties": { "P29_001": "15217", "P29_002": "B115221700067", "P29_003": "16001", "P29_004": "妙高市立妙高小学校", "P29_005": "新潟県妙高市関山2785", "P29_006": "3", "P29_007": "1", "P29_008": "00", "P29_009": null }, "geometry": { "type": "Point", "coordinates": [ 138.219271715668754, 36.934222216509248 ] } },
{ "type": "Feature", "properties": { "P29_001": "15217", "P29_002": "B115221700094", "P29_003": "16001", "P29_004": "妙高市立妙高高原小学校", "P29_005": "新潟県妙高市大字田切120", "P29_006": "3", "P29_007": "1", "P29_008": "00", "P29_009": null }, "geometry": { "type": "Point", "coordinates": [ 138.206329718774668, 36.8826907304991 ] } },
{ "type": "Feature", "properties": { "P29_001": "15218", "P29_002": "B115221800011", "P29_003": "16001", "P29_004": "五泉市立五泉小学校", "P29_005": "新潟県五泉市学校町3-14", "P29_006": "3", "P29_007": "1", "P29_008": "00", "P29_009": null }, "geometry": { "type": "Point", "coordinates": [ 139.178379539040748, 37.744233915406539 ] } },
{ "type": "Feature", "properties": { "P29_001": "15218", "P29_002": "B115221800020", "P29_003": "16001", "P29_004": "五泉市立五泉南小学校", "P29_005": "新潟県五泉市駅前2-5-53", "P29_006": "3", "P29_007": "1", "P29_008": "00", "P29_009": null }, "geometry": { "type": "Point", "coordinates": [ 139.182763866303333, 37.735477883223588 ] } },
{ "type": "Feature", "properties": { "P29_001": "15218", "P29_002": "B115221800039", "P29_003": "16001", "P29_004": "五泉市立川東小学校", "P29_005": "新潟県五泉市中川新2431", "P29_006": "3", "P29_007": "1", "P29_008": "00", "P29_009": null }, "geometry": { "type": "Point", "coordinates": [ 139.22877832234181, 37.729234877035054 ] } },
{ "type": "Feature", "properties": { "P29_001": "15218", "P29_002": "B115221800048", "P29_003": "16001", "P29_004": "五泉市立巣本小学校", "P29_005": "新潟県五泉市論瀬47-1", "P29_006": "3", "P29_007": "1", "P29_008": "00", "P29_009": null }, "geometry": { "type": "Point", "coordinates": [ 139.201619359629319, 37.749122295320646 ] } },
{ "type": "Feature", "properties": { "P29_001": "15218", "P29_002": "B115221800057", "P29_003": "16001", "P29_004": "五泉市立五泉東小学校", "P29_005": "新潟県五泉市赤海3714", "P29_006": "3", "P29_007": "1", "P29_008": "00", "P29_009": null }, "geometry": { "type": "Point", "coordinates": [ 139.194438000848663, 37.737780245565979 ] } },
{ "type": "Feature", "properties": { "P29_001": "15218", "P29_002": "B115221800066", "P29_003": "16001", "P29_004": "五泉市立橋田小学校", "P29_005": "新潟県五泉市橋田1016", "P29_006": "3", "P29_007": "1", "P29_008": "00", "P29_009": null }, "geometry": { "type": "Point", "coordinates": [ 139.140380372673945, 37.732585339234333 ] } },
{ "type": "Feature", "properties": { "P29_001": "15218", "P29_002": "B115221800075", "P29_003": "16001", "P29_004": "五泉市立愛宕小学校", "P29_005": "新潟県五泉市石曽根8074-2", "P29_006": "3", "P29_007": "1", "P29_008": "00", "P29_009": null }, "geometry": { "type": "Point", "coordinates": [ 139.190211618829835, 37.697990842577298 ] } },
{ "type": "Feature", "properties": { "P29_001": "15218", "P29_002": "B115221800084", "P29_003": "16001", "P29_004": "五泉市立大蒲原小学校", "P29_005": "新潟県五泉市南田中646-2", "P29_006": "3", "P29_007": "1", "P29_008": "00", "P29_009": null }, "geometry": { "type": "Point", "coordinates": [ 139.149944218970091, 37.672876263937113 ] } },
{ "type": "Feature", "properties": { "P29_001": "15218", "P29_002": "B115221800093", "P29_003": "16001", "P29_004": "五泉市立村松小学校", "P29_005": "新潟県五泉市城下1-865", "P29_006": "3", "P29_007": "1", "P29_008": "00", "P29_009": null }, "geometry": { "type": "Point", "coordinates": [ 139.169367207639738, 37.694721499158184 ] } },
{ "type": "Feature", "properties": { "P29_001": "15222", "P29_002": "B115222200015", "P29_003": "16001", "P29_004": "上越市立大手町小学校", "P29_005": "新潟県上越市大手町2-20", "P29_006": "3", "P29_007": "1", "P29_008": "00", "P29_009": null }, "geometry": { "type": "Point", "coordinates": [ 138.248213632568167, 37.109690534091996 ] } },
{ "type": "Feature", "properties": { "P29_001": "15222", "P29_002": "B115222200024", "P29_003": "16001", "P29_004": "上越市立東本町小学校", "P29_005": "新潟県上越市東本町2-2-7", "P29_006": "3", "P29_007": "1", "P29_008": "00", "P29_009": null }, "geometry": { "type": "Point", "coordinates": [ 138.249066207614305, 37.117473468349019 ] } },
{ "type": "Feature", "properties": { "P29_001": "15222", "P29_002": "B115222200033", "P29_003": "16001", "P29_004": "上越市立南本町小学校", "P29_005": "新潟県上越市南本町3-9-1", "P29_006": "3", "P29_007": "1", "P29_008": "00", "P29_009": null }, "geometry": { "type": "Point", "coordinates": [ 138.24273651817478, 37.100180327808616 ] } },
{ "type": "Feature", "properties": { "P29_001": "15222", "P29_002": "B115222200042", "P29_003": "16001", "P29_004": "上越市立黒田小学校", "P29_005": "新潟県上越市黒田463-1", "P29_006": "3", "P29_007": "1", "P29_008": "00", "P29_009": null }, "geometry": { "type": "Point", "coordinates": [ 138.230357585753808, 37.083323668022068 ] } },
{ "type": "Feature", "properties": { "P29_001": "15222", "P29_002": "B115222200051", "P29_003": "16001", "P29_004": "上越市立飯小学校", "P29_005": "新潟県上越市飯1946", "P29_006": "3", "P29_007": "1", "P29_008": "00", "P29_009": null }, "geometry": { "type": "Point", "coordinates": [ 138.227034605633065, 37.12374643494919 ] } },
{ "type": "Feature", "properties": { "P29_001": "15222", "P29_002": "B115222200060", "P29_003": "16001", "P29_004": "上越市立富岡小学校", "P29_005": "新潟県上越市富岡3117", "P29_006": "3", "P29_007": "1", "P29_008": "00", "P29_009": null }, "geometry": { "type": "Point", "coordinates": [ 138.260222943773869, 37.140606379807707 ] } },
{ "type": "Feature", "properties": { "P29_001": "15222", "P29_002": "B115222200079", "P29_003": "16001", "P29_004": "上越市立稲田小学校", "P29_005": "新潟県上越市稲田1-6-7", "P29_006": "3", "P29_007": "1", "P29_008": "00", "P29_009": null }, "geometry": { "type": "Point", "coordinates": [ 138.267604713211398, 37.118168450035824 ] } },
{ "type": "Feature", "properties": { "P29_001": "15222", "P29_002": "B115222200088", "P29_003": "16001", "P29_004": "上越市立和田小学校", "P29_005": "新潟県上越市上箱井202", "P29_006": "3", "P29_007": "1", "P29_008": "00", "P29_009": null }, "geometry": { "type": "Point", "coordinates": [ 138.260574341820217, 37.073162918642289 ] } },
{ "type": "Feature", "properties": { "P29_001": "15222", "P29_002": "B115222200097", "P29_003": "16001", "P29_004": "上越市立大和小学校", "P29_005": "新潟県上越市大和2-13-3", "P29_006": "3", "P29_007": "1", "P29_008": "00", "P29_009": null }, "geometry": { "type": "Point", "coordinates": [ 138.253785971369467, 37.086288391837648 ] } },
{ "type": "Feature", "properties": { "P29_001": "15222", "P29_002": "B115222200104", "P29_003": "16001", "P29_004": "上越市立春日小学校", "P29_005": "新潟県上越市大豆1-13-11", "P29_006": "3", "P29_007": "1", "P29_008": "00", "P29_009": null }, "geometry": { "type": "Point", "coordinates": [ 138.225567987236417, 37.148289650971165 ] } },
{ "type": "Feature", "properties": { "P29_001": "15222", "P29_002": "B115222200113", "P29_003": "16001", "P29_004": "上越市立高志小学校", "P29_005": "新潟県上越市木田3-1-25", "P29_006": "3", "P29_007": "1", "P29_008": "00", "P29_009": null }, "geometry": { "type": "Point", "coordinates": [ 138.237259291342582, 37.139888032001046 ] } },
{ "type": "Feature", "properties": { "P29_001": "15222", "P29_002": "B115222200122", "P29_003": "16001", "P29_004": "上越市立諏訪小学校", "P29_005": "新潟県上越市上真砂2040", "P29_006": "3", "P29_007": "1", "P29_008": "00", "P29_009": null }, "geometry": { "type": "Point", "coordinates": [ 138.309447407374478, 37.13911844728549 ] } },
{ "type": "Feature", "properties": { "P29_001": "15222", "P29_002": "B115222200131", "P29_003": "16001", "P29_004": "上越市立三郷小学校", "P29_005": "新潟県上越市長者町442-1", "P29_006": "3", "P29_007": "1", "P29_008": "00", "P29_009": null }, "geometry": { "type": "Point", "coordinates": [ 138.287341081650965, 37.089400557482456 ] } },
{ "type": "Feature", "properties": { "P29_001": "15222", "P29_002": "B115222200140", "P29_003": "16001", "P29_004": "上越市立戸野目小学校", "P29_005": "新潟県上越市大字戸野目682", "P29_006": "3", "P29_007": "1", "P29_008": "00", "P29_009": null }, "geometry": { "type": "Point", "coordinates": [ 138.283665252300779, 37.123731096123933 ] } },
{ "type": "Feature", "properties": { "P29_001": "15222", "P29_002": "B115222200159", "P29_003": "16001", "P29_004": "上越市立上雲寺小学校", "P29_005": "新潟県上越市上雲寺16", "P29_006": "3", "P29_007": "1", "P29_008": "00", "P29_009": null }, "geometry": { "type": "Point", "coordinates": [ 138.300829556327585, 37.101871325344142 ] } },
{ "type": "Feature", "properties": { "P29_001": "15222", "P29_002": "B115222200168", "P29_003": "16001", "P29_004": "上越市立大町小学校", "P29_005": "新潟県上越市大町3-2-32", "P29_006": "3", "P29_007": "1", "P29_008": "00", "P29_009": null }, "geometry": { "type": "Point", "coordinates": [ 138.246087260616463, 37.112844095712212 ] } },
{ "type": "Feature", "properties": { "P29_001": "15222", "P29_002": "B115222200177", "P29_003": "16001", "P29_004": "上越市立高士小学校", "P29_005": "新潟県上越市高津49", "P29_006": "3", "P29_007": "1", "P29_008": "00", "P29_009": null }, "geometry": { "type": "Point", "coordinates": [ 138.332290204076571, 37.094556230179364 ] } },
{ "type": "Feature", "properties": { "P29_001": "15222", "P29_002": "B115222200186", "P29_003": "16001", "P29_004": "上越市立高田西小学校", "P29_005": "新潟県上越市大貫1908", "P29_006": "3", "P29_007": "1", "P29_008": "00", "P29_009": null }, "geometry": { "type": "Point", "coordinates": [ 138.236255559465349, 37.107714839076813 ] } },
{ "type": "Feature", "properties": { "P29_001": "15222", "P29_002": "B115222200195", "P29_003": "16001", "P29_004": "上越市立清里小学校", "P29_005": "新潟県上越市清里区岡嶺新田180", "P29_006": "3", "P29_007": "1", "P29_008": "00", "P29_009": null }, "geometry": { "type": "Point", "coordinates": [ 138.327029539737595, 37.076109058652847 ] } },
{ "type": "Feature", "properties": { "P29_001": "15222", "P29_002": "B115222200202", "P29_003": "16001", "P29_004": "上越市立有田小学校", "P29_005": "新潟県上越市大字安江42", "P29_006": "3", "P29_007": "1", "P29_008": "00", "P29_009": null }, "geometry": { "type": "Point", "coordinates": [ 138.264255307017891, 37.160037592495968 ] } },
{ "type": "Feature", "properties": { "P29_001": "15222", "P29_002": "B115222200211", "P29_003": "16001", "P29_004": "上越市立八千浦小学校", "P29_005": "新潟県上越市下荒浜782-1", "P29_006": "3", "P29_007": "1", "P29_008": "00", "P29_009": null }, "geometry": { "type": "Point", "coordinates": [ 138.282852890899761, 37.196980073412462 ] } },
{ "type": "Feature", "properties": { "P29_001": "15222", "P29_002": "B115222200220", "P29_003": "16001", "P29_004": "上越市立直江津小学校", "P29_005": "新潟県上越市住吉町3-5", "P29_006": "3", "P29_007": "1", "P29_008": "00", "P29_009": null }, "geometry": { "type": "Point", "coordinates": [ 138.245754539555577, 37.176025160595444 ] } },
{ "type": "Feature", "properties": { "P29_001": "15222", "P29_002": "B115222200248", "P29_003": "16001", "P29_004": "上越市立直江津南小学校", "P29_005": "新潟県上越市中央1-7-1", "P29_006": "3", "P29_007": "1", "P29_008": "00", "P29_009": null }, "geometry": { "type": "Point", "coordinates": [ 138.244072756284595, 37.173650224687499 ] } },
{ "type": "Feature", "properties": { "P29_001": "15222", "P29_002": "B115222200257", "P29_003": "16001", "P29_004": "上越市立北諏訪小学校", "P29_005": "新潟県上越市上千原165", "P29_006": "3", "P29_007": "1", "P29_008": "00", "P29_009": null }, "geometry": { "type": "Point", "coordinates": [ 138.295796600912354, 37.158384789314788 ] } },
{ "type": "Feature", "properties": { "P29_001": "15222", "P29_002": "B115222200266", "P29_003": "16001", "P29_004": "上越市立春日新田小学校", "P29_005": "新潟県上越市春日新田1274", "P29_006": "3", "P29_007": "1", "P29_008": "00", "P29_009": null }, "geometry": { "type": "Point", "coordinates": [ 138.258229641080447, 37.169301483794278 ] } },
{ "type": "Feature", "properties": { "P29_001": "15222", "P29_002": "B115222200275", "P29_003": "16001", "P29_004": "上越市立国府小学校", "P29_005": "新潟県上越市五智4-1-10", "P29_006": "3", "P29_007": "1", "P29_008": "00", "P29_009": null }, "geometry": { "type": "Point", "coordinates": [ 138.22837288279328, 37.171538039346544 ] } },
{ "type": "Feature", "properties": { "P29_001": "15222", "P29_002": "B115222200284", "P29_003": "16001", "P29_004": "上越市立保倉小学校", "P29_005": "新潟県上越市大字上吉野146-2", "P29_006": "3", "P29_007": "1", "P29_008": "00", "P29_009": null }, "geometry": { "type": "Point", "coordinates": [ 138.325550480581228, 37.167582316653579 ] } },
{ "type": "Feature", "properties": { "P29_001": "15222", "P29_002": "B115222200293", "P29_003": "16001", "P29_004": "上越市立谷浜小学校", "P29_005": "新潟県上越市大字有間川445", "P29_006": "3", "P29_007": "1", "P29_008": "00", "P29_009": null }, "geometry": { "type": "Point", "coordinates": [ 138.143807474822211, 37.15750216851314 ] } },
{ "type": "Feature", "properties": { "P29_001": "15222", "P29_002": "B115222200300", "P29_003": "16001", "P29_004": "上越市立安塚小学校", "P29_005": "新潟県上越市安塚区安塚2575", "P29_006": "3", "P29_007": "1", "P29_008": "00", "P29_009": null }, "geometry": { "type": "Point", "coordinates": [ 138.444752506050662, 37.129638761320834 ] } },
{ "type": "Feature", "properties": { "P29_001": "15222", "P29_002": "B115222200319", "P29_003": "16001", "P29_004": "上越市立浦川原小学校", "P29_005": "新潟県上越市浦川原区横川321", "P29_006": "3", "P29_007": "1", "P29_008": "00", "P29_009": null }, "geometry": { "type": "Point", "coordinates": [ 138.415032314501786, 37.159457253728661 ] } },
{ "type": "Feature", "properties": { "P29_001": "15222", "P29_002": "B115222200328", "P29_003": "16001", "P29_004": "上越市立大島小学校", "P29_005": "新潟県上越市大島区大平3735", "P29_006": "3", "P29_007": "1", "P29_008": "00", "P29_009": null }, "geometry": { "type": "Point", "coordinates": [ 138.509991035997047, 37.153819176597707 ] } },
{ "type": "Feature", "properties": { "P29_001": "15222", "P29_002": "B115222200337", "P29_003": "16001", "P29_004": "上越市立牧小学校", "P29_005": "新潟県上越市牧区国川1550-1", "P29_006": "3", "P29_007": "1", "P29_008": "00", "P29_009": null }, "geometry": { "type": "Point", "coordinates": [ 138.387956994590468, 37.076017986992028 ] } },
{ "type": "Feature", "properties": { "P29_001": "15222", "P29_002": "B115222200346", "P29_003": "16001", "P29_004": "上越市立上下浜小学校", "P29_005": "新潟県上越市柿崎区上下浜569", "P29_006": "3", "P29_007": "1", "P29_008": "00", "P29_009": null }, "geometry": { "type": "Point", "coordinates": [ 138.359845479554451, 37.253471659350836 ] } },
{ "type": "Feature", "properties": { "P29_001": "15222", "P29_002": "B115222200355", "P29_003": "16001", "P29_004": "上越市立下黒川小学校", "P29_005": "新潟県上越市柿崎区柳ケ崎707", "P29_006": "3", "P29_007": "1", "P29_008": "00", "P29_009": null }, "geometry": { "type": "Point", "coordinates": [ 138.405520153364506, 37.2575159315546 ] } },
{ "type": "Feature", "properties": { "P29_001": "15222", "P29_002": "B115222200364", "P29_003": "16001", "P29_004": "上越市立柿崎小学校", "P29_005": "新潟県上越市柿崎区柿崎601-1", "P29_006": "3", "P29_007": "1", "P29_008": "00", "P29_009": null }, "geometry": { "type": "Point", "coordinates": [ 138.389437150364842, 37.276003768822036 ] } },
{ "type": "Feature", "properties": { "P29_001": "15222", "P29_002": "B115222200373", "P29_003": "16001", "P29_004": "上越市立大潟町小学校", "P29_005": "新潟県上越市大潟区土底浜1621", "P29_006": "3", "P29_007": "1", "P29_008": "00", "P29_009": null }, "geometry": { "type": "Point", "coordinates": [ 138.32418439113934, 37.225779288315856 ] } },
{ "type": "Feature", "properties": { "P29_001": "15222", "P29_002": "B115222200382", "P29_003": "16001", "P29_004": "上越市立南川小学校", "P29_005": "新潟県上越市頸城区上吉414", "P29_006": "3", "P29_007": "1", "P29_008": "00", "P29_009": null }, "geometry": { "type": "Point", "coordinates": [ 138.286144218635229, 37.181869590435319 ] } },
{ "type": "Feature", "properties": { "P29_001": "15222", "P29_002": "B115222200391", "P29_003": "16001", "P29_004": "上越市立大瀁小学校", "P29_005": "新潟県上越市頸城区百間町1134", "P29_006": "3", "P29_007": "1", "P29_008": "00", "P29_009": null }, "geometry": { "type": "Point", "coordinates": [ 138.331155734212956, 37.189879549180517 ] } },
{ "type": "Feature", "properties": { "P29_001": "15222", "P29_002": "B115222200408", "P29_003": "16001", "P29_004": "上越市立明治小学校", "P29_005": "新潟県上越市頸城区日根津2929", "P29_006": "3", "P29_007": "1", "P29_008": "00", "P29_009": null }, "geometry": { "type": "Point", "coordinates": [ 138.359206667546715, 37.191266356039449 ] } },
{ "type": "Feature", "properties": { "P29_001": "15222", "P29_002": "B115222200417", "P29_003": "16001", "P29_004": "上越市立吉川小学校", "P29_005": "新潟県上越市吉川区原之町1819", "P29_006": "3", "P29_007": "1", "P29_008": "00", "P29_009": null }, "geometry": { "type": "Point", "coordinates": [ 138.404658187833519, 37.2237454294714 ] } },
{ "type": "Feature", "properties": { "P29_001": "15222", "P29_002": "B115222200426", "P29_003": "16001", "P29_004": "上越市立中郷小学校", "P29_005": "新潟県上越市中郷区二本木704", "P29_006": "3", "P29_007": "1", "P29_008": "00", "P29_009": null }, "geometry": { "type": "Point", "coordinates": [ 138.235773255081028, 36.986099164150204 ] } },
{ "type": "Feature", "properties": { "P29_001": "15222", "P29_002": "B115222200462", "P29_003": "16001", "P29_004": "上越市立豊原小学校", "P29_005": "新潟県上越市高野730-4", "P29_006": "3", "P29_007": "1", "P29_008": "00", "P29_009": null }, "geometry": { "type": "Point", "coordinates": [ 138.293894710305267, 37.067552794662568 ] } },
{ "type": "Feature", "properties": { "P29_001": "15222", "P29_002": "B115222200471", "P29_003": "16001", "P29_004": "上越市立里公小学校", "P29_005": "新潟県上越市三和区鴨井710", "P29_006": "3", "P29_007": "1", "P29_008": "00", "P29_009": null }, "geometry": { "type": "Point", "coordinates": [ 138.339299993586764, 37.109932032299547 ] } },
{ "type": "Feature", "properties": { "P29_001": "15222", "P29_002": "B115222200480", "P29_003": "16001", "P29_004": "上越市立上杉小学校", "P29_005": "新潟県上越市三和区今保584", "P29_006": "3", "P29_007": "1", "P29_008": "00", "P29_009": null }, "geometry": { "type": "Point", "coordinates": [ 138.368671384833135, 37.119197422493407 ] } },
{ "type": "Feature", "properties": { "P29_001": "15222", "P29_002": "B115222200499", "P29_003": "16001", "P29_004": "上越市立美守小学校", "P29_005": "新潟県上越市三和区本郷668", "P29_006": "3", "P29_007": "1", "P29_008": "00", "P29_009": null }, "geometry": { "type": "Point", "coordinates": [ 138.346986914950946, 37.151100207224587 ] } },
{ "type": "Feature", "properties": { "P29_001": "15222", "P29_002": "B115222200505", "P29_003": "16001", "P29_004": "上越市立宝田小学校", "P29_005": "新潟県上越市名立区車路290", "P29_006": "3", "P29_007": "1", "P29_008": "00", "P29_009": null }, "geometry": { "type": "Point", "coordinates": [ 138.107619511061586, 37.143403964151744 ] } },
{ "type": "Feature", "properties": { "P29_001": "15222", "P29_002": "B115222200514", "P29_003": "16001", "P29_004": "上越市立板倉小学校", "P29_005": "新潟県上越市板倉区針1129", "P29_006": "3", "P29_007": "1", "P29_008": "00", "P29_009": null }, "geometry": { "type": "Point", "coordinates": [ 138.295407004717504, 37.049782001030771 ] } },
{ "type": "Feature", "properties": { "P29_001": "15223", "P29_002": "B115222300014", "P29_003": "16001", "P29_004": "阿賀野市立安田小学校", "P29_005": "新潟県阿賀野市保田4664", "P29_006": "3", "P29_007": "1", "P29_008": "00", "P29_009": null }, "geometry": { "type": "Point", "coordinates": [ 139.235561323690888, 37.777122155274583 ] } },
{ "type": "Feature", "properties": { "P29_001": "15223", "P29_002": "B115222300023", "P29_003": "16001", "P29_004": "阿賀野市立京ヶ瀬小学校", "P29_005": "新潟県阿賀野市姥ヶ橋749", "P29_006": "3", "P29_007": "1", "P29_008": "00", "P29_009": null }, "geometry": { "type": "Point", "coordinates": [ 139.18469158181756, 37.841957820787961 ] } },
{ "type": "Feature", "properties": { "P29_001": "15223", "P29_002": "B115222300041", "P29_003": "16001", "P29_004": "阿賀野市立堀越小学校", "P29_005": "新潟県阿賀野市野地城259-1", "P29_006": "3", "P29_007": "1", "P29_008": "00", "P29_009": null }, "geometry": { "type": "Point", "coordinates": [ 139.228362504289493, 37.81834471884769 ] } },
{ "type": "Feature", "properties": { "P29_001": "15223", "P29_002": "B115222300050", "P29_003": "16001", "P29_004": "阿賀野市立水原小学校", "P29_005": "新潟県阿賀野市岡山町4-35", "P29_006": "3", "P29_007": "1", "P29_008": "00", "P29_009": null }, "geometry": { "type": "Point", "coordinates": [ 139.22426550473773, 37.835101485229487 ] } },
{ "type": "Feature", "properties": { "P29_001": "15223", "P29_002": "B115222300069", "P29_003": "16001", "P29_004": "阿賀野市立安野小学校", "P29_005": "新潟県阿賀野市南安野町7-1", "P29_006": "3", "P29_007": "1", "P29_008": "00", "P29_009": null }, "geometry": { "type": "Point", "coordinates": [ 139.213243550349858, 37.836800947881876 ] } },
{ "type": "Feature", "properties": { "P29_001": "15223", "P29_002": "B115222300078", "P29_003": "16001", "P29_004": "阿賀野市立神山小学校", "P29_005": "新潟県阿賀野市山倉107", "P29_006": "3", "P29_007": "1", "P29_008": "00", "P29_009": null }, "geometry": { "type": "Point", "coordinates": [ 139.255450777319083, 37.87097189300183 ] } },
{ "type": "Feature", "properties": { "P29_001": "15223", "P29_002": "B115222300087", "P29_003": "16001", "P29_004": "阿賀野市立笹岡小学校", "P29_005": "新潟県阿賀野市山崎1443-1", "P29_006": "3", "P29_007": "1", "P29_008": "00", "P29_009": null }, "geometry": { "type": "Point", "coordinates": [ 139.270990003005181, 37.834932761652937 ] } },
{ "type": "Feature", "properties": { "P29_001": "15224", "P29_002": "B115222400013", "P29_003": "16001", "P29_004": "佐渡市立河崎小学校", "P29_005": "新潟県佐渡市下久知501", "P29_006": "3", "P29_007": "1", "P29_008": "00", "P29_009": null }, "geometry": { "type": "Point", "coordinates": [ 138.470967106856108, 38.063659225427344 ] } },
{ "type": "Feature", "properties": { "P29_001": "15224", "P29_002": "B115222400022", "P29_003": "16001", "P29_004": "佐渡市立両津小学校", "P29_005": "新潟県佐渡市両津湊200-1", "P29_006": "3", "P29_007": "1", "P29_008": "00", "P29_009": null }, "geometry": { "type": "Point", "coordinates": [ 138.435129975448291, 38.079834528140971 ] } },
{ "type": "Feature", "properties": { "P29_001": "15224", "P29_002": "B115222400031", "P29_003": "16001", "P29_004": "佐渡市立加茂小学校", "P29_005": "新潟県佐渡市梅津2341-1", "P29_006": "3", "P29_007": "1", "P29_008": "00", "P29_009": null }, "geometry": { "type": "Point", "coordinates": [ 138.429655066113469, 38.093817004601945 ] } },
{ "type": "Feature", "properties": { "P29_001": "15224", "P29_002": "B115222400040", "P29_003": "16001", "P29_004": "佐渡市立内海府小学校", "P29_005": "新潟県佐渡市鷲崎918", "P29_006": "3", "P29_007": "1", "P29_008": "00", "P29_009": null }, "geometry": { "type": "Point", "coordinates": [ 138.512736822828941, 38.319788898156453 ] } },
{ "type": "Feature", "properties": { "P29_001": "15224", "P29_002": "B115222400059", "P29_003": "16001", "P29_004": "佐渡市立両津吉井小学校", "P29_005": "新潟県佐渡市秋津1255", "P29_006": "3", "P29_007": "1", "P29_008": "00", "P29_009": null }, "geometry": { "type": "Point", "coordinates": [ 138.409064430166666, 38.065633668527944 ] } },
{ "type": "Feature", "properties": { "P29_001": "15224", "P29_002": "B115222400068", "P29_003": "16001", "P29_004": "佐渡市立前浜小学校", "P29_005": "新潟県佐渡市水津858", "P29_006": "3", "P29_007": "1", "P29_008": "00", "P29_009": null }, "geometry": { "type": "Point", "coordinates": [ 138.569684262463767, 38.077815055180174 ] } },
{ "type": "Feature", "properties": { "P29_001": "15224", "P29_002": "B115222400077", "P29_003": "16001", "P29_004": "佐渡市立相川小学校", "P29_005": "新潟県佐渡市相川下戸村1-1", "P29_006": "3", "P29_007": "1", "P29_008": "00", "P29_009": null }, "geometry": { "type": "Point", "coordinates": [ 138.241174181259964, 38.026797000618906 ] } },
{ "type": "Feature", "properties": { "P29_001": "15224", "P29_002": "B115222400086", "P29_003": "16001", "P29_004": "佐渡市立七浦小学校", "P29_005": "新潟県佐渡市稲鯨1312", "P29_006": "3", "P29_007": "1", "P29_008": "00", "P29_009": null }, "geometry": { "type": "Point", "coordinates": [ 138.236114551312369, 37.975289560634749 ] } },
{ "type": "Feature", "properties": { "P29_001": "15224", "P29_002": "B115222400095", "P29_003": "16001", "P29_004": "佐渡市立高千小学校", "P29_005": "新潟県佐渡市入川1872-4", "P29_006": "3", "P29_007": "1", "P29_008": "00", "P29_009": null }, "geometry": { "type": "Point", "coordinates": [ 138.321359164125624, 38.184598958775574 ] } },
{ "type": "Feature", "properties": { "P29_001": "15224", "P29_002": "B115222400102", "P29_003": "16001", "P29_004": "佐渡市立金泉小学校", "P29_005": "新潟県佐渡市達者1200-2", "P29_006": "3", "P29_007": "1", "P29_008": "00", "P29_009": null }, "geometry": { "type": "Point", "coordinates": [ 138.248378295281725, 38.082657230119509 ] } },
{ "type": "Feature", "properties": { "P29_001": "15224", "P29_002": "B115222400111", "P29_003": "16001", "P29_004": "佐渡市立河原田小学校", "P29_005": "新潟県佐渡市河原田本町262", "P29_006": "3", "P29_007": "1", "P29_008": "00", "P29_009": null }, "geometry": { "type": "Point", "coordinates": [ 138.320269922770308, 38.000147500753336 ] } },
{ "type": "Feature", "properties": { "P29_001": "15224", "P29_002": "B115222400120", "P29_003": "16001", "P29_004": "佐渡市立八幡小学校", "P29_005": "新潟県佐渡市八幡2002", "P29_006": "3", "P29_007": "1", "P29_008": "00", "P29_009": null }, "geometry": { "type": "Point", "coordinates": [ 138.338393445011661, 37.990284892450681 ] } },
{ "type": "Feature", "properties": { "P29_001": "15224", "P29_002": "B115222400139", "P29_003": "16001", "P29_004": "佐渡市立二宮小学校", "P29_005": "新潟県佐渡市石田489", "P29_006": "3", "P29_007": "1", "P29_008": "00", "P29_009": null }, "geometry": { "type": "Point", "coordinates": [ 138.32201505591604, 38.011469284805052 ] } },
{ "type": "Feature", "properties": { "P29_001": "15224", "P29_002": "B115222400148", "P29_003": "16001", "P29_004": "佐渡市立金井小学校", "P29_005": "新潟県佐渡市千種丙178-1", "P29_006": "3", "P29_007": "1", "P29_008": "00", "P29_009": null }, "geometry": { "type": "Point", "coordinates": [ 138.366033851324914, 38.025582514624453 ] } },
{ "type": "Feature", "properties": { "P29_001": "15224", "P29_002": "B115222400157", "P29_003": "16001", "P29_004": "佐渡市立新穂小学校", "P29_005": "新潟県佐渡市上新穂630", "P29_006": "3", "P29_007": "1", "P29_008": "00", "P29_009": null }, "geometry": { "type": "Point", "coordinates": [ 138.41796878671235, 38.015696098464794 ] } },
{ "type": "Feature", "properties": { "P29_001": "15224", "P29_002": "B115222400166", "P29_003": "16001", "P29_004": "佐渡市立行谷小学校", "P29_005": "新潟県佐渡市新穂正明寺99", "P29_006": "3", "P29_007": "1", "P29_008": "00", "P29_009": null }, "geometry": { "type": "Point", "coordinates": [ 138.433397729525382, 38.02770720499305 ] } },
{ "type": "Feature", "properties": { "P29_001": "15224", "P29_002": "B115222400175", "P29_003": "16001", "P29_004": "佐渡市立畑野小学校", "P29_005": "新潟県佐渡市畑野甲271-1", "P29_006": "3", "P29_007": "1", "P29_008": "00", "P29_009": null }, "geometry": { "type": "Point", "coordinates": [ 138.398864631222636, 37.989365077184502 ] } },
{ "type": "Feature", "properties": { "P29_001": "15224", "P29_002": "B115222400184", "P29_003": "16001", "P29_004": "佐渡市立松ヶ崎小学校", "P29_005": "新潟県佐渡市多田139", "P29_006": "3", "P29_007": "1", "P29_008": "00", "P29_009": null }, "geometry": { "type": "Point", "coordinates": [ 138.477575548891167, 37.914374223425256 ] } },
{ "type": "Feature", "properties": { "P29_001": "15224", "P29_002": "B115222400193", "P29_003": "16001", "P29_004": "佐渡市立真野小学校", "P29_005": "新潟県佐渡市吉岡1695", "P29_006": "3", "P29_007": "1", "P29_008": "00", "P29_009": null }, "geometry": { "type": "Point", "coordinates": [ 138.348493968039179, 37.97039505066256 ] } },
{ "type": "Feature", "properties": { "P29_001": "15224", "P29_002": "B115222400200", "P29_003": "16001", "P29_004": "佐渡市立小木小学校", "P29_005": "新潟県佐渡市小木町905", "P29_006": "3", "P29_007": "1", "P29_008": "00", "P29_009": null }, "geometry": { "type": "Point", "coordinates": [ 138.279487617370251, 37.818846354797131 ] } },
{ "type": "Feature", "properties": { "P29_001": "15224", "P29_002": "B115222400219", "P29_003": "16001", "P29_004": "佐渡市立羽茂小学校", "P29_005": "新潟県佐渡市羽茂本郷559-1", "P29_006": "3", "P29_007": "1", "P29_008": "00", "P29_009": null }, "geometry": { "type": "Point", "coordinates": [ 138.318145078194817, 37.848185923747941 ] } },
{ "type": "Feature", "properties": { "P29_001": "15224", "P29_002": "B115222400228", "P29_003": "16001", "P29_004": "佐渡市立赤泊小学校", "P29_005": "新潟県佐渡市赤泊289", "P29_006": "3", "P29_007": "1", "P29_008": "00", "P29_009": null }, "geometry": { "type": "Point", "coordinates": [ 138.412096991839832, 37.871297003777293 ] } },
{ "type": "Feature", "properties": { "P29_001": "15225", "P29_002": "B115222500012", "P29_003": "16001", "P29_004": "魚沼市立堀之内小学校", "P29_005": "新潟県魚沼市堀之内430-3", "P29_006": "3", "P29_007": "1", "P29_008": "00", "P29_009": null }, "geometry": { "type": "Point", "coordinates": [ 138.925861587977408, 37.242002969485831 ] } },
{ "type": "Feature", "properties": { "P29_001": "15225", "P29_002": "B115222500021", "P29_003": "16001", "P29_004": "魚沼市立宇賀地小学校", "P29_005": "新潟県魚沼市下島910-1", "P29_006": "3", "P29_007": "1", "P29_008": "00", "P29_009": null }, "geometry": { "type": "Point", "coordinates": [ 138.908391074017715, 37.253974856936573 ] } },
{ "type": "Feature", "properties": { "P29_001": "15225", "P29_002": "B115222500030", "P29_003": "16001", "P29_004": "魚沼市立小出小学校", "P29_005": "新潟県魚沼市佐梨1060", "P29_006": "3", "P29_007": "1", "P29_008": "00", "P29_009": null }, "geometry": { "type": "Point", "coordinates": [ 138.963337413696564, 37.228008884231905 ] } },
{ "type": "Feature", "properties": { "P29_001": "15225", "P29_002": "B115222500049", "P29_003": "16001", "P29_004": "魚沼市立伊米ヶ崎小学校", "P29_005": "新潟県魚沼市虫野38", "P29_006": "3", "P29_007": "1", "P29_008": "00", "P29_009": null }, "geometry": { "type": "Point", "coordinates": [ 138.950532835165461, 37.198927962440848 ] } },
{ "type": "Feature", "properties": { "P29_001": "15225", "P29_002": "B115222500058", "P29_003": "16001", "P29_004": "魚沼市立湯之谷小学校", "P29_005": "新潟県魚沼市七日町新田48", "P29_006": "3", "P29_007": "1", "P29_008": "00", "P29_009": null }, "geometry": { "type": "Point", "coordinates": [ 138.984684302230306, 37.232052700978613 ] } },
{ "type": "Feature", "properties": { "P29_001": "15225", "P29_002": "B115222500067", "P29_003": "16001", "P29_004": "魚沼市立広神東小学校", "P29_005": "新潟県魚沼市中家新田77-1", "P29_006": "3", "P29_007": "1", "P29_008": "00", "P29_009": null }, "geometry": { "type": "Point", "coordinates": [ 138.984021459175551, 37.24570190483854 ] } },
{ "type": "Feature", "properties": { "P29_001": "15225", "P29_002": "B115222500076", "P29_003": "16001", "P29_004": "魚沼市立広神西小学校", "P29_005": "新潟県魚沼市親柄107-1", "P29_006": "3", "P29_007": "1", "P29_008": "00", "P29_009": null }, "geometry": { "type": "Point", "coordinates": [ 138.980869320444413, 37.28083709420445 ] } },
{ "type": "Feature", "properties": { "P29_001": "15225", "P29_002": "B115222500085", "P29_003": "16001", "P29_004": "魚沼市立須原小学校", "P29_005": "新潟県魚沼市須原980", "P29_006": "3", "P29_007": "1", "P29_008": "00", "P29_009": null }, "geometry": { "type": "Point", "coordinates": [ 139.016264787158121, 37.317020842351148 ] } },
{ "type": "Feature", "properties": { "P29_001": "15226", "P29_002": "B115222600020", "P29_003": "16001", "P29_004": "南魚沼市立石打小学校", "P29_005": "新潟県南魚沼市石打2-1", "P29_006": "3", "P29_007": "1", "P29_008": "00", "P29_009": null }, "geometry": { "type": "Point", "coordinates": [ 138.805713088215128, 36.98402760129224 ] } },
{ "type": "Feature", "properties": { "P29_001": "15226", "P29_002": "B115222600039", "P29_003": "16001", "P29_004": "南魚沼市立栃窪小学校", "P29_005": "新潟県南魚沼市栃窪409", "P29_006": "3", "P29_007": "1", "P29_008": "00", "P29_009": null }, "geometry": { "type": "Point", "coordinates": [ 138.813704374113172, 37.053561111745147 ] } },
{ "type": "Feature", "properties": { "P29_001": "15226", "P29_002": "B115222600048", "P29_003": "16001", "P29_004": "南魚沼市立中之島小学校", "P29_005": "新潟県南魚沼市中子新田甲265-1", "P29_006": "3", "P29_007": "1", "P29_008": "00", "P29_009": null }, "geometry": { "type": "Point", "coordinates": [ 138.844117314281476, 37.013122132552574 ] } },
{ "type": "Feature", "properties": { "P29_001": "15226", "P29_002": "B115222600057", "P29_003": "16001", "P29_004": "南魚沼市立塩沢小学校", "P29_005": "新潟県南魚沼市塩沢1538-1", "P29_006": "3", "P29_007": "1", "P29_008": "00", "P29_009": null }, "geometry": { "type": "Point", "coordinates": [ 138.84620666141376, 37.037322731138687 ] } },
{ "type": "Feature", "properties": { "P29_001": "15226", "P29_002": "B115222600066", "P29_003": "16001", "P29_004": "南魚沼市立六日町小学校", "P29_005": "新潟県南魚沼市六日町1267-1", "P29_006": "3", "P29_007": "1", "P29_008": "00", "P29_009": null }, "geometry": { "type": "Point", "coordinates": [ 138.879602157267641, 37.060605612383561 ] } },
{ "type": "Feature", "properties": { "P29_001": "15226", "P29_002": "B115222600075", "P29_003": "16001", "P29_004": "南魚沼市立城内小学校", "P29_005": "新潟県南魚沼市上原68", "P29_006": "3", "P29_007": "1", "P29_008": "00", "P29_009": null }, "geometry": { "type": "Point", "coordinates": [ 138.931082167399211, 37.091517561046452 ] } },
{ "type": "Feature", "properties": { "P29_001": "15226", "P29_002": "B115222600084", "P29_003": "16001", "P29_004": "南魚沼市立北辰小学校", "P29_005": "新潟県南魚沼市余川1220-2", "P29_006": "3", "P29_007": "1", "P29_008": "00", "P29_009": null }, "geometry": { "type": "Point", "coordinates": [ 138.879122310965016, 37.072670192619796 ] } },
{ "type": "Feature", "properties": { "P29_001": "15226", "P29_002": "B115222600093", "P29_003": "16001", "P29_004": "南魚沼市立薮神小学校", "P29_005": "新潟県南魚沼市一村尾800", "P29_006": "3", "P29_007": "1", "P29_008": "00", "P29_009": null }, "geometry": { "type": "Point", "coordinates": [ 138.909297854162446, 37.143712751610138 ] } },
{ "type": "Feature", "properties": { "P29_001": "15226", "P29_002": "B115222600100", "P29_003": "16001", "P29_004": "南魚沼市立後山小学校", "P29_005": "新潟県南魚沼市市野江乙1009-1", "P29_006": "3", "P29_007": "1", "P29_008": "00", "P29_009": null }, "geometry": { "type": "Point", "coordinates": [ 138.866051612563382, 37.15920544630572 ] } },
{ "type": "Feature", "properties": { "P29_001": "15226", "P29_002": "B115222600119", "P29_003": "16001", "P29_004": "南魚沼市立浦佐小学校", "P29_005": "新潟県南魚沼市浦佐5278-1", "P29_006": "3", "P29_007": "1", "P29_008": "00", "P29_009": null }, "geometry": { "type": "Point", "coordinates": [ 138.930276522732356, 37.168137241170697 ] } },
{ "type": "Feature", "properties": { "P29_001": "15226", "P29_002": "B115222600128", "P29_003": "16001", "P29_004": "南魚沼市立大崎小学校", "P29_005": "新潟県南魚沼市大崎1855", "P29_006": "3", "P29_007": "1", "P29_008": "00", "P29_009": null }, "geometry": { "type": "Point", "coordinates": [ 138.939329271153809, 37.130776775431002 ] } },
{ "type": "Feature", "properties": { "P29_001": "15226", "P29_002": "B115222600137", "P29_003": "16001", "P29_004": "南魚沼市立赤石小学校", "P29_005": "新潟県南魚沼市荒金273-2", "P29_006": "3", "P29_007": "1", "P29_008": "00", "P29_009": null }, "geometry": { "type": "Point", "coordinates": [ 138.967789274967515, 37.153660447519513 ] } },
{ "type": "Feature", "properties": { "P29_001": "15226", "P29_002": "B115222600146", "P29_003": "16001", "P29_004": "南魚沼市立三用小学校", "P29_005": "新潟県南魚沼市芋赤1135", "P29_006": "3", "P29_007": "1", "P29_008": "00", "P29_009": null }, "geometry": { "type": "Point", "coordinates": [ 138.97214951406059, 37.177069299381365 ] } },
{ "type": "Feature", "properties": { "P29_001": "15226", "P29_002": "B115222600155", "P29_003": "16001", "P29_004": "南魚沼市立五十沢小学校", "P29_005": "新潟県南魚沼市宮472-3", "P29_006": "3", "P29_007": "1", "P29_008": "00", "P29_009": null }, "geometry": { "type": "Point", "coordinates": [ 138.9304466322113, 37.056824758799891 ] } },
{ "type": "Feature", "properties": { "P29_001": "15226", "P29_002": "B115222600164", "P29_003": "16001", "P29_004": "南魚沼市立おおまき小学校", "P29_005": "新潟県南魚沼市大杉新田416-2", "P29_006": "3", "P29_007": "1", "P29_008": "00", "P29_009": null }, "geometry": { "type": "Point", "coordinates": [ 138.895245001560824, 37.108506002610369 ] } },
{ "type": "Feature", "properties": { "P29_001": "15226", "P29_002": "B115222600173", "P29_003": "16001", "P29_004": "南魚沼市立上田小学校", "P29_005": "新潟県南魚沼市長崎30", "P29_006": "3", "P29_007": "1", "P29_008": "00", "P29_009": null }, "geometry": { "type": "Point", "coordinates": [ 138.876056589682236, 37.022852074302534 ] } },
{ "type": "Feature", "properties": { "P29_001": "15227", "P29_002": "B115222700010", "P29_003": "16001", "P29_004": "胎内市立中条小学校", "P29_005": "新潟県胎内市大川町16-56", "P29_006": "3", "P29_007": "1", "P29_008": "00", "P29_009": null }, "geometry": { "type": "Point", "coordinates": [ 139.407222707757455, 38.052653384721779 ] } },
{ "type": "Feature", "properties": { "P29_001": "15227", "P29_002": "B115222700029", "P29_003": "16001", "P29_004": "胎内市立きのと小学校", "P29_005": "新潟県胎内市山屋120", "P29_006": "3", "P29_007": "1", "P29_008": "00", "P29_009": null }, "geometry": { "type": "Point", "coordinates": [ 139.407448484776495, 38.097481598714602 ] } },
{ "type": "Feature", "properties": { "P29_001": "15227", "P29_002": "B115222700038", "P29_003": "16001", "P29_004": "胎内市立築地小学校", "P29_005": "新潟県胎内市築地3467", "P29_006": "3", "P29_007": "1", "P29_008": "00", "P29_009": null }, "geometry": { "type": "Point", "coordinates": [ 139.353688555996911, 38.060550920996313 ] } },
{ "type": "Feature", "properties": { "P29_001": "15227", "P29_002": "B115222700047", "P29_003": "16001", "P29_004": "胎内市立黒川小学校", "P29_005": "新潟県胎内市黒川1076-1", "P29_006": "3", "P29_007": "1", "P29_008": "00", "P29_009": null }, "geometry": { "type": "Point", "coordinates": [ 139.437779927196345, 38.078119658530092 ] } },
{ "type": "Feature", "properties": { "P29_001": "15227", "P29_002": "B115222700056", "P29_003": "16001", "P29_004": "胎内市立胎内小学校", "P29_005": "新潟県胎内市江上470", "P29_006": "3", "P29_007": "1", "P29_008": "00", "P29_009": null }, "geometry": { "type": "Point", "coordinates": [ 139.393148864493298, 38.055514009343945 ] } },
{ "type": "Feature", "properties": { "P29_001": "15307", "P29_002": "B115230700013", "P29_003": "16001", "P29_004": "聖籠町立蓮野小学校", "P29_005": "新潟県北蒲原郡聖籠町大字蓮野1687", "P29_006": "3", "P29_007": "1", "P29_008": "00", "P29_009": null }, "geometry": { "type": "Point", "coordinates": [ 139.264990668731684, 37.961906173977134 ] } },
{ "type": "Feature", "properties": { "P29_001": "15307", "P29_002": "B115230700022", "P29_003": "16001", "P29_004": "聖籠町立山倉小学校", "P29_005": "新潟県北蒲原郡聖籠町山倉688", "P29_006": "3", "P29_007": "1", "P29_008": "00", "P29_009": null }, "geometry": { "type": "Point", "coordinates": [ 139.286502988943482, 37.977913750065895 ] } },
{ "type": "Feature", "properties": { "P29_001": "15307", "P29_002": "B115230700031", "P29_003": "16001", "P29_004": "聖籠町立亀代小学校", "P29_005": "新潟県北蒲原郡聖籠町大字次第浜4614", "P29_006": "3", "P29_007": "1", "P29_008": "00", "P29_009": null }, "geometry": { "type": "Point", "coordinates": [ 139.264303879972147, 38.010393236095702 ] } },
{ "type": "Feature", "properties": { "P29_001": "15342", "P29_002": "B115234200010", "P29_003": "16001", "P29_004": "弥彦村立弥彦小学校", "P29_005": "新潟県西蒲原郡弥彦村大字井田3477", "P29_006": "3", "P29_007": "1", "P29_008": "00", "P29_009": null }, "geometry": { "type": "Point", "coordinates": [ 138.846305024514265, 37.692842975806514 ] } },
{ "type": "Feature", "properties": { "P29_001": "15361", "P29_002": "B115236100016", "P29_003": "16001", "P29_004": "田上町立田上小学校", "P29_005": "新潟県南蒲原郡田上町大字田上乙333", "P29_006": "3", "P29_007": "1", "P29_008": "00", "P29_009": null }, "geometry": { "type": "Point", "coordinates": [ 139.076553311298142, 37.705607403812763 ] } },
{ "type": "Feature", "properties": { "P29_001": "15361", "P29_002": "B115236100025", "P29_003": "16001", "P29_004": "田上町立羽生田小学校", "P29_005": "新潟県南蒲原郡田上町大字羽生田乙555", "P29_006": "3", "P29_007": "1", "P29_008": "00", "P29_009": null }, "geometry": { "type": "Point", "coordinates": [ 139.064110639326032, 37.684917584696436 ] } },
{ "type": "Feature", "properties": { "P29_001": "15385", "P29_002": "B115238500018", "P29_003": "16001", "P29_004": "阿賀町立津川小学校", "P29_005": "新潟県東蒲原郡阿賀町津川3234", "P29_006": "3", "P29_007": "1", "P29_008": "00", "P29_009": null }, "geometry": { "type": "Point", "coordinates": [ 139.452467747628759, 37.681771305387251 ] } },
{ "type": "Feature", "properties": { "P29_001": "15385", "P29_002": "B115238500027", "P29_003": "16001", "P29_004": "阿賀町立上川小学校", "P29_005": "新潟県東蒲原郡阿賀町両郷乙1552", "P29_006": "3", "P29_007": "1", "P29_008": "00", "P29_009": null }, "geometry": { "type": "Point", "coordinates": [ 139.467832839297131, 37.637589542375686 ] } },
{ "type": "Feature", "properties": { "P29_001": "15385", "P29_002": "B115238500036", "P29_003": "16001", "P29_004": "阿賀町立三川小学校", "P29_005": "新潟県東蒲原郡阿賀町白崎2500-1", "P29_006": "3", "P29_007": "1", "P29_008": "00", "P29_009": null }, "geometry": { "type": "Point", "coordinates": [ 139.382806310738658, 37.710988566872324 ] } },
{ "type": "Feature", "properties": { "P29_001": "15405", "P29_002": "B115240500014", "P29_003": "16001", "P29_004": "出雲崎町立出雲崎小学校", "P29_005": "新潟県三島郡出雲崎町川西12", "P29_006": "3", "P29_007": "1", "P29_008": "00", "P29_009": null }, "geometry": { "type": "Point", "coordinates": [ 138.713811863068685, 37.531370261395004 ] } },
{ "type": "Feature", "properties": { "P29_001": "15461", "P29_002": "B115246100015", "P29_003": "16001", "P29_004": "湯沢町立湯沢小学校", "P29_005": "新潟県南魚沼郡湯沢町大字神立1580", "P29_006": "3", "P29_007": "1", "P29_008": "00", "P29_009": null }, "geometry": { "type": "Point", "coordinates": [ 138.831338479101134, 36.927800844973099 ] } },
{ "type": "Feature", "properties": { "P29_001": "15482", "P29_002": "B115248200010", "P29_003": "16001", "P29_004": "津南町立上郷小学校", "P29_005": "新潟県中魚沼郡津南町大字上郷宮野原164-1", "P29_006": "3", "P29_007": "1", "P29_008": "00", "P29_009": null }, "geometry": { "type": "Point", "coordinates": [ 138.589807259861658, 36.989514626021652 ] } },
{ "type": "Feature", "properties": { "P29_001": "15482", "P29_002": "B115248200029", "P29_003": "16001", "P29_004": "津南町立芦ケ崎小学校", "P29_005": "新潟県中魚沼郡津南町大字谷内1181-1", "P29_006": "3", "P29_007": "1", "P29_008": "00", "P29_009": null }, "geometry": { "type": "Point", "coordinates": [ 138.629240986410849, 36.982655720600235 ] } },
{ "type": "Feature", "properties": { "P29_001": "15482", "P29_002": "B115248200038", "P29_003": "16001", "P29_004": "津南町立津南小学校", "P29_005": "新潟県中魚沼郡津南町大字下船渡丁127", "P29_006": "3", "P29_007": "1", "P29_008": "00", "P29_009": null }, "geometry": { "type": "Point", "coordinates": [ 138.660210185070355, 37.022565705758545 ] } },
{ "type": "Feature", "properties": { "P29_001": "15504", "P29_002": "B115250400014", "P29_003": "16001", "P29_004": "刈羽村立刈羽小学校", "P29_005": "新潟県刈羽郡刈羽村割町新田177", "P29_006": "3", "P29_007": "1", "P29_008": "00", "P29_009": null }, "geometry": { "type": "Point", "coordinates": [ 138.621392878359956, 37.421738197051255 ] } },
{ "type": "Feature", "properties": { "P29_001": "15581", "P29_002": "B115258100010", "P29_003": "16001", "P29_004": "関川村立関川小学校", "P29_005": "新潟県岩船郡関川村大字下関858", "P29_006": "3", "P29_007": "1", "P29_008": "00", "P29_009": null }, "geometry": { "type": "Point", "coordinates": [ 139.563210341404641, 38.091400895920941 ] } },
{ "type": "Feature", "properties": { "P29_001": "15586", "P29_002": "B115258600015", "P29_003": "16001", "P29_004": "粟島浦村立粟島浦小学校", "P29_005": "新潟県岩船郡粟島浦村162", "P29_006": "3", "P29_007": "1", "P29_008": "00", "P29_009": null }, "geometry": { "type": "Point", "coordinates": [ 139.252920948574911, 38.462774401094997 ] } }
]
}
