{
"type": "FeatureCollection",
"name": "geo_15_2",
"crs": { "type": "name", "properties": { "name": "urn:ogc:def:crs:OGC:1.3:CRS84" } },
"features": [
{ "type": "Feature", "properties": { "ID": "1521501000310", "正式名称": "本町皮膚科", "機関区分": 2, "都道府県コード": 15, "市区町村コード": 103, "所在地": "新潟県新潟市中央区本町通６番町１１０８－１ぷらっと本町ビル２階", "緯度": 37.920632, "経度": 139.046313, "url": "https://www.iryou.teikyouseido.mhlw.go.jp/znk-web/juminkanja/S2430/initialize?prefCd=15&kikanCd=1501000310&kikanKbn=2", "url2": "https://www.honcho-hifuka.com/", "内容": "本町皮膚科【2:診療所】【診療科目:皮膚科_アレルギー科】新潟県新潟市中央区本町通６番町１１０８－１ぷらっと本町ビル２階" }, "geometry": { "type": "Point", "coordinates": [ 139.046313, 37.920632 ] } },
{ "type": "Feature", "properties": { "ID": "152DEMRX00033", "正式名称": "あらかわ歯科クリニック", "機関区分": 2, "都道府県コード": 15, "市区町村コード": 212, "所在地": "新潟県村上市坂町１５６９－２", "緯度": 38.114587, "経度": 139.44444, "url": "https://www.iryou.teikyouseido.mhlw.go.jp/znk-web/juminkanja/S2430/initialize?prefCd=15&kikanCd=DEMRX00033&kikanKbn=2", "url2": null, "内容": "あらかわ歯科クリニック【2:診療所】【診療科目:歯科】新潟県村上市坂町１５６９－２" }, "geometry": { "type": "Point", "coordinates": [ 139.44444, 38.114587 ] } },
{ "type": "Feature", "properties": { "ID": "152DENCX00018", "正式名称": "常木歯科医院", "機関区分": 2, "都道府県コード": 15, "市区町村コード": 101, "所在地": "新潟県新潟市北区白新町２丁目７番１３号", "緯度": 37.9159, "経度": 139.215769, "url": "https://www.iryou.teikyouseido.mhlw.go.jp/znk-web/juminkanja/S2430/initialize?prefCd=15&kikanCd=DENCX00018&kikanKbn=2", "url2": null, "内容": "常木歯科医院【2:診療所】【診療科目:歯科_小児歯科】新潟県新潟市北区白新町２丁目７番１３号" }, "geometry": { "type": "Point", "coordinates": [ 139.215769, 37.9159 ] } },
{ "type": "Feature", "properties": { "ID": "152DENCX00117", "正式名称": "イシモト歯科医院", "機関区分": 2, "都道府県コード": 15, "市区町村コード": 103, "所在地": "新潟県新潟市中央区東大通１ー７ー８アイエム第一ビル１Ｆ", "緯度": 37.914789, "経度": 139.06156, "url": "https://www.iryou.teikyouseido.mhlw.go.jp/znk-web/juminkanja/S2430/initialize?prefCd=15&kikanCd=DENCX00117&kikanKbn=2", "url2": null, "内容": "イシモト歯科医院【2:診療所】【診療科目:歯科】新潟県新潟市中央区東大通１ー７ー８アイエム第一ビル１Ｆ" }, "geometry": { "type": "Point", "coordinates": [ 139.06156, 37.914789 ] } },
{ "type": "Feature", "properties": { "ID": "152DENCX00122", "正式名称": "イワシタ歯科", "機関区分": 2, "都道府県コード": 15, "市区町村コード": 103, "所在地": "新潟県新潟市中央区古町通５番町６０１番地", "緯度": 37.919881, "経度": 139.044272, "url": "https://www.iryou.teikyouseido.mhlw.go.jp/znk-web/juminkanja/S2430/initialize?prefCd=15&kikanCd=DENCX00122&kikanKbn=2", "url2": null, "内容": "イワシタ歯科【2:診療所】【診療科目:歯科】新潟県新潟市中央区古町通５番町６０１番地" }, "geometry": { "type": "Point", "coordinates": [ 139.044272, 37.919881 ] } },
{ "type": "Feature", "properties": { "ID": "152DENCX00184", "正式名称": "タケデンタルクリニック", "機関区分": 2, "都道府県コード": 15, "市区町村コード": 103, "所在地": "新潟県新潟市中央区米山５丁目２番４号", "緯度": 37.906553, "経度": 139.057391, "url": "https://www.iryou.teikyouseido.mhlw.go.jp/znk-web/juminkanja/S2430/initialize?prefCd=15&kikanCd=DENCX00184&kikanKbn=2", "url2": null, "内容": "タケデンタルクリニック【2:診療所】【診療科目:歯科】新潟県新潟市中央区米山５丁目２番４号" }, "geometry": { "type": "Point", "coordinates": [ 139.057391, 37.906553 ] } },
{ "type": "Feature", "properties": { "ID": "152DENCX00329", "正式名称": "木暮歯科医院", "機関区分": 2, "都道府県コード": 15, "市区町村コード": 106, "所在地": "新潟県新潟市南区白根　３０９４番地", "緯度": 37.762874, "経度": 139.013552, "url": "https://www.iryou.teikyouseido.mhlw.go.jp/znk-web/juminkanja/S2430/initialize?prefCd=15&kikanCd=DENCX00329&kikanKbn=2", "url2": null, "内容": "木暮歯科医院【2:診療所】【診療科目:歯科】新潟県新潟市南区白根　３０９４番地" }, "geometry": { "type": "Point", "coordinates": [ 139.013552, 37.762874 ] } },
{ "type": "Feature", "properties": { "ID": "152DENCX00366", "正式名称": "大村歯科医院", "機関区分": 2, "都道府県コード": 15, "市区町村コード": 107, "所在地": "新潟県新潟市西区小針西２－１１－８", "緯度": 37.886312, "経度": 138.983295, "url": "https://www.iryou.teikyouseido.mhlw.go.jp/znk-web/juminkanja/S2430/initialize?prefCd=15&kikanCd=DENCX00366&kikanKbn=2", "url2": null, "内容": "大村歯科医院【2:診療所】【診療科目:歯科】新潟県新潟市西区小針西２－１１－８" }, "geometry": { "type": "Point", "coordinates": [ 138.983295, 37.886312 ] } },
{ "type": "Feature", "properties": { "ID": "152DENCX00453", "正式名称": "西蒲原地区休日夜間急患診療所", "機関区分": 2, "都道府県コード": 15, "市区町村コード": 108, "所在地": "新潟県新潟市西蒲区巻甲４３６３番地", "緯度": 37.754485, "経度": 138.892834, "url": "https://www.iryou.teikyouseido.mhlw.go.jp/znk-web/juminkanja/S2430/initialize?prefCd=15&kikanCd=DENCX00453&kikanKbn=2", "url2": "https://www.nishikan-fukushi.jp/emergency/", "内容": "西蒲原地区休日夜間急患診療所【2:診療所】【診療科目:内科_小児科】新潟県新潟市西蒲区巻甲４３６３番地" }, "geometry": { "type": "Point", "coordinates": [ 138.892834, 37.754485 ] } },
{ "type": "Feature", "properties": { "ID": "152DENCX00491", "正式名称": "医療法人ＭＡＫＩＮＧＴＨＥＲＯＡＤあゆみ歯科医院", "機関区分": 2, "都道府県コード": 15, "市区町村コード": 107, "所在地": "新潟県新潟市西区小針５－８－１５", "緯度": 37.886677, "経度": 138.995347, "url": "https://www.iryou.teikyouseido.mhlw.go.jp/znk-web/juminkanja/S2430/initialize?prefCd=15&kikanCd=DENCX00491&kikanKbn=2", "url2": null, "内容": "医療法人ＭＡＫＩＮＧＴＨＥＲＯＡＤあゆみ歯科医院【2:診療所】【診療科目:歯科】新潟県新潟市西区小針５－８－１５" }, "geometry": { "type": "Point", "coordinates": [ 138.995347, 37.886677 ] } },
{ "type": "Feature", "properties": { "ID": "152DENCX00614", "正式名称": "西蒲原地区休日歯科診療所", "機関区分": 2, "都道府県コード": 15, "市区町村コード": 108, "所在地": "新潟県新潟市西蒲区巻甲４３６３番地", "緯度": 37.754485, "経度": 138.892834, "url": "https://www.iryou.teikyouseido.mhlw.go.jp/znk-web/juminkanja/S2430/initialize?prefCd=15&kikanCd=DENCX00614&kikanKbn=2", "url2": "https://ii-ha.net/kyuujitu/kyuujitu.html", "内容": "西蒲原地区休日歯科診療所【2:診療所】【診療科目:歯科】新潟県新潟市西蒲区巻甲４３６３番地" }, "geometry": { "type": "Point", "coordinates": [ 138.892834, 37.754485 ] } },
{ "type": "Feature", "properties": { "ID": "152DESNX00104", "正式名称": "瀬高歯科医院", "機関区分": 2, "都道府県コード": 15, "市区町村コード": 361, "所在地": "新潟県南蒲原郡田上町田上丙２４９４－６", "緯度": 37.711602, "経度": 139.073731, "url": "https://www.iryou.teikyouseido.mhlw.go.jp/znk-web/juminkanja/S2430/initialize?prefCd=15&kikanCd=DESNX00104&kikanKbn=2", "url2": "http://www.setaka.net/", "内容": "瀬高歯科医院【2:診療所】【診療科目:歯科_歯科口腔外科_小児歯科】新潟県南蒲原郡田上町田上丙２４９４－６" }, "geometry": { "type": "Point", "coordinates": [ 139.073731, 37.711602 ] } },
{ "type": "Feature", "properties": { "ID": "152SIJTX00009", "正式名称": "上越休日・夜間診療所", "機関区分": 2, "都道府県コード": 15, "市区町村コード": 222, "所在地": "新潟県上越市新光町１丁目８－１１", "緯度": 37.150583, "経度": 138.236851, "url": "https://www.iryou.teikyouseido.mhlw.go.jp/znk-web/juminkanja/S2430/initialize?prefCd=15&kikanCd=SIJTX00009&kikanKbn=2", "url2": "https://www.city.joetsu.niigata.jp/soshiki/chiikiiryou/lifeguide-345.html", "内容": "上越休日・夜間診療所【2:診療所】【診療科目:内科_外科_小児科】新潟県上越市新光町１丁目８－１１" }, "geometry": { "type": "Point", "coordinates": [ 138.236851, 37.150583 ] } },
{ "type": "Feature", "properties": { "ID": "152SIJTX00010", "正式名称": "羽尾内科医院", "機関区分": 2, "都道府県コード": 15, "市区町村コード": 222, "所在地": "新潟県上越市三和区下中６７７－１", "緯度": 37.124159, "経度": 138.333224, "url": "https://www.iryou.teikyouseido.mhlw.go.jp/znk-web/juminkanja/S2430/initialize?prefCd=15&kikanCd=SIJTX00010&kikanKbn=2", "url2": null, "内容": "羽尾内科医院【2:診療所】【診療科目:内科】新潟県上越市三和区下中６７７－１" }, "geometry": { "type": "Point", "coordinates": [ 138.333224, 37.124159 ] } },
{ "type": "Feature", "properties": { "ID": "152SIJTX00011", "正式名称": "吉岡耳鼻咽喉科医院", "機関区分": 2, "都道府県コード": 15, "市区町村コード": 222, "所在地": "新潟県上越市幸町１３－１４", "緯度": 37.123092, "経度": 138.245983, "url": "https://www.iryou.teikyouseido.mhlw.go.jp/znk-web/juminkanja/S2430/initialize?prefCd=15&kikanCd=SIJTX00011&kikanKbn=2", "url2": null, "内容": "吉岡耳鼻咽喉科医院【2:診療所】【診療科目:耳鼻いんこう科】新潟県上越市幸町１３－１４" }, "geometry": { "type": "Point", "coordinates": [ 138.245983, 37.123092 ] } },
{ "type": "Feature", "properties": { "ID": "152SIJTX00013", "正式名称": "医療法人社団　渡辺内科医院", "機関区分": 2, "都道府県コード": 15, "市区町村コード": 222, "所在地": "新潟県上越市幸町１４－９", "緯度": 37.124137, "経度": 138.245812, "url": "https://www.iryou.teikyouseido.mhlw.go.jp/znk-web/juminkanja/S2430/initialize?prefCd=15&kikanCd=SIJTX00013&kikanKbn=2", "url2": "https//watanabenaika.net/", "内容": "医療法人社団　渡辺内科医院【2:診療所】【診療科目:内科_循環器内科_消化器内科_人工透析内科_ペインクリニック内科】新潟県上越市幸町１４－９" }, "geometry": { "type": "Point", "coordinates": [ 138.245812, 37.124137 ] } },
{ "type": "Feature", "properties": { "ID": "152SIJTX00014", "正式名称": "望月医院", "機関区分": 2, "都道府県コード": 15, "市区町村コード": 222, "所在地": "新潟県上越市中郷区藤沢１０６４", "緯度": 36.986668, "経度": 138.228029, "url": "https://www.iryou.teikyouseido.mhlw.go.jp/znk-web/juminkanja/S2430/initialize?prefCd=15&kikanCd=SIJTX00014&kikanKbn=2", "url2": "https://sites.google.com/view/mochizuki-iin/", "内容": "望月医院【2:診療所】【診療科目:内科_呼吸器内科_アレルギー疾患内科】新潟県上越市中郷区藤沢１０６４" }, "geometry": { "type": "Point", "coordinates": [ 138.228029, 36.986668 ] } },
{ "type": "Feature", "properties": { "ID": "152SIJTX00015", "正式名称": "医療法人社団　古川内科医院", "機関区分": 2, "都道府県コード": 15, "市区町村コード": 222, "所在地": "新潟県上越市春日新田１－２２－１５", "緯度": 37.170519, "経度": 138.254682, "url": "https://www.iryou.teikyouseido.mhlw.go.jp/znk-web/juminkanja/S2430/initialize?prefCd=15&kikanCd=SIJTX00015&kikanKbn=2", "url2": "https://furukawanaika-cl.com", "内容": "医療法人社団　古川内科医院【2:診療所】【診療科目:内科_胃腸内科】新潟県上越市春日新田１－２２－１５" }, "geometry": { "type": "Point", "coordinates": [ 138.254682, 37.170519 ] } },
{ "type": "Feature", "properties": { "ID": "152SIJTX00016", "正式名称": "古澤医院", "機関区分": 2, "都道府県コード": 15, "市区町村コード": 222, "所在地": "新潟県上越市安江１－２－３３", "緯度": 37.173602, "経度": 138.262024, "url": "https://www.iryou.teikyouseido.mhlw.go.jp/znk-web/juminkanja/S2430/initialize?prefCd=15&kikanCd=SIJTX00016&kikanKbn=2", "url2": "https://furusawa-clinic.com/", "内容": "古澤医院【2:診療所】【診療科目:内科_脳神経内科】新潟県上越市安江１－２－３３" }, "geometry": { "type": "Point", "coordinates": [ 138.262024, 37.173602 ] } },
{ "type": "Feature", "properties": { "ID": "152SIJTX00018", "正式名称": "中ノ俣診療所", "機関区分": 2, "都道府県コード": 15, "市区町村コード": 222, "所在地": "新潟県上越市中ノ俣５２８番地１", "緯度": 37.103809, "経度": 138.157163, "url": "https://www.iryou.teikyouseido.mhlw.go.jp/znk-web/juminkanja/S2430/initialize?prefCd=15&kikanCd=SIJTX00018&kikanKbn=2", "url2": null, "内容": "中ノ俣診療所【2:診療所】【診療科目:内科_小児科】新潟県上越市中ノ俣５２８番地１" }, "geometry": { "type": "Point", "coordinates": [ 138.157163, 37.103809 ] } },
{ "type": "Feature", "properties": { "ID": "152SIJTX00019", "正式名称": "山岸医院", "機関区分": 2, "都道府県コード": 15, "市区町村コード": 222, "所在地": "新潟県上越市北城町１－６－３", "緯度": 37.117504, "経度": 138.260462, "url": "https://www.iryou.teikyouseido.mhlw.go.jp/znk-web/juminkanja/S2430/initialize?prefCd=15&kikanCd=SIJTX00019&kikanKbn=2", "url2": null, "内容": "山岸医院【2:診療所】【診療科目:内科_外科】新潟県上越市北城町１－６－３" }, "geometry": { "type": "Point", "coordinates": [ 138.260462, 37.117504 ] } },
{ "type": "Feature", "properties": { "ID": "152SIJTX00021", "正式名称": "斉藤医院", "機関区分": 2, "都道府県コード": 15, "市区町村コード": 222, "所在地": "新潟県上越市新保古新田５４８－１", "緯度": 37.110142, "経度": 138.290668, "url": "https://www.iryou.teikyouseido.mhlw.go.jp/znk-web/juminkanja/S2430/initialize?prefCd=15&kikanCd=SIJTX00021&kikanKbn=2", "url2": null, "内容": "斉藤医院【2:診療所】【診療科目:内科_呼吸器内科_整形外科_小児科】新潟県上越市新保古新田５４８－１" }, "geometry": { "type": "Point", "coordinates": [ 138.290668, 37.110142 ] } },
{ "type": "Feature", "properties": { "ID": "152SIJTX00022", "正式名称": "笹川医院", "機関区分": 2, "都道府県コード": 15, "市区町村コード": 222, "所在地": "新潟県上越市港町１－２７－１６", "緯度": 37.179444, "経度": 138.251125, "url": "https://www.iryou.teikyouseido.mhlw.go.jp/znk-web/juminkanja/S2430/initialize?prefCd=15&kikanCd=SIJTX00022&kikanKbn=2", "url2": null, "内容": "笹川医院【2:診療所】【診療科目:内科_小児科】新潟県上越市港町１－２７－１６" }, "geometry": { "type": "Point", "coordinates": [ 138.251125, 37.179444 ] } },
{ "type": "Feature", "properties": { "ID": "152SIJTX00023", "正式名称": "佐藤医院", "機関区分": 2, "都道府県コード": 15, "市区町村コード": 222, "所在地": "新潟県上越市春日新田２－８－１０", "緯度": 37.17283, "経度": 138.259114, "url": "https://www.iryou.teikyouseido.mhlw.go.jp/znk-web/juminkanja/S2430/initialize?prefCd=15&kikanCd=SIJTX00023&kikanKbn=2", "url2": "https://satoiin.jp", "内容": "佐藤医院【2:診療所】【診療科目:内科_消化器内科_外科_乳腺外科_大腸・肛門外科_リハビリテーション科】新潟県上越市春日新田２－８－１０" }, "geometry": { "type": "Point", "coordinates": [ 138.259114, 37.17283 ] } },
{ "type": "Feature", "properties": { "ID": "152SIJTX00024", "正式名称": "渡辺医院", "機関区分": 2, "都道府県コード": 15, "市区町村コード": 222, "所在地": "新潟県上越市大潟区渋柿浜２７１－３", "緯度": 37.21687, "経度": 138.312155, "url": "https://www.iryou.teikyouseido.mhlw.go.jp/znk-web/juminkanja/S2430/initialize?prefCd=15&kikanCd=SIJTX00024&kikanKbn=2", "url2": null, "内容": "渡辺医院【2:診療所】【診療科目:内科】新潟県上越市大潟区渋柿浜２７１－３" }, "geometry": { "type": "Point", "coordinates": [ 138.312155, 37.21687 ] } },
{ "type": "Feature", "properties": { "ID": "152SIJTX00025", "正式名称": "さいとう眼科医院", "機関区分": 2, "都道府県コード": 15, "市区町村コード": 222, "所在地": "新潟県上越市大町４－４－３", "緯度": 37.114721, "経度": 138.24593, "url": "https://www.iryou.teikyouseido.mhlw.go.jp/znk-web/juminkanja/S2430/initialize?prefCd=15&kikanCd=SIJTX00025&kikanKbn=2", "url2": null, "内容": "さいとう眼科医院【2:診療所】【診療科目:眼科】新潟県上越市大町４－４－３" }, "geometry": { "type": "Point", "coordinates": [ 138.24593, 37.114721 ] } },
{ "type": "Feature", "properties": { "ID": "152SIJTX00026", "正式名称": "愛クリニック", "機関区分": 2, "都道府県コード": 15, "市区町村コード": 217, "所在地": "新潟県妙高市美守１丁目１２番９号", "緯度": 37.023407, "経度": 138.258667, "url": "https://www.iryou.teikyouseido.mhlw.go.jp/znk-web/juminkanja/S2430/initialize?prefCd=15&kikanCd=SIJTX00026&kikanKbn=2", "url2": "https://www.ai-clinic.info/", "内容": "愛クリニック【2:診療所】【診療科目:小児科_産婦人科_産科_婦人科】新潟県妙高市美守１丁目１２番９号" }, "geometry": { "type": "Point", "coordinates": [ 138.258667, 37.023407 ] } },
{ "type": "Feature", "properties": { "ID": "152SIJTX00027", "正式名称": "塚田こども医院", "機関区分": 2, "都道府県コード": 15, "市区町村コード": 222, "所在地": "新潟県上越市栄町２－２－２５", "緯度": 37.163933, "経度": 138.241871, "url": "https://www.iryou.teikyouseido.mhlw.go.jp/znk-web/juminkanja/S2430/initialize?prefCd=15&kikanCd=SIJTX00027&kikanKbn=2", "url2": "https://www.kodomo-iin.com", "内容": "塚田こども医院【2:診療所】【診療科目:感染症内科_漢方内科_アレルギー疾患内科_小児科_アレルギー科】新潟県上越市栄町２－２－２５" }, "geometry": { "type": "Point", "coordinates": [ 138.241871, 37.163933 ] } },
{ "type": "Feature", "properties": { "ID": "152SIJTX00031", "正式名称": "医療法人社団平田医院", "機関区分": 2, "都道府県コード": 15, "市区町村コード": 222, "所在地": "新潟県上越市中央１－２０－８", "緯度": 37.174391, "経度": 138.245386, "url": "https://www.iryou.teikyouseido.mhlw.go.jp/znk-web/juminkanja/S2430/initialize?prefCd=15&kikanCd=SIJTX00031&kikanKbn=2", "url2": null, "内容": "医療法人社団平田医院【2:診療所】【診療科目:耳鼻いんこう科_頭頸部・耳鼻いんこう科_耳鼻咽喉・頭頚部_アレルギー科】新潟県上越市中央１－２０－８" }, "geometry": { "type": "Point", "coordinates": [ 138.245386, 37.174391 ] } },
{ "type": "Feature", "properties": { "ID": "152SIJTX00032", "正式名称": "医療法人社団　小山医院", "機関区分": 2, "都道府県コード": 15, "市区町村コード": 222, "所在地": "新潟県上越市大潟区四ツ屋浜６８６", "緯度": 37.230148, "経度": 138.3327, "url": "https://www.iryou.teikyouseido.mhlw.go.jp/znk-web/juminkanja/S2430/initialize?prefCd=15&kikanCd=SIJTX00032&kikanKbn=2", "url2": "koyama-iin.jp", "内容": "医療法人社団　小山医院【2:診療所】【診療科目:内科_消化器内科_外科_リハビリテーション科】新潟県上越市大潟区四ツ屋浜６８６" }, "geometry": { "type": "Point", "coordinates": [ 138.3327, 37.230148 ] } },
{ "type": "Feature", "properties": { "ID": "152SIJTX00034", "正式名称": "こやなぎ第二医院", "機関区分": 2, "都道府県コード": 15, "市区町村コード": 222, "所在地": "新潟県上越市戸野目３２４－１", "緯度": 37.122089, "経度": 138.27953, "url": "https://www.iryou.teikyouseido.mhlw.go.jp/znk-web/juminkanja/S2430/initialize?prefCd=15&kikanCd=SIJTX00034&kikanKbn=2", "url2": null, "内容": "こやなぎ第二医院【2:診療所】【診療科目:内科_漢方内科_放射線科】新潟県上越市戸野目３２４－１" }, "geometry": { "type": "Point", "coordinates": [ 138.27953, 37.122089 ] } },
{ "type": "Feature", "properties": { "ID": "152SIJTX00035", "正式名称": "横山医院", "機関区分": 2, "都道府県コード": 15, "市区町村コード": 222, "所在地": "新潟県上越市南高田町４－３", "緯度": 37.097311, "経度": 138.247218, "url": "https://www.iryou.teikyouseido.mhlw.go.jp/znk-web/juminkanja/S2430/initialize?prefCd=15&kikanCd=SIJTX00035&kikanKbn=2", "url2": null, "内容": "横山医院【2:診療所】【診療科目:内科_小児科_皮膚科】新潟県上越市南高田町４－３" }, "geometry": { "type": "Point", "coordinates": [ 138.247218, 37.097311 ] } },
{ "type": "Feature", "properties": { "ID": "152SIJTX00036", "正式名称": "杉田医院", "機関区分": 2, "都道府県コード": 15, "市区町村コード": 222, "所在地": "新潟県上越市大潟区潟町２５１", "緯度": 37.234763, "経度": 138.334156, "url": "https://www.iryou.teikyouseido.mhlw.go.jp/znk-web/juminkanja/S2430/initialize?prefCd=15&kikanCd=SIJTX00036&kikanKbn=2", "url2": null, "内容": "杉田医院【2:診療所】【診療科目:内科】新潟県上越市大潟区潟町２５１" }, "geometry": { "type": "Point", "coordinates": [ 138.334156, 37.234763 ] } },
{ "type": "Feature", "properties": { "ID": "152SIJTX00037", "正式名称": "安田耳鼻咽喉科医院", "機関区分": 2, "都道府県コード": 15, "市区町村コード": 222, "所在地": "新潟県上越市大手町６－６", "緯度": 37.108644, "経度": 138.247757, "url": "https://www.iryou.teikyouseido.mhlw.go.jp/znk-web/juminkanja/S2430/initialize?prefCd=15&kikanCd=SIJTX00037&kikanKbn=2", "url2": null, "内容": "安田耳鼻咽喉科医院【2:診療所】【診療科目:耳鼻いんこう科】新潟県上越市大手町６－６" }, "geometry": { "type": "Point", "coordinates": [ 138.247757, 37.108644 ] } },
{ "type": "Feature", "properties": { "ID": "152SIJTX00040", "正式名称": "畠山医院", "機関区分": 2, "都道府県コード": 15, "市区町村コード": 222, "所在地": "新潟県上越市大和２－８－１１", "緯度": 37.084162, "経度": 138.249768, "url": "https://www.iryou.teikyouseido.mhlw.go.jp/znk-web/juminkanja/S2430/initialize?prefCd=15&kikanCd=SIJTX00040&kikanKbn=2", "url2": null, "内容": "畠山医院【2:診療所】【診療科目:内科_消化器内科】新潟県上越市大和２－８－１１" }, "geometry": { "type": "Point", "coordinates": [ 138.249768, 37.084162 ] } },
{ "type": "Feature", "properties": { "ID": "152SIJTX00041", "正式名称": "医療法人社団　真保医院", "機関区分": 2, "都道府県コード": 15, "市区町村コード": 222, "所在地": "新潟県上越市柿崎区柿崎１６９５－１", "緯度": 37.276148, "経度": 138.394869, "url": "https://www.iryou.teikyouseido.mhlw.go.jp/znk-web/juminkanja/S2430/initialize?prefCd=15&kikanCd=SIJTX00041&kikanKbn=2", "url2": "https://medical.apokul.jp/web/362/reservations/add", "内容": "医療法人社団　真保医院【2:診療所】【診療科目:内科_消化器内科_胃腸内科_内視鏡内科_外科_消化器外科_胃腸外科_肛門外科_耳鼻いんこう科_皮膚科_リハビリテーション科】新潟県上越市柿崎区柿崎１６９５－１" }, "geometry": { "type": "Point", "coordinates": [ 138.394869, 37.276148 ] } },
{ "type": "Feature", "properties": { "ID": "152SIJTX00042", "正式名称": "浦川原診療所", "機関区分": 2, "都道府県コード": 15, "市区町村コード": 222, "所在地": "新潟県上越市浦川原区有島７５", "緯度": 37.158719, "経度": 138.427271, "url": "https://www.iryou.teikyouseido.mhlw.go.jp/znk-web/juminkanja/S2430/initialize?prefCd=15&kikanCd=SIJTX00042&kikanKbn=2", "url2": null, "内容": "浦川原診療所【2:診療所】【診療科目:内科】新潟県上越市浦川原区有島７５" }, "geometry": { "type": "Point", "coordinates": [ 138.427271, 37.158719 ] } },
{ "type": "Feature", "properties": { "ID": "152SIJTX00043", "正式名称": "くろきクリニック", "機関区分": 2, "都道府県コード": 15, "市区町村コード": 222, "所在地": "新潟県上越市東城町３－１０－３８", "緯度": 37.108326, "経度": 138.260789, "url": "https://www.iryou.teikyouseido.mhlw.go.jp/znk-web/juminkanja/S2430/initialize?prefCd=15&kikanCd=SIJTX00043&kikanKbn=2", "url2": null, "内容": "くろきクリニック【2:診療所】【診療科目:脳神経外科_泌尿器科_リハビリテーション科】新潟県上越市東城町３－１０－３８" }, "geometry": { "type": "Point", "coordinates": [ 138.260789, 37.108326 ] } },
{ "type": "Feature", "properties": { "ID": "152SIJTX00044", "正式名称": "ニュータウンクリニック塚田医院", "機関区分": 2, "都道府県コード": 15, "市区町村コード": 222, "所在地": "新潟県上越市春日野１－１４－１０", "緯度": 37.151631, "経度": 138.228414, "url": "https://www.iryou.teikyouseido.mhlw.go.jp/znk-web/juminkanja/S2430/initialize?prefCd=15&kikanCd=SIJTX00044&kikanKbn=2", "url2": null, "内容": "ニュータウンクリニック塚田医院【2:診療所】【診療科目:内科_糖尿病内科_脂質代謝内科_循環器内科_心臓血管内科_消化器内科】新潟県上越市春日野１－１４－１０" }, "geometry": { "type": "Point", "coordinates": [ 138.228414, 37.151631 ] } },
{ "type": "Feature", "properties": { "ID": "152SIJTX00045", "正式名称": "藤林内科医院", "機関区分": 2, "都道府県コード": 15, "市区町村コード": 222, "所在地": "新潟県上越市西城町３－１３－１６", "緯度": 37.11068, "経度": 138.246267, "url": "https://www.iryou.teikyouseido.mhlw.go.jp/znk-web/juminkanja/S2430/initialize?prefCd=15&kikanCd=SIJTX00045&kikanKbn=2", "url2": null, "内容": "藤林内科医院【2:診療所】【診療科目:内科】新潟県上越市西城町３－１３－１６" }, "geometry": { "type": "Point", "coordinates": [ 138.246267, 37.11068 ] } },
{ "type": "Feature", "properties": { "ID": "152SIJTX00046", "正式名称": "小児科はやしクリニック", "機関区分": 2, "都道府県コード": 15, "市区町村コード": 222, "所在地": "新潟県上越市春日野１－１４－２２", "緯度": 37.151795, "経度": 138.22892, "url": "https://www.iryou.teikyouseido.mhlw.go.jp/znk-web/juminkanja/S2430/initialize?prefCd=15&kikanCd=SIJTX00046&kikanKbn=2", "url2": "www.hayashiclibic-Kasugano.com", "内容": "小児科はやしクリニック【2:診療所】【診療科目:小児科_アレルギー科】新潟県上越市春日野１－１４－２２" }, "geometry": { "type": "Point", "coordinates": [ 138.22892, 37.151795 ] } },
{ "type": "Feature", "properties": { "ID": "152SIJTX00047", "正式名称": "医療法人社団　羽尾医院", "機関区分": 2, "都道府県コード": 15, "市区町村コード": 222, "所在地": "新潟県上越市稲田３－６－２０", "緯度": 37.121265, "経度": 138.268791, "url": "https://www.iryou.teikyouseido.mhlw.go.jp/znk-web/juminkanja/S2430/initialize?prefCd=15&kikanCd=SIJTX00047&kikanKbn=2", "url2": null, "内容": "医療法人社団　羽尾医院【2:診療所】【診療科目:内科_循環器内科_小児科】新潟県上越市稲田３－６－２０" }, "geometry": { "type": "Point", "coordinates": [ 138.268791, 37.121265 ] } },
{ "type": "Feature", "properties": { "ID": "152SIJTX00048", "正式名称": "医療法人社団早津内科医院", "機関区分": 2, "都道府県コード": 15, "市区町村コード": 222, "所在地": "新潟県上越市春日野１－５－１３", "緯度": 37.149076, "経度": 138.229061, "url": "https://www.iryou.teikyouseido.mhlw.go.jp/znk-web/juminkanja/S2430/initialize?prefCd=15&kikanCd=SIJTX00048&kikanKbn=2", "url2": null, "内容": "医療法人社団早津内科医院【2:診療所】【診療科目:内科_循環器内科_小児科】新潟県上越市春日野１－５－１３" }, "geometry": { "type": "Point", "coordinates": [ 138.229061, 37.149076 ] } },
{ "type": "Feature", "properties": { "ID": "152SIJTX00049", "正式名称": "めぐみ皮膚科", "機関区分": 2, "都道府県コード": 15, "市区町村コード": 222, "所在地": "新潟県上越市春日野２－４－５５", "緯度": 37.153782, "経度": 138.229257, "url": "https://www.iryou.teikyouseido.mhlw.go.jp/znk-web/juminkanja/S2430/initialize?prefCd=15&kikanCd=SIJTX00049&kikanKbn=2", "url2": null, "内容": "めぐみ皮膚科【2:診療所】【診療科目:皮膚科】新潟県上越市春日野２－４－５５" }, "geometry": { "type": "Point", "coordinates": [ 138.229257, 37.153782 ] } },
{ "type": "Feature", "properties": { "ID": "152SIJTX00050", "正式名称": "相沢整形外科医院", "機関区分": 2, "都道府県コード": 15, "市区町村コード": 222, "所在地": "新潟県上越市北本町１－１－５", "緯度": 37.119081, "経度": 138.244469, "url": "https://www.iryou.teikyouseido.mhlw.go.jp/znk-web/juminkanja/S2430/initialize?prefCd=15&kikanCd=SIJTX00050&kikanKbn=2", "url2": null, "内容": "相沢整形外科医院【2:診療所】【診療科目:外科_整形外科_リハビリテーション科】新潟県上越市北本町１－１－５" }, "geometry": { "type": "Point", "coordinates": [ 138.244469, 37.119081 ] } },
{ "type": "Feature", "properties": { "ID": "152SIJTX00051", "正式名称": "太田眼科", "機関区分": 2, "都道府県コード": 15, "市区町村コード": 217, "所在地": "新潟県妙高市朝日町１－２－８", "緯度": 37.027483, "経度": 138.254469, "url": "https://www.iryou.teikyouseido.mhlw.go.jp/znk-web/juminkanja/S2430/initialize?prefCd=15&kikanCd=SIJTX00051&kikanKbn=2", "url2": null, "内容": "太田眼科【2:診療所】【診療科目:眼科】新潟県妙高市朝日町１－２－８" }, "geometry": { "type": "Point", "coordinates": [ 138.254469, 37.027483 ] } },
{ "type": "Feature", "properties": { "ID": "152SIJTX00052", "正式名称": "吉岡内科クリニック", "機関区分": 2, "都道府県コード": 15, "市区町村コード": 222, "所在地": "新潟県上越市高土町１ー１０ー３５", "緯度": 37.123559, "経度": 138.25259, "url": "https://www.iryou.teikyouseido.mhlw.go.jp/znk-web/juminkanja/S2430/initialize?prefCd=15&kikanCd=SIJTX00052&kikanKbn=2", "url2": null, "内容": "吉岡内科クリニック【2:診療所】【診療科目:内科】新潟県上越市高土町１ー１０ー３５" }, "geometry": { "type": "Point", "coordinates": [ 138.25259, 37.123559 ] } },
{ "type": "Feature", "properties": { "ID": "152SIJTX00055", "正式名称": "揚石医院内科小児科循環器科", "機関区分": 2, "都道府県コード": 15, "市区町村コード": 217, "所在地": "新潟県妙高市石塚町１－１４－８", "緯度": 37.033271, "経度": 138.250874, "url": "https://www.iryou.teikyouseido.mhlw.go.jp/znk-web/juminkanja/S2430/initialize?prefCd=15&kikanCd=SIJTX00055&kikanKbn=2", "url2": "http://www.ageishi.com/clinic/", "内容": "揚石医院内科小児科循環器科【2:診療所】【診療科目:内科_循環器内科_小児科】新潟県妙高市石塚町１－１４－８" }, "geometry": { "type": "Point", "coordinates": [ 138.250874, 37.033271 ] } },
{ "type": "Feature", "properties": { "ID": "152SIJTX00058", "正式名称": "神田耳鼻咽喉科", "機関区分": 2, "都道府県コード": 15, "市区町村コード": 222, "所在地": "新潟県上越市東雲町２－１１－３４", "緯度": 37.168044, "経度": 138.239717, "url": "https://www.iryou.teikyouseido.mhlw.go.jp/znk-web/juminkanja/S2430/initialize?prefCd=15&kikanCd=SIJTX00058&kikanKbn=2", "url2": "http://www.kanda-ent.jp", "内容": "神田耳鼻咽喉科【2:診療所】【診療科目:耳鼻いんこう科】新潟県上越市東雲町２－１１－３４" }, "geometry": { "type": "Point", "coordinates": [ 138.239717, 37.168044 ] } },
{ "type": "Feature", "properties": { "ID": "152SIJTX00059", "正式名称": "栗原医院", "機関区分": 2, "都道府県コード": 15, "市区町村コード": 222, "所在地": "新潟県上越市大手町１番２２号", "緯度": 37.1094, "経度": 138.246423, "url": "https://www.iryou.teikyouseido.mhlw.go.jp/znk-web/juminkanja/S2430/initialize?prefCd=15&kikanCd=SIJTX00059&kikanKbn=2", "url2": null, "内容": "栗原医院【2:診療所】【診療科目:内科】新潟県上越市大手町１番２２号" }, "geometry": { "type": "Point", "coordinates": [ 138.246423, 37.1094 ] } },
{ "type": "Feature", "properties": { "ID": "152SIJTX00060", "正式名称": "やちほ内科クリニック", "機関区分": 2, "都道府県コード": 15, "市区町村コード": 222, "所在地": "新潟県上越市下荒浜８４８－１", "緯度": 37.196294, "経度": 138.280119, "url": "https://www.iryou.teikyouseido.mhlw.go.jp/znk-web/juminkanja/S2430/initialize?prefCd=15&kikanCd=SIJTX00060&kikanKbn=2", "url2": null, "内容": "やちほ内科クリニック【2:診療所】【診療科目:内科_小児科】新潟県上越市下荒浜８４８－１" }, "geometry": { "type": "Point", "coordinates": [ 138.280119, 37.196294 ] } },
{ "type": "Feature", "properties": { "ID": "152SIJTX00061", "正式名称": "駅南クリニック富樫医院", "機関区分": 2, "都道府県コード": 15, "市区町村コード": 222, "所在地": "新潟県上越市東雲町２－６－２６", "緯度": 37.167226, "経度": 138.242304, "url": "https://www.iryou.teikyouseido.mhlw.go.jp/znk-web/juminkanja/S2430/initialize?prefCd=15&kikanCd=SIJTX00061&kikanKbn=2", "url2": null, "内容": "駅南クリニック富樫医院【2:診療所】【診療科目:内科_消化器内科】新潟県上越市東雲町２－６－２６" }, "geometry": { "type": "Point", "coordinates": [ 138.242304, 37.167226 ] } },
{ "type": "Feature", "properties": { "ID": "152SIJTX00062", "正式名称": "大学前クリニック笹川医院", "機関区分": 2, "都道府県コード": 15, "市区町村コード": 222, "所在地": "新潟県上越市大学前２０３", "緯度": 37.134525, "経度": 138.230836, "url": "https://www.iryou.teikyouseido.mhlw.go.jp/znk-web/juminkanja/S2430/initialize?prefCd=15&kikanCd=SIJTX00062&kikanKbn=2", "url2": "http://www.sasagawa.info/", "内容": "大学前クリニック笹川医院【2:診療所】【診療科目:内科_皮膚科_泌尿器科】新潟県上越市大学前２０３" }, "geometry": { "type": "Point", "coordinates": [ 138.230836, 37.134525 ] } },
{ "type": "Feature", "properties": { "ID": "152SIJTX00063", "正式名称": "保倉診療所", "機関区分": 2, "都道府県コード": 15, "市区町村コード": 222, "所在地": "新潟県上越市大島区大平３６４４", "緯度": 37.152712, "経度": 138.51092, "url": "https://www.iryou.teikyouseido.mhlw.go.jp/znk-web/juminkanja/S2430/initialize?prefCd=15&kikanCd=SIJTX00063&kikanKbn=2", "url2": null, "内容": "保倉診療所【2:診療所】【診療科目:内科_外科_整形外科】新潟県上越市大島区大平３６４４" }, "geometry": { "type": "Point", "coordinates": [ 138.51092, 37.152712 ] } },
{ "type": "Feature", "properties": { "ID": "152SIJTX00064", "正式名称": "相澤内科医院", "機関区分": 2, "都道府県コード": 15, "市区町村コード": 222, "所在地": "新潟県上越市昭和町１－３－２６", "緯度": 37.11755, "経度": 138.235136, "url": "https://www.iryou.teikyouseido.mhlw.go.jp/znk-web/juminkanja/S2430/initialize?prefCd=15&kikanCd=SIJTX00064&kikanKbn=2", "url2": "http://www.doctor-ai.jp/", "内容": "相澤内科医院【2:診療所】【診療科目:内科_呼吸器内科_循環器内科_消化器内科_胃腸内科_放射線科】新潟県上越市昭和町１－３－２６" }, "geometry": { "type": "Point", "coordinates": [ 138.235136, 37.11755 ] } },
{ "type": "Feature", "properties": { "ID": "152SIJTX00065", "正式名称": "大島クリニック", "機関区分": 2, "都道府県コード": 15, "市区町村コード": 222, "所在地": "新潟県上越市鴨島１１００", "緯度": 37.111414, "経度": 138.274472, "url": "https://www.iryou.teikyouseido.mhlw.go.jp/znk-web/juminkanja/S2430/initialize?prefCd=15&kikanCd=SIJTX00065&kikanKbn=2", "url2": null, "内容": "大島クリニック【2:診療所】【診療科目:産婦人科_産婦人科（生殖医療）】新潟県上越市鴨島１１００" }, "geometry": { "type": "Point", "coordinates": [ 138.274472, 37.111414 ] } },
{ "type": "Feature", "properties": { "ID": "152SIJTX00066", "正式名称": "城北レディースクリニック", "機関区分": 2, "都道府県コード": 15, "市区町村コード": 222, "所在地": "新潟県上越市栄町５－１６", "緯度": 37.125781, "経度": 138.248538, "url": "https://www.iryou.teikyouseido.mhlw.go.jp/znk-web/juminkanja/S2430/initialize?prefCd=15&kikanCd=SIJTX00066&kikanKbn=2", "url2": "http://www.jyohokuladies.com", "内容": "城北レディースクリニック【2:診療所】【診療科目:小児科_産婦人科】新潟県上越市栄町５－１６" }, "geometry": { "type": "Point", "coordinates": [ 138.248538, 37.125781 ] } },
{ "type": "Feature", "properties": { "ID": "152SIJTX00067", "正式名称": "たかの整形外科クリニック", "機関区分": 2, "都道府県コード": 15, "市区町村コード": 222, "所在地": "新潟県上越市木田新田２丁目３番７号", "緯度": 37.138678, "経度": 138.236463, "url": "https://www.iryou.teikyouseido.mhlw.go.jp/znk-web/juminkanja/S2430/initialize?prefCd=15&kikanCd=SIJTX00067&kikanKbn=2", "url2": null, "内容": "たかの整形外科クリニック【2:診療所】【診療科目:整形外科_形成外科_リウマチ科_リハビリテーション科】新潟県上越市木田新田２丁目３番７号" }, "geometry": { "type": "Point", "coordinates": [ 138.236463, 37.138678 ] } },
{ "type": "Feature", "properties": { "ID": "152SIJTX00069", "正式名称": "心療内科クリニックふわの医院", "機関区分": 2, "都道府県コード": 15, "市区町村コード": 222, "所在地": "新潟県上越市北城町３－５－８", "緯度": 37.118312, "経度": 138.253513, "url": "https://www.iryou.teikyouseido.mhlw.go.jp/znk-web/juminkanja/S2430/initialize?prefCd=15&kikanCd=SIJTX00069&kikanKbn=2", "url2": "http://www.imcc2013.com", "内容": "心療内科クリニックふわの医院【2:診療所】【診療科目:精神科_心療内科】新潟県上越市北城町３－５－８" }, "geometry": { "type": "Point", "coordinates": [ 138.253513, 37.118312 ] } },
{ "type": "Feature", "properties": { "ID": "152SIJTX00071", "正式名称": "大野内科医院", "機関区分": 2, "都道府県コード": 15, "市区町村コード": 222, "所在地": "新潟県上越市鴨島１０７３", "緯度": 37.111209, "経度": 138.274077, "url": "https://www.iryou.teikyouseido.mhlw.go.jp/znk-web/juminkanja/S2430/initialize?prefCd=15&kikanCd=SIJTX00071&kikanKbn=2", "url2": "ohno-clinic0313.com", "内容": "大野内科医院【2:診療所】【診療科目:内科_呼吸器内科】新潟県上越市鴨島１０７３" }, "geometry": { "type": "Point", "coordinates": [ 138.274077, 37.111209 ] } },
{ "type": "Feature", "properties": { "ID": "152SIJTX00073", "正式名称": "高井脳外科クリニック", "機関区分": 2, "都道府県コード": 15, "市区町村コード": 222, "所在地": "新潟県上越市大豆２－９－１８", "緯度": 37.152256, "経度": 138.223442, "url": "https://www.iryou.teikyouseido.mhlw.go.jp/znk-web/juminkanja/S2430/initialize?prefCd=15&kikanCd=SIJTX00073&kikanKbn=2", "url2": null, "内容": "高井脳外科クリニック【2:診療所】【診療科目:脳神経外科_リハビリテーション科】新潟県上越市大豆２－９－１８" }, "geometry": { "type": "Point", "coordinates": [ 138.223442, 37.152256 ] } },
{ "type": "Feature", "properties": { "ID": "152SIJTX00074", "正式名称": "山崎内科消化器科医院", "機関区分": 2, "都道府県コード": 15, "市区町村コード": 222, "所在地": "新潟県上越市鴨島１－１－１１", "緯度": 37.113494, "経度": 138.271779, "url": "https://www.iryou.teikyouseido.mhlw.go.jp/znk-web/juminkanja/S2430/initialize?prefCd=15&kikanCd=SIJTX00074&kikanKbn=2", "url2": "https://www.yamazaki-naikasyoukakikaiin.com/", "内容": "山崎内科消化器科医院【2:診療所】【診療科目:内科_消化器内科_リハビリテーション科】新潟県上越市鴨島１－１－１１" }, "geometry": { "type": "Point", "coordinates": [ 138.271779, 37.113494 ] } },
{ "type": "Feature", "properties": { "ID": "152SIJTX00075", "正式名称": "あすかクリニック高木医院", "機関区分": 2, "都道府県コード": 15, "市区町村コード": 222, "所在地": "新潟県上越市東雲町２－１－３１", "緯度": 37.170254, "経度": 138.245046, "url": "https://www.iryou.teikyouseido.mhlw.go.jp/znk-web/juminkanja/S2430/initialize?prefCd=15&kikanCd=SIJTX00075&kikanKbn=2", "url2": null, "内容": "あすかクリニック高木医院【2:診療所】【診療科目:内科_外科_皮膚科_泌尿器科】新潟県上越市東雲町２－１－３１" }, "geometry": { "type": "Point", "coordinates": [ 138.245046, 37.170254 ] } },
{ "type": "Feature", "properties": { "ID": "152SIJTX00076", "正式名称": "田中眼科", "機関区分": 2, "都道府県コード": 15, "市区町村コード": 222, "所在地": "新潟県上越市春日山町３丁目１８ー１１", "緯度": 37.147158, "経度": 138.229338, "url": "https://www.iryou.teikyouseido.mhlw.go.jp/znk-web/juminkanja/S2430/initialize?prefCd=15&kikanCd=SIJTX00076&kikanKbn=2", "url2": null, "内容": "田中眼科【2:診療所】【診療科目:眼科】新潟県上越市春日山町３丁目１８ー１１" }, "geometry": { "type": "Point", "coordinates": [ 138.229338, 37.147158 ] } },
{ "type": "Feature", "properties": { "ID": "152SIJTX00078", "正式名称": "植木医院", "機関区分": 2, "都道府県コード": 15, "市区町村コード": 222, "所在地": "新潟県上越市本町１－４－８", "緯度": 37.103761, "経度": 138.243179, "url": "https://www.iryou.teikyouseido.mhlw.go.jp/znk-web/juminkanja/S2430/initialize?prefCd=15&kikanCd=SIJTX00078&kikanKbn=2", "url2": "http://ueki-iin.webmedipr.ip/", "内容": "植木医院【2:診療所】【診療科目:内科_消化器内科】新潟県上越市本町１－４－８" }, "geometry": { "type": "Point", "coordinates": [ 138.243179, 37.103761 ] } },
{ "type": "Feature", "properties": { "ID": "152SIJTX00080", "正式名称": "高野内科循環器科クリニック", "機関区分": 2, "都道府県コード": 15, "市区町村コード": 222, "所在地": "新潟県上越市頸城区上吉字横江４３７－７１", "緯度": 37.181994, "経度": 138.284854, "url": "https://www.iryou.teikyouseido.mhlw.go.jp/znk-web/juminkanja/S2430/initialize?prefCd=15&kikanCd=SIJTX00080&kikanKbn=2", "url2": "https://takano-heart-clinic.jp/", "内容": "高野内科循環器科クリニック【2:診療所】【診療科目:内科_循環器内科】新潟県上越市頸城区上吉字横江４３７－７１" }, "geometry": { "type": "Point", "coordinates": [ 138.284854, 37.181994 ] } },
{ "type": "Feature", "properties": { "ID": "152SIJTX00081", "正式名称": "服部外科医院", "機関区分": 2, "都道府県コード": 15, "市区町村コード": 222, "所在地": "新潟県上越市本町１－５－３", "緯度": 37.102473, "経度": 138.243106, "url": "https://www.iryou.teikyouseido.mhlw.go.jp/znk-web/juminkanja/S2430/initialize?prefCd=15&kikanCd=SIJTX00081&kikanKbn=2", "url2": null, "内容": "服部外科医院【2:診療所】【診療科目:脳神経内科_脳神経外科_整形外科_リハビリテーション科】新潟県上越市本町１－５－３" }, "geometry": { "type": "Point", "coordinates": [ 138.243106, 37.102473 ] } },
{ "type": "Feature", "properties": { "ID": "152SIJTX00082", "正式名称": "上田レディースクリニック", "機関区分": 2, "都道府県コード": 15, "市区町村コード": 222, "所在地": "新潟県上越市大豆１－１１－１１", "緯度": 37.150317, "経度": 138.226264, "url": "https://www.iryou.teikyouseido.mhlw.go.jp/znk-web/juminkanja/S2430/initialize?prefCd=15&kikanCd=SIJTX00082&kikanKbn=2", "url2": "https://uedaladies.com", "内容": "上田レディースクリニック【2:診療所】【診療科目:産婦人科】新潟県上越市大豆１－１１－１１" }, "geometry": { "type": "Point", "coordinates": [ 138.226264, 37.150317 ] } },
{ "type": "Feature", "properties": { "ID": "152SIJTX00083", "正式名称": "高橋医院", "機関区分": 2, "都道府県コード": 15, "市区町村コード": 222, "所在地": "新潟県上越市大貫１ー１５ー２６", "緯度": 37.101806, "経度": 138.233731, "url": "https://www.iryou.teikyouseido.mhlw.go.jp/znk-web/juminkanja/S2430/initialize?prefCd=15&kikanCd=SIJTX00083&kikanKbn=2", "url2": null, "内容": "高橋医院【2:診療所】【診療科目:内科_糖尿病・代謝内科】新潟県上越市大貫１ー１５ー２６" }, "geometry": { "type": "Point", "coordinates": [ 138.233731, 37.101806 ] } },
{ "type": "Feature", "properties": { "ID": "152SIJTX00084", "正式名称": "ないとう内科クリニック", "機関区分": 2, "都道府県コード": 15, "市区町村コード": 222, "所在地": "新潟県上越市昭和町２－１７－１２", "緯度": 37.122355, "経度": 138.236279, "url": "https://www.iryou.teikyouseido.mhlw.go.jp/znk-web/juminkanja/S2430/initialize?prefCd=15&kikanCd=SIJTX00084&kikanKbn=2", "url2": "http://naitoh-naika.la.coocan.jp/index.html", "内容": "ないとう内科クリニック【2:診療所】【診療科目:内科_消化器内科】新潟県上越市昭和町２－１７－１２" }, "geometry": { "type": "Point", "coordinates": [ 138.236279, 37.122355 ] } },
{ "type": "Feature", "properties": { "ID": "152SIJTX00085", "正式名称": "むらやまクリニック", "機関区分": 2, "都道府県コード": 15, "市区町村コード": 222, "所在地": "新潟県上越市木田１－９１０－２", "緯度": 37.144061, "経度": 138.23898, "url": "https://www.iryou.teikyouseido.mhlw.go.jp/znk-web/juminkanja/S2430/initialize?prefCd=15&kikanCd=SIJTX00085&kikanKbn=2", "url2": null, "内容": "むらやまクリニック【2:診療所】【診療科目:耳鼻いんこう科】新潟県上越市木田１－９１０－２" }, "geometry": { "type": "Point", "coordinates": [ 138.23898, 37.144061 ] } },
{ "type": "Feature", "properties": { "ID": "152SIJTX00086", "正式名称": "耳鼻咽喉科　おきた医院", "機関区分": 2, "都道府県コード": 15, "市区町村コード": 222, "所在地": "新潟県上越市大町４－４－１２", "緯度": 37.113575, "経度": 138.245712, "url": "https://www.iryou.teikyouseido.mhlw.go.jp/znk-web/juminkanja/S2430/initialize?prefCd=15&kikanCd=SIJTX00086&kikanKbn=2", "url2": null, "内容": "耳鼻咽喉科　おきた医院【2:診療所】【診療科目:耳鼻いんこう科】新潟県上越市大町４－４－１２" }, "geometry": { "type": "Point", "coordinates": [ 138.245712, 37.113575 ] } },
{ "type": "Feature", "properties": { "ID": "152SIJTX00087", "正式名称": "ふじわら耳鼻科", "機関区分": 2, "都道府県コード": 15, "市区町村コード": 222, "所在地": "新潟県上越市春日野１－６－２９", "緯度": 37.150072, "経度": 138.228947, "url": "https://www.iryou.teikyouseido.mhlw.go.jp/znk-web/juminkanja/S2430/initialize?prefCd=15&kikanCd=SIJTX00087&kikanKbn=2", "url2": "https://fujiwarajibika.jp", "内容": "ふじわら耳鼻科【2:診療所】【診療科目:耳鼻いんこう科_アレルギー科】新潟県上越市春日野１－６－２９" }, "geometry": { "type": "Point", "coordinates": [ 138.228947, 37.150072 ] } },
{ "type": "Feature", "properties": { "ID": "152SIJTX00088", "正式名称": "医療法人社団内山医院", "機関区分": 2, "都道府県コード": 15, "市区町村コード": 222, "所在地": "新潟県上越市吉川区下町１１６１－１", "緯度": 37.222642, "経度": 138.407304, "url": "https://www.iryou.teikyouseido.mhlw.go.jp/znk-web/juminkanja/S2430/initialize?prefCd=15&kikanCd=SIJTX00088&kikanKbn=2", "url2": null, "内容": "医療法人社団内山医院【2:診療所】【診療科目:内科】新潟県上越市吉川区下町１１６１－１" }, "geometry": { "type": "Point", "coordinates": [ 138.407304, 37.222642 ] } },
{ "type": "Feature", "properties": { "ID": "152SIJTX00089", "正式名称": "はやつクリニック内科呼吸器科", "機関区分": 2, "都道府県コード": 15, "市区町村コード": 217, "所在地": "新潟県妙高市朝日町１丁目１０番３号　さん来夢あらい２階", "緯度": 37.027551, "経度": 138.253306, "url": "https://www.iryou.teikyouseido.mhlw.go.jp/znk-web/juminkanja/S2430/initialize?prefCd=15&kikanCd=SIJTX00089&kikanKbn=2", "url2": null, "内容": "はやつクリニック内科呼吸器科【2:診療所】【診療科目:内科_呼吸器内科】新潟県妙高市朝日町１丁目１０番３号　さん来夢あらい２階" }, "geometry": { "type": "Point", "coordinates": [ 138.253306, 37.027551 ] } },
{ "type": "Feature", "properties": { "ID": "152SIJTX00090", "正式名称": "名立診療所ひらはら内科クリニック", "機関区分": 2, "都道府県コード": 15, "市区町村コード": 222, "所在地": "新潟県上越市名立区名立大町１９６", "緯度": 37.162574, "経度": 138.088989, "url": "https://www.iryou.teikyouseido.mhlw.go.jp/znk-web/juminkanja/S2430/initialize?prefCd=15&kikanCd=SIJTX00090&kikanKbn=2", "url2": "http://www.kizuna-i.com", "内容": "名立診療所ひらはら内科クリニック【2:診療所】【診療科目:内科_呼吸器内科_小児科_アレルギー科_リウマチ科_放射線科】新潟県上越市名立区名立大町１９６" }, "geometry": { "type": "Point", "coordinates": [ 138.088989, 37.162574 ] } },
{ "type": "Feature", "properties": { "ID": "152SIJTX00091", "正式名称": "安塚診療所", "機関区分": 2, "都道府県コード": 15, "市区町村コード": 222, "所在地": "新潟県上越市安塚区安塚２５５５－１", "緯度": 37.12749, "経度": 138.443732, "url": "https://www.iryou.teikyouseido.mhlw.go.jp/znk-web/juminkanja/S2430/initialize?prefCd=15&kikanCd=SIJTX00091&kikanKbn=2", "url2": "https://www.city.joetsu.niigata.jp/soshiki/chiikiiryou/lifegaid-shinryojo-yasuzuka.html", "内容": "安塚診療所【2:診療所】【診療科目:内科_外科_整形外科_小児科】新潟県上越市安塚区安塚２５５５－１" }, "geometry": { "type": "Point", "coordinates": [ 138.443732, 37.12749 ] } },
{ "type": "Feature", "properties": { "ID": "152SIJTX00092", "正式名称": "大島診療所", "機関区分": 2, "都道府県コード": 15, "市区町村コード": 222, "所在地": "新潟県上越市大島区棚岡１５４０－１", "緯度": 37.119553, "経度": 138.505179, "url": "https://www.iryou.teikyouseido.mhlw.go.jp/znk-web/juminkanja/S2430/initialize?prefCd=15&kikanCd=SIJTX00092&kikanKbn=2", "url2": null, "内容": "大島診療所【2:診療所】【診療科目:内科_外科_小児科】新潟県上越市大島区棚岡１５４０－１" }, "geometry": { "type": "Point", "coordinates": [ 138.505179, 37.119553 ] } },
{ "type": "Feature", "properties": { "ID": "152SIJTX00093", "正式名称": "上越市国民健康保険牧診療所", "機関区分": 2, "都道府県コード": 15, "市区町村コード": 222, "所在地": "新潟県上越市牧区柳島４３７", "緯度": 37.079201, "経度": 138.383056, "url": "https://www.iryou.teikyouseido.mhlw.go.jp/znk-web/juminkanja/S2430/initialize?prefCd=15&kikanCd=SIJTX00093&kikanKbn=2", "url2": "www.city.joetsu.niigata.jp/chiikiiryou/lifeguide-shinryojo-maki.html", "内容": "上越市国民健康保険牧診療所【2:診療所】【診療科目:内科_歯科】新潟県上越市牧区柳島４３７" }, "geometry": { "type": "Point", "coordinates": [ 138.383056, 37.079201 ] } },
{ "type": "Feature", "properties": { "ID": "152SIJTX00094", "正式名称": "上越市国民健康保険くろかわ診療所", "機関区分": 2, "都道府県コード": 15, "市区町村コード": 222, "所在地": "新潟県上越市柿崎区芋島新田１８４", "緯度": 37.242215, "経度": 138.44977, "url": "https://www.iryou.teikyouseido.mhlw.go.jp/znk-web/juminkanja/S2430/initialize?prefCd=15&kikanCd=SIJTX00094&kikanKbn=2", "url2": null, "内容": "上越市国民健康保険くろかわ診療所【2:診療所】【診療科目:内科_外科】新潟県上越市柿崎区芋島新田１８４" }, "geometry": { "type": "Point", "coordinates": [ 138.44977, 37.242215 ] } },
{ "type": "Feature", "properties": { "ID": "152SIJTX00095", "正式名称": "上越市国民健康保険吉川診療所", "機関区分": 2, "都道府県コード": 15, "市区町村コード": 222, "所在地": "新潟県上越市吉川区原之町１８１９－１", "緯度": 37.223165, "経度": 138.405476, "url": "https://www.iryou.teikyouseido.mhlw.go.jp/znk-web/juminkanja/S2430/initialize?prefCd=15&kikanCd=SIJTX00095&kikanKbn=2", "url2": null, "内容": "上越市国民健康保険吉川診療所【2:診療所】【診療科目:内科_泌尿器科】新潟県上越市吉川区原之町１８１９－１" }, "geometry": { "type": "Point", "coordinates": [ 138.405476, 37.223165 ] } },
{ "type": "Feature", "properties": { "ID": "152SIJTX00096", "正式名称": "上越市国民健康保険清里診療所", "機関区分": 2, "都道府県コード": 15, "市区町村コード": 222, "所在地": "新潟県上越市清里区岡嶺新田７２", "緯度": 37.077986, "経度": 138.331202, "url": "https://www.iryou.teikyouseido.mhlw.go.jp/znk-web/juminkanja/S2430/initialize?prefCd=15&kikanCd=SIJTX00096&kikanKbn=2", "url2": null, "内容": "上越市国民健康保険清里診療所【2:診療所】【診療科目:内科_外科_アレルギー科_リウマチ科】新潟県上越市清里区岡嶺新田７２" }, "geometry": { "type": "Point", "coordinates": [ 138.331202, 37.077986 ] } },
{ "type": "Feature", "properties": { "ID": "152SIJTX00097", "正式名称": "みながわ皮ふ科", "機関区分": 2, "都道府県コード": 15, "市区町村コード": 222, "所在地": "新潟県上越市大和２丁目１５番１８号", "緯度": 37.086662, "経度": 138.252461, "url": "https://www.iryou.teikyouseido.mhlw.go.jp/znk-web/juminkanja/S2430/initialize?prefCd=15&kikanCd=SIJTX00097&kikanKbn=2", "url2": null, "内容": "みながわ皮ふ科【2:診療所】【診療科目:皮膚科】新潟県上越市大和２丁目１５番１８号" }, "geometry": { "type": "Point", "coordinates": [ 138.252461, 37.086662 ] } },
{ "type": "Feature", "properties": { "ID": "152SIJTX00098", "正式名称": "おおしま眼科", "機関区分": 2, "都道府県コード": 15, "市区町村コード": 222, "所在地": "新潟県上越市東雲町２－６－２２", "緯度": 37.166971, "経度": 138.241764, "url": "https://www.iryou.teikyouseido.mhlw.go.jp/znk-web/juminkanja/S2430/initialize?prefCd=15&kikanCd=SIJTX00098&kikanKbn=2", "url2": "https://www.oshima-ganka.org", "内容": "おおしま眼科【2:診療所】【診療科目:眼科】新潟県上越市東雲町２－６－２２" }, "geometry": { "type": "Point", "coordinates": [ 138.241764, 37.166971 ] } },
{ "type": "Feature", "properties": { "ID": "152SIJTX00099", "正式名称": "川端内科消化器科医院", "機関区分": 2, "都道府県コード": 15, "市区町村コード": 222, "所在地": "新潟県上越市春日新田１－２０－１３", "緯度": 37.170433, "経度": 138.255512, "url": "https://www.iryou.teikyouseido.mhlw.go.jp/znk-web/juminkanja/S2430/initialize?prefCd=15&kikanCd=SIJTX00099&kikanKbn=2", "url2": null, "内容": "川端内科消化器科医院【2:診療所】【診療科目:内科_消化器内科_リハビリテーション科】新潟県上越市春日新田１－２０－１３" }, "geometry": { "type": "Point", "coordinates": [ 138.255512, 37.170433 ] } },
{ "type": "Feature", "properties": { "ID": "152SIJTX00100", "正式名称": "さいとう診療所", "機関区分": 2, "都道府県コード": 15, "市区町村コード": 222, "所在地": "新潟県上越市板倉区針９４１", "緯度": 37.051665, "経度": 138.29529, "url": "https://www.iryou.teikyouseido.mhlw.go.jp/znk-web/juminkanja/S2430/initialize?prefCd=15&kikanCd=SIJTX00100&kikanKbn=2", "url2": null, "内容": "さいとう診療所【2:診療所】【診療科目:内科_神経内科】新潟県上越市板倉区針９４１" }, "geometry": { "type": "Point", "coordinates": [ 138.29529, 37.051665 ] } },
{ "type": "Feature", "properties": { "ID": "152SIJTX00101", "正式名称": "まなべ整形外科クリニック", "機関区分": 2, "都道府県コード": 15, "市区町村コード": 222, "所在地": "新潟県上越市高土町２－１２－５", "緯度": 37.124565, "経度": 138.258021, "url": "https://www.iryou.teikyouseido.mhlw.go.jp/znk-web/juminkanja/S2430/initialize?prefCd=15&kikanCd=SIJTX00101&kikanKbn=2", "url2": "manabe-seikeigeka.com", "内容": "まなべ整形外科クリニック【2:診療所】【診療科目:整形外科_リウマチ科_リハビリテーション科】新潟県上越市高土町２－１２－５" }, "geometry": { "type": "Point", "coordinates": [ 138.258021, 37.124565 ] } },
{ "type": "Feature", "properties": { "ID": "152SIJTX00102", "正式名称": "特別養護老人ホーム　悠久の里　医務室", "機関区分": 2, "都道府県コード": 15, "市区町村コード": 222, "所在地": "新潟県上越市とよば１８６番地", "緯度": 37.10273, "経度": 138.274983, "url": "https://www.iryou.teikyouseido.mhlw.go.jp/znk-web/juminkanja/S2430/initialize?prefCd=15&kikanCd=SIJTX00102&kikanKbn=2", "url2": "http:/www.takadafukushikai.com/publics/index/10/", "内容": "特別養護老人ホーム　悠久の里　医務室【2:診療所】【診療科目:外科】新潟県上越市とよば１８６番地" }, "geometry": { "type": "Point", "coordinates": [ 138.274983, 37.10273 ] } },
{ "type": "Feature", "properties": { "ID": "152SIJTX00103", "正式名称": "豊田医院", "機関区分": 2, "都道府県コード": 15, "市区町村コード": 222, "所在地": "新潟県上越市石橋２－５－１", "緯度": 37.162511, "経度": 138.237203, "url": "https://www.iryou.teikyouseido.mhlw.go.jp/znk-web/juminkanja/S2430/initialize?prefCd=15&kikanCd=SIJTX00103&kikanKbn=2", "url2": "http://www.toyoda-clinic.net/", "内容": "豊田医院【2:診療所】【診療科目:内科_外科_整形外科_リハビリテーション科_麻酔科】新潟県上越市石橋２－５－１" }, "geometry": { "type": "Point", "coordinates": [ 138.237203, 37.162511 ] } },
{ "type": "Feature", "properties": { "ID": "152SIJTX00104", "正式名称": "はまだ皮ふ科", "機関区分": 2, "都道府県コード": 15, "市区町村コード": 222, "所在地": "新潟県上越市木田新田２－２－７", "緯度": 37.139113, "経度": 138.23659, "url": "https://www.iryou.teikyouseido.mhlw.go.jp/znk-web/juminkanja/S2430/initialize?prefCd=15&kikanCd=SIJTX00104&kikanKbn=2", "url2": null, "内容": "はまだ皮ふ科【2:診療所】【診療科目:皮膚科】新潟県上越市木田新田２－２－７" }, "geometry": { "type": "Point", "coordinates": [ 138.23659, 37.139113 ] } },
{ "type": "Feature", "properties": { "ID": "152SIJTX00105", "正式名称": "高田駅前クリニック丸山内科医院", "機関区分": 2, "都道府県コード": 15, "市区町村コード": 222, "所在地": "新潟県上越市仲町４－２－２３", "緯度": 37.115453, "経度": 138.243062, "url": "https://www.iryou.teikyouseido.mhlw.go.jp/znk-web/juminkanja/S2430/initialize?prefCd=15&kikanCd=SIJTX00105&kikanKbn=2", "url2": null, "内容": "高田駅前クリニック丸山内科医院【2:診療所】【診療科目:内科】新潟県上越市仲町４－２－２３" }, "geometry": { "type": "Point", "coordinates": [ 138.243062, 37.115453 ] } },
{ "type": "Feature", "properties": { "ID": "152SIJTX00106", "正式名称": "特別養護老人ホーム太陽と緑の家今泉医務室", "機関区分": 2, "都道府県コード": 15, "市区町村コード": 222, "所在地": "新潟県上越市今泉西蓮池１３１０－８", "緯度": 37.094055, "経度": 138.248343, "url": "https://www.iryou.teikyouseido.mhlw.go.jp/znk-web/juminkanja/S2430/initialize?prefCd=15&kikanCd=SIJTX00106&kikanKbn=2", "url2": null, "内容": "特別養護老人ホーム太陽と緑の家今泉医務室【2:診療所】【診療科目:内科_皮膚科_泌尿器科】新潟県上越市今泉西蓮池１３１０－８" }, "geometry": { "type": "Point", "coordinates": [ 138.248343, 37.094055 ] } },
{ "type": "Feature", "properties": { "ID": "152SIJTX00109", "正式名称": "小児科すこやかアレルギークリニック", "機関区分": 2, "都道府県コード": 15, "市区町村コード": 222, "所在地": "新潟県上越市藤野新田１３００", "緯度": 37.149306, "経度": 138.25333, "url": "https://www.iryou.teikyouseido.mhlw.go.jp/znk-web/juminkanja/S2430/initialize?prefCd=15&kikanCd=SIJTX00109&kikanKbn=2", "url2": null, "内容": "小児科すこやかアレルギークリニック【2:診療所】【診療科目:小児科_乳児健診・予防接種_アレルギー科】新潟県上越市藤野新田１３００" }, "geometry": { "type": "Point", "coordinates": [ 138.25333, 37.149306 ] } },
{ "type": "Feature", "properties": { "ID": "152SIJTX00111", "正式名称": "いがらし整形外科", "機関区分": 2, "都道府県コード": 15, "市区町村コード": 222, "所在地": "新潟県上越市大貫４－６－８", "緯度": 37.114971, "経度": 138.232845, "url": "https://www.iryou.teikyouseido.mhlw.go.jp/znk-web/juminkanja/S2430/initialize?prefCd=15&kikanCd=SIJTX00111&kikanKbn=2", "url2": "igarashi-seikei.com", "内容": "いがらし整形外科【2:診療所】【診療科目:整形外科】新潟県上越市大貫４－６－８" }, "geometry": { "type": "Point", "coordinates": [ 138.232845, 37.114971 ] } },
{ "type": "Feature", "properties": { "ID": "152SIJTX00114", "正式名称": "すぎたに整形外科クリニック", "機関区分": 2, "都道府県コード": 15, "市区町村コード": 222, "所在地": "新潟県上越市とよば７９番地", "緯度": 37.104408, "経度": 138.272008, "url": "https://www.iryou.teikyouseido.mhlw.go.jp/znk-web/juminkanja/S2430/initialize?prefCd=15&kikanCd=SIJTX00114&kikanKbn=2", "url2": null, "内容": "すぎたに整形外科クリニック【2:診療所】【診療科目:整形外科_リウマチ科_リハビリテーション科】新潟県上越市とよば７９番地" }, "geometry": { "type": "Point", "coordinates": [ 138.272008, 37.104408 ] } },
{ "type": "Feature", "properties": { "ID": "152SIJTX00115", "正式名称": "三折堂いがらし医院", "機関区分": 2, "都道府県コード": 15, "市区町村コード": 222, "所在地": "新潟県上越市三和区錦２８８－１", "緯度": 37.13764, "経度": 138.339745, "url": "https://www.iryou.teikyouseido.mhlw.go.jp/znk-web/juminkanja/S2430/initialize?prefCd=15&kikanCd=SIJTX00115&kikanKbn=2", "url2": null, "内容": "三折堂いがらし医院【2:診療所】【診療科目:内科_胃腸内科_外科_肛門外科_整形外科_リハビリテーション科】新潟県上越市三和区錦２８８－１" }, "geometry": { "type": "Point", "coordinates": [ 138.339745, 37.13764 ] } },
{ "type": "Feature", "properties": { "ID": "152SIJTX00118", "正式名称": "きたしろクリニック内科さとう医院", "機関区分": 2, "都道府県コード": 15, "市区町村コード": 222, "所在地": "新潟県上越市北城町４ー６ー８", "緯度": 37.119477, "経度": 138.256882, "url": "https://www.iryou.teikyouseido.mhlw.go.jp/znk-web/juminkanja/S2430/initialize?prefCd=15&kikanCd=SIJTX00118&kikanKbn=2", "url2": null, "内容": "きたしろクリニック内科さとう医院【2:診療所】【診療科目:内科_リウマチ科】新潟県上越市北城町４ー６ー８" }, "geometry": { "type": "Point", "coordinates": [ 138.256882, 37.119477 ] } },
{ "type": "Feature", "properties": { "ID": "152SIJTX00119", "正式名称": "石田眼科医院", "機関区分": 2, "都道府県コード": 15, "市区町村コード": 222, "所在地": "新潟県上越市本町２－２－３１", "緯度": 37.108464, "経度": 138.244744, "url": "https://www.iryou.teikyouseido.mhlw.go.jp/znk-web/juminkanja/S2430/initialize?prefCd=15&kikanCd=SIJTX00119&kikanKbn=2", "url2": null, "内容": "石田眼科医院【2:診療所】【診療科目:眼科】新潟県上越市本町２－２－３１" }, "geometry": { "type": "Point", "coordinates": [ 138.244744, 37.108464 ] } },
{ "type": "Feature", "properties": { "ID": "152SIJTX00120", "正式名称": "保倉の里診療所", "機関区分": 2, "都道府県コード": 15, "市区町村コード": 222, "所在地": "新潟県上越市浦川原区顕聖寺７３０番地１", "緯度": 37.158817, "経度": 138.417222, "url": "https://www.iryou.teikyouseido.mhlw.go.jp/znk-web/juminkanja/S2430/initialize?prefCd=15&kikanCd=SIJTX00120&kikanKbn=2", "url2": null, "内容": "保倉の里診療所【2:診療所】【診療科目:内科_外科_整形外科】新潟県上越市浦川原区顕聖寺７３０番地１" }, "geometry": { "type": "Point", "coordinates": [ 138.417222, 37.158817 ] } },
{ "type": "Feature", "properties": { "ID": "152SIJTX00121", "正式名称": "在宅緩和ケアクリニックきずな", "機関区分": 2, "都道府県コード": 15, "市区町村コード": 222, "所在地": "新潟県上越市下門前１７４５番地", "緯度": 37.158007, "経度": 138.25413, "url": "https://www.iryou.teikyouseido.mhlw.go.jp/znk-web/juminkanja/S2430/initialize?prefCd=15&kikanCd=SIJTX00121&kikanKbn=2", "url2": "http://www.kizuna-i.com", "内容": "在宅緩和ケアクリニックきずな【2:診療所】【診療科目:内科_緩和ケア内科】新潟県上越市下門前１７４５番地" }, "geometry": { "type": "Point", "coordinates": [ 138.25413, 37.158007 ] } },
{ "type": "Feature", "properties": { "ID": "152SIJTX00122", "正式名称": "ふもとクリニック", "機関区分": 2, "都道府県コード": 15, "市区町村コード": 222, "所在地": "新潟県上越市中央１－２３－２６", "緯度": 37.174423, "経度": 138.245997, "url": "https://www.iryou.teikyouseido.mhlw.go.jp/znk-web/juminkanja/S2430/initialize?prefCd=15&kikanCd=SIJTX00122&kikanKbn=2", "url2": "http://www.fumotokai-hp.com", "内容": "ふもとクリニック【2:診療所】【診療科目:内科_小児科_皮膚科_泌尿器科】新潟県上越市中央１－２３－２６" }, "geometry": { "type": "Point", "coordinates": [ 138.245997, 37.174423 ] } },
{ "type": "Feature", "properties": { "ID": "152SIJTX00123", "正式名称": "おひさま耳鼻咽喉科", "機関区分": 2, "都道府県コード": 15, "市区町村コード": 222, "所在地": "新潟県上越市飯２５３８－２", "緯度": 37.125044, "経度": 138.231759, "url": "https://www.iryou.teikyouseido.mhlw.go.jp/znk-web/juminkanja/S2430/initialize?prefCd=15&kikanCd=SIJTX00123&kikanKbn=2", "url2": "http://www.ohisamaclinic.com/", "内容": "おひさま耳鼻咽喉科【2:診療所】【診療科目:耳鼻いんこう科】新潟県上越市飯２５３８－２" }, "geometry": { "type": "Point", "coordinates": [ 138.231759, 37.125044 ] } },
{ "type": "Feature", "properties": { "ID": "152SIJTX00125", "正式名称": "かわさき脳外科", "機関区分": 2, "都道府県コード": 15, "市区町村コード": 222, "所在地": "新潟県上越市昭和町２丁目２９－３２", "緯度": 37.124098, "経度": 138.238139, "url": "https://www.iryou.teikyouseido.mhlw.go.jp/znk-web/juminkanja/S2430/initialize?prefCd=15&kikanCd=SIJTX00125&kikanKbn=2", "url2": "http://www.kawasakinougeka.com/", "内容": "かわさき脳外科【2:診療所】【診療科目:神経内科_外科_脳神経外科_リハビリテーション科】新潟県上越市昭和町２丁目２９－３２" }, "geometry": { "type": "Point", "coordinates": [ 138.238139, 37.124098 ] } },
{ "type": "Feature", "properties": { "ID": "152SIJTX00126", "正式名称": "武内心療内科大潟クリニック", "機関区分": 2, "都道府県コード": 15, "市区町村コード": 222, "所在地": "新潟県上越市大潟区犀潟７８９", "緯度": 37.207636, "経度": 138.303198, "url": "https://www.iryou.teikyouseido.mhlw.go.jp/znk-web/juminkanja/S2430/initialize?prefCd=15&kikanCd=SIJTX00126&kikanKbn=2", "url2": null, "内容": "武内心療内科大潟クリニック【2:診療所】【診療科目:内科_神経内科_精神科_心療内科】新潟県上越市大潟区犀潟７８９" }, "geometry": { "type": "Point", "coordinates": [ 138.303198, 37.207636 ] } },
{ "type": "Feature", "properties": { "ID": "152SIJTX00127", "正式名称": "中村皮ふ科クリニック", "機関区分": 2, "都道府県コード": 15, "市区町村コード": 222, "所在地": "新潟県上越市北城町２ー３ー２４", "緯度": 37.116531, "経度": 138.25606, "url": "https://www.iryou.teikyouseido.mhlw.go.jp/znk-web/juminkanja/S2430/initialize?prefCd=15&kikanCd=SIJTX00127&kikanKbn=2", "url2": "https://www.nakamurahifuka-clinic.com/", "内容": "中村皮ふ科クリニック【2:診療所】【診療科目:皮膚科_美容皮膚科_アレルギー科】新潟県上越市北城町２ー３ー２４" }, "geometry": { "type": "Point", "coordinates": [ 138.25606, 37.116531 ] } },
{ "type": "Feature", "properties": { "ID": "152SIJTX00128", "正式名称": "妙高診療所", "機関区分": 2, "都道府県コード": 15, "市区町村コード": 217, "所在地": "新潟県妙高市葎生５２４－１", "緯度": 36.932052, "経度": 138.226134, "url": "https://www.iryou.teikyouseido.mhlw.go.jp/znk-web/juminkanja/S2430/initialize?prefCd=15&kikanCd=SIJTX00128&kikanKbn=2", "url2": null, "内容": "妙高診療所【2:診療所】【診療科目:内科_消化器内科_外科_肛門外科_小児科】新潟県妙高市葎生５２４－１" }, "geometry": { "type": "Point", "coordinates": [ 138.226134, 36.932052 ] } },
{ "type": "Feature", "properties": { "ID": "152SIJTX00129", "正式名称": "あおぞら皮ふ科クリニック", "機関区分": 2, "都道府県コード": 15, "市区町村コード": 222, "所在地": "新潟県上越市飯２５１９あおぞら皮ふ科クリニック", "緯度": 37.125476, "経度": 138.231634, "url": "https://www.iryou.teikyouseido.mhlw.go.jp/znk-web/juminkanja/S2430/initialize?prefCd=15&kikanCd=SIJTX00129&kikanKbn=2", "url2": "https://www.aozorahifuka.com", "内容": "あおぞら皮ふ科クリニック【2:診療所】【診療科目:皮膚科】新潟県上越市飯２５１９あおぞら皮ふ科クリニック" }, "geometry": { "type": "Point", "coordinates": [ 138.231634, 37.125476 ] } },
{ "type": "Feature", "properties": { "ID": "152SIJTX00130", "正式名称": "小林医院", "機関区分": 2, "都道府県コード": 15, "市区町村コード": 222, "所在地": "新潟県上越市住吉町１－１２", "緯度": 37.176354, "経度": 138.244837, "url": "https://www.iryou.teikyouseido.mhlw.go.jp/znk-web/juminkanja/S2430/initialize?prefCd=15&kikanCd=SIJTX00130&kikanKbn=2", "url2": null, "内容": "小林医院【2:診療所】【診療科目:内科_循環器内科_小児科_アレルギー科】新潟県上越市住吉町１－１２" }, "geometry": { "type": "Point", "coordinates": [ 138.244837, 37.176354 ] } },
{ "type": "Feature", "properties": { "ID": "152SIJTX00131", "正式名称": "かなざわ内科クリニック", "機関区分": 2, "都道府県コード": 15, "市区町村コード": 222, "所在地": "新潟県上越市春日野１－１４－１１", "緯度": 37.15145, "経度": 138.228325, "url": "https://www.iryou.teikyouseido.mhlw.go.jp/znk-web/juminkanja/S2430/initialize?prefCd=15&kikanCd=SIJTX00131&kikanKbn=2", "url2": "https://www.kanazawanaika.com", "内容": "かなざわ内科クリニック【2:診療所】【診療科目:内科_消化器内科_放射線科】新潟県上越市春日野１－１４－１１" }, "geometry": { "type": "Point", "coordinates": [ 138.228325, 37.15145 ] } },
{ "type": "Feature", "properties": { "ID": "152SIJTX00132", "正式名称": "藤原医院", "機関区分": 2, "都道府県コード": 15, "市区町村コード": 222, "所在地": "新潟県上越市西本町２－１－２１", "緯度": 37.16953, "経度": 138.238446, "url": "https://www.iryou.teikyouseido.mhlw.go.jp/znk-web/juminkanja/S2430/initialize?prefCd=15&kikanCd=SIJTX00132&kikanKbn=2", "url2": null, "内容": "藤原医院【2:診療所】【診療科目:内科_内分泌内科_呼吸器内科_循環器内科_消化器内科_腎臓内科】新潟県上越市西本町２－１－２１" }, "geometry": { "type": "Point", "coordinates": [ 138.238446, 37.16953 ] } },
{ "type": "Feature", "properties": { "ID": "152SIJTX00135", "正式名称": "かみむら小児科", "機関区分": 2, "都道府県コード": 15, "市区町村コード": 222, "所在地": "新潟県上越市下門前１８５７番地", "緯度": 37.157621, "経度": 138.2504, "url": "https://www.iryou.teikyouseido.mhlw.go.jp/znk-web/juminkanja/S2430/initialize?prefCd=15&kikanCd=SIJTX00135&kikanKbn=2", "url2": null, "内容": "かみむら小児科【2:診療所】【診療科目:小児科】新潟県上越市下門前１８５７番地" }, "geometry": { "type": "Point", "coordinates": [ 138.2504, 37.157621 ] } },
{ "type": "Feature", "properties": { "ID": "152SIJTX00136", "正式名称": "医療法人高田西城会こころのクリニック・上越妙高診療所", "機関区分": 2, "都道府県コード": 15, "市区町村コード": 222, "所在地": "新潟県上越市大和２丁目４番７号", "緯度": 37.083022, "経度": 138.25026, "url": "https://www.iryou.teikyouseido.mhlw.go.jp/znk-web/juminkanja/S2430/initialize?prefCd=15&kikanCd=SIJTX00136&kikanKbn=2", "url2": "http:/www.nishishiro-hp.or.jp", "内容": "医療法人高田西城会こころのクリニック・上越妙高診療所【2:診療所】【診療科目:精神科_心療内科_老年精神科】新潟県上越市大和２丁目４番７号" }, "geometry": { "type": "Point", "coordinates": [ 138.25026, 37.083022 ] } },
{ "type": "Feature", "properties": { "ID": "152SIJTX00137", "正式名称": "上越北陸アイクリニック", "機関区分": 2, "都道府県コード": 15, "市区町村コード": 222, "所在地": "新潟県上越市今泉１３１０－４", "緯度": 37.093349, "経度": 138.249391, "url": "https://www.iryou.teikyouseido.mhlw.go.jp/znk-web/juminkanja/S2430/initialize?prefCd=15&kikanCd=SIJTX00137&kikanKbn=2", "url2": null, "内容": "上越北陸アイクリニック【2:診療所】【診療科目:眼科】新潟県上越市今泉１３１０－４" }, "geometry": { "type": "Point", "coordinates": [ 138.249391, 37.093349 ] } },
{ "type": "Feature", "properties": { "ID": "152SIJTX00140", "正式名称": "さくらの木心臓血管外科クリニック", "機関区分": 2, "都道府県コード": 15, "市区町村コード": 222, "所在地": "新潟県上越市北城町４－４－２０", "緯度": 37.118633, "経度": 138.255945, "url": "https://www.iryou.teikyouseido.mhlw.go.jp/znk-web/juminkanja/S2430/initialize?prefCd=15&kikanCd=SIJTX00140&kikanKbn=2", "url2": "myhp.joetsu.jp/sakuranoki-clinic/", "内容": "さくらの木心臓血管外科クリニック【2:診療所】【診療科目:内科_循環器内科_外科_心臓血管外科】新潟県上越市北城町４－４－２０" }, "geometry": { "type": "Point", "coordinates": [ 138.255945, 37.118633 ] } },
{ "type": "Feature", "properties": { "ID": "152SIJTX00141", "正式名称": "菅谷ウイメンズクリニック", "機関区分": 2, "都道府県コード": 15, "市区町村コード": 222, "所在地": "新潟県上越市新光町３−６−１６", "緯度": 37.154834, "経度": 138.240738, "url": "https://www.iryou.teikyouseido.mhlw.go.jp/znk-web/juminkanja/S2430/initialize?prefCd=15&kikanCd=SIJTX00141&kikanKbn=2", "url2": "https://www.sugaya-women.jp", "内容": "菅谷ウイメンズクリニック【2:診療所】【診療科目:産婦人科_産婦人科（生殖医療）】新潟県上越市新光町３−６−１６" }, "geometry": { "type": "Point", "coordinates": [ 138.240738, 37.154834 ] } },
{ "type": "Feature", "properties": { "ID": "152SIJTX00142", "正式名称": "わか皮ふ科クリニック", "機関区分": 2, "都道府県コード": 15, "市区町村コード": 222, "所在地": "新潟県上越市とよば４番地", "緯度": 37.105585, "経度": 138.272329, "url": "https://www.iryou.teikyouseido.mhlw.go.jp/znk-web/juminkanja/S2430/initialize?prefCd=15&kikanCd=SIJTX00142&kikanKbn=2", "url2": null, "内容": "わか皮ふ科クリニック【2:診療所】【診療科目:皮膚科】新潟県上越市とよば４番地" }, "geometry": { "type": "Point", "coordinates": [ 138.272329, 37.105585 ] } },
{ "type": "Feature", "properties": { "ID": "152SIJTX00143", "正式名称": "吉川眼科", "機関区分": 2, "都道府県コード": 15, "市区町村コード": 222, "所在地": "新潟県上越市吉川区下町１１６２－１", "緯度": 37.222909, "経度": 138.407264, "url": "https://www.iryou.teikyouseido.mhlw.go.jp/znk-web/juminkanja/S2430/initialize?prefCd=15&kikanCd=SIJTX00143&kikanKbn=2", "url2": null, "内容": "吉川眼科【2:診療所】【診療科目:眼科】新潟県上越市吉川区下町１１６２－１" }, "geometry": { "type": "Point", "coordinates": [ 138.407264, 37.222909 ] } },
{ "type": "Feature", "properties": { "ID": "152SIJTX00144", "正式名称": "さくらい整形外科医院", "機関区分": 2, "都道府県コード": 15, "市区町村コード": 217, "所在地": "新潟県妙高市栗原２丁目３－５", "緯度": 37.042921, "経度": 138.26058, "url": "https://www.iryou.teikyouseido.mhlw.go.jp/znk-web/juminkanja/S2430/initialize?prefCd=15&kikanCd=SIJTX00144&kikanKbn=2", "url2": null, "内容": "さくらい整形外科医院【2:診療所】【診療科目:整形外科】新潟県妙高市栗原２丁目３－５" }, "geometry": { "type": "Point", "coordinates": [ 138.26058, 37.042921 ] } },
{ "type": "Feature", "properties": { "ID": "152SIJTX00146", "正式名称": "上越市役所前やまもとクリニック", "機関区分": 2, "都道府県コード": 15, "市区町村コード": 222, "所在地": "新潟県上越市木田１－３－３１", "緯度": 37.147299, "経度": 138.239269, "url": "https://www.iryou.teikyouseido.mhlw.go.jp/znk-web/juminkanja/S2430/initialize?prefCd=15&kikanCd=SIJTX00146&kikanKbn=2", "url2": null, "内容": "上越市役所前やまもとクリニック【2:診療所】【診療科目:内科_消化器内科_肝臓内科_外科_肛門外科】新潟県上越市木田１－３－３１" }, "geometry": { "type": "Point", "coordinates": [ 138.239269, 37.147299 ] } },
{ "type": "Feature", "properties": { "ID": "152SIJTX00147", "正式名称": "長谷川医院", "機関区分": 2, "都道府県コード": 15, "市区町村コード": 222, "所在地": "新潟県上越市国府４丁目３番１４号", "緯度": 37.161312, "経度": 138.228521, "url": "https://www.iryou.teikyouseido.mhlw.go.jp/znk-web/juminkanja/S2430/initialize?prefCd=15&kikanCd=SIJTX00147&kikanKbn=2", "url2": null, "内容": "長谷川医院【2:診療所】【診療科目:内科_胃腸内科_小児科】新潟県上越市国府４丁目３番１４号" }, "geometry": { "type": "Point", "coordinates": [ 138.228521, 37.161312 ] } },
{ "type": "Feature", "properties": { "ID": "152SIJTX00148", "正式名称": "飯内科クリニック", "機関区分": 2, "都道府県コード": 15, "市区町村コード": 222, "所在地": "新潟県上越市大字飯２５２１－１", "緯度": 37.12578, "経度": 138.231404, "url": "https://www.iryou.teikyouseido.mhlw.go.jp/znk-web/juminkanja/S2430/initialize?prefCd=15&kikanCd=SIJTX00148&kikanKbn=2", "url2": "iinaika.com", "内容": "飯内科クリニック【2:診療所】【診療科目:内科_漢方内科_小児科_リウマチ科】新潟県上越市大字飯２５２１－１" }, "geometry": { "type": "Point", "coordinates": [ 138.231404, 37.12578 ] } },
{ "type": "Feature", "properties": { "ID": "152SIJTX00149", "正式名称": "たにし整形外科クリニック", "機関区分": 2, "都道府県コード": 15, "市区町村コード": 222, "所在地": "新潟県上越市下門前２２７５", "緯度": 37.161996, "経度": 138.251634, "url": "https://www.iryou.teikyouseido.mhlw.go.jp/znk-web/juminkanja/S2430/initialize?prefCd=15&kikanCd=SIJTX00149&kikanKbn=2", "url2": null, "内容": "たにし整形外科クリニック【2:診療所】【診療科目:整形外科】新潟県上越市下門前２２７５" }, "geometry": { "type": "Point", "coordinates": [ 138.251634, 37.161996 ] } },
{ "type": "Feature", "properties": { "ID": "152SIJTX00150", "正式名称": "飯酒盃医院", "機関区分": 2, "都道府県コード": 15, "市区町村コード": 222, "所在地": "新潟県上越市西本町４丁目４－１２", "緯度": 37.173107, "経度": 138.239582, "url": "https://www.iryou.teikyouseido.mhlw.go.jp/znk-web/juminkanja/S2430/initialize?prefCd=15&kikanCd=SIJTX00150&kikanKbn=2", "url2": "https://www.isahai-clinic.com/", "内容": "飯酒盃医院【2:診療所】【診療科目:内科_血液内科】新潟県上越市西本町４丁目４－１２" }, "geometry": { "type": "Point", "coordinates": [ 138.239582, 37.173107 ] } },
{ "type": "Feature", "properties": { "ID": "152SIJTX00151", "正式名称": "みながわ内科・糖尿病クリニック", "機関区分": 2, "都道府県コード": 15, "市区町村コード": 222, "所在地": "新潟県上越市上源入６４１－１　エスペランサ１Ｆ", "緯度": 37.158498, "経度": 138.257376, "url": "https://www.iryou.teikyouseido.mhlw.go.jp/znk-web/juminkanja/S2430/initialize?prefCd=15&kikanCd=SIJTX00151&kikanKbn=2", "url2": "https://minagawa-naika.com/", "内容": "みながわ内科・糖尿病クリニック【2:診療所】【診療科目:内科_糖尿病内科_内分泌内科】新潟県上越市上源入６４１－１　エスペランサ１Ｆ" }, "geometry": { "type": "Point", "coordinates": [ 138.257376, 37.158498 ] } },
{ "type": "Feature", "properties": { "ID": "152SIJTX00152", "正式名称": "アグリホームクリニック　じょうえつ", "機関区分": 2, "都道府県コード": 15, "市区町村コード": 222, "所在地": "新潟県上越市三和区宮崎新田１３１－１", "緯度": 37.107463, "経度": 138.368197, "url": "https://www.iryou.teikyouseido.mhlw.go.jp/znk-web/juminkanja/S2430/initialize?prefCd=15&kikanCd=SIJTX00152&kikanKbn=2", "url2": null, "内容": "アグリホームクリニック　じょうえつ【2:診療所】【診療科目:内科_外科_精神科】新潟県上越市三和区宮崎新田１３１－１" }, "geometry": { "type": "Point", "coordinates": [ 138.368197, 37.107463 ] } },
{ "type": "Feature", "properties": { "ID": "152SIJTX00153", "正式名称": "つちや耳鼻咽喉科", "機関区分": 2, "都道府県コード": 15, "市区町村コード": 222, "所在地": "新潟県上越市下源入５８５番１", "緯度": 37.162934, "経度": 138.254345, "url": "https://www.iryou.teikyouseido.mhlw.go.jp/znk-web/juminkanja/S2430/initialize?prefCd=15&kikanCd=SIJTX00153&kikanKbn=2", "url2": "https://www.tsuchiya-ent.com", "内容": "つちや耳鼻咽喉科【2:診療所】【診療科目:耳鼻いんこう科】新潟県上越市下源入５８５番１" }, "geometry": { "type": "Point", "coordinates": [ 138.254345, 37.162934 ] } },
{ "type": "Feature", "properties": { "ID": "152SIJTX00154", "正式名称": "清華ファミリークリニック塚田医院", "機関区分": 2, "都道府県コード": 15, "市区町村コード": 217, "所在地": "新潟県妙高市柳井田町２丁目８番１６号", "緯度": 37.052691, "経度": 138.258882, "url": "https://www.iryou.teikyouseido.mhlw.go.jp/znk-web/juminkanja/S2430/initialize?prefCd=15&kikanCd=SIJTX00154&kikanKbn=2", "url2": null, "内容": "清華ファミリークリニック塚田医院【2:診療所】【診療科目:内科_小児科】新潟県妙高市柳井田町２丁目８番１６号" }, "geometry": { "type": "Point", "coordinates": [ 138.258882, 37.052691 ] } },
{ "type": "Feature", "properties": { "ID": "152SIJTX00159", "正式名称": "上越インター前たけいクリニック", "機関区分": 2, "都道府県コード": 15, "市区町村コード": 222, "所在地": "新潟県上越市上源入６３４番地３", "緯度": 37.160282, "経度": 138.256086, "url": "https://www.iryou.teikyouseido.mhlw.go.jp/znk-web/juminkanja/S2430/initialize?prefCd=15&kikanCd=SIJTX00159&kikanKbn=2", "url2": null, "内容": "上越インター前たけいクリニック【2:診療所】【診療科目:内科_消化器内科_胃腸内科_肝臓内科_内視鏡内科】新潟県上越市上源入６３４番地３" }, "geometry": { "type": "Point", "coordinates": [ 138.256086, 37.160282 ] } },
{ "type": "Feature", "properties": { "ID": "152SIJTX0016", "正式名称": "上越妙高駅前みやざわクリニック", "機関区分": 2, "都道府県コード": 15, "市区町村コード": 222, "所在地": "新潟県上越市大和１－８－１６", "緯度": 37.078349, "経度": 138.247306, "url": "https://www.iryou.teikyouseido.mhlw.go.jp/znk-web/juminkanja/S2430/initialize?prefCd=15&kikanCd=SIJTX0016&kikanKbn=2", "url2": null, "内容": "上越妙高駅前みやざわクリニック【2:診療所】【診療科目:内科_消化器内科_漢方内科_外科_消化器外科_乳腺外科】新潟県上越市大和１－８－１６" }, "geometry": { "type": "Point", "coordinates": [ 138.247306, 37.078349 ] } },
{ "type": "Feature", "properties": { "ID": "152SIJTX00162", "正式名称": "稲田うえき整形外科クリニック", "機関区分": 2, "都道府県コード": 15, "市区町村コード": 222, "所在地": "新潟県上越市稲田３－６－１０", "緯度": 37.120904, "経度": 138.268408, "url": "https://www.iryou.teikyouseido.mhlw.go.jp/znk-web/juminkanja/S2430/initialize?prefCd=15&kikanCd=SIJTX00162&kikanKbn=2", "url2": "www.inada-ueki-seikei.jp", "内容": "稲田うえき整形外科クリニック【2:診療所】【診療科目:整形外科_リウマチ科_リハビリテーション科】新潟県上越市稲田３－６－１０" }, "geometry": { "type": "Point", "coordinates": [ 138.268408, 37.120904 ] } },
{ "type": "Feature", "properties": { "ID": "152SIJTX00163", "正式名称": "山田クリニック", "機関区分": 2, "都道府県コード": 15, "市区町村コード": 222, "所在地": "新潟県上越市頸城区舟津１９－１", "緯度": 37.187618, "経度": 138.324839, "url": "https://www.iryou.teikyouseido.mhlw.go.jp/znk-web/juminkanja/S2430/initialize?prefCd=15&kikanCd=SIJTX00163&kikanKbn=2", "url2": null, "内容": "山田クリニック【2:診療所】【診療科目:内科_循環器内科_小児科_放射線科】新潟県上越市頸城区舟津１９－１" }, "geometry": { "type": "Point", "coordinates": [ 138.324839, 37.187618 ] } },
{ "type": "Feature", "properties": { "ID": "152SIJTX00164", "正式名称": "じょうえつ形成外科クリニック", "機関区分": 2, "都道府県コード": 15, "市区町村コード": 222, "所在地": "新潟県上越市富岡１９２０－２", "緯度": 37.14703, "経度": 138.260065, "url": "https://www.iryou.teikyouseido.mhlw.go.jp/znk-web/juminkanja/S2430/initialize?prefCd=15&kikanCd=SIJTX00164&kikanKbn=2", "url2": null, "内容": "じょうえつ形成外科クリニック【2:診療所】【診療科目:形成外科_美容外科_皮膚科_美容皮膚科】新潟県上越市富岡１９２０－２" }, "geometry": { "type": "Point", "coordinates": [ 138.260065, 37.14703 ] } },
{ "type": "Feature", "properties": { "ID": "152SIKZX00001", "正式名称": "医療法人社団　佐藤医院", "機関区分": 2, "都道府県コード": 15, "市区町村コード": 205, "所在地": "新潟県柏崎市土合６６３－１", "緯度": 37.392984, "経度": 138.599619, "url": "https://www.iryou.teikyouseido.mhlw.go.jp/znk-web/juminkanja/S2430/initialize?prefCd=15&kikanCd=SIKZX00001&kikanKbn=2", "url2": "https://www.doai-satoiin.com/", "内容": "医療法人社団　佐藤医院【2:診療所】【診療科目:内科_消化器内科_放射線科】新潟県柏崎市土合６６３－１" }, "geometry": { "type": "Point", "coordinates": [ 138.599619, 37.392984 ] } },
{ "type": "Feature", "properties": { "ID": "152SIKZX00002", "正式名称": "医療法人社団　宮尾医院　宮尾こどもファミリークリニック", "機関区分": 2, "都道府県コード": 15, "市区町村コード": 205, "所在地": "新潟県柏崎市東本町１－４－２９", "緯度": 37.370569, "経度": 138.554215, "url": "https://www.iryou.teikyouseido.mhlw.go.jp/znk-web/juminkanja/S2430/initialize?prefCd=15&kikanCd=SIKZX00002&kikanKbn=2", "url2": "https://miyaokodomofamily-clinic2024.com/", "内容": "医療法人社団　宮尾医院　宮尾こどもファミリークリニック【2:診療所】【診療科目:内科_小児科_新生児内科】新潟県柏崎市東本町１－４－２９" }, "geometry": { "type": "Point", "coordinates": [ 138.554215, 37.370569 ] } },
{ "type": "Feature", "properties": { "ID": "152SIKZX00003", "正式名称": "医療法人社団山田医院　産科婦人科山田医院", "機関区分": 2, "都道府県コード": 15, "市区町村コード": 205, "所在地": "新潟県柏崎市駅前２－１－２７", "緯度": 37.366423, "経度": 138.553038, "url": "https://www.iryou.teikyouseido.mhlw.go.jp/znk-web/juminkanja/S2430/initialize?prefCd=15&kikanCd=SIKZX00003&kikanKbn=2", "url2": "http;//www.yamada-obgy.jp", "内容": "医療法人社団山田医院　産科婦人科山田医院【2:診療所】【診療科目:内科_産婦人科_産科_婦人科】新潟県柏崎市駅前２－１－２７" }, "geometry": { "type": "Point", "coordinates": [ 138.553038, 37.366423 ] } },
{ "type": "Feature", "properties": { "ID": "152SIKZX00004", "正式名称": "医療法人社団　高木医院", "機関区分": 2, "都道府県コード": 15, "市区町村コード": 205, "所在地": "新潟県柏崎市西本町２－８－１７", "緯度": 37.366741, "経度": 138.547984, "url": "https://www.iryou.teikyouseido.mhlw.go.jp/znk-web/juminkanja/S2430/initialize?prefCd=15&kikanCd=SIKZX00004&kikanKbn=2", "url2": null, "内容": "医療法人社団　高木医院【2:診療所】【診療科目:内科_精神科_心療内科】新潟県柏崎市西本町２－８－１７" }, "geometry": { "type": "Point", "coordinates": [ 138.547984, 37.366741 ] } },
{ "type": "Feature", "properties": { "ID": "152SIKZX00006", "正式名称": "柏崎市国民健康保険　北条診療所", "機関区分": 2, "都道府県コード": 15, "市区町村コード": 205, "所在地": "新潟県柏崎市大字大広田９３番地", "緯度": 37.356485, "経度": 138.663344, "url": "https://www.iryou.teikyouseido.mhlw.go.jp/znk-web/juminkanja/S2430/initialize?prefCd=15&kikanCd=SIKZX00006&kikanKbn=2", "url2": null, "内容": "柏崎市国民健康保険　北条診療所【2:診療所】【診療科目:内科】新潟県柏崎市大字大広田９３番地" }, "geometry": { "type": "Point", "coordinates": [ 138.663344, 37.356485 ] } },
{ "type": "Feature", "properties": { "ID": "152SIKZX00009", "正式名称": "医療法人社団　五十川医院", "機関区分": 2, "都道府県コード": 15, "市区町村コード": 205, "所在地": "新潟県柏崎市関町１２－５", "緯度": 37.360072, "経度": 138.555195, "url": "https://www.iryou.teikyouseido.mhlw.go.jp/znk-web/juminkanja/S2430/initialize?prefCd=15&kikanCd=SIKZX00009&kikanKbn=2", "url2": null, "内容": "医療法人社団　五十川医院【2:診療所】【診療科目:内科】新潟県柏崎市関町１２－５" }, "geometry": { "type": "Point", "coordinates": [ 138.555195, 37.360072 ] } },
{ "type": "Feature", "properties": { "ID": "152SIKZX00012", "正式名称": "医療法人社団刈羽診療所かりわ消化器内科クリニック", "機関区分": 2, "都道府県コード": 15, "市区町村コード": 504, "所在地": "新潟県刈羽郡刈羽村刈羽３９６８番地", "緯度": 37.424647, "経度": 138.614955, "url": "https://www.iryou.teikyouseido.mhlw.go.jp/znk-web/juminkanja/S2430/initialize?prefCd=15&kikanCd=SIKZX00012&kikanKbn=2", "url2": "https://www.kariwa-clinic.jp/", "内容": "医療法人社団刈羽診療所かりわ消化器内科クリニック【2:診療所】【診療科目:内科_消化器内科】新潟県刈羽郡刈羽村刈羽３９６８番地" }, "geometry": { "type": "Point", "coordinates": [ 138.614955, 37.424647 ] } },
{ "type": "Feature", "properties": { "ID": "152SIKZX00015", "正式名称": "川田胃腸クリニック", "機関区分": 2, "都道府県コード": 15, "市区町村コード": 205, "所在地": "新潟県柏崎市東本町１－１２－８", "緯度": 37.370598, "経度": 138.555702, "url": "https://www.iryou.teikyouseido.mhlw.go.jp/znk-web/juminkanja/S2430/initialize?prefCd=15&kikanCd=SIKZX00015&kikanKbn=2", "url2": null, "内容": "川田胃腸クリニック【2:診療所】【診療科目:内科_消化器内科_肛門外科】新潟県柏崎市東本町１－１２－８" }, "geometry": { "type": "Point", "coordinates": [ 138.555702, 37.370598 ] } },
{ "type": "Feature", "properties": { "ID": "152SIKZX00016", "正式名称": "医療法人社団内山整形外科医院", "機関区分": 2, "都道府県コード": 15, "市区町村コード": 205, "所在地": "新潟県柏崎市駅前１−４−３３", "緯度": 37.365012, "経度": 138.555024, "url": "https://www.iryou.teikyouseido.mhlw.go.jp/znk-web/juminkanja/S2430/initialize?prefCd=15&kikanCd=SIKZX00016&kikanKbn=2", "url2": "uchiyamaclinic.wordpres.com", "内容": "医療法人社団内山整形外科医院【2:診療所】【診療科目:整形外科】新潟県柏崎市駅前１−４−３３" }, "geometry": { "type": "Point", "coordinates": [ 138.555024, 37.365012 ] } },
{ "type": "Feature", "properties": { "ID": "152SIKZX00018", "正式名称": "医療法人社団　まるやま内科クリニック", "機関区分": 2, "都道府県コード": 15, "市区町村コード": 205, "所在地": "新潟県柏崎市北半田１－１－４８", "緯度": 37.36431, "経度": 138.572077, "url": "https://www.iryou.teikyouseido.mhlw.go.jp/znk-web/juminkanja/S2430/initialize?prefCd=15&kikanCd=SIKZX00018&kikanKbn=2", "url2": null, "内容": "医療法人社団　まるやま内科クリニック【2:診療所】【診療科目:内科】新潟県柏崎市北半田１－１－４８" }, "geometry": { "type": "Point", "coordinates": [ 138.572077, 37.36431 ] } },
{ "type": "Feature", "properties": { "ID": "152SIKZX00019", "正式名称": "おぎた小児科医院", "機関区分": 2, "都道府県コード": 15, "市区町村コード": 205, "所在地": "新潟県柏崎市西本町１－４－３４", "緯度": 37.370079, "経度": 138.553106, "url": "https://www.iryou.teikyouseido.mhlw.go.jp/znk-web/juminkanja/S2430/initialize?prefCd=15&kikanCd=SIKZX00019&kikanKbn=2", "url2": "https://ogita7.wixsite.com/mysite/home", "内容": "おぎた小児科医院【2:診療所】【診療科目:小児科】新潟県柏崎市西本町１－４－３４" }, "geometry": { "type": "Point", "coordinates": [ 138.553106, 37.370079 ] } },
{ "type": "Feature", "properties": { "ID": "152SIKZX00020", "正式名称": "医療法人社団村井こどもクリニック", "機関区分": 2, "都道府県コード": 15, "市区町村コード": 205, "所在地": "新潟県柏崎市北半田２丁目１４番８号", "緯度": 37.363842, "経度": 138.577156, "url": "https://www.iryou.teikyouseido.mhlw.go.jp/znk-web/juminkanja/S2430/initialize?prefCd=15&kikanCd=SIKZX00020&kikanKbn=2", "url2": "https://www.murai-kodomo-clinic.com/", "内容": "医療法人社団村井こどもクリニック【2:診療所】【診療科目:小児科_小児皮膚科_アレルギー科】新潟県柏崎市北半田２丁目１４番８号" }, "geometry": { "type": "Point", "coordinates": [ 138.577156, 37.363842 ] } },
{ "type": "Feature", "properties": { "ID": "152SIKZX00021", "正式名称": "医療法人社団　本田医院", "機関区分": 2, "都道府県コード": 15, "市区町村コード": 205, "所在地": "新潟県柏崎市比角１－２－３", "緯度": 37.372625, "経度": 138.565804, "url": "https://www.iryou.teikyouseido.mhlw.go.jp/znk-web/juminkanja/S2430/initialize?prefCd=15&kikanCd=SIKZX00021&kikanKbn=2", "url2": "https://www.hondaiin.jp/", "内容": "医療法人社団　本田医院【2:診療所】【診療科目:内科】新潟県柏崎市比角１－２－３" }, "geometry": { "type": "Point", "coordinates": [ 138.565804, 37.372625 ] } },
{ "type": "Feature", "properties": { "ID": "152SIKZX00023", "正式名称": "むなかた眼科医院", "機関区分": 2, "都道府県コード": 15, "市区町村コード": 205, "所在地": "新潟県柏崎市東本町一丁目８番３６号", "緯度": 37.368395, "経度": 138.55633, "url": "https://www.iryou.teikyouseido.mhlw.go.jp/znk-web/juminkanja/S2430/initialize?prefCd=15&kikanCd=SIKZX00023&kikanKbn=2", "url2": "http://munakata-ganka.com/", "内容": "むなかた眼科医院【2:診療所】【診療科目:眼科】新潟県柏崎市東本町一丁目８番３６号" }, "geometry": { "type": "Point", "coordinates": [ 138.55633, 37.368395 ] } },
{ "type": "Feature", "properties": { "ID": "152SIKZX00024", "正式名称": "かさき眼科", "機関区分": 2, "都道府県コード": 15, "市区町村コード": 205, "所在地": "新潟県柏崎市中央町３－３２", "緯度": 37.370654, "経度": 138.559341, "url": "https://www.iryou.teikyouseido.mhlw.go.jp/znk-web/juminkanja/S2430/initialize?prefCd=15&kikanCd=SIKZX00024&kikanKbn=2", "url2": "http://www.kisnet.or.jp/~kasaki/info.html", "内容": "かさき眼科【2:診療所】【診療科目:眼科】新潟県柏崎市中央町３－３２" }, "geometry": { "type": "Point", "coordinates": [ 138.559341, 37.370654 ] } },
{ "type": "Feature", "properties": { "ID": "152SIKZX00027", "正式名称": "柏崎市国民健康保険野田診療所", "機関区分": 2, "都道府県コード": 15, "市区町村コード": 205, "所在地": "新潟県柏崎市大字野田９２２－６", "緯度": 37.277114, "経度": 138.564077, "url": "https://www.iryou.teikyouseido.mhlw.go.jp/znk-web/juminkanja/S2430/initialize?prefCd=15&kikanCd=SIKZX00027&kikanKbn=2", "url2": "https://www.city.kashiwazaki.lg.jp/soshikiichiran/fukushihokembu/kokuhoiryoka/3/1/sinryoujo/4671.html", "内容": "柏崎市国民健康保険野田診療所【2:診療所】【診療科目:内科】新潟県柏崎市大字野田９２２－６" }, "geometry": { "type": "Point", "coordinates": [ 138.564077, 37.277114 ] } },
{ "type": "Feature", "properties": { "ID": "152SIKZX00028", "正式名称": "医療法人社団　たむら脳外科クリニック", "機関区分": 2, "都道府県コード": 15, "市区町村コード": 205, "所在地": "新潟県柏崎市柳田町７－３１", "緯度": 37.382085, "経度": 138.579299, "url": "https://www.iryou.teikyouseido.mhlw.go.jp/znk-web/juminkanja/S2430/initialize?prefCd=15&kikanCd=SIKZX00028&kikanKbn=2", "url2": "http://tamura-nougeka.com/", "内容": "医療法人社団　たむら脳外科クリニック【2:診療所】【診療科目:内科_外科_脳神経外科_リハビリテーション科】新潟県柏崎市柳田町７－３１" }, "geometry": { "type": "Point", "coordinates": [ 138.579299, 37.382085 ] } },
{ "type": "Feature", "properties": { "ID": "152SIKZX00029", "正式名称": "医療法人社団　北村医院", "機関区分": 2, "都道府県コード": 15, "市区町村コード": 205, "所在地": "新潟県柏崎市中央町４－１７", "緯度": 37.371431, "経度": 138.559328, "url": "https://www.iryou.teikyouseido.mhlw.go.jp/znk-web/juminkanja/S2430/initialize?prefCd=15&kikanCd=SIKZX00029&kikanKbn=2", "url2": "ssc3.doctorcube.com", "内容": "医療法人社団　北村医院【2:診療所】【診療科目:小児耳鼻いんこう科_耳鼻いんこう科_気管食道・耳鼻いんこう科_頭頸部・耳鼻いんこう科_めまい_アレルギー科】新潟県柏崎市中央町４－１７" }, "geometry": { "type": "Point", "coordinates": [ 138.559328, 37.371431 ] } },
{ "type": "Feature", "properties": { "ID": "152SIKZX00031", "正式名称": "医療法人社団　扇町皮膚科医院", "機関区分": 2, "都道府県コード": 15, "市区町村コード": 205, "所在地": "新潟県柏崎市扇町３－８４", "緯度": 37.3673, "経度": 138.571255, "url": "https://www.iryou.teikyouseido.mhlw.go.jp/znk-web/juminkanja/S2430/initialize?prefCd=15&kikanCd=SIKZX00031&kikanKbn=2", "url2": "http://www.ohgicho-derma.com", "内容": "医療法人社団　扇町皮膚科医院【2:診療所】【診療科目:皮膚科】新潟県柏崎市扇町３－８４" }, "geometry": { "type": "Point", "coordinates": [ 138.571255, 37.3673 ] } },
{ "type": "Feature", "properties": { "ID": "152SIKZX00034", "正式名称": "平松医院", "機関区分": 2, "都道府県コード": 15, "市区町村コード": 205, "所在地": "新潟県柏崎市大字石曽根３０６８－１平松医院", "緯度": 37.265555, "経度": 138.632079, "url": "https://www.iryou.teikyouseido.mhlw.go.jp/znk-web/juminkanja/S2430/initialize?prefCd=15&kikanCd=SIKZX00034&kikanKbn=2", "url2": null, "内容": "平松医院【2:診療所】【診療科目:内科_脳神経内科】新潟県柏崎市大字石曽根３０６８－１平松医院" }, "geometry": { "type": "Point", "coordinates": [ 138.632079, 37.265555 ] } },
{ "type": "Feature", "properties": { "ID": "152SIKZX00035", "正式名称": "医療法人社団のざわ内科医院", "機関区分": 2, "都道府県コード": 15, "市区町村コード": 205, "所在地": "新潟県柏崎市中央町１１－３３", "緯度": 37.374232, "経度": 138.560004, "url": "https://www.iryou.teikyouseido.mhlw.go.jp/znk-web/juminkanja/S2430/initialize?prefCd=15&kikanCd=SIKZX00035&kikanKbn=2", "url2": null, "内容": "医療法人社団のざわ内科医院【2:診療所】【診療科目:内科_消化器内科】新潟県柏崎市中央町１１－３３" }, "geometry": { "type": "Point", "coordinates": [ 138.560004, 37.374232 ] } },
{ "type": "Feature", "properties": { "ID": "152SIKZX00037", "正式名称": "医療法人社団　横田整形外科医院", "機関区分": 2, "都道府県コード": 15, "市区町村コード": 205, "所在地": "新潟県柏崎市穂波町２−８", "緯度": 37.359828, "経度": 138.557085, "url": "https://www.iryou.teikyouseido.mhlw.go.jp/znk-web/juminkanja/S2430/initialize?prefCd=15&kikanCd=SIKZX00037&kikanKbn=2", "url2": "http://www.kisnet.or.jp/~yoko33/orthopaedics.html", "内容": "医療法人社団　横田整形外科医院【2:診療所】【診療科目:整形外科_リウマチ科_リハビリテーション科】新潟県柏崎市穂波町２−８" }, "geometry": { "type": "Point", "coordinates": [ 138.557085, 37.359828 ] } },
{ "type": "Feature", "properties": { "ID": "152SIKZX00039", "正式名称": "医療法人社団　こんどう医院", "機関区分": 2, "都道府県コード": 15, "市区町村コード": 205, "所在地": "新潟県柏崎市東長浜町３－１５", "緯度": 37.368588, "経度": 138.577659, "url": "https://www.iryou.teikyouseido.mhlw.go.jp/znk-web/juminkanja/S2430/initialize?prefCd=15&kikanCd=SIKZX00039&kikanKbn=2", "url2": null, "内容": "医療法人社団　こんどう医院【2:診療所】【診療科目:頭頸部・耳鼻いんこう科_アレルギー科】新潟県柏崎市東長浜町３－１５" }, "geometry": { "type": "Point", "coordinates": [ 138.577659, 37.368588 ] } },
{ "type": "Feature", "properties": { "ID": "152SIKZX00040", "正式名称": "医療法人社団　杉本医院", "機関区分": 2, "都道府県コード": 15, "市区町村コード": 205, "所在地": "新潟県柏崎市田中２４－１１", "緯度": 37.358166, "経度": 138.567413, "url": "https://www.iryou.teikyouseido.mhlw.go.jp/znk-web/juminkanja/S2430/initialize?prefCd=15&kikanCd=SIKZX00040&kikanKbn=2", "url2": "https://www.sugimotof-clinic.com/", "内容": "医療法人社団　杉本医院【2:診療所】【診療科目:内科_消化器内科_乳腺外科_肛門外科】新潟県柏崎市田中２４－１１" }, "geometry": { "type": "Point", "coordinates": [ 138.567413, 37.358166 ] } },
{ "type": "Feature", "properties": { "ID": "152SIKZX00041", "正式名称": "医療法人社団石井整形外科", "機関区分": 2, "都道府県コード": 15, "市区町村コード": 205, "所在地": "新潟県柏崎市東長浜町３丁目１３番地", "緯度": 37.368766, "経度": 138.577827, "url": "https://www.iryou.teikyouseido.mhlw.go.jp/znk-web/juminkanja/S2430/initialize?prefCd=15&kikanCd=SIKZX00041&kikanKbn=2", "url2": "https://sites.google.com/ishiiortho.com/ishiiseikeigeka", "内容": "医療法人社団石井整形外科【2:診療所】【診療科目:整形外科_リウマチ科_リハビリテーション科】新潟県柏崎市東長浜町３丁目１３番地" }, "geometry": { "type": "Point", "coordinates": [ 138.577827, 37.368766 ] } },
{ "type": "Feature", "properties": { "ID": "152SIKZX00042", "正式名称": "中沢消化器科・内科医院", "機関区分": 2, "都道府県コード": 15, "市区町村コード": 205, "所在地": "新潟県柏崎市北半田２－７－１８　北半田メディカルビル１Ｆ", "緯度": 37.36247, "経度": 138.575478, "url": "https://www.iryou.teikyouseido.mhlw.go.jp/znk-web/juminkanja/S2430/initialize?prefCd=15&kikanCd=SIKZX00042&kikanKbn=2", "url2": "https://nakazawa-iin.net", "内容": "中沢消化器科・内科医院【2:診療所】【診療科目:内科_消化器内科】新潟県柏崎市北半田２－７－１８　北半田メディカルビル１Ｆ" }, "geometry": { "type": "Point", "coordinates": [ 138.575478, 37.36247 ] } },
{ "type": "Feature", "properties": { "ID": "152SIKZX00043", "正式名称": "医療法人社団幸洋会駅前クリニック前畑医院", "機関区分": 2, "都道府県コード": 15, "市区町村コード": 205, "所在地": "新潟県柏崎市駅前２－２－３", "緯度": 37.366388, "経度": 138.554792, "url": "https://www.iryou.teikyouseido.mhlw.go.jp/znk-web/juminkanja/S2430/initialize?prefCd=15&kikanCd=SIKZX00043&kikanKbn=2", "url2": "http://maehataclinic.wix.com/maehata", "内容": "医療法人社団幸洋会駅前クリニック前畑医院【2:診療所】【診療科目:内科_アレルギー疾患内科_精神科_心療内科_リハビリテーション科】新潟県柏崎市駅前２－２－３" }, "geometry": { "type": "Point", "coordinates": [ 138.554792, 37.366388 ] } },
{ "type": "Feature", "properties": { "ID": "152SIKZX00044", "正式名称": "医療法人さとう内科クリニック", "機関区分": 2, "都道府県コード": 15, "市区町村コード": 205, "所在地": "新潟県柏崎市三和町３－４３", "緯度": 37.365964, "経度": 138.577215, "url": "https://www.iryou.teikyouseido.mhlw.go.jp/znk-web/juminkanja/S2430/initialize?prefCd=15&kikanCd=SIKZX00044&kikanKbn=2", "url2": null, "内容": "医療法人さとう内科クリニック【2:診療所】【診療科目:内科_呼吸器内科_アレルギー科】新潟県柏崎市三和町３－４３" }, "geometry": { "type": "Point", "coordinates": [ 138.577215, 37.365964 ] } },
{ "type": "Feature", "properties": { "ID": "152SIKZX00046", "正式名称": "医療法人社団恩田クリニック", "機関区分": 2, "都道府県コード": 15, "市区町村コード": 205, "所在地": "新潟県柏崎市東本町１－８－５４", "緯度": 37.368015, "経度": 138.554313, "url": "https://www.iryou.teikyouseido.mhlw.go.jp/znk-web/juminkanja/S2430/initialize?prefCd=15&kikanCd=SIKZX00046&kikanKbn=2", "url2": null, "内容": "医療法人社団恩田クリニック【2:診療所】【診療科目:内科_精神科_心療内科】新潟県柏崎市東本町１－８－５４" }, "geometry": { "type": "Point", "coordinates": [ 138.554313, 37.368015 ] } },
{ "type": "Feature", "properties": { "ID": "152SIKZX00047", "正式名称": "前畑医院米山分院", "機関区分": 2, "都道府県コード": 15, "市区町村コード": 205, "所在地": "新潟県柏崎市米山町１３１３－１０", "緯度": 37.317066, "経度": 138.431885, "url": "https://www.iryou.teikyouseido.mhlw.go.jp/znk-web/juminkanja/S2430/initialize?prefCd=15&kikanCd=SIKZX00047&kikanKbn=2", "url2": "maehataclinic.wixsite.com/maehata", "内容": "前畑医院米山分院【2:診療所】【診療科目:内科】新潟県柏崎市米山町１３１３－１０" }, "geometry": { "type": "Point", "coordinates": [ 138.431885, 37.317066 ] } },
{ "type": "Feature", "properties": { "ID": "152SIKZX00048", "正式名称": "柏崎市谷根診療所", "機関区分": 2, "都道府県コード": 15, "市区町村コード": 205, "所在地": "新潟県柏崎市大字谷根３２５６－１", "緯度": 37.324913, "経度": 138.501744, "url": "https://www.iryou.teikyouseido.mhlw.go.jp/znk-web/juminkanja/S2430/initialize?prefCd=15&kikanCd=SIKZX00048&kikanKbn=2", "url2": "https://www.city.kashiwazaki.lg.jp/soshikiichiran/fukushihokembu/kokuhoiryoka/3/1/sinryoujo/4670.html", "内容": "柏崎市谷根診療所【2:診療所】【診療科目:内科】新潟県柏崎市大字谷根３２５６－１" }, "geometry": { "type": "Point", "coordinates": [ 138.501744, 37.324913 ] } },
{ "type": "Feature", "properties": { "ID": "152SIKZX00049", "正式名称": "高橋医院", "機関区分": 2, "都道府県コード": 15, "市区町村コード": 205, "所在地": "新潟県柏崎市春日１ー６ー２３ー５", "緯度": 37.379928, "経度": 138.568425, "url": "https://www.iryou.teikyouseido.mhlw.go.jp/znk-web/juminkanja/S2430/initialize?prefCd=15&kikanCd=SIKZX00049&kikanKbn=2", "url2": null, "内容": "高橋医院【2:診療所】【診療科目:整形外科_リウマチ科_リハビリテーション科】新潟県柏崎市春日１ー６ー２３ー５" }, "geometry": { "type": "Point", "coordinates": [ 138.568425, 37.379928 ] } },
{ "type": "Feature", "properties": { "ID": "152SIKZX00050", "正式名称": "医療法人社団木村内科循環器科医院", "機関区分": 2, "都道府県コード": 15, "市区町村コード": 205, "所在地": "新潟県柏崎市松美１－１－３５", "緯度": 37.373455, "経度": 138.574352, "url": "https://www.iryou.teikyouseido.mhlw.go.jp/znk-web/juminkanja/S2430/initialize?prefCd=15&kikanCd=SIKZX00050&kikanKbn=2", "url2": null, "内容": "医療法人社団木村内科循環器科医院【2:診療所】【診療科目:内科_循環器内科】新潟県柏崎市松美１－１－３５" }, "geometry": { "type": "Point", "coordinates": [ 138.574352, 37.373455 ] } },
{ "type": "Feature", "properties": { "ID": "152SIKZX00051", "正式名称": "医療法人社団稲田医院", "機関区分": 2, "都道府県コード": 15, "市区町村コード": 205, "所在地": "新潟県柏崎市春日１丁目６－２３－１０", "緯度": 37.379662, "経度": 138.569053, "url": "https://www.iryou.teikyouseido.mhlw.go.jp/znk-web/juminkanja/S2430/initialize?prefCd=15&kikanCd=SIKZX00051&kikanKbn=2", "url2": null, "内容": "医療法人社団稲田医院【2:診療所】【診療科目:内科_消化器内科_アレルギー科】新潟県柏崎市春日１丁目６－２３－１０" }, "geometry": { "type": "Point", "coordinates": [ 138.569053, 37.379662 ] } },
{ "type": "Feature", "properties": { "ID": "152SIKZX00053", "正式名称": "医療法人社団公寿会西山ふれあいクリニック", "機関区分": 2, "都道府県コード": 15, "市区町村コード": 205, "所在地": "新潟県柏崎市西山町池浦字繩手下８７７", "緯度": 37.457331, "経度": 138.665599, "url": "https://www.iryou.teikyouseido.mhlw.go.jp/znk-web/juminkanja/S2430/initialize?prefCd=15&kikanCd=SIKZX00053&kikanKbn=2", "url2": "https://fureaiclinic.wepage.com", "内容": "医療法人社団公寿会西山ふれあいクリニック【2:診療所】【診療科目:内科_アレルギー疾患内科_心療内科】新潟県柏崎市西山町池浦字繩手下８７７" }, "geometry": { "type": "Point", "coordinates": [ 138.665599, 37.457331 ] } },
{ "type": "Feature", "properties": { "ID": "152SIKZX00055", "正式名称": "柏崎市国民健康保険高柳診療所", "機関区分": 2, "都道府県コード": 15, "市区町村コード": 205, "所在地": "新潟県柏崎市高柳町岡野町１８４９－１", "緯度": 37.224141, "経度": 138.638953, "url": "https://www.iryou.teikyouseido.mhlw.go.jp/znk-web/juminkanja/S2430/initialize?prefCd=15&kikanCd=SIKZX00055&kikanKbn=2", "url2": null, "内容": "柏崎市国民健康保険高柳診療所【2:診療所】【診療科目:内科】新潟県柏崎市高柳町岡野町１８４９－１" }, "geometry": { "type": "Point", "coordinates": [ 138.638953, 37.224141 ] } },
{ "type": "Feature", "properties": { "ID": "152SIKZX00057", "正式名称": "ぺぺ・メメール診療所", "機関区分": 2, "都道府県コード": 15, "市区町村コード": 205, "所在地": "新潟県柏崎市鏡町２番１４号", "緯度": 37.366057, "経度": 138.559272, "url": "https://www.iryou.teikyouseido.mhlw.go.jp/znk-web/juminkanja/S2430/initialize?prefCd=15&kikanCd=SIKZX00057&kikanKbn=2", "url2": "http://www.fuku-seizankai.jp/", "内容": "ぺぺ・メメール診療所【2:診療所】【診療科目:内科_精神科】新潟県柏崎市鏡町２番１４号" }, "geometry": { "type": "Point", "coordinates": [ 138.559272, 37.366057 ] } },
{ "type": "Feature", "properties": { "ID": "152SIKZX00058", "正式名称": "医療法人社団柏友会　あらき眼科", "機関区分": 2, "都道府県コード": 15, "市区町村コード": 205, "所在地": "新潟県柏崎市扇町１－７", "緯度": 37.368941, "経度": 138.567821, "url": "https://www.iryou.teikyouseido.mhlw.go.jp/znk-web/juminkanja/S2430/initialize?prefCd=15&kikanCd=SIKZX00058&kikanKbn=2", "url2": "https://www.arakiganka.jp/", "内容": "医療法人社団柏友会　あらき眼科【2:診療所】【診療科目:眼科】新潟県柏崎市扇町１－７" }, "geometry": { "type": "Point", "coordinates": [ 138.567821, 37.368941 ] } },
{ "type": "Feature", "properties": { "ID": "152SIKZX00059", "正式名称": "医療法人社団徳新会　センター前ヒフ科", "機関区分": 2, "都道府県コード": 15, "市区町村コード": 205, "所在地": "新潟県柏崎市茨目１ー３－１７", "緯度": 37.36296, "経度": 138.578717, "url": "https://www.iryou.teikyouseido.mhlw.go.jp/znk-web/juminkanja/S2430/initialize?prefCd=15&kikanCd=SIKZX00059&kikanKbn=2", "url2": null, "内容": "医療法人社団徳新会　センター前ヒフ科【2:診療所】【診療科目:皮膚科】新潟県柏崎市茨目１ー３－１７" }, "geometry": { "type": "Point", "coordinates": [ 138.578717, 37.36296 ] } },
{ "type": "Feature", "properties": { "ID": "152SIKZX00060", "正式名称": "樋口内科医院扇町", "機関区分": 2, "都道府県コード": 15, "市区町村コード": 205, "所在地": "新潟県柏崎市扇町２－３", "緯度": 37.369156, "経度": 138.569811, "url": "https://www.iryou.teikyouseido.mhlw.go.jp/znk-web/juminkanja/S2430/initialize?prefCd=15&kikanCd=SIKZX00060&kikanKbn=2", "url2": "https://www.higuchi-naika-iin.com", "内容": "樋口内科医院扇町【2:診療所】【診療科目:内科_脳神経内科_神経内科】新潟県柏崎市扇町２－３" }, "geometry": { "type": "Point", "coordinates": [ 138.569811, 37.369156 ] } },
{ "type": "Feature", "properties": { "ID": "152SIKZX00061", "正式名称": "つよしクリニック", "機関区分": 2, "都道府県コード": 15, "市区町村コード": 205, "所在地": "新潟県柏崎市扇町１－１１", "緯度": 37.368924, "経度": 138.568409, "url": "https://www.iryou.teikyouseido.mhlw.go.jp/znk-web/juminkanja/S2430/initialize?prefCd=15&kikanCd=SIKZX00061&kikanKbn=2", "url2": null, "内容": "つよしクリニック【2:診療所】【診療科目:整形外科_リハビリテーション科】新潟県柏崎市扇町１－１１" }, "geometry": { "type": "Point", "coordinates": [ 138.568409, 37.368924 ] } },
{ "type": "Feature", "properties": { "ID": "152SIMNX00001", "正式名称": "角谷整形外科医院", "機関区分": 2, "都道府県コード": 15, "市区町村コード": 461, "所在地": "新潟県南魚沼郡湯沢町神立２５１番地７", "緯度": 36.935487, "経度": 138.81699, "url": "https://www.iryou.teikyouseido.mhlw.go.jp/znk-web/juminkanja/S2430/initialize?prefCd=15&kikanCd=SIMNX00001&kikanKbn=2", "url2": null, "内容": "角谷整形外科医院【2:診療所】【診療科目:整形外科】新潟県南魚沼郡湯沢町神立２５１番地７" }, "geometry": { "type": "Point", "coordinates": [ 138.81699, 36.935487 ] } },
{ "type": "Feature", "properties": { "ID": "152SIMNX00006", "正式名称": "南魚沼市立中之島診療所", "機関区分": 2, "都道府県コード": 15, "市区町村コード": 226, "所在地": "新潟県南魚沼市仙石１－２５", "緯度": 37.005904, "経度": 138.840561, "url": "https://www.iryou.teikyouseido.mhlw.go.jp/znk-web/juminkanja/S2430/initialize?prefCd=15&kikanCd=SIMNX00006&kikanKbn=2", "url2": null, "内容": "南魚沼市立中之島診療所【2:診療所】【診療科目:内科_外科_小児科_皮膚科】新潟県南魚沼市仙石１－２５" }, "geometry": { "type": "Point", "coordinates": [ 138.840561, 37.005904 ] } },
{ "type": "Feature", "properties": { "ID": "152SIMNX00007", "正式名称": "あんべクリニック", "機関区分": 2, "都道府県コード": 15, "市区町村コード": 226, "所在地": "新潟県南魚沼市塩沢１０５５－１６", "緯度": 37.042474, "経度": 138.853906, "url": "https://www.iryou.teikyouseido.mhlw.go.jp/znk-web/juminkanja/S2430/initialize?prefCd=15&kikanCd=SIMNX00007&kikanKbn=2", "url2": null, "内容": "あんべクリニック【2:診療所】【診療科目:内科_消化器内科_外科_リハビリテーション科_麻酔科】新潟県南魚沼市塩沢１０５５－１６" }, "geometry": { "type": "Point", "coordinates": [ 138.853906, 37.042474 ] } },
{ "type": "Feature", "properties": { "ID": "152SIMNX00008", "正式名称": "特別養護老人ホーム　まいこ園", "機関区分": 2, "都道府県コード": 15, "市区町村コード": 226, "所在地": "新潟県南魚沼市仙石１番地１８", "緯度": 37.006353, "経度": 138.841398, "url": "https://www.iryou.teikyouseido.mhlw.go.jp/znk-web/juminkanja/S2430/initialize?prefCd=15&kikanCd=SIMNX00008&kikanKbn=2", "url2": "https://minamiuonuma.or.jp/?service_category=kourei2", "内容": "特別養護老人ホーム　まいこ園【2:診療所】【診療科目:内科】新潟県南魚沼市仙石１番地１８" }, "geometry": { "type": "Point", "coordinates": [ 138.841398, 37.006353 ] } },
{ "type": "Feature", "properties": { "ID": "152SIMNX00010", "正式名称": "藤島眼科医院", "機関区分": 2, "都道府県コード": 15, "市区町村コード": 226, "所在地": "新潟県南魚沼市六日町１８８１", "緯度": 37.062012, "経度": 138.877962, "url": "https://www.iryou.teikyouseido.mhlw.go.jp/znk-web/juminkanja/S2430/initialize?prefCd=15&kikanCd=SIMNX00010&kikanKbn=2", "url2": null, "内容": "藤島眼科医院【2:診療所】【診療科目:眼科】新潟県南魚沼市六日町１８８１" }, "geometry": { "type": "Point", "coordinates": [ 138.877962, 37.062012 ] } },
{ "type": "Feature", "properties": { "ID": "152SIMNX00012", "正式名称": "医療法人社団　萌気会　萌気園二日町診療所", "機関区分": 2, "都道府県コード": 15, "市区町村コード": 226, "所在地": "新潟県南魚沼市二日町２１２番地１", "緯度": 37.083855, "経度": 138.898721, "url": "https://www.iryou.teikyouseido.mhlw.go.jp/znk-web/juminkanja/S2430/initialize?prefCd=15&kikanCd=SIMNX00012&kikanKbn=2", "url2": "moegien.jp", "内容": "医療法人社団　萌気会　萌気園二日町診療所【2:診療所】【診療科目:内科_糖尿病内科_神経内科_整形外科_小児科_リウマチ科】新潟県南魚沼市二日町２１２番地１" }, "geometry": { "type": "Point", "coordinates": [ 138.898721, 37.083855 ] } },
{ "type": "Feature", "properties": { "ID": "152SIMNX00022", "正式名称": "萌気園浦佐診療所", "機関区分": 2, "都道府県コード": 15, "市区町村コード": 226, "所在地": "新潟県南魚沼市浦佐５３６３－１", "緯度": 37.168719, "経度": 138.929795, "url": "https://www.iryou.teikyouseido.mhlw.go.jp/znk-web/juminkanja/S2430/initialize?prefCd=15&kikanCd=SIMNX00022&kikanKbn=2", "url2": "http://www.moegien.jp", "内容": "萌気園浦佐診療所【2:診療所】【診療科目:内科_整形外科_小児科_精神科_心療内科_リウマチ科】新潟県南魚沼市浦佐５３６３－１" }, "geometry": { "type": "Point", "coordinates": [ 138.929795, 37.168719 ] } },
{ "type": "Feature", "properties": { "ID": "152SIMNX00024", "正式名称": "医療法人社団　やすかわ整形外科", "機関区分": 2, "都道府県コード": 15, "市区町村コード": 226, "所在地": "新潟県南魚沼市六日町１０１－８", "緯度": 37.067531, "経度": 138.877315, "url": "https://www.iryou.teikyouseido.mhlw.go.jp/znk-web/juminkanja/S2430/initialize?prefCd=15&kikanCd=SIMNX00024&kikanKbn=2", "url2": null, "内容": "医療法人社団　やすかわ整形外科【2:診療所】【診療科目:整形外科_リウマチ科_リハビリテーション科】新潟県南魚沼市六日町１０１－８" }, "geometry": { "type": "Point", "coordinates": [ 138.877315, 37.067531 ] } },
{ "type": "Feature", "properties": { "ID": "152SIMNX00025", "正式名称": "米倉医院", "機関区分": 2, "都道府県コード": 15, "市区町村コード": 226, "所在地": "新潟県南魚沼市六日町１０１－８", "緯度": 37.066975, "経度": 138.876891, "url": "https://www.iryou.teikyouseido.mhlw.go.jp/znk-web/juminkanja/S2430/initialize?prefCd=15&kikanCd=SIMNX00025&kikanKbn=2", "url2": null, "内容": "米倉医院【2:診療所】【診療科目:内科_循環器内科_消化器内科_肝臓内科_内視鏡内科_小児科】新潟県南魚沼市六日町１０１－８" }, "geometry": { "type": "Point", "coordinates": [ 138.876891, 37.066975 ] } },
{ "type": "Feature", "properties": { "ID": "152SIMNX00026", "正式名称": "公益社団法人地域医療振興協会今泉記念館ゆきあかり診療所", "機関区分": 2, "都道府県コード": 15, "市区町村コード": 226, "所在地": "新潟県南魚沼市下一日市８５５番地", "緯度": 37.003735, "経度": 138.819541, "url": "https://www.iryou.teikyouseido.mhlw.go.jp/znk-web/juminkanja/S2430/initialize?prefCd=15&kikanCd=SIMNX00026&kikanKbn=2", "url2": "http://yukiakari.jadecom.or.jp/", "内容": "公益社団法人地域医療振興協会今泉記念館ゆきあかり診療所【2:診療所】【診療科目:内科_外科_小児科_皮膚科】新潟県南魚沼市下一日市８５５番地" }, "geometry": { "type": "Point", "coordinates": [ 138.819541, 37.003735 ] } },
{ "type": "Feature", "properties": { "ID": "152SIMNX00027", "正式名称": "萌気園あやめ診療所", "機関区分": 2, "都道府県コード": 15, "市区町村コード": 226, "所在地": "新潟県南魚沼市浦佐３３０－７", "緯度": 37.168546, "経度": 138.920203, "url": "https://www.iryou.teikyouseido.mhlw.go.jp/znk-web/juminkanja/S2430/initialize?prefCd=15&kikanCd=SIMNX00027&kikanKbn=2", "url2": "https://www.moegien.jp/", "内容": "萌気園あやめ診療所【2:診療所】【診療科目:小児科_精神科_心療内科】新潟県南魚沼市浦佐３３０－７" }, "geometry": { "type": "Point", "coordinates": [ 138.920203, 37.168546 ] } },
{ "type": "Feature", "properties": { "ID": "152SIMNX00028", "正式名称": "医療法人社団六日町こどもクリニック", "機関区分": 2, "都道府県コード": 15, "市区町村コード": 226, "所在地": "新潟県南魚沼市余川３３６２番地１", "緯度": 37.078306, "経度": 138.883621, "url": "https://www.iryou.teikyouseido.mhlw.go.jp/znk-web/juminkanja/S2430/initialize?prefCd=15&kikanCd=SIMNX00028&kikanKbn=2", "url2": "https://muikamachi-kodomo.com/", "内容": "医療法人社団六日町こどもクリニック【2:診療所】【診療科目:内科_小児科_アレルギー科】新潟県南魚沼市余川３３６２番地１" }, "geometry": { "type": "Point", "coordinates": [ 138.883621, 37.078306 ] } },
{ "type": "Feature", "properties": { "ID": "152SIMNX00029", "正式名称": "六日町アイクリニック", "機関区分": 2, "都道府県コード": 15, "市区町村コード": 226, "所在地": "新潟県南魚沼市余川坂ノ上３１９０－１", "緯度": 37.079011, "経度": 138.881463, "url": "https://www.iryou.teikyouseido.mhlw.go.jp/znk-web/juminkanja/S2430/initialize?prefCd=15&kikanCd=SIMNX00029&kikanKbn=2", "url2": null, "内容": "六日町アイクリニック【2:診療所】【診療科目:眼科】新潟県南魚沼市余川坂ノ上３１９０－１" }, "geometry": { "type": "Point", "coordinates": [ 138.881463, 37.079011 ] } },
{ "type": "Feature", "properties": { "ID": "152SIMNX00032", "正式名称": "ひとみレディースクリニック", "機関区分": 2, "都道府県コード": 15, "市区町村コード": 226, "所在地": "新潟県南魚沼市余川３３６０－２", "緯度": 37.078407, "経度": 138.883063, "url": "https://www.iryou.teikyouseido.mhlw.go.jp/znk-web/juminkanja/S2430/initialize?prefCd=15&kikanCd=SIMNX00032&kikanKbn=2", "url2": "https://hitomi-lc.com/", "内容": "ひとみレディースクリニック【2:診療所】【診療科目:産婦人科】新潟県南魚沼市余川３３６０－２" }, "geometry": { "type": "Point", "coordinates": [ 138.883063, 37.078407 ] } },
{ "type": "Feature", "properties": { "ID": "152SIMNX00033", "正式名称": "医療法人俊榮会　ほうじゅクリニック", "機関区分": 2, "都道府県コード": 15, "市区町村コード": 226, "所在地": "新潟県南魚沼市塩沢２０７番地２", "緯度": 37.040662, "経度": 138.85305, "url": "https://www.iryou.teikyouseido.mhlw.go.jp/znk-web/juminkanja/S2430/initialize?prefCd=15&kikanCd=SIMNX00033&kikanKbn=2", "url2": "https://houju-clinic.com/", "内容": "医療法人俊榮会　ほうじゅクリニック【2:診療所】【診療科目:内科_循環器内科】新潟県南魚沼市塩沢２０７番地２" }, "geometry": { "type": "Point", "coordinates": [ 138.85305, 37.040662 ] } },
{ "type": "Feature", "properties": { "ID": "152SIMNX00034", "正式名称": "ゆきぐに大和診療所", "機関区分": 2, "都道府県コード": 15, "市区町村コード": 226, "所在地": "新潟県南魚沼市浦佐４１１５番地", "緯度": 37.171192, "経度": 138.93737, "url": "https://www.iryou.teikyouseido.mhlw.go.jp/znk-web/juminkanja/S2430/initialize?prefCd=15&kikanCd=SIMNX00034&kikanKbn=2", "url2": "https://www.yukigunihp.jp/", "内容": "ゆきぐに大和診療所【2:診療所】【診療科目:内科_脳神経内科_漢方内科_ペインクリニック内科_外科_整形外科_小児科_皮膚科_精神科_歯科_小児歯科_リウマチ科_リハビリテーション科】新潟県南魚沼市浦佐４１１５番地" }, "geometry": { "type": "Point", "coordinates": [ 138.93737, 37.171192 ] } },
{ "type": "Feature", "properties": { "ID": "152SIMNX00036", "正式名称": "うらさ耳鼻科クリニック", "機関区分": 2, "都道府県コード": 15, "市区町村コード": 226, "所在地": "新潟県南魚沼市浦佐１５３４番地３", "緯度": 37.169661, "経度": 138.92475, "url": "https://www.iryou.teikyouseido.mhlw.go.jp/znk-web/juminkanja/S2430/initialize?prefCd=15&kikanCd=SIMNX00036&kikanKbn=2", "url2": "https://urasa-ent.jp/", "内容": "うらさ耳鼻科クリニック【2:診療所】【診療科目:耳鼻いんこう科】新潟県南魚沼市浦佐１５３４番地３" }, "geometry": { "type": "Point", "coordinates": [ 138.92475, 37.169661 ] } },
{ "type": "Feature", "properties": { "ID": "152SIMNX00037", "正式名称": "どんぐりこどもファミリークリニック", "機関区分": 2, "都道府県コード": 15, "市区町村コード": 226, "所在地": "新潟県南魚沼市泉字大道下甲４０１番２", "緯度": 37.10276, "経度": 138.9104, "url": "https://www.iryou.teikyouseido.mhlw.go.jp/znk-web/juminkanja/S2430/initialize?prefCd=15&kikanCd=SIMNX00037&kikanKbn=2", "url2": null, "内容": "どんぐりこどもファミリークリニック【2:診療所】【診療科目:内科_小児科】新潟県南魚沼市泉字大道下甲４０１番２" }, "geometry": { "type": "Point", "coordinates": [ 138.9104, 37.10276 ] } },
{ "type": "Feature", "properties": { "ID": "152SIMRX00001", "正式名称": "医療法人社団　本間医院", "機関区分": 2, "都道府県コード": 15, "市区町村コード": 212, "所在地": "新潟県村上市安良町４－１３", "緯度": 38.223815, "経度": 139.475859, "url": "https://www.iryou.teikyouseido.mhlw.go.jp/znk-web/juminkanja/S2430/initialize?prefCd=15&kikanCd=SIMRX00001&kikanKbn=2", "url2": null, "内容": "医療法人社団　本間医院【2:診療所】【診療科目:内科_外科_肛門外科】新潟県村上市安良町４－１３" }, "geometry": { "type": "Point", "coordinates": [ 139.475859, 38.223815 ] } },
{ "type": "Feature", "properties": { "ID": "152SIMRX00002", "正式名称": "安斎医院", "機関区分": 2, "都道府県コード": 15, "市区町村コード": 212, "所在地": "新潟県村上市岩船上町１－１６", "緯度": 38.192741, "経度": 139.437855, "url": "https://www.iryou.teikyouseido.mhlw.go.jp/znk-web/juminkanja/S2430/initialize?prefCd=15&kikanCd=SIMRX00002&kikanKbn=2", "url2": null, "内容": "安斎医院【2:診療所】【診療科目:内科】新潟県村上市岩船上町１－１６" }, "geometry": { "type": "Point", "coordinates": [ 139.437855, 38.192741 ] } },
{ "type": "Feature", "properties": { "ID": "152SIMRX00003", "正式名称": "富樫眼科医院", "機関区分": 2, "都道府県コード": 15, "市区町村コード": 212, "所在地": "新潟県村上市飯野１丁目１－２０", "緯度": 38.221441, "経度": 139.476944, "url": "https://www.iryou.teikyouseido.mhlw.go.jp/znk-web/juminkanja/S2430/initialize?prefCd=15&kikanCd=SIMRX00003&kikanKbn=2", "url2": null, "内容": "富樫眼科医院【2:診療所】【診療科目:眼科】新潟県村上市飯野１丁目１－２０" }, "geometry": { "type": "Point", "coordinates": [ 139.476944, 38.221441 ] } },
{ "type": "Feature", "properties": { "ID": "152SIMRX00004", "正式名称": "おたべ医院", "機関区分": 2, "都道府県コード": 15, "市区町村コード": 212, "所在地": "新潟県村上市石原４番７号", "緯度": 38.226519, "経度": 139.493616, "url": "https://www.iryou.teikyouseido.mhlw.go.jp/znk-web/juminkanja/S2430/initialize?prefCd=15&kikanCd=SIMRX00004&kikanKbn=2", "url2": null, "内容": "おたべ医院【2:診療所】【診療科目:内科_脳神経外科】新潟県村上市石原４番７号" }, "geometry": { "type": "Point", "coordinates": [ 139.493616, 38.226519 ] } },
{ "type": "Feature", "properties": { "ID": "152SIMRX00005", "正式名称": "医療法人社団　しぶや小児科医院", "機関区分": 2, "都道府県コード": 15, "市区町村コード": 212, "所在地": "新潟県村上市新町６－８３", "緯度": 38.225355, "経度": 139.48569, "url": "https://www.iryou.teikyouseido.mhlw.go.jp/znk-web/juminkanja/S2430/initialize?prefCd=15&kikanCd=SIMRX00005&kikanKbn=2", "url2": "sibuya-syounika.com", "内容": "医療法人社団　しぶや小児科医院【2:診療所】【診療科目:小児科_アレルギー科】新潟県村上市新町６－８３" }, "geometry": { "type": "Point", "coordinates": [ 139.48569, 38.225355 ] } },
{ "type": "Feature", "properties": { "ID": "152SIMRX00006", "正式名称": "羽鳥医院", "機関区分": 2, "都道府県コード": 15, "市区町村コード": 212, "所在地": "新潟県村上市松原町１－１０－１６", "緯度": 38.22732, "経度": 139.459982, "url": "https://www.iryou.teikyouseido.mhlw.go.jp/znk-web/juminkanja/S2430/initialize?prefCd=15&kikanCd=SIMRX00006&kikanKbn=2", "url2": null, "内容": "羽鳥医院【2:診療所】【診療科目:内科_消化器内科_小児科_皮膚科】新潟県村上市松原町１－１０－１６" }, "geometry": { "type": "Point", "coordinates": [ 139.459982, 38.22732 ] } },
{ "type": "Feature", "properties": { "ID": "152SIMRX00007", "正式名称": "羽鳥医院瀬波診療所", "機関区分": 2, "都道府県コード": 15, "市区町村コード": 212, "所在地": "新潟県村上市瀬波上町４－１６", "緯度": 38.231643, "経度": 139.457214, "url": "https://www.iryou.teikyouseido.mhlw.go.jp/znk-web/juminkanja/S2430/initialize?prefCd=15&kikanCd=SIMRX00007&kikanKbn=2", "url2": null, "内容": "羽鳥医院瀬波診療所【2:診療所】【診療科目:内科_皮膚科】新潟県村上市瀬波上町４－１６" }, "geometry": { "type": "Point", "coordinates": [ 139.457214, 38.231643 ] } },
{ "type": "Feature", "properties": { "ID": "152SIMRX00008", "正式名称": "医療法人社団　佐々木整形外科", "機関区分": 2, "都道府県コード": 15, "市区町村コード": 212, "所在地": "新潟県村上市南町２－４－４８", "緯度": 38.216515, "経度": 139.471144, "url": "https://www.iryou.teikyouseido.mhlw.go.jp/znk-web/juminkanja/S2430/initialize?prefCd=15&kikanCd=SIMRX00008&kikanKbn=2", "url2": null, "内容": "医療法人社団　佐々木整形外科【2:診療所】【診療科目:整形外科_リウマチ科_リハビリテーション科】新潟県村上市南町２－４－４８" }, "geometry": { "type": "Point", "coordinates": [ 139.471144, 38.216515 ] } },
{ "type": "Feature", "properties": { "ID": "152SIMRX00009", "正式名称": "医療法人社団　たかはし整形外科クリニック", "機関区分": 2, "都道府県コード": 15, "市区町村コード": 212, "所在地": "新潟県村上市新町９－８２", "緯度": 38.223855, "経度": 139.490034, "url": "https://www.iryou.teikyouseido.mhlw.go.jp/znk-web/juminkanja/S2430/initialize?prefCd=15&kikanCd=SIMRX00009&kikanKbn=2", "url2": null, "内容": "医療法人社団　たかはし整形外科クリニック【2:診療所】【診療科目:整形外科】新潟県村上市新町９－８２" }, "geometry": { "type": "Point", "coordinates": [ 139.490034, 38.223855 ] } },
{ "type": "Feature", "properties": { "ID": "152SIMRX00010", "正式名称": "いが医院", "機関区分": 2, "都道府県コード": 15, "市区町村コード": 212, "所在地": "新潟県村上市南町２－８－３０", "緯度": 38.216519, "経度": 139.473887, "url": "https://www.iryou.teikyouseido.mhlw.go.jp/znk-web/juminkanja/S2430/initialize?prefCd=15&kikanCd=SIMRX00010&kikanKbn=2", "url2": null, "内容": "いが医院【2:診療所】【診療科目:内科_消化器内科_外科_乳腺外科_肛門外科】新潟県村上市南町２－８－３０" }, "geometry": { "type": "Point", "coordinates": [ 139.473887, 38.216519 ] } },
{ "type": "Feature", "properties": { "ID": "152SIMRX00011", "正式名称": "瀬賀医院", "機関区分": 2, "都道府県コード": 15, "市区町村コード": 212, "所在地": "新潟県村上市吉浦３０６０－８", "緯度": 38.315562, "経度": 139.449601, "url": "https://www.iryou.teikyouseido.mhlw.go.jp/znk-web/juminkanja/S2430/initialize?prefCd=15&kikanCd=SIMRX00011&kikanKbn=2", "url2": "https://www.segah.jp", "内容": "瀬賀医院【2:診療所】【診療科目:内科_感染症内科_呼吸器内科_アレルギー疾患内科_アレルギー科】新潟県村上市吉浦３０６０－８" }, "geometry": { "type": "Point", "coordinates": [ 139.449601, 38.315562 ] } },
{ "type": "Feature", "properties": { "ID": "152SIMRX00012", "正式名称": "さくら内科クリニック", "機関区分": 2, "都道府県コード": 15, "市区町村コード": 212, "所在地": "新潟県村上市仲間町２３３－１", "緯度": 38.220631, "経度": 139.490638, "url": "https://www.iryou.teikyouseido.mhlw.go.jp/znk-web/juminkanja/S2430/initialize?prefCd=15&kikanCd=SIMRX00012&kikanKbn=2", "url2": null, "内容": "さくら内科クリニック【2:診療所】【診療科目:内科_胃腸内科】新潟県村上市仲間町２３３－１" }, "geometry": { "type": "Point", "coordinates": [ 139.490638, 38.220631 ] } },
{ "type": "Feature", "properties": { "ID": "152SIMRX00013", "正式名称": "たなか皮ふ科クリニック", "機関区分": 2, "都道府県コード": 15, "市区町村コード": 212, "所在地": "新潟県村上市新町９－９０", "緯度": 38.224154, "経度": 139.489403, "url": "https://www.iryou.teikyouseido.mhlw.go.jp/znk-web/juminkanja/S2430/initialize?prefCd=15&kikanCd=SIMRX00013&kikanKbn=2", "url2": null, "内容": "たなか皮ふ科クリニック【2:診療所】【診療科目:皮膚科】新潟県村上市新町９－９０" }, "geometry": { "type": "Point", "coordinates": [ 139.489403, 38.224154 ] } },
{ "type": "Feature", "properties": { "ID": "152SIMRX00014", "正式名称": "学校法人北都健勝学園　新潟リハビリテーションクリニック", "機関区分": 2, "都道府県コード": 15, "市区町村コード": 212, "所在地": "新潟県村上市上の山２－１６", "緯度": 38.185695, "経度": 139.439841, "url": "https://www.iryou.teikyouseido.mhlw.go.jp/znk-web/juminkanja/S2430/initialize?prefCd=15&kikanCd=SIMRX00014&kikanKbn=2", "url2": "https://dippers.ac.jp/clinic/", "内容": "学校法人北都健勝学園　新潟リハビリテーションクリニック【2:診療所】【診療科目:内科_精神科_心療内科_リハビリテーション科】新潟県村上市上の山２－１６" }, "geometry": { "type": "Point", "coordinates": [ 139.439841, 38.185695 ] } },
{ "type": "Feature", "properties": { "ID": "152SIMRX00015", "正式名称": "医療法人社団　おばた耳鼻科", "機関区分": 2, "都道府県コード": 15, "市区町村コード": 212, "所在地": "新潟県村上市新町６ー５３", "緯度": 38.224183, "経度": 139.48886, "url": "https://www.iryou.teikyouseido.mhlw.go.jp/znk-web/juminkanja/S2430/initialize?prefCd=15&kikanCd=SIMRX00015&kikanKbn=2", "url2": null, "内容": "医療法人社団　おばた耳鼻科【2:診療所】【診療科目:耳鼻いんこう科_アレルギー科】新潟県村上市新町６ー５３" }, "geometry": { "type": "Point", "coordinates": [ 139.48886, 38.224183 ] } },
{ "type": "Feature", "properties": { "ID": "152SIMRX00016", "正式名称": "村上市急患診療所", "機関区分": 2, "都道府県コード": 15, "市区町村コード": 212, "所在地": "新潟県村上市若葉町１０番７号", "緯度": 38.227205, "経度": 139.469509, "url": "https://www.iryou.teikyouseido.mhlw.go.jp/znk-web/juminkanja/S2430/initialize?prefCd=15&kikanCd=SIMRX00016&kikanKbn=2", "url2": null, "内容": "村上市急患診療所【2:診療所】【診療科目:内科_小児科】新潟県村上市若葉町１０番７号" }, "geometry": { "type": "Point", "coordinates": [ 139.469509, 38.227205 ] } },
{ "type": "Feature", "properties": { "ID": "152SIMRX00021", "正式名称": "佐野医院", "機関区分": 2, "都道府県コード": 15, "市区町村コード": 212, "所在地": "新潟県村上市坂町３２６２－７", "緯度": 38.11411, "経度": 139.444151, "url": "https://www.iryou.teikyouseido.mhlw.go.jp/znk-web/juminkanja/S2430/initialize?prefCd=15&kikanCd=SIMRX00021&kikanKbn=2", "url2": null, "内容": "佐野医院【2:診療所】【診療科目:内科_外科_脳神経外科_小児科_リハビリテーション科】新潟県村上市坂町３２６２－７" }, "geometry": { "type": "Point", "coordinates": [ 139.444151, 38.11411 ] } },
{ "type": "Feature", "properties": { "ID": "152SIMRX00022", "正式名称": "医療法人社団永和会荒川中央クリニック", "機関区分": 2, "都道府県コード": 15, "市区町村コード": 212, "所在地": "新潟県村上市藤沢字前坪７－１９", "緯度": 39.214009, "経度": 140.186497, "url": "https://www.iryou.teikyouseido.mhlw.go.jp/znk-web/juminkanja/S2430/initialize?prefCd=15&kikanCd=SIMRX00022&kikanKbn=2", "url2": null, "内容": "医療法人社団永和会荒川中央クリニック【2:診療所】【診療科目:整形外科】新潟県村上市藤沢字前坪７－１９" }, "geometry": { "type": "Point", "coordinates": [ 140.186497, 39.214009 ] } },
{ "type": "Feature", "properties": { "ID": "152SIMRX00025", "正式名称": "鈴木医院", "機関区分": 2, "都道府県コード": 15, "市区町村コード": 212, "所在地": "新潟県村上市有明８４８", "緯度": 38.181426, "経度": 139.478581, "url": "https://www.iryou.teikyouseido.mhlw.go.jp/znk-web/juminkanja/S2430/initialize?prefCd=15&kikanCd=SIMRX00025&kikanKbn=2", "url2": null, "内容": "鈴木医院【2:診療所】【診療科目:内科_小児科_リウマチ科】新潟県村上市有明８４８" }, "geometry": { "type": "Point", "coordinates": [ 139.478581, 38.181426 ] } },
{ "type": "Feature", "properties": { "ID": "152SIMRX00026", "正式名称": "医療法人社団　澤田医院", "機関区分": 2, "都道府県コード": 15, "市区町村コード": 212, "所在地": "新潟県村上市北新保６７８番地", "緯度": 38.159573, "経度": 139.428644, "url": "https://www.iryou.teikyouseido.mhlw.go.jp/znk-web/juminkanja/S2430/initialize?prefCd=15&kikanCd=SIMRX00026&kikanKbn=2", "url2": null, "内容": "医療法人社団　澤田医院【2:診療所】【診療科目:内科_消化器内科_外科_小児科】新潟県村上市北新保６７８番地" }, "geometry": { "type": "Point", "coordinates": [ 139.428644, 38.159573 ] } },
{ "type": "Feature", "properties": { "ID": "152SIMRX00030", "正式名称": "佐藤医院", "機関区分": 2, "都道府県コード": 15, "市区町村コード": 212, "所在地": "新潟県村上市猿沢２２２１", "緯度": 38.285874, "経度": 139.526485, "url": "https://www.iryou.teikyouseido.mhlw.go.jp/znk-web/juminkanja/S2430/initialize?prefCd=15&kikanCd=SIMRX00030&kikanKbn=2", "url2": "https://satomed.or.jp/", "内容": "佐藤医院【2:診療所】【診療科目:内科_整形外科_小児科_皮膚科_歯科】新潟県村上市猿沢２２２１" }, "geometry": { "type": "Point", "coordinates": [ 139.526485, 38.285874 ] } },
{ "type": "Feature", "properties": { "ID": "152SIMRX00031", "正式名称": "つなしま内科クリニック", "機関区分": 2, "都道府県コード": 15, "市区町村コード": 212, "所在地": "新潟県村上市大場沢３７７０－２", "緯度": 38.250842, "経度": 139.534987, "url": "https://www.iryou.teikyouseido.mhlw.go.jp/znk-web/juminkanja/S2430/initialize?prefCd=15&kikanCd=SIMRX00031&kikanKbn=2", "url2": "https://www.tunashimanaika.jp", "内容": "つなしま内科クリニック【2:診療所】【診療科目:内科_消化器内科_内視鏡内科】新潟県村上市大場沢３７７０－２" }, "geometry": { "type": "Point", "coordinates": [ 139.534987, 38.250842 ] } },
{ "type": "Feature", "properties": { "ID": "152SIMRX00034", "正式名称": "初野医院", "機関区分": 2, "都道府県コード": 15, "市区町村コード": 212, "所在地": "新潟県村上市府屋２７９番地５", "緯度": 38.515718, "経度": 139.536481, "url": "https://www.iryou.teikyouseido.mhlw.go.jp/znk-web/juminkanja/S2430/initialize?prefCd=15&kikanCd=SIMRX00034&kikanKbn=2", "url2": null, "内容": "初野医院【2:診療所】【診療科目:内科】新潟県村上市府屋２７９番地５" }, "geometry": { "type": "Point", "coordinates": [ 139.536481, 38.515718 ] } },
{ "type": "Feature", "properties": { "ID": "152SIMRX00035", "正式名称": "医療法人社団青木医院", "機関区分": 2, "都道府県コード": 15, "市区町村コード": 212, "所在地": "新潟県村上市府屋６０４", "緯度": 38.516691, "経度": 139.536338, "url": "https://www.iryou.teikyouseido.mhlw.go.jp/znk-web/juminkanja/S2430/initialize?prefCd=15&kikanCd=SIMRX00035&kikanKbn=2", "url2": null, "内容": "医療法人社団青木医院【2:診療所】【診療科目:内科】新潟県村上市府屋６０４" }, "geometry": { "type": "Point", "coordinates": [ 139.536338, 38.516691 ] } },
{ "type": "Feature", "properties": { "ID": "152SIMRX00037", "正式名称": "佐藤内科小児科医院", "機関区分": 2, "都道府県コード": 15, "市区町村コード": 581, "所在地": "新潟県岩船郡関川村大字下関９１５", "緯度": 38.089635, "経度": 139.563882, "url": "https://www.iryou.teikyouseido.mhlw.go.jp/znk-web/juminkanja/S2430/initialize?prefCd=15&kikanCd=SIMRX00037&kikanKbn=2", "url2": null, "内容": "佐藤内科小児科医院【2:診療所】【診療科目:内科】新潟県岩船郡関川村大字下関９１５" }, "geometry": { "type": "Point", "coordinates": [ 139.563882, 38.089635 ] } },
{ "type": "Feature", "properties": { "ID": "152SIMRX00039", "正式名称": "関川村国民健康保険関川診療所", "機関区分": 2, "都道府県コード": 15, "市区町村コード": 581, "所在地": "新潟県岩船郡関川村下関５１５－１", "緯度": 38.089331, "経度": 139.565768, "url": "https://www.iryou.teikyouseido.mhlw.go.jp/znk-web/juminkanja/S2430/initialize?prefCd=15&kikanCd=SIMRX00039&kikanKbn=2", "url2": "http://www.vill.sekikawa.niigata.jp/life/1866/8849e347e02c/index.html", "内容": "関川村国民健康保険関川診療所【2:診療所】【診療科目:内科_外科_整形外科_小児科】新潟県岩船郡関川村下関５１５－１" }, "geometry": { "type": "Point", "coordinates": [ 139.565768, 38.089331 ] } },
{ "type": "Feature", "properties": { "ID": "152SIMRX00041", "正式名称": "むらかみ松岡眼科", "機関区分": 2, "都道府県コード": 15, "市区町村コード": 212, "所在地": "新潟県村上市新町９ー７４", "緯度": 38.223588, "経度": 139.490785, "url": "https://www.iryou.teikyouseido.mhlw.go.jp/znk-web/juminkanja/S2430/initialize?prefCd=15&kikanCd=SIMRX00041&kikanKbn=2", "url2": null, "内容": "むらかみ松岡眼科【2:診療所】【診療科目:眼科】新潟県村上市新町９ー７４" }, "geometry": { "type": "Point", "coordinates": [ 139.490785, 38.223588 ] } },
{ "type": "Feature", "properties": { "ID": "152SIMRX00043", "正式名称": "上田眼科", "機関区分": 2, "都道府県コード": 15, "市区町村コード": 212, "所在地": "新潟県村上市下鍜冶屋６０３—１", "緯度": 38.112265, "経度": 139.448639, "url": "https://www.iryou.teikyouseido.mhlw.go.jp/znk-web/juminkanja/S2430/initialize?prefCd=15&kikanCd=SIMRX00043&kikanKbn=2", "url2": "http://www.uedaganka.com", "内容": "上田眼科【2:診療所】【診療科目:眼科】新潟県村上市下鍜冶屋６０３—１" }, "geometry": { "type": "Point", "coordinates": [ 139.448639, 38.112265 ] } },
{ "type": "Feature", "properties": { "ID": "152SIMRX00045", "正式名称": "粟島へき地出張診療所", "機関区分": 2, "都道府県コード": 15, "市区町村コード": 586, "所在地": "新潟県岩船郡粟島浦村字日の見山１５１３－１１", "緯度": 38.468289, "経度": 139.254546, "url": "https://www.iryou.teikyouseido.mhlw.go.jp/znk-web/juminkanja/S2430/initialize?prefCd=15&kikanCd=SIMRX00045&kikanKbn=2", "url2": null, "内容": "粟島へき地出張診療所【2:診療所】【診療科目:内科_歯科】新潟県岩船郡粟島浦村字日の見山１５１３－１１" }, "geometry": { "type": "Point", "coordinates": [ 139.254546, 38.468289 ] } },
{ "type": "Feature", "properties": { "ID": "152SIMRX00049", "正式名称": "村上おかだクリニック", "機関区分": 2, "都道府県コード": 15, "市区町村コード": 212, "所在地": "新潟県村上市大町３番２５号２", "緯度": 38.224108, "経度": 139.478209, "url": "https://www.iryou.teikyouseido.mhlw.go.jp/znk-web/juminkanja/S2430/initialize?prefCd=15&kikanCd=SIMRX00049&kikanKbn=2", "url2": "https://murakami-okada.com/", "内容": "村上おかだクリニック【2:診療所】【診療科目:内科_循環器内科】新潟県村上市大町３番２５号２" }, "geometry": { "type": "Point", "coordinates": [ 139.478209, 38.224108 ] } },
{ "type": "Feature", "properties": { "ID": "152SIMRX00050", "正式名称": "肴町医科歯科医院", "機関区分": 2, "都道府県コード": 15, "市区町村コード": 212, "所在地": "新潟県村上市田端町１６－７", "緯度": 38.223264, "経度": 139.463845, "url": "https://www.iryou.teikyouseido.mhlw.go.jp/znk-web/juminkanja/S2430/initialize?prefCd=15&kikanCd=SIMRX00050&kikanKbn=2", "url2": "http://www.sanpokukai.jp", "内容": "肴町医科歯科医院【2:診療所】【診療科目:内科_消化器内科_歯科_歯科口腔外科】新潟県村上市田端町１６－７" }, "geometry": { "type": "Point", "coordinates": [ 139.463845, 38.223264 ] } },
{ "type": "Feature", "properties": { "ID": "152SIMRX00051", "正式名称": "きむら内科クリニック", "機関区分": 2, "都道府県コード": 15, "市区町村コード": 212, "所在地": "新潟県村上市飯野３－１６－５", "緯度": 38.218567, "経度": 139.469336, "url": "https://www.iryou.teikyouseido.mhlw.go.jp/znk-web/juminkanja/S2430/initialize?prefCd=15&kikanCd=SIMRX00051&kikanKbn=2", "url2": "https://www.kimuranaika-clin.com/", "内容": "きむら内科クリニック【2:診療所】【診療科目:内科_循環器内科_消化器内科】新潟県村上市飯野３－１６－５" }, "geometry": { "type": "Point", "coordinates": [ 139.469336, 38.218567 ] } },
{ "type": "Feature", "properties": { "ID": "152SINCX00001", "正式名称": "青木整形外科医院", "機関区分": 2, "都道府県コード": 15, "市区町村コード": 101, "所在地": "新潟県新潟市北区葛塚３１８８", "緯度": 37.917105, "経度": 139.219352, "url": "https://www.iryou.teikyouseido.mhlw.go.jp/znk-web/juminkanja/S2430/initialize?prefCd=15&kikanCd=SINCX00001&kikanKbn=2", "url2": "http://www.aokiseikeigeka.jp", "内容": "青木整形外科医院【2:診療所】【診療科目:整形外科_リハビリテーション科】新潟県新潟市北区葛塚３１８８" }, "geometry": { "type": "Point", "coordinates": [ 139.219352, 37.917105 ] } },
{ "type": "Feature", "properties": { "ID": "152SINCX00002", "正式名称": "あらい眼科", "機関区分": 2, "都道府県コード": 15, "市区町村コード": 101, "所在地": "新潟県新潟市北区葛塚４３７１", "緯度": 37.920869, "経度": 139.215303, "url": "https://www.iryou.teikyouseido.mhlw.go.jp/znk-web/juminkanja/S2430/initialize?prefCd=15&kikanCd=SINCX00002&kikanKbn=2", "url2": "http://www.araieye.com/", "内容": "あらい眼科【2:診療所】【診療科目:眼科】新潟県新潟市北区葛塚４３７１" }, "geometry": { "type": "Point", "coordinates": [ 139.215303, 37.920869 ] } },
{ "type": "Feature", "properties": { "ID": "152SINCX00003", "正式名称": "いぬかい耳鼻科クリニック", "機関区分": 2, "都道府県コード": 15, "市区町村コード": 101, "所在地": "新潟県新潟市北区石動１丁目１６番８号", "緯度": 37.921802, "経度": 139.212797, "url": "https://www.iryou.teikyouseido.mhlw.go.jp/znk-web/juminkanja/S2430/initialize?prefCd=15&kikanCd=SINCX00003&kikanKbn=2", "url2": "https://inukai-jibika.net/", "内容": "いぬかい耳鼻科クリニック【2:診療所】【診療科目:耳鼻いんこう科_アレルギー科】新潟県新潟市北区石動１丁目１６番８号" }, "geometry": { "type": "Point", "coordinates": [ 139.212797, 37.921802 ] } },
{ "type": "Feature", "properties": { "ID": "152SINCX00004", "正式名称": "おおつか内科クリニック", "機関区分": 2, "都道府県コード": 15, "市区町村コード": 101, "所在地": "新潟県新潟市北区内島見２５１４番地１", "緯度": 37.940438, "経度": 139.200114, "url": "https://www.iryou.teikyouseido.mhlw.go.jp/znk-web/juminkanja/S2430/initialize?prefCd=15&kikanCd=SINCX00004&kikanKbn=2", "url2": null, "内容": "おおつか内科クリニック【2:診療所】【診療科目:内科_呼吸器内科_循環器内科】新潟県新潟市北区内島見２５１４番地１" }, "geometry": { "type": "Point", "coordinates": [ 139.200114, 37.940438 ] } },
{ "type": "Feature", "properties": { "ID": "152SINCX00005", "正式名称": "大野内科三森分院", "機関区分": 2, "都道府県コード": 15, "市区町村コード": 101, "所在地": "新潟県新潟市北区高森新田２００", "緯度": 37.908192, "経度": 139.165122, "url": "https://www.iryou.teikyouseido.mhlw.go.jp/znk-web/juminkanja/S2430/initialize?prefCd=15&kikanCd=SINCX00005&kikanKbn=2", "url2": null, "内容": "大野内科三森分院【2:診療所】【診療科目:内科_消化器内科】新潟県新潟市北区高森新田２００" }, "geometry": { "type": "Point", "coordinates": [ 139.165122, 37.908192 ] } },
{ "type": "Feature", "properties": { "ID": "152SINCX00006", "正式名称": "小黒内科胃腸科医院", "機関区分": 2, "都道府県コード": 15, "市区町村コード": 101, "所在地": "新潟県新潟市北区太田５６３３番地", "緯度": 37.920154, "経度": 139.221355, "url": "https://www.iryou.teikyouseido.mhlw.go.jp/znk-web/juminkanja/S2430/initialize?prefCd=15&kikanCd=SINCX00006&kikanKbn=2", "url2": null, "内容": "小黒内科胃腸科医院【2:診療所】【診療科目:内科_呼吸器内科_胃腸内科】新潟県新潟市北区太田５６３３番地" }, "geometry": { "type": "Point", "coordinates": [ 139.221355, 37.920154 ] } },
{ "type": "Feature", "properties": { "ID": "152SINCX00009", "正式名称": "小飯塚医院", "機関区分": 2, "都道府県コード": 15, "市区町村コード": 101, "所在地": "新潟県新潟市北区嘉山５丁目６番４号", "緯度": 37.909918, "経度": 139.220587, "url": "https://www.iryou.teikyouseido.mhlw.go.jp/znk-web/juminkanja/S2430/initialize?prefCd=15&kikanCd=SINCX00009&kikanKbn=2", "url2": "https://www.koizukaclinic.com/", "内容": "小飯塚医院【2:診療所】【診療科目:内科_消化器内科】新潟県新潟市北区嘉山５丁目６番４号" }, "geometry": { "type": "Point", "coordinates": [ 139.220587, 37.909918 ] } },
{ "type": "Feature", "properties": { "ID": "152SINCX00010", "正式名称": "斎藤医院", "機関区分": 2, "都道府県コード": 15, "市区町村コード": 101, "所在地": "新潟県新潟市北区嘉山２１９８番地３", "緯度": 37.916433, "経度": 139.225641, "url": "https://www.iryou.teikyouseido.mhlw.go.jp/znk-web/juminkanja/S2430/initialize?prefCd=15&kikanCd=SINCX00010&kikanKbn=2", "url2": null, "内容": "斎藤医院【2:診療所】【診療科目:内科_消化器内科】新潟県新潟市北区嘉山２１９８番地３" }, "geometry": { "type": "Point", "coordinates": [ 139.225641, 37.916433 ] } },
{ "type": "Feature", "properties": { "ID": "152SINCX00011", "正式名称": "さいとう眼科医院", "機関区分": 2, "都道府県コード": 15, "市区町村コード": 101, "所在地": "新潟県新潟市北区嘉山２２３０－７", "緯度": 37.917499, "経度": 139.224623, "url": "https://www.iryou.teikyouseido.mhlw.go.jp/znk-web/juminkanja/S2430/initialize?prefCd=15&kikanCd=SINCX00011&kikanKbn=2", "url2": null, "内容": "さいとう眼科医院【2:診療所】【診療科目:眼科】新潟県新潟市北区嘉山２２３０－７" }, "geometry": { "type": "Point", "coordinates": [ 139.224623, 37.917499 ] } },
{ "type": "Feature", "properties": { "ID": "152SINCX00012", "正式名称": "サトウクリニック新崎", "機関区分": 2, "都道府県コード": 15, "市区町村コード": 101, "所在地": "新潟県新潟市北区新崎１丁目１７番１７号", "緯度": 37.924976, "経度": 139.155581, "url": "https://www.iryou.teikyouseido.mhlw.go.jp/znk-web/juminkanja/S2430/initialize?prefCd=15&kikanCd=SINCX00012&kikanKbn=2", "url2": null, "内容": "サトウクリニック新崎【2:診療所】【診療科目:内科_小児科】新潟県新潟市北区新崎１丁目１７番１７号" }, "geometry": { "type": "Point", "coordinates": [ 139.155581, 37.924976 ] } },
{ "type": "Feature", "properties": { "ID": "152SINCX00013", "正式名称": "耳鼻咽喉科　気管食道科　とみやま医院", "機関区分": 2, "都道府県コード": 15, "市区町村コード": 101, "所在地": "新潟県新潟市北区太田５５９４ー３", "緯度": 37.918976, "経度": 139.223526, "url": "https://www.iryou.teikyouseido.mhlw.go.jp/znk-web/juminkanja/S2430/initialize?prefCd=15&kikanCd=SINCX00013&kikanKbn=2", "url2": "http//tomiyama-iin.com/", "内容": "耳鼻咽喉科　気管食道科　とみやま医院【2:診療所】【診療科目:気管食道・耳鼻いんこう科_アレルギー科】新潟県新潟市北区太田５５９４ー３" }, "geometry": { "type": "Point", "coordinates": [ 139.223526, 37.918976 ] } },
{ "type": "Feature", "properties": { "ID": "152SINCX00014", "正式名称": "嶋倉クリニック", "機関区分": 2, "都道府県コード": 15, "市区町村コード": 101, "所在地": "新潟県新潟市北区葛塚３４３３番地", "緯度": 37.918655, "経度": 139.220759, "url": "https://www.iryou.teikyouseido.mhlw.go.jp/znk-web/juminkanja/S2430/initialize?prefCd=15&kikanCd=SINCX00014&kikanKbn=2", "url2": null, "内容": "嶋倉クリニック【2:診療所】【診療科目:小児科_アレルギー科】新潟県新潟市北区葛塚３４３３番地" }, "geometry": { "type": "Point", "coordinates": [ 139.220759, 37.918655 ] } },
{ "type": "Feature", "properties": { "ID": "152SINCX00016", "正式名称": "すこやか医院", "機関区分": 2, "都道府県コード": 15, "市区町村コード": 101, "所在地": "新潟県新潟市北区須戸６９５番地１", "緯度": 37.916861, "経度": 139.186993, "url": "https://www.iryou.teikyouseido.mhlw.go.jp/znk-web/juminkanja/S2430/initialize?prefCd=15&kikanCd=SINCX00016&kikanKbn=2", "url2": "https://www.sukoyakaiin.com", "内容": "すこやか医院【2:診療所】【診療科目:内科_小児科_皮膚科_アレルギー科】新潟県新潟市北区須戸６９５番地１" }, "geometry": { "type": "Point", "coordinates": [ 139.186993, 37.916861 ] } },
{ "type": "Feature", "properties": { "ID": "152SINCX00017", "正式名称": "たきざわクリニック松浜", "機関区分": 2, "都道府県コード": 15, "市区町村コード": 101, "所在地": "新潟県新潟市北区松浜１丁目１番１２号", "緯度": 37.952287, "経度": 139.144087, "url": "https://www.iryou.teikyouseido.mhlw.go.jp/znk-web/juminkanja/S2430/initialize?prefCd=15&kikanCd=SINCX00017&kikanKbn=2", "url2": null, "内容": "たきざわクリニック松浜【2:診療所】【診療科目:内科_呼吸器内科_循環器内科_消化器内科_外科_小児科】新潟県新潟市北区松浜１丁目１番１２号" }, "geometry": { "type": "Point", "coordinates": [ 139.144087, 37.952287 ] } },
{ "type": "Feature", "properties": { "ID": "152SINCX00018", "正式名称": "武田整形外科", "機関区分": 2, "都道府県コード": 15, "市区町村コード": 101, "所在地": "新潟県新潟市北区松浜東町１－３－５", "緯度": 37.952184, "経度": 139.149037, "url": "https://www.iryou.teikyouseido.mhlw.go.jp/znk-web/juminkanja/S2430/initialize?prefCd=15&kikanCd=SINCX00018&kikanKbn=2", "url2": null, "内容": "武田整形外科【2:診療所】【診療科目:整形外科_リハビリテーション科】新潟県新潟市北区松浜東町１－３－５" }, "geometry": { "type": "Point", "coordinates": [ 139.149037, 37.952184 ] } },
{ "type": "Feature", "properties": { "ID": "152SINCX00026", "正式名称": "鳥居クリニック", "機関区分": 2, "都道府県コード": 15, "市区町村コード": 101, "所在地": "新潟県新潟市北区石動１－１６－２", "緯度": 37.921417, "経度": 139.2134, "url": "https://www.iryou.teikyouseido.mhlw.go.jp/znk-web/juminkanja/S2430/initialize?prefCd=15&kikanCd=SINCX00026&kikanKbn=2", "url2": null, "内容": "鳥居クリニック【2:診療所】【診療科目:皮膚科_泌尿器科】新潟県新潟市北区石動１－１６－２" }, "geometry": { "type": "Point", "coordinates": [ 139.2134, 37.921417 ] } },
{ "type": "Feature", "properties": { "ID": "152SINCX00027", "正式名称": "成田医院", "機関区分": 2, "都道府県コード": 15, "市区町村コード": 101, "所在地": "新潟県新潟市北区白新町２丁目１３番３２号", "緯度": 37.917347, "経度": 139.213421, "url": "https://www.iryou.teikyouseido.mhlw.go.jp/znk-web/juminkanja/S2430/initialize?prefCd=15&kikanCd=SINCX00027&kikanKbn=2", "url2": null, "内容": "成田医院【2:診療所】【診療科目:内科_アレルギー疾患内科】新潟県新潟市北区白新町２丁目１３番３２号" }, "geometry": { "type": "Point", "coordinates": [ 139.213421, 37.917347 ] } },
{ "type": "Feature", "properties": { "ID": "152SINCX00029", "正式名称": "にしな子どもクリニック", "機関区分": 2, "都道府県コード": 15, "市区町村コード": 101, "所在地": "新潟県新潟市北区太田甲５６３５－６", "緯度": 37.930612, "経度": 139.234736, "url": "https://www.iryou.teikyouseido.mhlw.go.jp/znk-web/juminkanja/S2430/initialize?prefCd=15&kikanCd=SINCX00029&kikanKbn=2", "url2": null, "内容": "にしな子どもクリニック【2:診療所】【診療科目:小児科_アレルギー科】新潟県新潟市北区太田甲５６３５－６" }, "geometry": { "type": "Point", "coordinates": [ 139.234736, 37.930612 ] } },
{ "type": "Feature", "properties": { "ID": "152SINCX00030", "正式名称": "のぶ皮膚科", "機関区分": 2, "都道府県コード": 15, "市区町村コード": 101, "所在地": "新潟県新潟市北区内島見２５１４－７", "緯度": 37.940328, "経度": 139.199909, "url": "https://www.iryou.teikyouseido.mhlw.go.jp/znk-web/juminkanja/S2430/initialize?prefCd=15&kikanCd=SINCX00030&kikanKbn=2", "url2": "nobuhifuka.com", "内容": "のぶ皮膚科【2:診療所】【診療科目:皮膚科_アレルギー科】新潟県新潟市北区内島見２５１４－７" }, "geometry": { "type": "Point", "coordinates": [ 139.199909, 37.940328 ] } },
{ "type": "Feature", "properties": { "ID": "152SINCX00032", "正式名称": "ポートクリニック好生堂", "機関区分": 2, "都道府県コード": 15, "市区町村コード": 101, "所在地": "新潟県新潟市北区松浜本町４丁目１番１２号", "緯度": 37.951239, "経度": 139.138846, "url": "https://www.iryou.teikyouseido.mhlw.go.jp/znk-web/juminkanja/S2430/initialize?prefCd=15&kikanCd=SINCX00032&kikanKbn=2", "url2": null, "内容": "ポートクリニック好生堂【2:診療所】【診療科目:内科_呼吸器内科_外科_整形外科】新潟県新潟市北区松浜本町４丁目１番１２号" }, "geometry": { "type": "Point", "coordinates": [ 139.138846, 37.951239 ] } },
{ "type": "Feature", "properties": { "ID": "152SINCX00033", "正式名称": "堀医院", "機関区分": 2, "都道府県コード": 15, "市区町村コード": 101, "所在地": "新潟県新潟市北区白新町４丁目６番１９号", "緯度": 37.914073, "経度": 139.212418, "url": "https://www.iryou.teikyouseido.mhlw.go.jp/znk-web/juminkanja/S2430/initialize?prefCd=15&kikanCd=SINCX00033&kikanKbn=2", "url2": null, "内容": "堀医院【2:診療所】【診療科目:内科_循環器内科】新潟県新潟市北区白新町４丁目６番１９号" }, "geometry": { "type": "Point", "coordinates": [ 139.212418, 37.914073 ] } },
{ "type": "Feature", "properties": { "ID": "152SINCX00036", "正式名称": "山口クリニック", "機関区分": 2, "都道府県コード": 15, "市区町村コード": 101, "所在地": "新潟県新潟市北区早通北１丁目３番地１１", "緯度": 37.922347, "経度": 139.17781, "url": "https://www.iryou.teikyouseido.mhlw.go.jp/znk-web/juminkanja/S2430/initialize?prefCd=15&kikanCd=SINCX00036&kikanKbn=2", "url2": "https://www.yamaguchi-cl-niigata.com/", "内容": "山口クリニック【2:診療所】【診療科目:内科_消化器内科】新潟県新潟市北区早通北１丁目３番地１１" }, "geometry": { "type": "Point", "coordinates": [ 139.17781, 37.922347 ] } },
{ "type": "Feature", "properties": { "ID": "152SINCX00037", "正式名称": "やまもと小児科", "機関区分": 2, "都道府県コード": 15, "市区町村コード": 101, "所在地": "新潟県新潟市北区濁川１６５番地１", "緯度": 37.930466, "経度": 139.163141, "url": "https://www.iryou.teikyouseido.mhlw.go.jp/znk-web/juminkanja/S2430/initialize?prefCd=15&kikanCd=SINCX00037&kikanKbn=2", "url2": null, "内容": "やまもと小児科【2:診療所】【診療科目:小児科】新潟県新潟市北区濁川１６５番地１" }, "geometry": { "type": "Point", "coordinates": [ 139.163141, 37.930466 ] } },
{ "type": "Feature", "properties": { "ID": "152SINCX00038", "正式名称": "相澤内科医院", "機関区分": 2, "都道府県コード": 15, "市区町村コード": 102, "所在地": "新潟県新潟市東区中木戸４１－１", "緯度": 37.925239, "経度": 139.10096, "url": "https://www.iryou.teikyouseido.mhlw.go.jp/znk-web/juminkanja/S2430/initialize?prefCd=15&kikanCd=SINCX00038&kikanKbn=2", "url2": null, "内容": "相澤内科医院【2:診療所】【診療科目:内科_呼吸器内科_循環器内科_消化器内科_小児科_放射線科】新潟県新潟市東区中木戸４１－１" }, "geometry": { "type": "Point", "coordinates": [ 139.10096, 37.925239 ] } },
{ "type": "Feature", "properties": { "ID": "152SINCX00040", "正式名称": "茜リハビリクリニック", "機関区分": 2, "都道府県コード": 15, "市区町村コード": 102, "所在地": "新潟県新潟市東区石山２－６－２", "緯度": 37.89576, "経度": 139.093061, "url": "https://www.iryou.teikyouseido.mhlw.go.jp/znk-web/juminkanja/S2430/initialize?prefCd=15&kikanCd=SINCX00040&kikanKbn=2", "url2": null, "内容": "茜リハビリクリニック【2:診療所】【診療科目:リハビリテーション科】新潟県新潟市東区石山２－６－２" }, "geometry": { "type": "Point", "coordinates": [ 139.093061, 37.89576 ] } },
{ "type": "Feature", "properties": { "ID": "152SINCX00044", "正式名称": "ｅメディカル整形外科", "機関区分": 2, "都道府県コード": 15, "市区町村コード": 102, "所在地": "新潟県新潟市東区中山６丁目３番３５号", "緯度": 37.912636, "経度": 139.081029, "url": "https://www.iryou.teikyouseido.mhlw.go.jp/znk-web/juminkanja/S2430/initialize?prefCd=15&kikanCd=SINCX00044&kikanKbn=2", "url2": "www.e-medical.jp", "内容": "ｅメディカル整形外科【2:診療所】【診療科目:整形外科_リウマチ科_リハビリテーション科】新潟県新潟市東区中山６丁目３番３５号" }, "geometry": { "type": "Point", "coordinates": [ 139.081029, 37.912636 ] } },
{ "type": "Feature", "properties": { "ID": "152SINCX00046", "正式名称": "東新潟健診プラザ", "機関区分": 2, "都道府県コード": 15, "市区町村コード": 102, "所在地": "新潟県新潟市東区はなみずき２丁目１０番３５号", "緯度": 37.916758, "経度": 139.103576, "url": "https://www.iryou.teikyouseido.mhlw.go.jp/znk-web/juminkanja/S2430/initialize?prefCd=15&kikanCd=SINCX00046&kikanKbn=2", "url2": "https://www.kenko-i.jp/", "内容": "東新潟健診プラザ【2:診療所】【診療科目:内科】新潟県新潟市東区はなみずき２丁目１０番３５号" }, "geometry": { "type": "Point", "coordinates": [ 139.103576, 37.916758 ] } },
{ "type": "Feature", "properties": { "ID": "152SINCX00047", "正式名称": "医療法人社団　村井整形外科医院", "機関区分": 2, "都道府県コード": 15, "市区町村コード": 102, "所在地": "新潟県新潟市東区上木戸１丁目３番６号", "緯度": 37.924848, "経度": 139.100817, "url": "https://www.iryou.teikyouseido.mhlw.go.jp/znk-web/juminkanja/S2430/initialize?prefCd=15&kikanCd=SINCX00047&kikanKbn=2", "url2": "murai-seikie.com", "内容": "医療法人社団　村井整形外科医院【2:診療所】【診療科目:整形外科_リウマチ科】新潟県新潟市東区上木戸１丁目３番６号" }, "geometry": { "type": "Point", "coordinates": [ 139.100817, 37.924848 ] } },
{ "type": "Feature", "properties": { "ID": "152SINCX00049", "正式名称": "医療法人社団すずき医院", "機関区分": 2, "都道府県コード": 15, "市区町村コード": 102, "所在地": "新潟県新潟市東区逢谷内６丁目８番３４号", "緯度": 37.92205, "経度": 139.115398, "url": "https://www.iryou.teikyouseido.mhlw.go.jp/znk-web/juminkanja/S2430/initialize?prefCd=15&kikanCd=SINCX00049&kikanKbn=2", "url2": "http://www.suzuki-dr.net/", "内容": "医療法人社団すずき医院【2:診療所】【診療科目:内科_循環器内科_小児科】新潟県新潟市東区逢谷内６丁目８番３４号" }, "geometry": { "type": "Point", "coordinates": [ 139.115398, 37.92205 ] } },
{ "type": "Feature", "properties": { "ID": "152SINCX00050", "正式名称": "医療法人社団田中クリニック", "機関区分": 2, "都道府県コード": 15, "市区町村コード": 102, "所在地": "新潟県新潟市東区はなみずき１丁目１４番１８号", "緯度": 37.914979, "経度": 139.102242, "url": "https://www.iryou.teikyouseido.mhlw.go.jp/znk-web/juminkanja/S2430/initialize?prefCd=15&kikanCd=SINCX00050&kikanKbn=2", "url2": null, "内容": "医療法人社団田中クリニック【2:診療所】【診療科目:内科_消化器内科_肛門外科】新潟県新潟市東区はなみずき１丁目１４番１８号" }, "geometry": { "type": "Point", "coordinates": [ 139.102242, 37.914979 ] } },
{ "type": "Feature", "properties": { "ID": "152SINCX00052", "正式名称": "上原消化器内科クリニック", "機関区分": 2, "都道府県コード": 15, "市区町村コード": 102, "所在地": "新潟県新潟市東区粟山３丁目７番８号", "緯度": 37.897342, "経度": 139.101723, "url": "https://www.iryou.teikyouseido.mhlw.go.jp/znk-web/juminkanja/S2430/initialize?prefCd=15&kikanCd=SINCX00052&kikanKbn=2", "url2": "www.uehara-clinic.net", "内容": "上原消化器内科クリニック【2:診療所】【診療科目:内科_消化器内科】新潟県新潟市東区粟山３丁目７番８号" }, "geometry": { "type": "Point", "coordinates": [ 139.101723, 37.897342 ] } },
{ "type": "Feature", "properties": { "ID": "152SINCX00054", "正式名称": "浦野耳鼻咽喉科医院", "機関区分": 2, "都道府県コード": 15, "市区町村コード": 102, "所在地": "新潟県新潟市東区逢谷内３丁目１番２６号", "緯度": 37.921067, "経度": 139.118281, "url": "https://www.iryou.teikyouseido.mhlw.go.jp/znk-web/juminkanja/S2430/initialize?prefCd=15&kikanCd=SINCX00054&kikanKbn=2", "url2": null, "内容": "浦野耳鼻咽喉科医院【2:診療所】【診療科目:頭頸部・耳鼻いんこう科】新潟県新潟市東区逢谷内３丁目１番２６号" }, "geometry": { "type": "Point", "coordinates": [ 139.118281, 37.921067 ] } },
{ "type": "Feature", "properties": { "ID": "152SINCX00055", "正式名称": "えきまえクリニック内科はやし医院", "機関区分": 2, "都道府県コード": 15, "市区町村コード": 102, "所在地": "新潟県新潟市東区中島２丁目１番４６号", "緯度": 37.90856, "経度": 139.108639, "url": "https://www.iryou.teikyouseido.mhlw.go.jp/znk-web/juminkanja/S2430/initialize?prefCd=15&kikanCd=SINCX00055&kikanKbn=2", "url2": "https://maj.co.jp/clinic/hayashinaika.html", "内容": "えきまえクリニック内科はやし医院【2:診療所】【診療科目:内科_糖尿病内科_腎臓内科】新潟県新潟市東区中島２丁目１番４６号" }, "geometry": { "type": "Point", "coordinates": [ 139.108639, 37.90856 ] } },
{ "type": "Feature", "properties": { "ID": "152SINCX00056", "正式名称": "おおかわクリニック", "機関区分": 2, "都道府県コード": 15, "市区町村コード": 102, "所在地": "新潟県新潟市東区竹尾２丁目１９番５号", "緯度": 37.911638, "経度": 139.090988, "url": "https://www.iryou.teikyouseido.mhlw.go.jp/znk-web/juminkanja/S2430/initialize?prefCd=15&kikanCd=SINCX00056&kikanKbn=2", "url2": null, "内容": "おおかわクリニック【2:診療所】【診療科目:内科_胃腸内科_外科_肛門外科】新潟県新潟市東区竹尾２丁目１９番５号" }, "geometry": { "type": "Point", "coordinates": [ 139.090988, 37.911638 ] } },
{ "type": "Feature", "properties": { "ID": "152SINCX00057", "正式名称": "太田眼科", "機関区分": 2, "都道府県コード": 15, "市区町村コード": 102, "所在地": "新潟県新潟市東区豊２丁目６番４６号", "緯度": 37.924336, "経度": 139.112014, "url": "https://www.iryou.teikyouseido.mhlw.go.jp/znk-web/juminkanja/S2430/initialize?prefCd=15&kikanCd=SINCX00057&kikanKbn=2", "url2": null, "内容": "太田眼科【2:診療所】【診療科目:眼科】新潟県新潟市東区豊２丁目６番４６号" }, "geometry": { "type": "Point", "coordinates": [ 139.112014, 37.924336 ] } },
{ "type": "Feature", "properties": { "ID": "152SINCX00059", "正式名称": "小田医院", "機関区分": 2, "都道府県コード": 15, "市区町村コード": 102, "所在地": "新潟県新潟市東区中野山６丁目１番１７号", "緯度": 37.899673, "経度": 139.104481, "url": "https://www.iryou.teikyouseido.mhlw.go.jp/znk-web/juminkanja/S2430/initialize?prefCd=15&kikanCd=SINCX00059&kikanKbn=2", "url2": "https://www.oda-clinic.jpn.com", "内容": "小田医院【2:診療所】【診療科目:内科_脳神経内科_循環器内科】新潟県新潟市東区中野山６丁目１番１７号" }, "geometry": { "type": "Point", "coordinates": [ 139.104481, 37.899673 ] } },
{ "type": "Feature", "properties": { "ID": "152SINCX00062", "正式名称": "風の笛クリニック", "機関区分": 2, "都道府県コード": 15, "市区町村コード": 102, "所在地": "新潟県新潟市東区下木戸２丁目２８番１６号", "緯度": 37.928632, "経度": 139.094927, "url": "https://www.iryou.teikyouseido.mhlw.go.jp/znk-web/juminkanja/S2430/initialize?prefCd=15&kikanCd=SINCX00062&kikanKbn=2", "url2": "https://ashinuma.com/facility/clinic.html", "内容": "風の笛クリニック【2:診療所】【診療科目:内科_漢方内科_ペインクリニック内科_麻酔科】新潟県新潟市東区下木戸２丁目２８番１６号" }, "geometry": { "type": "Point", "coordinates": [ 139.094927, 37.928632 ] } },
{ "type": "Feature", "properties": { "ID": "152SINCX00063", "正式名称": "勝見皮膚科クリニック", "機関区分": 2, "都道府県コード": 15, "市区町村コード": 102, "所在地": "新潟県新潟市東区太平４－３－１９", "緯度": 37.943967, "経度": 139.10908, "url": "https://www.iryou.teikyouseido.mhlw.go.jp/znk-web/juminkanja/S2430/initialize?prefCd=15&kikanCd=SINCX00063&kikanKbn=2", "url2": null, "内容": "勝見皮膚科クリニック【2:診療所】【診療科目:皮膚科】新潟県新潟市東区太平４－３－１９" }, "geometry": { "type": "Point", "coordinates": [ 139.10908, 37.943967 ] } },
{ "type": "Feature", "properties": { "ID": "152SINCX00064", "正式名称": "かねこ耳鼻科", "機関区分": 2, "都道府県コード": 15, "市区町村コード": 102, "所在地": "新潟県新潟市東区有楽１丁目８番２号", "緯度": 37.939469, "経度": 139.105349, "url": "https://www.iryou.teikyouseido.mhlw.go.jp/znk-web/juminkanja/S2430/initialize?prefCd=15&kikanCd=SINCX00064&kikanKbn=2", "url2": null, "内容": "かねこ耳鼻科【2:診療所】【診療科目:耳鼻いんこう科】新潟県新潟市東区有楽１丁目８番２号" }, "geometry": { "type": "Point", "coordinates": [ 139.105349, 37.939469 ] } },
{ "type": "Feature", "properties": { "ID": "152SINCX00065", "正式名称": "川名クリニック", "機関区分": 2, "都道府県コード": 15, "市区町村コード": 102, "所在地": "新潟県新潟市東区上木戸１丁目２番１５号", "緯度": 37.92488, "経度": 139.099778, "url": "https://www.iryou.teikyouseido.mhlw.go.jp/znk-web/juminkanja/S2430/initialize?prefCd=15&kikanCd=SINCX00065&kikanKbn=2", "url2": "https://www.kawanaclinic.jp/", "内容": "川名クリニック【2:診療所】【診療科目:気管食道外科_頭頸部外科_小児耳鼻いんこう科_耳鼻いんこう科_気管食道・耳鼻いんこう科_頭頸部・耳鼻いんこう科_アレルギー科】新潟県新潟市東区上木戸１丁目２番１５号" }, "geometry": { "type": "Point", "coordinates": [ 139.099778, 37.92488 ] } },
{ "type": "Feature", "properties": { "ID": "152SINCX00066", "正式名称": "木戸眼科クリニック", "機関区分": 2, "都道府県コード": 15, "市区町村コード": 102, "所在地": "新潟県新潟市東区中木戸２８５－８", "緯度": 37.926346, "経度": 139.098219, "url": "https://www.iryou.teikyouseido.mhlw.go.jp/znk-web/juminkanja/S2430/initialize?prefCd=15&kikanCd=SINCX00066&kikanKbn=2", "url2": "http://www.kidoeye.com", "内容": "木戸眼科クリニック【2:診療所】【診療科目:眼科】新潟県新潟市東区中木戸２８５－８" }, "geometry": { "type": "Point", "coordinates": [ 139.098219, 37.926346 ] } },
{ "type": "Feature", "properties": { "ID": "152SINCX00067", "正式名称": "きど皮ふ科", "機関区分": 2, "都道府県コード": 15, "市区町村コード": 102, "所在地": "新潟県新潟市東区牡丹山１－５－１２－１０", "緯度": 37.917036, "経度": 139.089841, "url": "https://www.iryou.teikyouseido.mhlw.go.jp/znk-web/juminkanja/S2430/initialize?prefCd=15&kikanCd=SINCX00067&kikanKbn=2", "url2": null, "内容": "きど皮ふ科【2:診療所】【診療科目:皮膚科_美容皮膚科】新潟県新潟市東区牡丹山１－５－１２－１０" }, "geometry": { "type": "Point", "coordinates": [ 139.089841, 37.917036 ] } },
{ "type": "Feature", "properties": { "ID": "152SINCX00068", "正式名称": "きんとう整形外科クリニック", "機関区分": 2, "都道府県コード": 15, "市区町村コード": 102, "所在地": "新潟県新潟市東区空港西１－１９－５", "緯度": 37.89045, "経度": 139.006331, "url": "https://www.iryou.teikyouseido.mhlw.go.jp/znk-web/juminkanja/S2430/initialize?prefCd=15&kikanCd=SINCX00068&kikanKbn=2", "url2": null, "内容": "きんとう整形外科クリニック【2:診療所】【診療科目:整形外科_リウマチ科_リハビリテーション科】新潟県新潟市東区空港西１－１９－５" }, "geometry": { "type": "Point", "coordinates": [ 139.006331, 37.89045 ] } },
{ "type": "Feature", "properties": { "ID": "152SINCX00069", "正式名称": "空港前クリニック", "機関区分": 2, "都道府県コード": 15, "市区町村コード": 102, "所在地": "新潟県新潟市東区太平３丁目７番１号", "緯度": 37.945806, "経度": 139.108565, "url": "https://www.iryou.teikyouseido.mhlw.go.jp/znk-web/juminkanja/S2430/initialize?prefCd=15&kikanCd=SINCX00069&kikanKbn=2", "url2": "http://kukomae-clinic.com", "内容": "空港前クリニック【2:診療所】【診療科目:外科_耳鼻いんこう科】新潟県新潟市東区太平３丁目７番１号" }, "geometry": { "type": "Point", "coordinates": [ 139.108565, 37.945806 ] } },
{ "type": "Feature", "properties": { "ID": "152SINCX00070", "正式名称": "五味キッズクリニック", "機関区分": 2, "都道府県コード": 15, "市区町村コード": 102, "所在地": "新潟県新潟市東区石山４丁目４番１４号", "緯度": 37.895623, "経度": 139.0976, "url": "https://www.iryou.teikyouseido.mhlw.go.jp/znk-web/juminkanja/S2430/initialize?prefCd=15&kikanCd=SINCX00070&kikanKbn=2", "url2": "http://www.gomikids.com", "内容": "五味キッズクリニック【2:診療所】【診療科目:小児科_アレルギー科】新潟県新潟市東区石山４丁目４番１４号" }, "geometry": { "type": "Point", "coordinates": [ 139.0976, 37.895623 ] } },
{ "type": "Feature", "properties": { "ID": "152SINCX00071", "正式名称": "さいとうメンタルクリニック", "機関区分": 2, "都道府県コード": 15, "市区町村コード": 102, "所在地": "新潟県新潟市東区空港西２丁目１９番２７", "緯度": 37.949092, "経度": 139.099383, "url": "https://www.iryou.teikyouseido.mhlw.go.jp/znk-web/juminkanja/S2430/initialize?prefCd=15&kikanCd=SINCX00071&kikanKbn=2", "url2": "saito-mc.org", "内容": "さいとうメンタルクリニック【2:診療所】【診療科目:精神科_心療内科】新潟県新潟市東区空港西２丁目１９番２７" }, "geometry": { "type": "Point", "coordinates": [ 139.099383, 37.949092 ] } },
{ "type": "Feature", "properties": { "ID": "152SINCX00072", "正式名称": "佐野医院", "機関区分": 2, "都道府県コード": 15, "市区町村コード": 102, "所在地": "新潟県新潟市東区東明２丁目９番２号", "緯度": 37.899235, "経度": 139.085142, "url": "https://www.iryou.teikyouseido.mhlw.go.jp/znk-web/juminkanja/S2430/initialize?prefCd=15&kikanCd=SINCX00072&kikanKbn=2", "url2": "https://sano-iin.com", "内容": "佐野医院【2:診療所】【診療科目:内科_循環器内科_消化器内科】新潟県新潟市東区東明２丁目９番２号" }, "geometry": { "type": "Point", "coordinates": [ 139.085142, 37.899235 ] } },
{ "type": "Feature", "properties": { "ID": "152SINCX00075", "正式名称": "社会医療法人新潟勤労者医療協会ときわ診療所", "機関区分": 2, "都道府県コード": 15, "市区町村コード": 102, "所在地": "新潟県新潟市東区空港西１丁目１５番１７号", "緯度": 37.948011, "経度": 139.094262, "url": "https://www.iryou.teikyouseido.mhlw.go.jp/znk-web/juminkanja/S2430/initialize?prefCd=15&kikanCd=SINCX00075&kikanKbn=2", "url2": "https://niigata-min.or.jp/tokiwa/", "内容": "社会医療法人新潟勤労者医療協会ときわ診療所【2:診療所】【診療科目:内科_消化器内科】新潟県新潟市東区空港西１丁目１５番１７号" }, "geometry": { "type": "Point", "coordinates": [ 139.094262, 37.948011 ] } },
{ "type": "Feature", "properties": { "ID": "152SINCX00076", "正式名称": "庄司こども医院", "機関区分": 2, "都道府県コード": 15, "市区町村コード": 102, "所在地": "新潟県新潟市東区東中野山４丁目１５番７号", "緯度": 37.904654, "経度": 139.112747, "url": "https://www.iryou.teikyouseido.mhlw.go.jp/znk-web/juminkanja/S2430/initialize?prefCd=15&kikanCd=SINCX00076&kikanKbn=2", "url2": "https://shoji-kodomo.jp", "内容": "庄司こども医院【2:診療所】【診療科目:小児科】新潟県新潟市東区東中野山４丁目１５番７号" }, "geometry": { "type": "Point", "coordinates": [ 139.112747, 37.904654 ] } },
{ "type": "Feature", "properties": { "ID": "152SINCX00077", "正式名称": "小児科廣川医院", "機関区分": 2, "都道府県コード": 15, "市区町村コード": 102, "所在地": "新潟県新潟市東区若葉町１丁目２０番８号", "緯度": 37.896476, "経度": 139.112419, "url": "https://www.iryou.teikyouseido.mhlw.go.jp/znk-web/juminkanja/S2430/initialize?prefCd=15&kikanCd=SINCX00077&kikanKbn=2", "url2": "http://www.hirokawaiin.jp/", "内容": "小児科廣川医院【2:診療所】【診療科目:小児科_小児循環器】新潟県新潟市東区若葉町１丁目２０番８号" }, "geometry": { "type": "Point", "coordinates": [ 139.112419, 37.896476 ] } },
{ "type": "Feature", "properties": { "ID": "152SINCX00079", "正式名称": "高橋小児科医院", "機関区分": 2, "都道府県コード": 15, "市区町村コード": 102, "所在地": "新潟県新潟市東区逢谷内１丁目２番８号", "緯度": 37.920281, "経度": 139.114365, "url": "https://www.iryou.teikyouseido.mhlw.go.jp/znk-web/juminkanja/S2430/initialize?prefCd=15&kikanCd=SINCX00079&kikanKbn=2", "url2": null, "内容": "高橋小児科医院【2:診療所】【診療科目:内科_小児科_アレルギー科】新潟県新潟市東区逢谷内１丁目２番８号" }, "geometry": { "type": "Point", "coordinates": [ 139.114365, 37.920281 ] } },
{ "type": "Feature", "properties": { "ID": "152SINCX00081", "正式名称": "滝沢医院", "機関区分": 2, "都道府県コード": 15, "市区町村コード": 102, "所在地": "新潟県新潟市東区松崎二丁目十一番十四号", "緯度": 37.935602, "経度": 139.118139, "url": "https://www.iryou.teikyouseido.mhlw.go.jp/znk-web/juminkanja/S2430/initialize?prefCd=15&kikanCd=SINCX00081&kikanKbn=2", "url2": null, "内容": "滝沢医院【2:診療所】【診療科目:内科】新潟県新潟市東区松崎二丁目十一番十四号" }, "geometry": { "type": "Point", "coordinates": [ 139.118139, 37.935602 ] } },
{ "type": "Feature", "properties": { "ID": "152SINCX00082", "正式名称": "滝沢診療所", "機関区分": 2, "都道府県コード": 15, "市区町村コード": 102, "所在地": "新潟県新潟市東区小金町１丁目１７番４０号", "緯度": 37.935652, "経度": 139.094252, "url": "https://www.iryou.teikyouseido.mhlw.go.jp/znk-web/juminkanja/S2430/initialize?prefCd=15&kikanCd=SINCX00082&kikanKbn=2", "url2": null, "内容": "滝沢診療所【2:診療所】【診療科目:内科】新潟県新潟市東区小金町１丁目１７番４０号" }, "geometry": { "type": "Point", "coordinates": [ 139.094252, 37.935652 ] } },
{ "type": "Feature", "properties": { "ID": "152SINCX00083", "正式名称": "戸井田内科医院", "機関区分": 2, "都道府県コード": 15, "市区町村コード": 102, "所在地": "新潟県新潟市東区中野山４丁目１５番７号", "緯度": 37.903075, "経度": 139.104891, "url": "https://www.iryou.teikyouseido.mhlw.go.jp/znk-web/juminkanja/S2430/initialize?prefCd=15&kikanCd=SINCX00083&kikanKbn=2", "url2": null, "内容": "戸井田内科医院【2:診療所】【診療科目:内科_循環器内科】新潟県新潟市東区中野山４丁目１５番７号" }, "geometry": { "type": "Point", "coordinates": [ 139.104891, 37.903075 ] } },
{ "type": "Feature", "properties": { "ID": "152SINCX00098", "正式名称": "中野山眼科", "機関区分": 2, "都道府県コード": 15, "市区町村コード": 102, "所在地": "新潟県新潟市東区猿ケ馬場１丁目１番１７号", "緯度": 37.905534, "経度": 139.113693, "url": "https://www.iryou.teikyouseido.mhlw.go.jp/znk-web/juminkanja/S2430/initialize?prefCd=15&kikanCd=SINCX00098&kikanKbn=2", "url2": "https://www.nakanoyama-ganka.com", "内容": "中野山眼科【2:診療所】【診療科目:眼科】新潟県新潟市東区猿ケ馬場１丁目１番１７号" }, "geometry": { "type": "Point", "coordinates": [ 139.113693, 37.905534 ] } },
{ "type": "Feature", "properties": { "ID": "152SINCX00099", "正式名称": "なかむら耳鼻科クリニック", "機関区分": 2, "都道府県コード": 15, "市区町村コード": 102, "所在地": "新潟県新潟市東区若葉町１丁目２０番３号", "緯度": 37.896255, "経度": 139.11189, "url": "https://www.iryou.teikyouseido.mhlw.go.jp/znk-web/juminkanja/S2430/initialize?prefCd=15&kikanCd=SINCX00099&kikanKbn=2", "url2": "http://www.nakamura-ent.jp/", "内容": "なかむら耳鼻科クリニック【2:診療所】【診療科目:耳鼻いんこう科_アレルギー科】新潟県新潟市東区若葉町１丁目２０番３号" }, "geometry": { "type": "Point", "coordinates": [ 139.11189, 37.896255 ] } },
{ "type": "Feature", "properties": { "ID": "152SINCX00100", "正式名称": "新潟医療生活協同組合　木戸クリニック", "機関区分": 2, "都道府県コード": 15, "市区町村コード": 102, "所在地": "新潟県新潟市東区上木戸５丁目２番１号", "緯度": 37.92035, "経度": 139.103248, "url": "https://www.iryou.teikyouseido.mhlw.go.jp/znk-web/juminkanja/S2430/initialize?prefCd=15&kikanCd=SINCX00100&kikanKbn=2", "url2": "http://niigata.iryo-coop.com", "内容": "新潟医療生活協同組合　木戸クリニック【2:診療所】【診療科目:内科_漢方内科】新潟県新潟市東区上木戸５丁目２番１号" }, "geometry": { "type": "Point", "coordinates": [ 139.103248, 37.92035 ] } },
{ "type": "Feature", "properties": { "ID": "152SINCX00105", "正式名称": "みずさわ内科クリニック", "機関区分": 2, "都道府県コード": 15, "市区町村コード": 102, "所在地": "新潟県新潟市東区太平２丁目２２番地１", "緯度": 37.943587, "経度": 139.114026, "url": "https://www.iryou.teikyouseido.mhlw.go.jp/znk-web/juminkanja/S2430/initialize?prefCd=15&kikanCd=SINCX00105&kikanKbn=2", "url2": null, "内容": "みずさわ内科クリニック【2:診療所】【診療科目:内科_呼吸器内科_循環器内科_消化器内科_小児科】新潟県新潟市東区太平２丁目２２番地１" }, "geometry": { "type": "Point", "coordinates": [ 139.114026, 37.943587 ] } },
{ "type": "Feature", "properties": { "ID": "152SINCX00106", "正式名称": "ＨＡＬクリニック", "機関区分": 2, "都道府県コード": 15, "市区町村コード": 102, "所在地": "新潟県新潟市東区中山６丁目１３番４３号", "緯度": 37.914084, "経度": 139.083814, "url": "https://www.iryou.teikyouseido.mhlw.go.jp/znk-web/juminkanja/S2430/initialize?prefCd=15&kikanCd=SINCX00106&kikanKbn=2", "url2": null, "内容": "ＨＡＬクリニック【2:診療所】【診療科目:内科_心臓血管外科】新潟県新潟市東区中山６丁目１３番４３号" }, "geometry": { "type": "Point", "coordinates": [ 139.083814, 37.914084 ] } },
{ "type": "Feature", "properties": { "ID": "152SINCX00109", "正式名称": "東新潟まやま眼科", "機関区分": 2, "都道府県コード": 15, "市区町村コード": 102, "所在地": "新潟県新潟市東区中山７丁目１１番１１号", "緯度": 37.912412, "経度": 139.082187, "url": "https://www.iryou.teikyouseido.mhlw.go.jp/znk-web/juminkanja/S2430/initialize?prefCd=15&kikanCd=SINCX00109&kikanKbn=2", "url2": null, "内容": "東新潟まやま眼科【2:診療所】【診療科目:眼科】新潟県新潟市東区中山７丁目１１番１１号" }, "geometry": { "type": "Point", "coordinates": [ 139.082187, 37.912412 ] } },
{ "type": "Feature", "properties": { "ID": "152SINCX00112", "正式名称": "ぼくとわたしの小児科", "機関区分": 2, "都道府県コード": 15, "市区町村コード": 102, "所在地": "新潟県新潟市東区秋葉１－６－４０", "緯度": 37.939875, "経度": 139.084256, "url": "https://www.iryou.teikyouseido.mhlw.go.jp/znk-web/juminkanja/S2430/initialize?prefCd=15&kikanCd=SINCX00112&kikanKbn=2", "url2": "https://itp.ne.jp/info/156651626183751350/", "内容": "ぼくとわたしの小児科【2:診療所】【診療科目:小児科】新潟県新潟市東区秋葉１－６－４０" }, "geometry": { "type": "Point", "coordinates": [ 139.084256, 37.939875 ] } },
{ "type": "Feature", "properties": { "ID": "152SINCX00114", "正式名称": "本多レディースクリニック", "機関区分": 2, "都道府県コード": 15, "市区町村コード": 102, "所在地": "新潟県新潟市東区中野山８９１番地１", "緯度": 37.894386, "経度": 139.107309, "url": "https://www.iryou.teikyouseido.mhlw.go.jp/znk-web/juminkanja/S2430/initialize?prefCd=15&kikanCd=SINCX00114&kikanKbn=2", "url2": "http://www.honda-lc.com", "内容": "本多レディースクリニック【2:診療所】【診療科目:産科_婦人科】新潟県新潟市東区中野山８９１番地１" }, "geometry": { "type": "Point", "coordinates": [ 139.107309, 37.894386 ] } },
{ "type": "Feature", "properties": { "ID": "152SINCX00115", "正式名称": "まきの乳腺クリニック", "機関区分": 2, "都道府県コード": 15, "市区町村コード": 102, "所在地": "新潟県新潟市東区中山６－１３－４８", "緯度": 37.913934, "経度": 139.083389, "url": "https://www.iryou.teikyouseido.mhlw.go.jp/znk-web/juminkanja/S2430/initialize?prefCd=15&kikanCd=SINCX00115&kikanKbn=2", "url2": "http://makino-n.byoinnavi.jp/pc/", "内容": "まきの乳腺クリニック【2:診療所】【診療科目:乳腺外科】新潟県新潟市東区中山６－１３－４８" }, "geometry": { "type": "Point", "coordinates": [ 139.083389, 37.913934 ] } },
{ "type": "Feature", "properties": { "ID": "152SINCX00118", "正式名称": "みんなの皮ふ科", "機関区分": 2, "都道府県コード": 15, "市区町村コード": 102, "所在地": "新潟県新潟市東区東明２ー６ー１６", "緯度": 37.89978, "経度": 139.084072, "url": "https://www.iryou.teikyouseido.mhlw.go.jp/znk-web/juminkanja/S2430/initialize?prefCd=15&kikanCd=SINCX00118&kikanKbn=2", "url2": null, "内容": "みんなの皮ふ科【2:診療所】【診療科目:皮膚科】新潟県新潟市東区東明２ー６ー１６" }, "geometry": { "type": "Point", "coordinates": [ 139.084072, 37.89978 ] } },
{ "type": "Feature", "properties": { "ID": "152SINCX00119", "正式名称": "明生堂アイクリニック", "機関区分": 2, "都道府県コード": 15, "市区町村コード": 102, "所在地": "新潟県新潟市東区太平３丁目２０８３－２９", "緯度": 37.946994, "経度": 139.111728, "url": "https://www.iryou.teikyouseido.mhlw.go.jp/znk-web/juminkanja/S2430/initialize?prefCd=15&kikanCd=SINCX00119&kikanKbn=2", "url2": "http://www.meiseido-eye.jp", "内容": "明生堂アイクリニック【2:診療所】【診療科目:眼科】新潟県新潟市東区太平３丁目２０８３－２９" }, "geometry": { "type": "Point", "coordinates": [ 139.111728, 37.946994 ] } },
{ "type": "Feature", "properties": { "ID": "152SINCX00120", "正式名称": "もとやま内科クリニック", "機関区分": 2, "都道府県コード": 15, "市区町村コード": 102, "所在地": "新潟県新潟市東区海老ケ瀬３０１２番地", "緯度": 37.933156, "経度": 139.122709, "url": "https://www.iryou.teikyouseido.mhlw.go.jp/znk-web/juminkanja/S2430/initialize?prefCd=15&kikanCd=SINCX00120&kikanKbn=2", "url2": null, "内容": "もとやま内科クリニック【2:診療所】【診療科目:内科_消化器内科】新潟県新潟市東区海老ケ瀬３０１２番地" }, "geometry": { "type": "Point", "coordinates": [ 139.122709, 37.933156 ] } },
{ "type": "Feature", "properties": { "ID": "152SINCX00121", "正式名称": "ものみやまクリニック", "機関区分": 2, "都道府県コード": 15, "市区町村コード": 102, "所在地": "新潟県新潟市東区物見山４丁目７番１６号", "緯度": 37.943121, "経度": 139.100249, "url": "https://www.iryou.teikyouseido.mhlw.go.jp/znk-web/juminkanja/S2430/initialize?prefCd=15&kikanCd=SINCX00121&kikanKbn=2", "url2": "monomiyama.com", "内容": "ものみやまクリニック【2:診療所】【診療科目:内科】新潟県新潟市東区物見山４丁目７番１６号" }, "geometry": { "type": "Point", "coordinates": [ 139.100249, 37.943121 ] } },
{ "type": "Feature", "properties": { "ID": "152SINCX00124", "正式名称": "ささげ整形外科", "機関区分": 2, "都道府県コード": 15, "市区町村コード": 102, "所在地": "新潟県新潟市東区粟山３丁目１番７号", "緯度": 37.898011, "経度": 139.100186, "url": "https://www.iryou.teikyouseido.mhlw.go.jp/znk-web/juminkanja/S2430/initialize?prefCd=15&kikanCd=SINCX00124&kikanKbn=2", "url2": "https://sasage-seikei.jp/", "内容": "ささげ整形外科【2:診療所】【診療科目:整形外科_リウマチ科_リハビリテーション科】新潟県新潟市東区粟山３丁目１番７号" }, "geometry": { "type": "Point", "coordinates": [ 139.100186, 37.898011 ] } },
{ "type": "Feature", "properties": { "ID": "152SINCX00125", "正式名称": "ＡＲＴクリニック白山", "機関区分": 2, "都道府県コード": 15, "市区町村コード": 103, "所在地": "新潟県新潟市中央区白山浦２丁目２０番地１白山メディカルビル２・３Ｆ", "緯度": 37.911577, "経度": 139.027311, "url": "https://www.iryou.teikyouseido.mhlw.go.jp/znk-web/juminkanja/S2430/initialize?prefCd=15&kikanCd=SINCX00125&kikanKbn=2", "url2": "www.art-hakusan.com", "内容": "ＡＲＴクリニック白山【2:診療所】【診療科目:産婦人科_婦人科_産婦人科（生殖医療）】新潟県新潟市中央区白山浦２丁目２０番地１白山メディカルビル２・３Ｆ" }, "geometry": { "type": "Point", "coordinates": [ 139.027311, 37.911577 ] } },
{ "type": "Feature", "properties": { "ID": "152SINCX00128", "正式名称": "あじさい耳鼻科・アレルギー科クリニック", "機関区分": 2, "都道府県コード": 15, "市区町村コード": 103, "所在地": "新潟県新潟市中央区東万代町９番３８号", "緯度": 37.917262, "経度": 139.063404, "url": "https://www.iryou.teikyouseido.mhlw.go.jp/znk-web/juminkanja/S2430/initialize?prefCd=15&kikanCd=SINCX00128&kikanKbn=2", "url2": "ajisai-jibika.jp", "内容": "あじさい耳鼻科・アレルギー科クリニック【2:診療所】【診療科目:小児耳鼻いんこう科_耳鼻いんこう科_頭頸部・耳鼻いんこう科_アレルギー科】新潟県新潟市中央区東万代町９番３８号" }, "geometry": { "type": "Point", "coordinates": [ 139.063404, 37.917262 ] } },
{ "type": "Feature", "properties": { "ID": "152SINCX00129", "正式名称": "安宅医院", "機関区分": 2, "都道府県コード": 15, "市区町村コード": 103, "所在地": "新潟県新潟市中央区関屋大川前１丁目１１番５号", "緯度": 37.901915, "経度": 139.014379, "url": "https://www.iryou.teikyouseido.mhlw.go.jp/znk-web/juminkanja/S2430/initialize?prefCd=15&kikanCd=SINCX00129&kikanKbn=2", "url2": null, "内容": "安宅医院【2:診療所】【診療科目:内科_消化器内科_小児科】新潟県新潟市中央区関屋大川前１丁目１１番５号" }, "geometry": { "type": "Point", "coordinates": [ 139.014379, 37.901915 ] } },
{ "type": "Feature", "properties": { "ID": "152SINCX00130", "正式名称": "阿部・島本小児科内科医院", "機関区分": 2, "都道府県コード": 15, "市区町村コード": 103, "所在地": "新潟県新潟市中央区関屋本村町２丁目２２４番地", "緯度": 37.911658, "経度": 139.017581, "url": "https://www.iryou.teikyouseido.mhlw.go.jp/znk-web/juminkanja/S2430/initialize?prefCd=15&kikanCd=SINCX00130&kikanKbn=2", "url2": null, "内容": "阿部・島本小児科内科医院【2:診療所】【診療科目:内科_小児科_アレルギー科】新潟県新潟市中央区関屋本村町２丁目２２４番地" }, "geometry": { "type": "Point", "coordinates": [ 139.017581, 37.911658 ] } },
{ "type": "Feature", "properties": { "ID": "152SINCX00131", "正式名称": "あべ内科クリニック", "機関区分": 2, "都道府県コード": 15, "市区町村コード": 103, "所在地": "新潟県新潟市中央区小張木２丁目１３番３０号", "緯度": 37.887358, "経度": 139.040547, "url": "https://www.iryou.teikyouseido.mhlw.go.jp/znk-web/juminkanja/S2430/initialize?prefCd=15&kikanCd=SINCX00131&kikanKbn=2", "url2": "https://abenaika.org", "内容": "あべ内科クリニック【2:診療所】【診療科目:内科_糖尿病内科_循環器内科】新潟県新潟市中央区小張木２丁目１３番３０号" }, "geometry": { "type": "Point", "coordinates": [ 139.040547, 37.887358 ] } },
{ "type": "Feature", "properties": { "ID": "152SINCX00132", "正式名称": "新井内科・消化器科クリニック", "機関区分": 2, "都道府県コード": 15, "市区町村コード": 103, "所在地": "新潟県新潟市中央区川岸町２丁目８－２", "緯度": 37.91012, "経度": 139.030535, "url": "https://www.iryou.teikyouseido.mhlw.go.jp/znk-web/juminkanja/S2430/initialize?prefCd=15&kikanCd=SINCX00132&kikanKbn=2", "url2": "http://arai-clinic.life.coocan.jp/", "内容": "新井内科・消化器科クリニック【2:診療所】【診療科目:内科_消化器内科】新潟県新潟市中央区川岸町２丁目８－２" }, "geometry": { "type": "Point", "coordinates": [ 139.030535, 37.91012 ] } },
{ "type": "Feature", "properties": { "ID": "152SINCX00134", "正式名称": "有明台整形外科", "機関区分": 2, "都道府県コード": 15, "市区町村コード": 103, "所在地": "新潟県新潟市中央区堀割町２－６", "緯度": 37.903873, "経度": 139.010003, "url": "https://www.iryou.teikyouseido.mhlw.go.jp/znk-web/juminkanja/S2430/initialize?prefCd=15&kikanCd=SINCX00134&kikanKbn=2", "url2": "http://ariakedai.jimdo.com/", "内容": "有明台整形外科【2:診療所】【診療科目:整形外科_リハビリテーション科】新潟県新潟市中央区堀割町２－６" }, "geometry": { "type": "Point", "coordinates": [ 139.010003, 37.903873 ] } },
{ "type": "Feature", "properties": { "ID": "152SINCX00135", "正式名称": "新潟健診プラザ", "機関区分": 2, "都道府県コード": 15, "市区町村コード": 103, "所在地": "新潟県新潟市中央区紫竹山２丁目６番１０号", "緯度": 37.901613, "経度": 139.068855, "url": "https://www.iryou.teikyouseido.mhlw.go.jp/znk-web/juminkanja/S2430/initialize?prefCd=15&kikanCd=SINCX00135&kikanKbn=2", "url2": "https://www.kenko-i.jp/", "内容": "新潟健診プラザ【2:診療所】【診療科目:内科】新潟県新潟市中央区紫竹山２丁目６番１０号" }, "geometry": { "type": "Point", "coordinates": [ 139.068855, 37.901613 ] } },
{ "type": "Feature", "properties": { "ID": "152SINCX00136", "正式名称": "医療法人社団井上内科医院", "機関区分": 2, "都道府県コード": 15, "市区町村コード": 103, "所在地": "新潟県新潟市中央区女池上山５丁目３番５号", "緯度": 37.893252, "経度": 139.029293, "url": "https://www.iryou.teikyouseido.mhlw.go.jp/znk-web/juminkanja/S2430/initialize?prefCd=15&kikanCd=SINCX00136&kikanKbn=2", "url2": "http://inouenaikaiinn.com", "内容": "医療法人社団井上内科医院【2:診療所】【診療科目:内科_代謝内科_糖尿病・内分泌内科_消化器内科】新潟県新潟市中央区女池上山５丁目３番５号" }, "geometry": { "type": "Point", "coordinates": [ 139.029293, 37.893252 ] } },
{ "type": "Feature", "properties": { "ID": "152SINCX00138", "正式名称": "医療法人社団上伸会東京上野クリニック新潟医院", "機関区分": 2, "都道府県コード": 15, "市区町村コード": 103, "所在地": "新潟県新潟市中央区花園１丁目３番２号ＩＭＡビルⅡ６階", "緯度": 37.913653, "経度": 139.062681, "url": "https://www.iryou.teikyouseido.mhlw.go.jp/znk-web/juminkanja/S2430/initialize?prefCd=15&kikanCd=SINCX00138&kikanKbn=2", "url2": null, "内容": "医療法人社団上伸会東京上野クリニック新潟医院【2:診療所】【診療科目:美容外科】新潟県新潟市中央区花園１丁目３番２号ＩＭＡビルⅡ６階" }, "geometry": { "type": "Point", "coordinates": [ 139.062681, 37.913653 ] } },
{ "type": "Feature", "properties": { "ID": "152SINCX00140", "正式名称": "医療法人社団野中内科医院", "機関区分": 2, "都道府県コード": 15, "市区町村コード": 103, "所在地": "新潟県新潟市中央区沼垂西１丁目８番５号", "緯度": 37.920473, "経度": 139.064637, "url": "https://www.iryou.teikyouseido.mhlw.go.jp/znk-web/juminkanja/S2430/initialize?prefCd=15&kikanCd=SINCX00140&kikanKbn=2", "url2": "https://www.nonaka-naikaiin.com", "内容": "医療法人社団野中内科医院【2:診療所】【診療科目:内科_循環器内科】新潟県新潟市中央区沼垂西１丁目８番５号" }, "geometry": { "type": "Point", "coordinates": [ 139.064637, 37.920473 ] } },
{ "type": "Feature", "properties": { "ID": "152SINCX00141", "正式名称": "医療法人社団ロイヤルハートクリニック", "機関区分": 2, "都道府県コード": 15, "市区町村コード": 103, "所在地": "新潟県新潟市中央区天神尾１丁目１７番５号", "緯度": 37.907982, "経度": 139.05461, "url": "https://www.iryou.teikyouseido.mhlw.go.jp/znk-web/juminkanja/S2430/initialize?prefCd=15&kikanCd=SINCX00141&kikanKbn=2", "url2": "https://www.royal-heart-clinic.com/index1.html", "内容": "医療法人社団ロイヤルハートクリニック【2:診療所】【診療科目:産科_婦人科】新潟県新潟市中央区天神尾１丁目１７番５号" }, "geometry": { "type": "Point", "coordinates": [ 139.05461, 37.907982 ] } },
{ "type": "Feature", "properties": { "ID": "152SINCX00142", "正式名称": "岩永医院", "機関区分": 2, "都道府県コード": 15, "市区町村コード": 103, "所在地": "新潟県新潟市中央区月町２０１４番地１", "緯度": 37.923104, "経度": 139.050575, "url": "https://www.iryou.teikyouseido.mhlw.go.jp/znk-web/juminkanja/S2430/initialize?prefCd=15&kikanCd=SINCX00142&kikanKbn=2", "url2": "https://iwanagaiin.com", "内容": "岩永医院【2:診療所】【診療科目:内科_糖尿病内科_代謝内科_内分泌内科_脂質代謝内科_糖尿病・内分泌内科_糖尿病・代謝内科_代謝・内分泌内科_消化器内科_胃腸内科_肝臓内科_内視鏡内科】新潟県新潟市中央区月町２０１４番地１" }, "geometry": { "type": "Point", "coordinates": [ 139.050575, 37.923104 ] } },
{ "type": "Feature", "properties": { "ID": "152SINCX00143", "正式名称": "植木外科医院", "機関区分": 2, "都道府県コード": 15, "市区町村コード": 103, "所在地": "新潟県新潟市中央区東大通２丁目１０番２６号", "緯度": 37.916547, "経度": 139.061211, "url": "https://www.iryou.teikyouseido.mhlw.go.jp/znk-web/juminkanja/S2430/initialize?prefCd=15&kikanCd=SINCX00143&kikanKbn=2", "url2": "https://www.ueki-geka.net", "内容": "植木外科医院【2:診療所】【診療科目:消化器内科_外科_乳腺外科_大腸・肛門外科】新潟県新潟市中央区東大通２丁目１０番２６号" }, "geometry": { "type": "Point", "coordinates": [ 139.061211, 37.916547 ] } },
{ "type": "Feature", "properties": { "ID": "152SINCX00146", "正式名称": "遠藤胃腸科内科医院", "機関区分": 2, "都道府県コード": 15, "市区町村コード": 103, "所在地": "新潟県新潟市中央区南笹口１丁目４番１１号", "緯度": 37.906586, "経度": 139.065699, "url": "https://www.iryou.teikyouseido.mhlw.go.jp/znk-web/juminkanja/S2430/initialize?prefCd=15&kikanCd=SINCX00146&kikanKbn=2", "url2": "https://www.endouichoukanaika.com", "内容": "遠藤胃腸科内科医院【2:診療所】【診療科目:内科_消化器内科】新潟県新潟市中央区南笹口１丁目４番１１号" }, "geometry": { "type": "Point", "coordinates": [ 139.065699, 37.906586 ] } },
{ "type": "Feature", "properties": { "ID": "152SINCX00147", "正式名称": "近江わたなべクリニック", "機関区分": 2, "都道府県コード": 15, "市区町村コード": 103, "所在地": "新潟県新潟市中央区近江３丁目５番５号", "緯度": 37.901625, "経度": 139.045679, "url": "https://www.iryou.teikyouseido.mhlw.go.jp/znk-web/juminkanja/S2430/initialize?prefCd=15&kikanCd=SINCX00147&kikanKbn=2", "url2": "http://r.goope.jp/omiwatanabe-clin/", "内容": "近江わたなべクリニック【2:診療所】【診療科目:内科_循環器内科】新潟県新潟市中央区近江３丁目５番５号" }, "geometry": { "type": "Point", "coordinates": [ 139.045679, 37.901625 ] } },
{ "type": "Feature", "properties": { "ID": "152SINCX00148", "正式名称": "大滝耳鼻科クリニック", "機関区分": 2, "都道府県コード": 15, "市区町村コード": 103, "所在地": "新潟県新潟市中央区長潟１２０４番地４", "緯度": 37.883887, "経度": 139.067248, "url": "https://www.iryou.teikyouseido.mhlw.go.jp/znk-web/juminkanja/S2430/initialize?prefCd=15&kikanCd=SINCX00148&kikanKbn=2", "url2": "https://www.ohtaki-ent-clinic.jp", "内容": "大滝耳鼻科クリニック【2:診療所】【診療科目:耳鼻いんこう科】新潟県新潟市中央区長潟１２０４番地４" }, "geometry": { "type": "Point", "coordinates": [ 139.067248, 37.883887 ] } },
{ "type": "Feature", "properties": { "ID": "152SINCX00149", "正式名称": "おおつかこどもクリニック", "機関区分": 2, "都道府県コード": 15, "市区町村コード": 103, "所在地": "新潟県新潟市中央区近江３丁目１番４５号", "緯度": 37.903496, "経度": 139.045078, "url": "https://www.iryou.teikyouseido.mhlw.go.jp/znk-web/juminkanja/S2430/initialize?prefCd=15&kikanCd=SINCX00149&kikanKbn=2", "url2": "https://otsuka-c-c.com/", "内容": "おおつかこどもクリニック【2:診療所】【診療科目:小児科】新潟県新潟市中央区近江３丁目１番４５号" }, "geometry": { "type": "Point", "coordinates": [ 139.045078, 37.903496 ] } },
{ "type": "Feature", "properties": { "ID": "152SINCX00150", "正式名称": "大野内科医院", "機関区分": 2, "都道府県コード": 15, "市区町村コード": 103, "所在地": "新潟県新潟市中央区鐙西２丁目９番１６号", "緯度": 37.904183, "経度": 139.059677, "url": "https://www.iryou.teikyouseido.mhlw.go.jp/znk-web/juminkanja/S2430/initialize?prefCd=15&kikanCd=SINCX00150&kikanKbn=2", "url2": null, "内容": "大野内科医院【2:診療所】【診療科目:内科_消化器内科】新潟県新潟市中央区鐙西２丁目９番１６号" }, "geometry": { "type": "Point", "coordinates": [ 139.059677, 37.904183 ] } },
{ "type": "Feature", "properties": { "ID": "152SINCX00151", "正式名称": "大橋みなこキッズクリニック", "機関区分": 2, "都道府県コード": 15, "市区町村コード": 103, "所在地": "新潟県新潟市中央区川岸町２丁目８番地１７", "緯度": 37.91026, "経度": 139.030997, "url": "https://www.iryou.teikyouseido.mhlw.go.jp/znk-web/juminkanja/S2430/initialize?prefCd=15&kikanCd=SINCX00151&kikanKbn=2", "url2": "minako-kidsclinic.com", "内容": "大橋みなこキッズクリニック【2:診療所】【診療科目:小児科_アレルギー科】新潟県新潟市中央区川岸町２丁目８番地１７" }, "geometry": { "type": "Point", "coordinates": [ 139.030997, 37.91026 ] } },
{ "type": "Feature", "properties": { "ID": "152SINCX00152", "正式名称": "大森内科医院", "機関区分": 2, "都道府県コード": 15, "市区町村コード": 103, "所在地": "新潟県新潟市中央区八千代１丁目１番３０号", "緯度": 37.914869, "経度": 139.055979, "url": "https://www.iryou.teikyouseido.mhlw.go.jp/znk-web/juminkanja/S2430/initialize?prefCd=15&kikanCd=SINCX00152&kikanKbn=2", "url2": null, "内容": "大森内科医院【2:診療所】【診療科目:内科_循環器内科】新潟県新潟市中央区八千代１丁目１番３０号" }, "geometry": { "type": "Point", "coordinates": [ 139.055979, 37.914869 ] } },
{ "type": "Feature", "properties": { "ID": "152SINCX00153", "正式名称": "おがた医院", "機関区分": 2, "都道府県コード": 15, "市区町村コード": 103, "所在地": "新潟県新潟市中央区堀割町３番３号", "緯度": 37.903606, "経度": 139.009539, "url": "https://www.iryou.teikyouseido.mhlw.go.jp/znk-web/juminkanja/S2430/initialize?prefCd=15&kikanCd=SINCX00153&kikanKbn=2", "url2": null, "内容": "おがた医院【2:診療所】【診療科目:外科_整形外科_皮膚科_麻酔科】新潟県新潟市中央区堀割町３番３号" }, "geometry": { "type": "Point", "coordinates": [ 139.009539, 37.903606 ] } },
{ "type": "Feature", "properties": { "ID": "152SINCX00154", "正式名称": "岡田整形外科", "機関区分": 2, "都道府県コード": 15, "市区町村コード": 103, "所在地": "新潟県新潟市中央区天神尾２丁目１１番２号", "緯度": 37.907134, "経度": 139.052288, "url": "https://www.iryou.teikyouseido.mhlw.go.jp/znk-web/juminkanja/S2430/initialize?prefCd=15&kikanCd=SINCX00154&kikanKbn=2", "url2": "https://okadaseikei.jp/", "内容": "岡田整形外科【2:診療所】【診療科目:整形外科_リハビリテーション科】新潟県新潟市中央区天神尾２丁目１１番２号" }, "geometry": { "type": "Point", "coordinates": [ 139.052288, 37.907134 ] } },
{ "type": "Feature", "properties": { "ID": "152SINCX00155", "正式名称": "岡田内科医院", "機関区分": 2, "都道府県コード": 15, "市区町村コード": 103, "所在地": "新潟県新潟市中央区幸町７番２５号", "緯度": 37.909986, "経度": 139.049853, "url": "https://www.iryou.teikyouseido.mhlw.go.jp/znk-web/juminkanja/S2430/initialize?prefCd=15&kikanCd=SINCX00155&kikanKbn=2", "url2": "https://okada-medical-clinic.la.coocan.jp/", "内容": "岡田内科医院【2:診療所】【診療科目:内科_循環器内科_消化器内科】新潟県新潟市中央区幸町７番２５号" }, "geometry": { "type": "Point", "coordinates": [ 139.049853, 37.909986 ] } },
{ "type": "Feature", "properties": { "ID": "152SINCX00156", "正式名称": "おかむら内科下町クリニック", "機関区分": 2, "都道府県コード": 15, "市区町村コード": 103, "所在地": "新潟県新潟市中央区田町１丁目３２３９－１", "緯度": 37.931774, "経度": 139.052719, "url": "https://www.iryou.teikyouseido.mhlw.go.jp/znk-web/juminkanja/S2430/initialize?prefCd=15&kikanCd=SINCX00156&kikanKbn=2", "url2": "https://okamura-clinic.niigata.jp/", "内容": "おかむら内科下町クリニック【2:診療所】【診療科目:内科_循環器内科】新潟県新潟市中央区田町１丁目３２３９－１" }, "geometry": { "type": "Point", "coordinates": [ 139.052719, 37.931774 ] } },
{ "type": "Feature", "properties": { "ID": "152SINCX00159", "正式名称": "尾崎クリニック", "機関区分": 2, "都道府県コード": 15, "市区町村コード": 103, "所在地": "新潟県新潟市中央区水島町３－１９", "緯度": 37.911367, "経度": 139.054504, "url": "https://www.iryou.teikyouseido.mhlw.go.jp/znk-web/juminkanja/S2430/initialize?prefCd=15&kikanCd=SINCX00159&kikanKbn=2", "url2": "https://ozakikandaclinic.wixsite.com/website", "内容": "尾崎クリニック【2:診療所】【診療科目:内科_消化器内科】新潟県新潟市中央区水島町３－１９" }, "geometry": { "type": "Point", "coordinates": [ 139.054504, 37.911367 ] } },
{ "type": "Feature", "properties": { "ID": "152SINCX00160", "正式名称": "おのクリニック", "機関区分": 2, "都道府県コード": 15, "市区町村コード": 103, "所在地": "新潟県新潟市中央区笹口３番２１号", "緯度": 37.911112, "経度": 139.070072, "url": "https://www.iryou.teikyouseido.mhlw.go.jp/znk-web/juminkanja/S2430/initialize?prefCd=15&kikanCd=SINCX00160&kikanKbn=2", "url2": "http://www.onoclinic.net/", "内容": "おのクリニック【2:診療所】【診療科目:神経内科_脳神経外科】新潟県新潟市中央区笹口３番２１号" }, "geometry": { "type": "Point", "coordinates": [ 139.070072, 37.911112 ] } },
{ "type": "Feature", "properties": { "ID": "152SINCX00163", "正式名称": "勝見整形外科医院", "機関区分": 2, "都道府県コード": 15, "市区町村コード": 103, "所在地": "新潟県新潟市中央区堀之内南１丁目３２番１３号", "緯度": 37.903983, "経度": 139.049707, "url": "https://www.iryou.teikyouseido.mhlw.go.jp/znk-web/juminkanja/S2430/initialize?prefCd=15&kikanCd=SINCX00163&kikanKbn=2", "url2": null, "内容": "勝見整形外科医院【2:診療所】【診療科目:整形外科】新潟県新潟市中央区堀之内南１丁目３２番１３号" }, "geometry": { "type": "Point", "coordinates": [ 139.049707, 37.903983 ] } },
{ "type": "Feature", "properties": { "ID": "152SINCX00165", "正式名称": "川合クリニック", "機関区分": 2, "都道府県コード": 15, "市区町村コード": 103, "所在地": "新潟県新潟市中央区東大通２丁目３番２６号プレイス新潟３階", "緯度": 37.916129, "経度": 139.058851, "url": "https://www.iryou.teikyouseido.mhlw.go.jp/znk-web/juminkanja/S2430/initialize?prefCd=15&kikanCd=SINCX00165&kikanKbn=2", "url2": "https://www.ne.jp/asahi/kawai/clinic/index.html", "内容": "川合クリニック【2:診療所】【診療科目:内科_消化器内科_外科】新潟県新潟市中央区東大通２丁目３番２６号プレイス新潟３階" }, "geometry": { "type": "Point", "coordinates": [ 139.058851, 37.916129 ] } },
{ "type": "Feature", "properties": { "ID": "152SINCX00167", "正式名称": "かわさきこどもクリニック", "機関区分": 2, "都道府県コード": 15, "市区町村コード": 103, "所在地": "新潟県新潟市中央区女池４丁目１９番１０号", "緯度": 37.895498, "経度": 139.037576, "url": "https://www.iryou.teikyouseido.mhlw.go.jp/znk-web/juminkanja/S2430/initialize?prefCd=15&kikanCd=SINCX00167&kikanKbn=2", "url2": "http://kawasaki-k-clinic.com/", "内容": "かわさきこどもクリニック【2:診療所】【診療科目:小児科_アレルギー科】新潟県新潟市中央区女池４丁目１９番１０号" }, "geometry": { "type": "Point", "coordinates": [ 139.037576, 37.895498 ] } },
{ "type": "Feature", "properties": { "ID": "152SINCX00168", "正式名称": "かわちクリニック", "機関区分": 2, "都道府県コード": 15, "市区町村コード": 103, "所在地": "新潟県新潟市中央区花園１－４－３－２０２", "緯度": 37.913225, "経度": 139.062989, "url": "https://www.iryou.teikyouseido.mhlw.go.jp/znk-web/juminkanja/S2430/initialize?prefCd=15&kikanCd=SINCX00168&kikanKbn=2", "url2": "https://m.amebaownd.com/#/sites/1581576", "内容": "かわちクリニック【2:診療所】【診療科目:児童精神科_育児等相談外来_小児心療内科】新潟県新潟市中央区花園１－４－３－２０２" }, "geometry": { "type": "Point", "coordinates": [ 139.062989, 37.913225 ] } },
{ "type": "Feature", "properties": { "ID": "152SINCX00169", "正式名称": "きくち内科医院", "機関区分": 2, "都道府県コード": 15, "市区町村コード": 103, "所在地": "新潟県新潟市中央区女池４－１９－２", "緯度": 37.895605, "経度": 139.037931, "url": "https://www.iryou.teikyouseido.mhlw.go.jp/znk-web/juminkanja/S2430/initialize?prefCd=15&kikanCd=SINCX00169&kikanKbn=2", "url2": null, "内容": "きくち内科医院【2:診療所】【診療科目:内科_循環器内科_アレルギー科_リウマチ科】新潟県新潟市中央区女池４－１９－２" }, "geometry": { "type": "Point", "coordinates": [ 139.037931, 37.895605 ] } },
{ "type": "Feature", "properties": { "ID": "152SINCX00170", "正式名称": "きしもと医院", "機関区分": 2, "都道府県コード": 15, "市区町村コード": 103, "所在地": "新潟県新潟市中央区大島１７２番地６５", "緯度": 37.882561, "経度": 139.027613, "url": "https://www.iryou.teikyouseido.mhlw.go.jp/znk-web/juminkanja/S2430/initialize?prefCd=15&kikanCd=SINCX00170&kikanKbn=2", "url2": "https://www.kishimotoclinic.com/", "内容": "きしもと医院【2:診療所】【診療科目:内科_呼吸器内科_アレルギー科】新潟県新潟市中央区大島１７２番地６５" }, "geometry": { "type": "Point", "coordinates": [ 139.027613, 37.882561 ] } },
{ "type": "Feature", "properties": { "ID": "152SINCX00172", "正式名称": "県庁前神経内科クリニック", "機関区分": 2, "都道府県コード": 15, "市区町村コード": 103, "所在地": "新潟県新潟市中央区出来島１丁目５番５２号セントラルコート県庁前１Ｆ", "緯度": 37.901198, "経度": 139.024508, "url": "https://www.iryou.teikyouseido.mhlw.go.jp/znk-web/juminkanja/S2430/initialize?prefCd=15&kikanCd=SINCX00172&kikanKbn=2", "url2": "http://www.agano.or.jp/clinic/", "内容": "県庁前神経内科クリニック【2:診療所】【診療科目:内科_脳神経内科_リハビリテーション科】新潟県新潟市中央区出来島１丁目５番５２号セントラルコート県庁前１Ｆ" }, "geometry": { "type": "Point", "coordinates": [ 139.024508, 37.901198 ] } },
{ "type": "Feature", "properties": { "ID": "152SINCX00174", "正式名称": "公益財団法人新潟県保健衛生センター附属診療所", "機関区分": 2, "都道府県コード": 15, "市区町村コード": 103, "所在地": "新潟県新潟市中央区白山浦２丁目１８０番地５", "緯度": 37.914153, "経度": 139.029481, "url": "https://www.iryou.teikyouseido.mhlw.go.jp/znk-web/juminkanja/S2430/initialize?prefCd=15&kikanCd=SINCX00174&kikanKbn=2", "url2": null, "内容": "公益財団法人新潟県保健衛生センター附属診療所【2:診療所】【診療科目:内科_婦人科】新潟県新潟市中央区白山浦２丁目１８０番地５" }, "geometry": { "type": "Point", "coordinates": [ 139.029481, 37.914153 ] } },
{ "type": "Feature", "properties": { "ID": "152SINCX00177", "正式名称": "小林医院", "機関区分": 2, "都道府県コード": 15, "市区町村コード": 103, "所在地": "新潟県新潟市中央区沼垂東２ー２ー１５", "緯度": 37.919196, "経度": 139.070521, "url": "https://www.iryou.teikyouseido.mhlw.go.jp/znk-web/juminkanja/S2430/initialize?prefCd=15&kikanCd=SINCX00177&kikanKbn=2", "url2": null, "内容": "小林医院【2:診療所】【診療科目:内科】新潟県新潟市中央区沼垂東２ー２ー１５" }, "geometry": { "type": "Point", "coordinates": [ 139.070521, 37.919196 ] } },
{ "type": "Feature", "properties": { "ID": "152SINCX00181", "正式名称": "こん整形外科クリニック", "機関区分": 2, "都道府県コード": 15, "市区町村コード": 103, "所在地": "新潟県新潟市中央区紫竹山２丁目４番３０号", "緯度": 37.901854, "経度": 139.067191, "url": "https://www.iryou.teikyouseido.mhlw.go.jp/znk-web/juminkanja/S2430/initialize?prefCd=15&kikanCd=SINCX00181&kikanKbn=2", "url2": "http://kosmi.jp", "内容": "こん整形外科クリニック【2:診療所】【診療科目:整形外科_リハビリテーション科】新潟県新潟市中央区紫竹山２丁目４番３０号" }, "geometry": { "type": "Point", "coordinates": [ 139.067191, 37.901854 ] } },
{ "type": "Feature", "properties": { "ID": "152SINCX00183", "正式名称": "在宅ケアクリニック川岸町", "機関区分": 2, "都道府県コード": 15, "市区町村コード": 103, "所在地": "新潟県新潟市中央区川岸町２丁目１１番１４号　福新ビル２階", "緯度": 37.911299, "経度": 139.02987, "url": "https://www.iryou.teikyouseido.mhlw.go.jp/znk-web/juminkanja/S2430/initialize?prefCd=15&kikanCd=SINCX00183&kikanKbn=2", "url2": "https://www.careclinic-kawagishi.com/", "内容": "在宅ケアクリニック川岸町【2:診療所】【診療科目:内科_緩和ケア内科】新潟県新潟市中央区川岸町２丁目１１番１４号　福新ビル２階" }, "geometry": { "type": "Point", "coordinates": [ 139.02987, 37.911299 ] } },
{ "type": "Feature", "properties": { "ID": "152SINCX00184", "正式名称": "斎藤内科クリニック", "機関区分": 2, "都道府県コード": 15, "市区町村コード": 103, "所在地": "新潟県新潟市中央区高志２丁目２０番３号", "緯度": 37.898186, "経度": 139.076902, "url": "https://www.iryou.teikyouseido.mhlw.go.jp/znk-web/juminkanja/S2430/initialize?prefCd=15&kikanCd=SINCX00184&kikanKbn=2", "url2": "http://smc-kanwa.jp", "内容": "斎藤内科クリニック【2:診療所】【診療科目:内科】新潟県新潟市中央区高志２丁目２０番３号" }, "geometry": { "type": "Point", "coordinates": [ 139.076902, 37.898186 ] } },
{ "type": "Feature", "properties": { "ID": "152SINCX00185", "正式名称": "寒河江眼科クリニック", "機関区分": 2, "都道府県コード": 15, "市区町村コード": 103, "所在地": "新潟県新潟市中央区姥ケ山５丁目４番１３号", "緯度": 37.889641, "経度": 139.076487, "url": "https://www.iryou.teikyouseido.mhlw.go.jp/znk-web/juminkanja/S2430/initialize?prefCd=15&kikanCd=SINCX00185&kikanKbn=2", "url2": null, "内容": "寒河江眼科クリニック【2:診療所】【診療科目:小児眼科_眼科】新潟県新潟市中央区姥ケ山５丁目４番１３号" }, "geometry": { "type": "Point", "coordinates": [ 139.076487, 37.889641 ] } },
{ "type": "Feature", "properties": { "ID": "152SINCX00187", "正式名称": "さかのこどもクリニック", "機関区分": 2, "都道府県コード": 15, "市区町村コード": 103, "所在地": "新潟県新潟市中央区長潟８３４番地１", "緯度": 37.885608, "経度": 139.07093, "url": "https://www.iryou.teikyouseido.mhlw.go.jp/znk-web/juminkanja/S2430/initialize?prefCd=15&kikanCd=SINCX00187&kikanKbn=2", "url2": null, "内容": "さかのこどもクリニック【2:診療所】【診療科目:小児科】新潟県新潟市中央区長潟８３４番地１" }, "geometry": { "type": "Point", "coordinates": [ 139.07093, 37.885608 ] } },
{ "type": "Feature", "properties": { "ID": "152SINCX00188", "正式名称": "さくら皮膚科医院", "機関区分": 2, "都道府県コード": 15, "市区町村コード": 103, "所在地": "新潟県新潟市中央区万代３ー１ー１新潟日報メディアシップ３階", "緯度": 37.918591, "経度": 139.056057, "url": "https://www.iryou.teikyouseido.mhlw.go.jp/znk-web/juminkanja/S2430/initialize?prefCd=15&kikanCd=SINCX00188&kikanKbn=2", "url2": "https://www.sakura-hif.jp/", "内容": "さくら皮膚科医院【2:診療所】【診療科目:皮膚科_アレルギー科】新潟県新潟市中央区万代３ー１ー１新潟日報メディアシップ３階" }, "geometry": { "type": "Point", "coordinates": [ 139.056057, 37.918591 ] } },
{ "type": "Feature", "properties": { "ID": "152SINCX00189", "正式名称": "笹出線近江眼科近江皮膚科", "機関区分": 2, "都道府県コード": 15, "市区町村コード": 103, "所在地": "新潟県新潟市中央区上近江２－１－３３笹出線近江眼科近江皮膚科", "緯度": 37.901261, "経度": 139.03718, "url": "https://www.iryou.teikyouseido.mhlw.go.jp/znk-web/juminkanja/S2430/initialize?prefCd=15&kikanCd=SINCX00189&kikanKbn=2", "url2": "http://www.sasaidesen-oumi.dr-clinic.jp/", "内容": "笹出線近江眼科近江皮膚科【2:診療所】【診療科目:眼科_皮膚科_アレルギー科】新潟県新潟市中央区上近江２－１－３３笹出線近江眼科近江皮膚科" }, "geometry": { "type": "Point", "coordinates": [ 139.03718, 37.901261 ] } },
{ "type": "Feature", "properties": { "ID": "152SINCX00190", "正式名称": "佐藤神経内科クリニック", "機関区分": 2, "都道府県コード": 15, "市区町村コード": 103, "所在地": "新潟県新潟市中央区西堀通６番町８７７番地", "緯度": 37.923281, "経度": 139.043845, "url": "https://www.iryou.teikyouseido.mhlw.go.jp/znk-web/juminkanja/S2430/initialize?prefCd=15&kikanCd=SINCX00190&kikanKbn=2", "url2": null, "内容": "佐藤神経内科クリニック【2:診療所】【診療科目:内科_神経内科】新潟県新潟市中央区西堀通６番町８７７番地" }, "geometry": { "type": "Point", "coordinates": [ 139.043845, 37.923281 ] } },
{ "type": "Feature", "properties": { "ID": "152SINCX00191", "正式名称": "さとう美容クリニック", "機関区分": 2, "都道府県コード": 15, "市区町村コード": 103, "所在地": "新潟県新潟市中央区万代１－２－３コープ野村万代２階", "緯度": 37.915868, "経度": 139.057202, "url": "https://www.iryou.teikyouseido.mhlw.go.jp/znk-web/juminkanja/S2430/initialize?prefCd=15&kikanCd=SINCX00191&kikanKbn=2", "url2": "https://sac.clinic/", "内容": "さとう美容クリニック【2:診療所】【診療科目:美容形成クリニック】新潟県新潟市中央区万代１－２－３コープ野村万代２階" }, "geometry": { "type": "Point", "coordinates": [ 139.057202, 37.915868 ] } },
{ "type": "Feature", "properties": { "ID": "152SINCX00192", "正式名称": "山東第二医院", "機関区分": 2, "都道府県コード": 15, "市区町村コード": 103, "所在地": "新潟県新潟市中央区紫竹山１丁目３番２５号", "緯度": 37.899757, "経度": 139.066169, "url": "https://www.iryou.teikyouseido.mhlw.go.jp/znk-web/juminkanja/S2430/initialize?prefCd=15&kikanCd=SINCX00192&kikanKbn=2", "url2": "http://www.santo-second-clinic.jp", "内容": "山東第二医院【2:診療所】【診療科目:内科_人工透析内科】新潟県新潟市中央区紫竹山１丁目３番２５号" }, "geometry": { "type": "Point", "coordinates": [ 139.066169, 37.899757 ] } },
{ "type": "Feature", "properties": { "ID": "152SINCX00193", "正式名称": "紫竹山アイクリニック", "機関区分": 2, "都道府県コード": 15, "市区町村コード": 102, "所在地": "新潟県新潟市東区紫竹山１－３－１４", "緯度": 37.900726, "経度": 139.06602, "url": "https://www.iryou.teikyouseido.mhlw.go.jp/znk-web/juminkanja/S2430/initialize?prefCd=15&kikanCd=SINCX00193&kikanKbn=2", "url2": null, "内容": "紫竹山アイクリニック【2:診療所】【診療科目:眼科】新潟県新潟市東区紫竹山１－３－１４" }, "geometry": { "type": "Point", "coordinates": [ 139.06602, 37.900726 ] } },
{ "type": "Feature", "properties": { "ID": "152SINCX00195", "正式名称": "桶谷耳鼻科クリニック", "機関区分": 2, "都道府県コード": 15, "市区町村コード": 103, "所在地": "新潟県新潟市中央区古町通１０番町１７１１番地３", "緯度": 37.927594, "経度": 139.046464, "url": "https://www.iryou.teikyouseido.mhlw.go.jp/znk-web/juminkanja/S2430/initialize?prefCd=15&kikanCd=SINCX00195&kikanKbn=2", "url2": null, "内容": "桶谷耳鼻科クリニック【2:診療所】【診療科目:耳鼻いんこう科】新潟県新潟市中央区古町通１０番町１７１１番地３" }, "geometry": { "type": "Point", "coordinates": [ 139.046464, 37.927594 ] } },
{ "type": "Feature", "properties": { "ID": "152SINCX00196", "正式名称": "清水皮膚科", "機関区分": 2, "都道府県コード": 15, "市区町村コード": 103, "所在地": "新潟県新潟市中央区天神尾１丁目１２番１２号", "緯度": 37.909478, "経度": 139.054718, "url": "https://www.iryou.teikyouseido.mhlw.go.jp/znk-web/juminkanja/S2430/initialize?prefCd=15&kikanCd=SINCX00196&kikanKbn=2", "url2": null, "内容": "清水皮膚科【2:診療所】【診療科目:皮膚科】新潟県新潟市中央区天神尾１丁目１２番１２号" }, "geometry": { "type": "Point", "coordinates": [ 139.054718, 37.909478 ] } },
{ "type": "Feature", "properties": { "ID": "152SINCX00198", "正式名称": "消化器科・内科やなぎさわクリニック", "機関区分": 2, "都道府県コード": 15, "市区町村コード": 103, "所在地": "新潟県新潟市中央区長潟２丁目３番１号", "緯度": 37.890107, "経度": 139.069888, "url": "https://www.iryou.teikyouseido.mhlw.go.jp/znk-web/juminkanja/S2430/initialize?prefCd=15&kikanCd=SINCX00198&kikanKbn=2", "url2": "https://www.yanagisawa-cl-niigata.com/", "内容": "消化器科・内科やなぎさわクリニック【2:診療所】【診療科目:内科_消化器内科】新潟県新潟市中央区長潟２丁目３番１号" }, "geometry": { "type": "Point", "coordinates": [ 139.069888, 37.890107 ] } },
{ "type": "Feature", "properties": { "ID": "152SINCX00199", "正式名称": "祥慶会　渡辺記念クリニック", "機関区分": 2, "都道府県コード": 15, "市区町村コード": 103, "所在地": "新潟県新潟市中央区上大川前通８番町１２９１番地", "緯度": 37.924191, "経度": 139.048342, "url": "https://www.iryou.teikyouseido.mhlw.go.jp/znk-web/juminkanja/S2430/initialize?prefCd=15&kikanCd=SINCX00199&kikanKbn=2", "url2": "https://www.watanabekinen-cl.jp/", "内容": "祥慶会　渡辺記念クリニック【2:診療所】【診療科目:内科_ペインクリニック内科_産婦人科_産科_婦人科】新潟県新潟市中央区上大川前通８番町１２９１番地" }, "geometry": { "type": "Point", "coordinates": [ 139.048342, 37.924191 ] } },
{ "type": "Feature", "properties": { "ID": "152SINCX00201", "正式名称": "白柏眼科医院", "機関区分": 2, "都道府県コード": 15, "市区町村コード": 103, "所在地": "新潟県新潟市中央区沼垂西１－６－１７", "緯度": 37.920649, "経度": 139.06596, "url": "https://www.iryou.teikyouseido.mhlw.go.jp/znk-web/juminkanja/S2430/initialize?prefCd=15&kikanCd=SINCX00201&kikanKbn=2", "url2": null, "内容": "白柏眼科医院【2:診療所】【診療科目:眼科】新潟県新潟市中央区沼垂西１－６－１７" }, "geometry": { "type": "Point", "coordinates": [ 139.06596, 37.920649 ] } },
{ "type": "Feature", "properties": { "ID": "152SINCX00202", "正式名称": "杉村クリニック", "機関区分": 2, "都道府県コード": 15, "市区町村コード": 103, "所在地": "新潟県新潟市中央区新和１丁目３番２９号", "緯度": 37.902292, "経度": 139.041221, "url": "https://www.iryou.teikyouseido.mhlw.go.jp/znk-web/juminkanja/S2430/initialize?prefCd=15&kikanCd=SINCX00202&kikanKbn=2", "url2": "https://www.sugimura-clinic.jp/", "内容": "杉村クリニック【2:診療所】【診療科目:内科_消化器内科】新潟県新潟市中央区新和１丁目３番２９号" }, "geometry": { "type": "Point", "coordinates": [ 139.041221, 37.902292 ] } },
{ "type": "Feature", "properties": { "ID": "152SINCX00203", "正式名称": "鈴木耳鼻咽喉科医院", "機関区分": 2, "都道府県コード": 15, "市区町村コード": 103, "所在地": "新潟県新潟市中央区女池６丁目５番３７号", "緯度": 37.892622, "経度": 139.042092, "url": "https://www.iryou.teikyouseido.mhlw.go.jp/znk-web/juminkanja/S2430/initialize?prefCd=15&kikanCd=SINCX00203&kikanKbn=2", "url2": null, "内容": "鈴木耳鼻咽喉科医院【2:診療所】【診療科目:耳鼻いんこう科_アレルギー科】新潟県新潟市中央区女池６丁目５番３７号" }, "geometry": { "type": "Point", "coordinates": [ 139.042092, 37.892622 ] } },
{ "type": "Feature", "properties": { "ID": "152SINCX00206", "正式名称": "せきやクリニック", "機関区分": 2, "都道府県コード": 15, "市区町村コード": 103, "所在地": "新潟県新潟市中央区有明大橋町７番３号１", "緯度": 37.90304, "経度": 139.010335, "url": "https://www.iryou.teikyouseido.mhlw.go.jp/znk-web/juminkanja/S2430/initialize?prefCd=15&kikanCd=SINCX00206&kikanKbn=2", "url2": null, "内容": "せきやクリニック【2:診療所】【診療科目:内科_呼吸器内科_皮膚科_アレルギー科】新潟県新潟市中央区有明大橋町７番３号１" }, "geometry": { "type": "Point", "coordinates": [ 139.010335, 37.90304 ] } },
{ "type": "Feature", "properties": { "ID": "152SINCX00207", "正式名称": "関屋田町クリニック", "機関区分": 2, "都道府県コード": 15, "市区町村コード": 103, "所在地": "新潟県新潟市中央区関屋田町１丁目６番地２", "緯度": 37.915146, "経度": 139.026048, "url": "https://www.iryou.teikyouseido.mhlw.go.jp/znk-web/juminkanja/S2430/initialize?prefCd=15&kikanCd=SINCX00207&kikanKbn=2", "url2": "https://maj.co.jp/clinic/index.html", "内容": "関屋田町クリニック【2:診療所】【診療科目:内科_脳神経内科】新潟県新潟市中央区関屋田町１丁目６番地２" }, "geometry": { "type": "Point", "coordinates": [ 139.026048, 37.915146 ] } },
{ "type": "Feature", "properties": { "ID": "152SINCX00210", "正式名称": "たかはし整形外科医院", "機関区分": 2, "都道府県コード": 15, "市区町村コード": 103, "所在地": "新潟県新潟市中央区上所上２－１３－１４", "緯度": 37.903522, "経度": 139.032598, "url": "https://www.iryou.teikyouseido.mhlw.go.jp/znk-web/juminkanja/S2430/initialize?prefCd=15&kikanCd=SINCX00210&kikanKbn=2", "url2": null, "内容": "たかはし整形外科医院【2:診療所】【診療科目:整形外科】新潟県新潟市中央区上所上２－１３－１４" }, "geometry": { "type": "Point", "coordinates": [ 139.032598, 37.903522 ] } },
{ "type": "Feature", "properties": { "ID": "152SINCX00211", "正式名称": "高橋整形外科医院", "機関区分": 2, "都道府県コード": 15, "市区町村コード": 103, "所在地": "新潟県新潟市中央区学校町通３番町５３７番地１", "緯度": 37.916636, "経度": 139.02985, "url": "https://www.iryou.teikyouseido.mhlw.go.jp/znk-web/juminkanja/S2430/initialize?prefCd=15&kikanCd=SINCX00211&kikanKbn=2", "url2": null, "内容": "高橋整形外科医院【2:診療所】【診療科目:整形外科_リウマチ科_リハビリテーション科】新潟県新潟市中央区学校町通３番町５３７番地１" }, "geometry": { "type": "Point", "coordinates": [ 139.02985, 37.916636 ] } },
{ "type": "Feature", "properties": { "ID": "152SINCX00212", "正式名称": "たきい耳鼻科クリニック", "機関区分": 2, "都道府県コード": 15, "市区町村コード": 103, "所在地": "新潟県新潟市中央区関新１丁目８－２４", "緯度": 37.909185, "経度": 139.020673, "url": "https://www.iryou.teikyouseido.mhlw.go.jp/znk-web/juminkanja/S2430/initialize?prefCd=15&kikanCd=SINCX00212&kikanKbn=2", "url2": "www.takii-jibika.com", "内容": "たきい耳鼻科クリニック【2:診療所】【診療科目:耳鼻いんこう科】新潟県新潟市中央区関新１丁目８－２４" }, "geometry": { "type": "Point", "coordinates": [ 139.020673, 37.909185 ] } },
{ "type": "Feature", "properties": { "ID": "152SINCX00213", "正式名称": "たけうち小児クリニック", "機関区分": 2, "都道府県コード": 15, "市区町村コード": 103, "所在地": "新潟県新潟市中央区鐙２丁目１４番３２号", "緯度": 37.903663, "経度": 139.070297, "url": "https://www.iryou.teikyouseido.mhlw.go.jp/znk-web/juminkanja/S2430/initialize?prefCd=15&kikanCd=SINCX00213&kikanKbn=2", "url2": null, "内容": "たけうち小児クリニック【2:診療所】【診療科目:小児科_アレルギー科】新潟県新潟市中央区鐙２丁目１４番３２号" }, "geometry": { "type": "Point", "coordinates": [ 139.070297, 37.903663 ] } },
{ "type": "Feature", "properties": { "ID": "152SINCX00214", "正式名称": "竹内皮フ科", "機関区分": 2, "都道府県コード": 15, "市区町村コード": 103, "所在地": "新潟県新潟市中央区上近江４－１２－２０デッキー４０１", "緯度": 37.898247, "経度": 139.029621, "url": "https://www.iryou.teikyouseido.mhlw.go.jp/znk-web/juminkanja/S2430/initialize?prefCd=15&kikanCd=SINCX00214&kikanKbn=2", "url2": null, "内容": "竹内皮フ科【2:診療所】【診療科目:皮膚科】新潟県新潟市中央区上近江４－１２－２０デッキー４０１" }, "geometry": { "type": "Point", "coordinates": [ 139.029621, 37.898247 ] } },
{ "type": "Feature", "properties": { "ID": "152SINCX00215", "正式名称": "びとく整形外科クリニック", "機関区分": 2, "都道府県コード": 15, "市区町村コード": 103, "所在地": "新潟県新潟市中央区本町通６番町１１３４", "緯度": 37.920855, "経度": 139.046778, "url": "https://www.iryou.teikyouseido.mhlw.go.jp/znk-web/juminkanja/S2430/initialize?prefCd=15&kikanCd=SINCX00215&kikanKbn=2", "url2": "https://bitokuclinic.jp", "内容": "びとく整形外科クリニック【2:診療所】【診療科目:整形外科_リウマチ科_リハビリテーション科】新潟県新潟市中央区本町通６番町１１３４" }, "geometry": { "type": "Point", "coordinates": [ 139.046778, 37.920855 ] } },
{ "type": "Feature", "properties": { "ID": "152SINCX00216", "正式名称": "たむら眼科医院", "機関区分": 2, "都道府県コード": 15, "市区町村コード": 103, "所在地": "新潟県新潟市中央区笹口ライフコア笹口", "緯度": 37.911259, "経度": 139.070587, "url": "https://www.iryou.teikyouseido.mhlw.go.jp/znk-web/juminkanja/S2430/initialize?prefCd=15&kikanCd=SINCX00216&kikanKbn=2", "url2": null, "内容": "たむら眼科医院【2:診療所】【診療科目:眼科】新潟県新潟市中央区笹口ライフコア笹口" }, "geometry": { "type": "Point", "coordinates": [ 139.070587, 37.911259 ] } },
{ "type": "Feature", "properties": { "ID": "152SINCX00219", "正式名称": "筒井内科クリニック", "機関区分": 2, "都道府県コード": 15, "市区町村コード": 103, "所在地": "新潟県新潟市中央区白山浦２丁目６４６番地９７", "緯度": 37.912073, "経度": 139.029766, "url": "https://www.iryou.teikyouseido.mhlw.go.jp/znk-web/juminkanja/S2430/initialize?prefCd=15&kikanCd=SINCX00219&kikanKbn=2", "url2": null, "内容": "筒井内科クリニック【2:診療所】【診療科目:内科】新潟県新潟市中央区白山浦２丁目６４６番地９７" }, "geometry": { "type": "Point", "coordinates": [ 139.029766, 37.912073 ] } },
{ "type": "Feature", "properties": { "ID": "152SINCX00220", "正式名称": "てらしま外科・内科クリニック", "機関区分": 2, "都道府県コード": 15, "市区町村コード": 103, "所在地": "新潟県新潟市中央区万代３丁目１番１号新潟日報メディアシップ３Ｆ", "緯度": 37.918591, "経度": 139.056057, "url": "https://www.iryou.teikyouseido.mhlw.go.jp/znk-web/juminkanja/S2430/initialize?prefCd=15&kikanCd=SINCX00220&kikanKbn=2", "url2": null, "内容": "てらしま外科・内科クリニック【2:診療所】【診療科目:内科_消化器内科_内視鏡内科_大腸・肛門外科】新潟県新潟市中央区万代３丁目１番１号新潟日報メディアシップ３Ｆ" }, "geometry": { "type": "Point", "coordinates": [ 139.056057, 37.918591 ] } },
{ "type": "Feature", "properties": { "ID": "152SINCX00223", "正式名称": "とくなが女性クリニック", "機関区分": 2, "都道府県コード": 15, "市区町村コード": 103, "所在地": "新潟県新潟市中央区長潟８３７番地１", "緯度": 37.885654, "経度": 139.071639, "url": "https://www.iryou.teikyouseido.mhlw.go.jp/znk-web/juminkanja/S2430/initialize?prefCd=15&kikanCd=SINCX00223&kikanKbn=2", "url2": "https://www.tokunaga-j-clinic.com/", "内容": "とくなが女性クリニック【2:診療所】【診療科目:産婦人科_産科_婦人科】新潟県新潟市中央区長潟８３７番地１" }, "geometry": { "type": "Point", "coordinates": [ 139.071639, 37.885654 ] } },
{ "type": "Feature", "properties": { "ID": "152SINCX00235", "正式名称": "ＴＯＭＯ内科ＣＬＩＮＩＣ", "機関区分": 2, "都道府県コード": 15, "市区町村コード": 103, "所在地": "新潟県新潟市中央区西大畑町６０１－４１寄居マンション３０１", "緯度": 37.923288, "経度": 139.037006, "url": "https://www.iryou.teikyouseido.mhlw.go.jp/znk-web/juminkanja/S2430/initialize?prefCd=15&kikanCd=SINCX00235&kikanKbn=2", "url2": "http://limage.be", "内容": "ＴＯＭＯ内科ＣＬＩＮＩＣ【2:診療所】【診療科目:内科_漢方内科】新潟県新潟市中央区西大畑町６０１－４１寄居マンション３０１" }, "geometry": { "type": "Point", "coordinates": [ 139.037006, 37.923288 ] } },
{ "type": "Feature", "properties": { "ID": "152SINCX00236", "正式名称": "鳥居耳鼻咽喉科医院", "機関区分": 2, "都道府県コード": 15, "市区町村コード": 103, "所在地": "新潟県新潟市中央区一番堀通町６９１番地", "緯度": 37.915962, "経度": 139.039154, "url": "https://www.iryou.teikyouseido.mhlw.go.jp/znk-web/juminkanja/S2430/initialize?prefCd=15&kikanCd=SINCX00236&kikanKbn=2", "url2": null, "内容": "鳥居耳鼻咽喉科医院【2:診療所】【診療科目:耳鼻いんこう科】新潟県新潟市中央区一番堀通町６９１番地" }, "geometry": { "type": "Point", "coordinates": [ 139.039154, 37.915962 ] } },
{ "type": "Feature", "properties": { "ID": "152SINCX00237", "正式名称": "内科　長谷川医院", "機関区分": 2, "都道府県コード": 15, "市区町村コード": 103, "所在地": "新潟県新潟市中央区紫竹１－１９－２", "緯度": 37.909815, "経度": 139.077403, "url": "https://www.iryou.teikyouseido.mhlw.go.jp/znk-web/juminkanja/S2430/initialize?prefCd=15&kikanCd=SINCX00237&kikanKbn=2", "url2": null, "内容": "内科　長谷川医院【2:診療所】【診療科目:内科_呼吸器内科_アレルギー疾患内科】新潟県新潟市中央区紫竹１－１９－２" }, "geometry": { "type": "Point", "coordinates": [ 139.077403, 37.909815 ] } },
{ "type": "Feature", "properties": { "ID": "152SINCX00239", "正式名称": "永井皮フ科クリニック", "機関区分": 2, "都道府県コード": 15, "市区町村コード": 103, "所在地": "新潟県新潟市中央区万代１−２−１４シルバー流通ビル４階", "緯度": 37.915309, "経度": 139.056711, "url": "https://www.iryou.teikyouseido.mhlw.go.jp/znk-web/juminkanja/S2430/initialize?prefCd=15&kikanCd=SINCX00239&kikanKbn=2", "url2": "https://www.nagai-hifukacl.com", "内容": "永井皮フ科クリニック【2:診療所】【診療科目:皮膚科】新潟県新潟市中央区万代１−２−１４シルバー流通ビル４階" }, "geometry": { "type": "Point", "coordinates": [ 139.056711, 37.915309 ] } },
{ "type": "Feature", "properties": { "ID": "152SINCX00240", "正式名称": "中島医院", "機関区分": 2, "都道府県コード": 15, "市区町村コード": 103, "所在地": "新潟県新潟市中央区西堀通３−２５８", "緯度": 37.919632, "経度": 139.041536, "url": "https://www.iryou.teikyouseido.mhlw.go.jp/znk-web/juminkanja/S2430/initialize?prefCd=15&kikanCd=SINCX00240&kikanKbn=2", "url2": null, "内容": "中島医院【2:診療所】【診療科目:内科_脳神経外科】新潟県新潟市中央区西堀通３−２５８" }, "geometry": { "type": "Point", "coordinates": [ 139.041536, 37.919632 ] } },
{ "type": "Feature", "properties": { "ID": "152SINCX00242", "正式名称": "ながたクリニック", "機関区分": 2, "都道府県コード": 15, "市区町村コード": 103, "所在地": "新潟県新潟市中央区長潟１２０５ー４", "緯度": 37.883565, "経度": 139.067501, "url": "https://www.iryou.teikyouseido.mhlw.go.jp/znk-web/juminkanja/S2430/initialize?prefCd=15&kikanCd=SINCX00242&kikanKbn=2", "url2": "https://nagata-clin.jp", "内容": "ながたクリニック【2:診療所】【診療科目:整形外科_皮膚科_リハビリテーション科】新潟県新潟市中央区長潟１２０５ー４" }, "geometry": { "type": "Point", "coordinates": [ 139.067501, 37.883565 ] } },
{ "type": "Feature", "properties": { "ID": "152SINCX00243", "正式名称": "中新潟クリニック", "機関区分": 2, "都道府県コード": 15, "市区町村コード": 103, "所在地": "新潟県新潟市中央区本町通７番町１１４６ＭＹ’ｓ本町ビル３Ｆ－Ｄ", "緯度": 37.921574, "経度": 139.046841, "url": "https://www.iryou.teikyouseido.mhlw.go.jp/znk-web/juminkanja/S2430/initialize?prefCd=15&kikanCd=SINCX00243&kikanKbn=2", "url2": null, "内容": "中新潟クリニック【2:診療所】【診療科目:内科_感染症内科_呼吸器内科_漢方内科_アレルギー疾患内科】新潟県新潟市中央区本町通７番町１１４６ＭＹ’ｓ本町ビル３Ｆ－Ｄ" }, "geometry": { "type": "Point", "coordinates": [ 139.046841, 37.921574 ] } },
{ "type": "Feature", "properties": { "ID": "152SINCX00245", "正式名称": "なのはな皮膚科医院", "機関区分": 2, "都道府県コード": 15, "市区町村コード": 103, "所在地": "新潟県新潟市中央区姥ケ山５丁目１４番３６号", "緯度": 37.890446, "経度": 139.077916, "url": "https://www.iryou.teikyouseido.mhlw.go.jp/znk-web/juminkanja/S2430/initialize?prefCd=15&kikanCd=SINCX00245&kikanKbn=2", "url2": "http://nanohanahifu.atat.jp", "内容": "なのはな皮膚科医院【2:診療所】【診療科目:皮膚科】新潟県新潟市中央区姥ケ山５丁目１４番３６号" }, "geometry": { "type": "Point", "coordinates": [ 139.077916, 37.890446 ] } },
{ "type": "Feature", "properties": { "ID": "152SINCX00247", "正式名称": "新潟眼科クリニック", "機関区分": 2, "都道府県コード": 15, "市区町村コード": 103, "所在地": "新潟県新潟市中央区西堀通６番町８６６ＮＥＸＴ２１", "緯度": 37.922544, "経度": 139.043431, "url": "https://www.iryou.teikyouseido.mhlw.go.jp/znk-web/juminkanja/S2430/initialize?prefCd=15&kikanCd=SINCX00247&kikanKbn=2", "url2": "http://www.niigata-ganka.jp/index.html", "内容": "新潟眼科クリニック【2:診療所】【診療科目:眼科】新潟県新潟市中央区西堀通６番町８６６ＮＥＸＴ２１" }, "geometry": { "type": "Point", "coordinates": [ 139.043431, 37.922544 ] } },
{ "type": "Feature", "properties": { "ID": "152SINCX00249", "正式名称": "新潟県健康づくり・スポーツ医科学センター", "機関区分": 2, "都道府県コード": 15, "市区町村コード": 103, "所在地": "新潟県新潟市中央区清五郎６７番地１２", "緯度": 37.882407, "経度": 139.059359, "url": "https://www.iryou.teikyouseido.mhlw.go.jp/znk-web/juminkanja/S2430/initialize?prefCd=15&kikanCd=SINCX00249&kikanKbn=2", "url2": "https://ken-supo.jp/", "内容": "新潟県健康づくり・スポーツ医科学センター【2:診療所】【診療科目:内科_呼吸器内科_整形外科_リハビリテーション科】新潟県新潟市中央区清五郎６７番地１２" }, "geometry": { "type": "Point", "coordinates": [ 139.059359, 37.882407 ] } },
{ "type": "Feature", "properties": { "ID": "152SINCX00256", "正式名称": "一般社団法人　新潟県労働衛生医学協会　附属　集団検診センター", "機関区分": 2, "都道府県コード": 15, "市区町村コード": 103, "所在地": "新潟県新潟市中央区川岸町１－３９－５", "緯度": 37.912878, "経度": 139.032082, "url": "https://www.iryou.teikyouseido.mhlw.go.jp/znk-web/juminkanja/S2430/initialize?prefCd=15&kikanCd=SINCX00256&kikanKbn=2", "url2": "htpp://www.niwell.or.jp", "内容": "一般社団法人　新潟県労働衛生医学協会　附属　集団検診センター【2:診療所】【診療科目:内科_婦人科】新潟県新潟市中央区川岸町１－３９－５" }, "geometry": { "type": "Point", "coordinates": [ 139.032082, 37.912878 ] } },
{ "type": "Feature", "properties": { "ID": "152SINCX00257", "正式名称": "一般社団法人新潟県労働衛生医学協会附属中央診療所", "機関区分": 2, "都道府県コード": 15, "市区町村コード": 103, "所在地": "新潟県新潟市中央区川岸町１丁目４７－７", "緯度": 37.913688, "経度": 139.033879, "url": "https://www.iryou.teikyouseido.mhlw.go.jp/znk-web/juminkanja/S2430/initialize?prefCd=15&kikanCd=SINCX00257&kikanKbn=2", "url2": null, "内容": "一般社団法人新潟県労働衛生医学協会附属中央診療所【2:診療所】【診療科目:内科】新潟県新潟市中央区川岸町１丁目４７－７" }, "geometry": { "type": "Point", "coordinates": [ 139.033879, 37.913688 ] } },
{ "type": "Feature", "properties": { "ID": "152SINCX00258", "正式名称": "（一般社団法人）新潟県労働衛生医学協会附属　新潟ブレスト検診センター", "機関区分": 2, "都道府県コード": 15, "市区町村コード": 103, "所在地": "新潟県新潟市中央区川岸町１丁目３９番地５", "緯度": 37.912948, "経度": 139.032034, "url": "https://www.iryou.teikyouseido.mhlw.go.jp/znk-web/juminkanja/S2430/initialize?prefCd=15&kikanCd=SINCX00258&kikanKbn=2", "url2": "http://www.niwell.or.jp/breast", "内容": "（一般社団法人）新潟県労働衛生医学協会附属　新潟ブレスト検診センター【2:診療所】【診療科目:女性乳腺外科】新潟県新潟市中央区川岸町１丁目３９番地５" }, "geometry": { "type": "Point", "coordinates": [ 139.032034, 37.912948 ] } },
{ "type": "Feature", "properties": { "ID": "152SINCX00259", "正式名称": "一般社団法人新潟県労働衛生医学協会附属プラーカ検診センター", "機関区分": 2, "都道府県コード": 15, "市区町村コード": 103, "所在地": "新潟県新潟市中央区天神１－１プラーカ３（５Ｆ）", "緯度": 37.910023, "経度": 139.060682, "url": "https://www.iryou.teikyouseido.mhlw.go.jp/znk-web/juminkanja/S2430/initialize?prefCd=15&kikanCd=SINCX00259&kikanKbn=2", "url2": "http://www.niwell.or.jp", "内容": "一般社団法人新潟県労働衛生医学協会附属プラーカ検診センター【2:診療所】【診療科目:内科】新潟県新潟市中央区天神１－１プラーカ３（５Ｆ）" }, "geometry": { "type": "Point", "coordinates": [ 139.060682, 37.910023 ] } },
{ "type": "Feature", "properties": { "ID": "152SINCX00260", "正式名称": "新潟こころの発達クリニック", "機関区分": 2, "都道府県コード": 15, "市区町村コード": 103, "所在地": "新潟県新潟市中央区湖南２１－５", "緯度": 37.875007, "経度": 139.039666, "url": "https://www.iryou.teikyouseido.mhlw.go.jp/znk-web/juminkanja/S2430/initialize?prefCd=15&kikanCd=SINCX00260&kikanKbn=2", "url2": "https://niigata-kokoro.com/", "内容": "新潟こころの発達クリニック【2:診療所】【診療科目:児童精神科_精神科_心療内科】新潟県新潟市中央区湖南２１－５" }, "geometry": { "type": "Point", "coordinates": [ 139.039666, 37.875007 ] } },
{ "type": "Feature", "properties": { "ID": "152SINCX00262", "正式名称": "新潟市急患診療センター", "機関区分": 2, "都道府県コード": 15, "市区町村コード": 103, "所在地": "新潟県新潟市中央区紫竹山３丁目３番１１号", "緯度": 37.900901, "経度": 139.070677, "url": "https://www.iryou.teikyouseido.mhlw.go.jp/znk-web/juminkanja/S2430/initialize?prefCd=15&kikanCd=SINCX00262&kikanKbn=2", "url2": "https://www.niigata-er.org/", "内容": "新潟市急患診療センター【2:診療所】【診療科目:内科_脳外科_整形外科_小児科_産婦人科_眼科_耳鼻いんこう科】新潟県新潟市中央区紫竹山３丁目３番１１号" }, "geometry": { "type": "Point", "coordinates": [ 139.070677, 37.900901 ] } },
{ "type": "Feature", "properties": { "ID": "152SINCX00268", "正式名称": "にいがた脳神経クリニック", "機関区分": 2, "都道府県コード": 15, "市区町村コード": 103, "所在地": "新潟県新潟市中央区女池６丁目４番６４号", "緯度": 37.892695, "経度": 139.042844, "url": "https://www.iryou.teikyouseido.mhlw.go.jp/znk-web/juminkanja/S2430/initialize?prefCd=15&kikanCd=SINCX00268&kikanKbn=2", "url2": "https://niigatabrainclinic.com/", "内容": "にいがた脳神経クリニック【2:診療所】【診療科目:内科_脳神経内科_脳神経外科】新潟県新潟市中央区女池６丁目４番６４号" }, "geometry": { "type": "Point", "coordinates": [ 139.042844, 37.892695 ] } },
{ "type": "Feature", "properties": { "ID": "152SINCX00271", "正式名称": "にいがたみなみめいけクリニック", "機関区分": 2, "都道府県コード": 15, "市区町村コード": 103, "所在地": "新潟県新潟市中央区女池神明１－７－８", "緯度": 37.890073, "経度": 139.036268, "url": "https://www.iryou.teikyouseido.mhlw.go.jp/znk-web/juminkanja/S2430/initialize?prefCd=15&kikanCd=SINCX00271&kikanKbn=2", "url2": "https://www.niigataminami-hp.com/facility/meike-clinic/", "内容": "にいがたみなみめいけクリニック【2:診療所】【診療科目:内科_循環器内科_リハビリテーション科】新潟県新潟市中央区女池神明１－７－８" }, "geometry": { "type": "Point", "coordinates": [ 139.036268, 37.890073 ] } },
{ "type": "Feature", "properties": { "ID": "152SINCX00272", "正式名称": "新潟メンタルクリニック", "機関区分": 2, "都道府県コード": 15, "市区町村コード": 103, "所在地": "新潟県新潟市中央区米山１ー２４新潟駅南センタービル１Ｆ", "緯度": 37.908976, "経度": 139.062131, "url": "https://www.iryou.teikyouseido.mhlw.go.jp/znk-web/juminkanja/S2430/initialize?prefCd=15&kikanCd=SINCX00272&kikanKbn=2", "url2": "https://www.niigata-mc.otg/", "内容": "新潟メンタルクリニック【2:診療所】【診療科目:精神科_心療内科】新潟県新潟市中央区米山１ー２４新潟駅南センタービル１Ｆ" }, "geometry": { "type": "Point", "coordinates": [ 139.062131, 37.908976 ] } },
{ "type": "Feature", "properties": { "ID": "152SINCX00274", "正式名称": "丹羽医院", "機関区分": 2, "都道府県コード": 15, "市区町村コード": 103, "所在地": "新潟県新潟市中央区西堀前通３番町７２２", "緯度": 37.918033, "経度": 139.041494, "url": "https://www.iryou.teikyouseido.mhlw.go.jp/znk-web/juminkanja/S2430/initialize?prefCd=15&kikanCd=SINCX00274&kikanKbn=2", "url2": "niwaclinic.com/blank", "内容": "丹羽医院【2:診療所】【診療科目:内科_消化器内科_漢方内科】新潟県新潟市中央区西堀前通３番町７２２" }, "geometry": { "type": "Point", "coordinates": [ 139.041494, 37.918033 ] } },
{ "type": "Feature", "properties": { "ID": "152SINCX00275", "正式名称": "にわやまハートクリニック", "機関区分": 2, "都道府県コード": 15, "市区町村コード": 103, "所在地": "新潟県新潟市中央区米山１－２４新潟駅南センタービル１階", "緯度": 37.908976, "経度": 139.062131, "url": "https://www.iryou.teikyouseido.mhlw.go.jp/znk-web/juminkanja/S2430/initialize?prefCd=15&kikanCd=SINCX00275&kikanKbn=2", "url2": "https://niwayama.jp/", "内容": "にわやまハートクリニック【2:診療所】【診療科目:内科_循環器内科】新潟県新潟市中央区米山１－２４新潟駅南センタービル１階" }, "geometry": { "type": "Point", "coordinates": [ 139.062131, 37.908976 ] } },
{ "type": "Feature", "properties": { "ID": "152SINCX00276", "正式名称": "ネクストスキンケアクリニック", "機関区分": 2, "都道府県コード": 15, "市区町村コード": 103, "所在地": "新潟県新潟市中央区西堀通６番町８６６ＮＥＸＴ２１", "緯度": 37.923209, "経度": 139.042723, "url": "https://www.iryou.teikyouseido.mhlw.go.jp/znk-web/juminkanja/S2430/initialize?prefCd=15&kikanCd=SINCX00276&kikanKbn=2", "url2": null, "内容": "ネクストスキンケアクリニック【2:診療所】【診療科目:皮膚科_美容皮膚科】新潟県新潟市中央区西堀通６番町８６６ＮＥＸＴ２１" }, "geometry": { "type": "Point", "coordinates": [ 139.042723, 37.923209 ] } },
{ "type": "Feature", "properties": { "ID": "152SINCX00277", "正式名称": "根本眼科耳鼻科", "機関区分": 2, "都道府県コード": 15, "市区町村コード": 103, "所在地": "新潟県新潟市中央区信濃町１１番１０号", "緯度": 37.907803, "経度": 139.010876, "url": "https://www.iryou.teikyouseido.mhlw.go.jp/znk-web/juminkanja/S2430/initialize?prefCd=15&kikanCd=SINCX00277&kikanKbn=2", "url2": null, "内容": "根本眼科耳鼻科【2:診療所】【診療科目:眼科_耳鼻いんこう科】新潟県新潟市中央区信濃町１１番１０号" }, "geometry": { "type": "Point", "coordinates": [ 139.010876, 37.907803 ] } },
{ "type": "Feature", "properties": { "ID": "152SINCX00278", "正式名称": "脳神経内科・内科むさしクリニック", "機関区分": 2, "都道府県コード": 15, "市区町村コード": 103, "所在地": "新潟県新潟市中央区白山浦２丁目２０番地１白山メディカル１階", "緯度": 37.911482, "経度": 139.027326, "url": "https://www.iryou.teikyouseido.mhlw.go.jp/znk-web/juminkanja/S2430/initialize?prefCd=15&kikanCd=SINCX00278&kikanKbn=2", "url2": "https://www.musashi-clinic.com", "内容": "脳神経内科・内科むさしクリニック【2:診療所】【診療科目:内科_脳神経内科_神経内科】新潟県新潟市中央区白山浦２丁目２０番地１白山メディカル１階" }, "geometry": { "type": "Point", "coordinates": [ 139.027326, 37.911482 ] } },
{ "type": "Feature", "properties": { "ID": "152SINCX00279", "正式名称": "野本真由美スキンケアクリニック", "機関区分": 2, "都道府県コード": 15, "市区町村コード": 103, "所在地": "新潟県新潟市中央区万代１丁目３番７号ＮＤＫ万代ビル２階", "緯度": 37.915728, "経度": 139.056184, "url": "https://www.iryou.teikyouseido.mhlw.go.jp/znk-web/juminkanja/S2430/initialize?prefCd=15&kikanCd=SINCX00279&kikanKbn=2", "url2": null, "内容": "野本真由美スキンケアクリニック【2:診療所】【診療科目:皮膚科_美容皮膚科_漢方皮膚科_アレルギー科】新潟県新潟市中央区万代１丁目３番７号ＮＤＫ万代ビル２階" }, "geometry": { "type": "Point", "coordinates": [ 139.056184, 37.915728 ] } },
{ "type": "Feature", "properties": { "ID": "152SINCX00281", "正式名称": "白山クリニック", "機関区分": 2, "都道府県コード": 15, "市区町村コード": 103, "所在地": "新潟県新潟市中央区医学町通２番町１１番地ＳＨＩＮＡＮＯビル２階", "緯度": 37.917429, "経度": 139.036711, "url": "https://www.iryou.teikyouseido.mhlw.go.jp/znk-web/juminkanja/S2430/initialize?prefCd=15&kikanCd=SINCX00281&kikanKbn=2", "url2": "https://hakusanclinic-niigata.jp", "内容": "白山クリニック【2:診療所】【診療科目:精神科_心療内科】新潟県新潟市中央区医学町通２番町１１番地ＳＨＩＮＡＮＯビル２階" }, "geometry": { "type": "Point", "coordinates": [ 139.036711, 37.917429 ] } },
{ "type": "Feature", "properties": { "ID": "152SINCX00284", "正式名称": "はやつ医院", "機関区分": 2, "都道府県コード": 15, "市区町村コード": 103, "所在地": "新潟県新潟市中央区山二ツ１３８５番地はやつ医院", "緯度": 37.891539, "経度": 139.089658, "url": "https://www.iryou.teikyouseido.mhlw.go.jp/znk-web/juminkanja/S2430/initialize?prefCd=15&kikanCd=SINCX00284&kikanKbn=2", "url2": null, "内容": "はやつ医院【2:診療所】【診療科目:内科_整形外科_リハビリテーション科_麻酔科】新潟県新潟市中央区山二ツ１３８５番地はやつ医院" }, "geometry": { "type": "Point", "coordinates": [ 139.089658, 37.891539 ] } },
{ "type": "Feature", "properties": { "ID": "152SINCX00285", "正式名称": "原こども医院", "機関区分": 2, "都道府県コード": 15, "市区町村コード": 103, "所在地": "新潟県新潟市中央区上所上２丁目１３番１２号", "緯度": 37.903335, "経度": 139.032555, "url": "https://www.iryou.teikyouseido.mhlw.go.jp/znk-web/juminkanja/S2430/initialize?prefCd=15&kikanCd=SINCX00285&kikanKbn=2", "url2": "https://www.harakodomoiin.com", "内容": "原こども医院【2:診療所】【診療科目:小児科_アレルギー科】新潟県新潟市中央区上所上２丁目１３番１２号" }, "geometry": { "type": "Point", "coordinates": [ 139.032555, 37.903335 ] } },
{ "type": "Feature", "properties": { "ID": "152SINCX00289", "正式名称": "万代内科クリニック", "機関区分": 2, "都道府県コード": 15, "市区町村コード": 103, "所在地": "新潟県新潟市中央区万代４丁目１番１号Ｂ４ビル３階", "緯度": 37.917274, "経度": 139.058328, "url": "https://www.iryou.teikyouseido.mhlw.go.jp/znk-web/juminkanja/S2430/initialize?prefCd=15&kikanCd=SINCX00289&kikanKbn=2", "url2": "www.bandainaika.com", "内容": "万代内科クリニック【2:診療所】【診療科目:内科_糖尿病内科】新潟県新潟市中央区万代４丁目１番１号Ｂ４ビル３階" }, "geometry": { "type": "Point", "coordinates": [ 139.058328, 37.917274 ] } },
{ "type": "Feature", "properties": { "ID": "152SINCX00290", "正式名称": "万代レディースクリニック", "機関区分": 2, "都道府県コード": 15, "市区町村コード": 103, "所在地": "新潟県新潟市中央区万代１－２－３コープ野村万代２Ｆ", "緯度": 37.915868, "経度": 139.057202, "url": "https://www.iryou.teikyouseido.mhlw.go.jp/znk-web/juminkanja/S2430/initialize?prefCd=15&kikanCd=SINCX00290&kikanKbn=2", "url2": "http://bandai-ladiesclinic.com", "内容": "万代レディースクリニック【2:診療所】【診療科目:内科_婦人科】新潟県新潟市中央区万代１－２－３コープ野村万代２Ｆ" }, "geometry": { "type": "Point", "coordinates": [ 139.057202, 37.915868 ] } },
{ "type": "Feature", "properties": { "ID": "152SINCX00291", "正式名称": "あおばクリニック新潟院", "機関区分": 2, "都道府県コード": 15, "市区町村コード": 103, "所在地": "新潟県新潟市中央区東大通一丁目４番１号　マルタケビル７階", "緯度": 37.913701, "経度": 139.061375, "url": "https://www.iryou.teikyouseido.mhlw.go.jp/znk-web/juminkanja/S2430/initialize?prefCd=15&kikanCd=SINCX00291&kikanKbn=2", "url2": null, "内容": "あおばクリニック新潟院【2:診療所】【診療科目:眼科_美容皮膚科】新潟県新潟市中央区東大通一丁目４番１号　マルタケビル７階" }, "geometry": { "type": "Point", "coordinates": [ 139.061375, 37.913701 ] } },
{ "type": "Feature", "properties": { "ID": "152SINCX00292", "正式名称": "東大通内科クリニック", "機関区分": 2, "都道府県コード": 15, "市区町村コード": 103, "所在地": "新潟県新潟市中央区東大通１ー１０ー８", "緯度": 37.91518, "経度": 139.063905, "url": "https://www.iryou.teikyouseido.mhlw.go.jp/znk-web/juminkanja/S2430/initialize?prefCd=15&kikanCd=SINCX00292&kikanKbn=2", "url2": null, "内容": "東大通内科クリニック【2:診療所】【診療科目:内科_糖尿病内科】新潟県新潟市中央区東大通１ー１０ー８" }, "geometry": { "type": "Point", "coordinates": [ 139.063905, 37.91518 ] } },
{ "type": "Feature", "properties": { "ID": "152SINCX00293", "正式名称": "東堀内科放射線科クリニック", "機関区分": 2, "都道府県コード": 15, "市区町村コード": 103, "所在地": "新潟県新潟市中央区東堀通１２番町２８１０番地", "緯度": 37.930127, "経度": 139.046852, "url": "https://www.iryou.teikyouseido.mhlw.go.jp/znk-web/juminkanja/S2430/initialize?prefCd=15&kikanCd=SINCX00293&kikanKbn=2", "url2": null, "内容": "東堀内科放射線科クリニック【2:診療所】【診療科目:内科_消化器内科_放射線科】新潟県新潟市中央区東堀通１２番町２８１０番地" }, "geometry": { "type": "Point", "coordinates": [ 139.046852, 37.930127 ] } },
{ "type": "Feature", "properties": { "ID": "152SINCX00294", "正式名称": "ひぐち耳鼻科クリニック", "機関区分": 2, "都道府県コード": 15, "市区町村コード": 103, "所在地": "新潟県新潟市中央区鐙西１丁目１２番１２号", "緯度": 37.903156, "経度": 139.062712, "url": "https://www.iryou.teikyouseido.mhlw.go.jp/znk-web/juminkanja/S2430/initialize?prefCd=15&kikanCd=SINCX00294&kikanKbn=2", "url2": "http://www.higuchi-jibika.com", "内容": "ひぐち耳鼻科クリニック【2:診療所】【診療科目:耳鼻いんこう科】新潟県新潟市中央区鐙西１丁目１２番１２号" }, "geometry": { "type": "Point", "coordinates": [ 139.062712, 37.903156 ] } },
{ "type": "Feature", "properties": { "ID": "152SINCX00295", "正式名称": "日之出医院", "機関区分": 2, "都道府県コード": 15, "市区町村コード": 103, "所在地": "新潟県新潟市中央区日の出１丁目９番１４号", "緯度": 37.918289, "経度": 139.072323, "url": "https://www.iryou.teikyouseido.mhlw.go.jp/znk-web/juminkanja/S2430/initialize?prefCd=15&kikanCd=SINCX00295&kikanKbn=2", "url2": null, "内容": "日之出医院【2:診療所】【診療科目:内科_循環器内科】新潟県新潟市中央区日の出１丁目９番１４号" }, "geometry": { "type": "Point", "coordinates": [ 139.072323, 37.918289 ] } },
{ "type": "Feature", "properties": { "ID": "152SINCX00296", "正式名称": "皮膚科　鈴木医院", "機関区分": 2, "都道府県コード": 15, "市区町村コード": 103, "所在地": "新潟県新潟市中央区学校町通２番町５９５－１８", "緯度": 37.91751, "経度": 139.033497, "url": "https://www.iryou.teikyouseido.mhlw.go.jp/znk-web/juminkanja/S2430/initialize?prefCd=15&kikanCd=SINCX00296&kikanKbn=2", "url2": null, "内容": "皮膚科　鈴木医院【2:診療所】【診療科目:皮膚科】新潟県新潟市中央区学校町通２番町５９５－１８" }, "geometry": { "type": "Point", "coordinates": [ 139.033497, 37.91751 ] } },
{ "type": "Feature", "properties": { "ID": "152SINCX00297", "正式名称": "ひろさわ内科医院", "機関区分": 2, "都道府県コード": 15, "市区町村コード": 103, "所在地": "新潟県新潟市中央区東湊町通１ノ町２５４５番地２４", "緯度": 37.92626, "経度": 139.05088, "url": "https://www.iryou.teikyouseido.mhlw.go.jp/znk-web/juminkanja/S2430/initialize?prefCd=15&kikanCd=SINCX00297&kikanKbn=2", "url2": "http://www.konpiranaika.jp/", "内容": "ひろさわ内科医院【2:診療所】【診療科目:内科_呼吸器内科】新潟県新潟市中央区東湊町通１ノ町２５４５番地２４" }, "geometry": { "type": "Point", "coordinates": [ 139.05088, 37.92626 ] } },
{ "type": "Feature", "properties": { "ID": "152SINCX00298", "正式名称": "耳鼻咽喉科　福田医院", "機関区分": 2, "都道府県コード": 15, "市区町村コード": 103, "所在地": "新潟県新潟市中央区沼垂西２－５－１５", "緯度": 37.921996, "経度": 139.065734, "url": "https://www.iryou.teikyouseido.mhlw.go.jp/znk-web/juminkanja/S2430/initialize?prefCd=15&kikanCd=SINCX00298&kikanKbn=2", "url2": "https://fukudaiin.crayonsite.com/", "内容": "耳鼻咽喉科　福田医院【2:診療所】【診療科目:小児耳鼻いんこう科_耳鼻いんこう科_頭頸部・耳鼻いんこう科_耳鼻科、小児耳鼻科、アレルギー科_アレルギー科】新潟県新潟市中央区沼垂西２－５－１５" }, "geometry": { "type": "Point", "coordinates": [ 139.065734, 37.921996 ] } },
{ "type": "Feature", "properties": { "ID": "152SINCX00299", "正式名称": "舟江診療所", "機関区分": 2, "都道府県コード": 15, "市区町村コード": 103, "所在地": "新潟県新潟市中央区入船町３丁目３６２９－１", "緯度": 37.934346, "経度": 139.056425, "url": "https://www.iryou.teikyouseido.mhlw.go.jp/znk-web/juminkanja/S2430/initialize?prefCd=15&kikanCd=SINCX00299&kikanKbn=2", "url2": "https://niigata-min.or.jp/funae/", "内容": "舟江診療所【2:診療所】【診療科目:内科】新潟県新潟市中央区入船町３丁目３６２９－１" }, "geometry": { "type": "Point", "coordinates": [ 139.056425, 37.934346 ] } },
{ "type": "Feature", "properties": { "ID": "152SINCX00301", "正式名称": "プラーカ中村クリニック", "機関区分": 2, "都道府県コード": 15, "市区町村コード": 103, "所在地": "新潟県新潟市中央区笹口１－１", "緯度": 37.910816, "経度": 139.064088, "url": "https://www.iryou.teikyouseido.mhlw.go.jp/znk-web/juminkanja/S2430/initialize?prefCd=15&kikanCd=SINCX00301&kikanKbn=2", "url2": "https://plaka-nakamura-clinic.skr.jp/access.html", "内容": "プラーカ中村クリニック【2:診療所】【診療科目:内科_消化器内科_乳腺外科_肛門外科】新潟県新潟市中央区笹口１－１" }, "geometry": { "type": "Point", "coordinates": [ 139.064088, 37.910816 ] } },
{ "type": "Feature", "properties": { "ID": "152SINCX00302", "正式名称": "ぷらっと本町クリニック", "機関区分": 2, "都道府県コード": 15, "市区町村コード": 103, "所在地": "新潟県新潟市中央区本町通６番町１１０８番地１ぷらっと本町ビル４Ｆ", "緯度": 37.920632, "経度": 139.046313, "url": "https://www.iryou.teikyouseido.mhlw.go.jp/znk-web/juminkanja/S2430/initialize?prefCd=15&kikanCd=SINCX00302&kikanKbn=2", "url2": "https://www.plat-clinic.com/index201.html", "内容": "ぷらっと本町クリニック【2:診療所】【診療科目:内科_消化器内科】新潟県新潟市中央区本町通６番町１１０８番地１ぷらっと本町ビル４Ｆ" }, "geometry": { "type": "Point", "coordinates": [ 139.046313, 37.920632 ] } },
{ "type": "Feature", "properties": { "ID": "152SINCX00304", "正式名称": "古町心療クリニック", "機関区分": 2, "都道府県コード": 15, "市区町村コード": 103, "所在地": "新潟県新潟市中央区西堀前通六番町９０９番地", "緯度": 37.921866, "経度": 139.044068, "url": "https://www.iryou.teikyouseido.mhlw.go.jp/znk-web/juminkanja/S2430/initialize?prefCd=15&kikanCd=SINCX00304&kikanKbn=2", "url2": "http://www.fmc-niigata.org/", "内容": "古町心療クリニック【2:診療所】【診療科目:精神科_心療内科】新潟県新潟市中央区西堀前通六番町９０９番地" }, "geometry": { "type": "Point", "coordinates": [ 139.044068, 37.921866 ] } },
{ "type": "Feature", "properties": { "ID": "152SINCX00306", "正式名称": "堀川内科・神経内科医院", "機関区分": 2, "都道府県コード": 15, "市区町村コード": 103, "所在地": "新潟県新潟市中央区浜浦町１丁目１８１番地３", "緯度": 37.910724, "経度": 139.012341, "url": "https://www.iryou.teikyouseido.mhlw.go.jp/znk-web/juminkanja/S2430/initialize?prefCd=15&kikanCd=SINCX00306&kikanKbn=2", "url2": "https://horikawa-clinic.com", "内容": "堀川内科・神経内科医院【2:診療所】【診療科目:内科_脳神経内科_循環器内科】新潟県新潟市中央区浜浦町１丁目１８１番地３" }, "geometry": { "type": "Point", "coordinates": [ 139.012341, 37.910724 ] } },
{ "type": "Feature", "properties": { "ID": "152SINCX00307", "正式名称": "本田内科医院", "機関区分": 2, "都道府県コード": 15, "市区町村コード": 103, "所在地": "新潟県新潟市中央区天神尾１丁目５番７号", "緯度": 37.9089, "経度": 139.056383, "url": "https://www.iryou.teikyouseido.mhlw.go.jp/znk-web/juminkanja/S2430/initialize?prefCd=15&kikanCd=SINCX00307&kikanKbn=2", "url2": null, "内容": "本田内科医院【2:診療所】【診療科目:内科_循環器内科】新潟県新潟市中央区天神尾１丁目５番７号" }, "geometry": { "type": "Point", "coordinates": [ 139.056383, 37.9089 ] } },
{ "type": "Feature", "properties": { "ID": "152SINCX00308", "正式名称": "本町いとう内科クリニック", "機関区分": 2, "都道府県コード": 15, "市区町村コード": 103, "所在地": "新潟県新潟市中央区本町通６番町１１０８−１ぷらっと本町ビル３階", "緯度": 37.920632, "経度": 139.046313, "url": "https://www.iryou.teikyouseido.mhlw.go.jp/znk-web/juminkanja/S2430/initialize?prefCd=15&kikanCd=SINCX00308&kikanKbn=2", "url2": "https://www.itou-naika.com/", "内容": "本町いとう内科クリニック【2:診療所】【診療科目:内科_呼吸器内科_アレルギー疾患内科】新潟県新潟市中央区本町通６番町１１０８−１ぷらっと本町ビル３階" }, "geometry": { "type": "Point", "coordinates": [ 139.046313, 37.920632 ] } },
{ "type": "Feature", "properties": { "ID": "152SINCX00309", "正式名称": "本町眼科", "機関区分": 2, "都道府県コード": 15, "市区町村コード": 103, "所在地": "新潟県新潟市中央区本町通６番町１１０３", "緯度": 37.92104, "経度": 139.046428, "url": "https://www.iryou.teikyouseido.mhlw.go.jp/znk-web/juminkanja/S2430/initialize?prefCd=15&kikanCd=SINCX00309&kikanKbn=2", "url2": null, "内容": "本町眼科【2:診療所】【診療科目:眼科】新潟県新潟市中央区本町通６番町１１０３" }, "geometry": { "type": "Point", "coordinates": [ 139.046428, 37.92104 ] } },
{ "type": "Feature", "properties": { "ID": "152SINCX00311", "正式名称": "本町ふるまち耳鼻科", "機関区分": 2, "都道府県コード": 15, "市区町村コード": 103, "所在地": "新潟県新潟市中央区上大川前通六番町１２１２ー１", "緯度": 37.922436, "経度": 139.048179, "url": "https://www.iryou.teikyouseido.mhlw.go.jp/znk-web/juminkanja/S2430/initialize?prefCd=15&kikanCd=SINCX00311&kikanKbn=2", "url2": "https://honcho-furumachi.jp", "内容": "本町ふるまち耳鼻科【2:診療所】【診療科目:耳鼻いんこう科】新潟県新潟市中央区上大川前通六番町１２１２ー１" }, "geometry": { "type": "Point", "coordinates": [ 139.048179, 37.922436 ] } },
{ "type": "Feature", "properties": { "ID": "152SINCX00313", "正式名称": "舞平クリニック", "機関区分": 2, "都道府県コード": 15, "市区町村コード": 103, "所在地": "新潟県新潟市中央区大島１９５番地", "緯度": 37.881838, "経度": 139.025538, "url": "https://www.iryou.teikyouseido.mhlw.go.jp/znk-web/juminkanja/S2430/initialize?prefCd=15&kikanCd=SINCX00313&kikanKbn=2", "url2": "maihira-clinic.com", "内容": "舞平クリニック【2:診療所】【診療科目:内科_腎臓内科_人工透析内科_リウマチ科】新潟県新潟市中央区大島１９５番地" }, "geometry": { "type": "Point", "coordinates": [ 139.025538, 37.881838 ] } },
{ "type": "Feature", "properties": { "ID": "152SINCX00314", "正式名称": "前田内科医院", "機関区分": 2, "都道府県コード": 15, "市区町村コード": 103, "所在地": "新潟県新潟市中央区曙町３１６０番地４", "緯度": 37.930561, "経度": 139.049281, "url": "https://www.iryou.teikyouseido.mhlw.go.jp/znk-web/juminkanja/S2430/initialize?prefCd=15&kikanCd=SINCX00314&kikanKbn=2", "url2": null, "内容": "前田内科医院【2:診療所】【診療科目:内科_循環器内科】新潟県新潟市中央区曙町３１６０番地４" }, "geometry": { "type": "Point", "coordinates": [ 139.049281, 37.930561 ] } },
{ "type": "Feature", "properties": { "ID": "152SINCX00315", "正式名称": "松井女性クリニック", "機関区分": 2, "都道府県コード": 15, "市区町村コード": 103, "所在地": "新潟県新潟市中央区西堀前通６番町８９９番地シス西堀１Ｆ", "緯度": 37.921209, "経度": 139.043852, "url": "https://www.iryou.teikyouseido.mhlw.go.jp/znk-web/juminkanja/S2430/initialize?prefCd=15&kikanCd=SINCX00315&kikanKbn=2", "url2": "https://www.matsui-ladiesclinic.jp", "内容": "松井女性クリニック【2:診療所】【診療科目:産婦人科】新潟県新潟市中央区西堀前通６番町８９９番地シス西堀１Ｆ" }, "geometry": { "type": "Point", "coordinates": [ 139.043852, 37.921209 ] } },
{ "type": "Feature", "properties": { "ID": "152SINCX00316", "正式名称": "松田眼科医院", "機関区分": 2, "都道府県コード": 15, "市区町村コード": 103, "所在地": "新潟県新潟市中央区営所通１番町３０８番地３", "緯度": 37.921198, "経度": 139.040057, "url": "https://www.iryou.teikyouseido.mhlw.go.jp/znk-web/juminkanja/S2430/initialize?prefCd=15&kikanCd=SINCX00316&kikanKbn=2", "url2": "https://www.matudaganka.com", "内容": "松田眼科医院【2:診療所】【診療科目:眼科】新潟県新潟市中央区営所通１番町３０８番地３" }, "geometry": { "type": "Point", "coordinates": [ 139.040057, 37.921198 ] } },
{ "type": "Feature", "properties": { "ID": "152SINCX00318", "正式名称": "松元眼科", "機関区分": 2, "都道府県コード": 15, "市区町村コード": 103, "所在地": "新潟県新潟市中央区東大通２丁目７番１５", "緯度": 37.916568, "経度": 139.061709, "url": "https://www.iryou.teikyouseido.mhlw.go.jp/znk-web/juminkanja/S2430/initialize?prefCd=15&kikanCd=SINCX00318&kikanKbn=2", "url2": null, "内容": "松元眼科【2:診療所】【診療科目:眼科】新潟県新潟市中央区東大通２丁目７番１５" }, "geometry": { "type": "Point", "coordinates": [ 139.061709, 37.916568 ] } },
{ "type": "Feature", "properties": { "ID": "152SINCX00319", "正式名称": "松本眼科", "機関区分": 2, "都道府県コード": 15, "市区町村コード": 103, "所在地": "新潟県新潟市中央区笹口２丁目１番１２号", "緯度": 37.910121, "経度": 139.06325, "url": "https://www.iryou.teikyouseido.mhlw.go.jp/znk-web/juminkanja/S2430/initialize?prefCd=15&kikanCd=SINCX00319&kikanKbn=2", "url2": null, "内容": "松本眼科【2:診療所】【診療科目:眼科】新潟県新潟市中央区笹口２丁目１番１２号" }, "geometry": { "type": "Point", "coordinates": [ 139.06325, 37.910121 ] } },
{ "type": "Feature", "properties": { "ID": "152SINCX00320", "正式名称": "宮尾耳鼻咽喉科クリニック", "機関区分": 2, "都道府県コード": 15, "市区町村コード": 103, "所在地": "新潟県新潟市中央区女池上山５丁目９番９号", "緯度": 37.894851, "経度": 139.026888, "url": "https://www.iryou.teikyouseido.mhlw.go.jp/znk-web/juminkanja/S2430/initialize?prefCd=15&kikanCd=SINCX00320&kikanKbn=2", "url2": "https://www.miyao-ent.com/", "内容": "宮尾耳鼻咽喉科クリニック【2:診療所】【診療科目:耳鼻いんこう科_アレルギー科】新潟県新潟市中央区女池上山５丁目９番９号" }, "geometry": { "type": "Point", "coordinates": [ 139.026888, 37.894851 ] } },
{ "type": "Feature", "properties": { "ID": "152SINCX00321", "正式名称": "医療法人社団惠洋会　ハートリー在宅クリニック新潟中央", "機関区分": 2, "都道府県コード": 15, "市区町村コード": 103, "所在地": "新潟県新潟市中央区東万代町９－３８ロイヤルパークスＥＲ万代１階", "緯度": 37.917613, "経度": 139.063287, "url": "https://www.iryou.teikyouseido.mhlw.go.jp/znk-web/juminkanja/S2430/initialize?prefCd=15&kikanCd=SINCX00321&kikanKbn=2", "url2": "https://heartly-clinic.com/", "内容": "医療法人社団惠洋会　ハートリー在宅クリニック新潟中央【2:診療所】【診療科目:内科_皮膚科】新潟県新潟市中央区東万代町９－３８ロイヤルパークスＥＲ万代１階" }, "geometry": { "type": "Point", "coordinates": [ 139.063287, 37.917613 ] } },
{ "type": "Feature", "properties": { "ID": "152SINCX00322", "正式名称": "村山内科", "機関区分": 2, "都道府県コード": 15, "市区町村コード": 103, "所在地": "新潟県新潟市中央区万代１－１－３２プリオール万代ビル４階", "緯度": 37.917075, "経度": 139.057783, "url": "https://www.iryou.teikyouseido.mhlw.go.jp/znk-web/juminkanja/S2430/initialize?prefCd=15&kikanCd=SINCX00322&kikanKbn=2", "url2": "https://www.murayama-naika.jp", "内容": "村山内科【2:診療所】【診療科目:内科】新潟県新潟市中央区万代１－１－３２プリオール万代ビル４階" }, "geometry": { "type": "Point", "coordinates": [ 139.057783, 37.917075 ] } },
{ "type": "Feature", "properties": { "ID": "152SINCX00323", "正式名称": "めいけ眼科クリニック", "機関区分": 2, "都道府県コード": 15, "市区町村コード": 103, "所在地": "新潟県新潟市中央区女池６－４－６１", "緯度": 37.892699, "経度": 139.042424, "url": "https://www.iryou.teikyouseido.mhlw.go.jp/znk-web/juminkanja/S2430/initialize?prefCd=15&kikanCd=SINCX00323&kikanKbn=2", "url2": null, "内容": "めいけ眼科クリニック【2:診療所】【診療科目:眼科】新潟県新潟市中央区女池６－４－６１" }, "geometry": { "type": "Point", "coordinates": [ 139.042424, 37.892699 ] } },
{ "type": "Feature", "properties": { "ID": "152SINCX00324", "正式名称": "明元堂眼科医院", "機関区分": 2, "都道府県コード": 15, "市区町村コード": 103, "所在地": "新潟県新潟市中央区上大川前通９番町１２７９番地", "緯度": 37.925218, "経度": 139.048825, "url": "https://www.iryou.teikyouseido.mhlw.go.jp/znk-web/juminkanja/S2430/initialize?prefCd=15&kikanCd=SINCX00324&kikanKbn=2", "url2": "meigendoganka.com", "内容": "明元堂眼科医院【2:診療所】【診療科目:眼科】新潟県新潟市中央区上大川前通９番町１２７９番地" }, "geometry": { "type": "Point", "coordinates": [ 139.048825, 37.925218 ] } },
{ "type": "Feature", "properties": { "ID": "152SINCX00325", "正式名称": "もり眼科医院", "機関区分": 2, "都道府県コード": 15, "市区町村コード": 103, "所在地": "新潟県新潟市中央区幸西１丁目５番２０号メゾン八千代１Ｆ", "緯度": 37.912065, "経度": 139.050053, "url": "https://www.iryou.teikyouseido.mhlw.go.jp/znk-web/juminkanja/S2430/initialize?prefCd=15&kikanCd=SINCX00325&kikanKbn=2", "url2": null, "内容": "もり眼科医院【2:診療所】【診療科目:眼科】新潟県新潟市中央区幸西１丁目５番２０号メゾン八千代１Ｆ" }, "geometry": { "type": "Point", "coordinates": [ 139.050053, 37.912065 ] } },
{ "type": "Feature", "properties": { "ID": "152SINCX00327", "正式名称": "山口眼科医院", "機関区分": 2, "都道府県コード": 15, "市区町村コード": 103, "所在地": "新潟県新潟市中央区上所１丁目１番２４号エヌビル１Ｆ", "緯度": 37.908707, "経度": 139.04516, "url": "https://www.iryou.teikyouseido.mhlw.go.jp/znk-web/juminkanja/S2430/initialize?prefCd=15&kikanCd=SINCX00327&kikanKbn=2", "url2": null, "内容": "山口眼科医院【2:診療所】【診療科目:眼科】新潟県新潟市中央区上所１丁目１番２４号エヌビル１Ｆ" }, "geometry": { "type": "Point", "coordinates": [ 139.04516, 37.908707 ] } },
{ "type": "Feature", "properties": { "ID": "152SINCX00329", "正式名称": "よいこの小児科さとう", "機関区分": 2, "都道府県コード": 15, "市区町村コード": 103, "所在地": "新潟県新潟市中央区神道寺１丁目５番４７号", "緯度": 37.898926, "経度": 139.057397, "url": "https://www.iryou.teikyouseido.mhlw.go.jp/znk-web/juminkanja/S2430/initialize?prefCd=15&kikanCd=SINCX00329&kikanKbn=2", "url2": "Https;//www.e-yoiko.com", "内容": "よいこの小児科さとう【2:診療所】【診療科目:循環器内科_小児科_アレルギー科】新潟県新潟市中央区神道寺１丁目５番４７号" }, "geometry": { "type": "Point", "coordinates": [ 139.057397, 37.898926 ] } },
{ "type": "Feature", "properties": { "ID": "152SINCX00331", "正式名称": "ラサ内科皮膚科クリニック", "機関区分": 2, "都道府県コード": 15, "市区町村コード": 103, "所在地": "新潟県新潟市中央区南笹口アメニティオアシス駅南１階", "緯度": 37.908014, "経度": 139.06498, "url": "https://www.iryou.teikyouseido.mhlw.go.jp/znk-web/juminkanja/S2430/initialize?prefCd=15&kikanCd=SINCX00331&kikanKbn=2", "url2": "http://lhasaclinic.com", "内容": "ラサ内科皮膚科クリニック【2:診療所】【診療科目:内科_皮膚科】新潟県新潟市中央区南笹口アメニティオアシス駅南１階" }, "geometry": { "type": "Point", "coordinates": [ 139.06498, 37.908014 ] } },
{ "type": "Feature", "properties": { "ID": "152SINCX00332", "正式名称": "ＲＩＫＡ皮膚科皮膚科形成外科クリニック", "機関区分": 2, "都道府県コード": 15, "市区町村コード": 103, "所在地": "新潟県新潟市中央区女池上山２－８－２８", "緯度": 37.892408, "経度": 139.029001, "url": "https://www.iryou.teikyouseido.mhlw.go.jp/znk-web/juminkanja/S2430/initialize?prefCd=15&kikanCd=SINCX00332&kikanKbn=2", "url2": "WWW.rika-clinic.jp", "内容": "ＲＩＫＡ皮膚科皮膚科形成外科クリニック【2:診療所】【診療科目:形成外科_皮膚科_美容皮膚科_アレルギー科】新潟県新潟市中央区女池上山２－８－２８" }, "geometry": { "type": "Point", "coordinates": [ 139.029001, 37.892408 ] } },
{ "type": "Feature", "properties": { "ID": "152SINCX00333", "正式名称": "美容皮膚科リゼクリニック新潟", "機関区分": 2, "都道府県コード": 15, "市区町村コード": 103, "所在地": "新潟県新潟市中央区下大川前通七ノ町２２３０－３７メゾン・ソレイユ２階１号室", "緯度": 37.925569, "経度": 139.055781, "url": "https://www.iryou.teikyouseido.mhlw.go.jp/znk-web/juminkanja/S2430/initialize?prefCd=15&kikanCd=SINCX00333&kikanKbn=2", "url2": "https://www.rizeclinic.com/locations/niigata/", "内容": "美容皮膚科リゼクリニック新潟【2:診療所】【診療科目:美容皮膚科】新潟県新潟市中央区下大川前通七ノ町２２３０－３７メゾン・ソレイユ２階１号室" }, "geometry": { "type": "Point", "coordinates": [ 139.055781, 37.925569 ] } },
{ "type": "Feature", "properties": { "ID": "152SINCX00334", "正式名称": "わかばやし内科クリニック", "機関区分": 2, "都道府県コード": 15, "市区町村コード": 103, "所在地": "新潟県新潟市中央区米山５－９－１３", "緯度": 37.904719, "経度": 139.056672, "url": "https://www.iryou.teikyouseido.mhlw.go.jp/znk-web/juminkanja/S2430/initialize?prefCd=15&kikanCd=SINCX00334&kikanKbn=2", "url2": null, "内容": "わかばやし内科クリニック【2:診療所】【診療科目:内科_呼吸器内科_循環器内科_消化器内科_アレルギー疾患内科_アレルギー科】新潟県新潟市中央区米山５－９－１３" }, "geometry": { "type": "Point", "coordinates": [ 139.056672, 37.904719 ] } },
{ "type": "Feature", "properties": { "ID": "152SINCX00337", "正式名称": "五十嵐内科胃腸科医院", "機関区分": 2, "都道府県コード": 15, "市区町村コード": 104, "所在地": "新潟県新潟市江南区酒屋町８２１番地２９", "緯度": 37.836764, "経度": 139.066875, "url": "https://www.iryou.teikyouseido.mhlw.go.jp/znk-web/juminkanja/S2430/initialize?prefCd=15&kikanCd=SINCX00337&kikanKbn=2", "url2": null, "内容": "五十嵐内科胃腸科医院【2:診療所】【診療科目:内科_感染症内科_代謝内科_糖尿病・内分泌内科_呼吸器内科_循環器内科_胃腸内科_小児科】新潟県新潟市江南区酒屋町８２１番地２９" }, "geometry": { "type": "Point", "coordinates": [ 139.066875, 37.836764 ] } },
{ "type": "Feature", "properties": { "ID": "152SINCX00338", "正式名称": "医療法人社団　片桐医院", "機関区分": 2, "都道府県コード": 15, "市区町村コード": 104, "所在地": "新潟県　新潟市　江南区　亀田水道町　１丁目１番５１号２", "緯度": 37.870454, "経度": 139.115273, "url": "https://www.iryou.teikyouseido.mhlw.go.jp/znk-web/juminkanja/S2430/initialize?prefCd=15&kikanCd=SINCX00338&kikanKbn=2", "url2": null, "内容": "医療法人社団　片桐医院【2:診療所】【診療科目:内科】新潟県　新潟市　江南区　亀田水道町　１丁目１番５１号２" }, "geometry": { "type": "Point", "coordinates": [ 139.115273, 37.870454 ] } },
{ "type": "Feature", "properties": { "ID": "152SINCX00339", "正式名称": "医療法人敬光会祖父江眼科医院", "機関区分": 2, "都道府県コード": 15, "市区町村コード": 104, "所在地": "新潟県新潟市江南区亀田本町３丁目４番１０号", "緯度": 37.868536, "経度": 139.107859, "url": "https://www.iryou.teikyouseido.mhlw.go.jp/znk-web/juminkanja/S2430/initialize?prefCd=15&kikanCd=SINCX00339&kikanKbn=2", "url2": null, "内容": "医療法人敬光会祖父江眼科医院【2:診療所】【診療科目:眼科】新潟県新潟市江南区亀田本町３丁目４番１０号" }, "geometry": { "type": "Point", "coordinates": [ 139.107859, 37.868536 ] } },
{ "type": "Feature", "properties": { "ID": "152SINCX00340", "正式名称": "医療法人社団藍盛会　新潟南アイクリニック", "機関区分": 2, "都道府県コード": 15, "市区町村コード": 104, "所在地": "新潟県新潟市江南区下早通柳田１丁目１−１イオンモール新潟南３階", "緯度": 37.876223, "経度": 139.081546, "url": "https://www.iryou.teikyouseido.mhlw.go.jp/znk-web/juminkanja/S2430/initialize?prefCd=15&kikanCd=SINCX00340&kikanKbn=2", "url2": null, "内容": "医療法人社団藍盛会　新潟南アイクリニック【2:診療所】【診療科目:眼科】新潟県新潟市江南区下早通柳田１丁目１−１イオンモール新潟南３階" }, "geometry": { "type": "Point", "coordinates": [ 139.081546, 37.876223 ] } },
{ "type": "Feature", "properties": { "ID": "152SINCX00341", "正式名称": "医療法人社団広域白報会　　かめだ在宅診療所", "機関区分": 2, "都道府県コード": 15, "市区町村コード": 104, "所在地": "新潟県新潟市江南区諏訪１丁目２番７号", "緯度": 37.87448, "経度": 139.110472, "url": "https://www.iryou.teikyouseido.mhlw.go.jp/znk-web/juminkanja/S2430/initialize?prefCd=15&kikanCd=SINCX00341&kikanKbn=2", "url2": "https://dr-kameda.com/access/", "内容": "医療法人社団広域白報会　　かめだ在宅診療所【2:診療所】【診療科目:内科_皮膚科_精神科】新潟県新潟市江南区諏訪１丁目２番７号" }, "geometry": { "type": "Point", "coordinates": [ 139.110472, 37.87448 ] } },
{ "type": "Feature", "properties": { "ID": "152SINCX00342", "正式名称": "医療法人社団こんの脳神経クリニック", "機関区分": 2, "都道府県コード": 15, "市区町村コード": 104, "所在地": "新潟県新潟市江南区泉町１－２－３０", "緯度": 37.866956, "経度": 139.095495, "url": "https://www.iryou.teikyouseido.mhlw.go.jp/znk-web/juminkanja/S2430/initialize?prefCd=15&kikanCd=SINCX00342&kikanKbn=2", "url2": "http://www.konno-clinic.com/", "内容": "医療法人社団こんの脳神経クリニック【2:診療所】【診療科目:脳神経内科_リハビリテーション科】新潟県新潟市江南区泉町１－２－３０" }, "geometry": { "type": "Point", "coordinates": [ 139.095495, 37.866956 ] } },
{ "type": "Feature", "properties": { "ID": "152SINCX00343", "正式名称": "うえの内科・外科クリニック", "機関区分": 2, "都道府県コード": 15, "市区町村コード": 104, "所在地": "新潟県新潟市江南区鐘木５７９番２", "緯度": 37.86853, "経度": 139.038977, "url": "https://www.iryou.teikyouseido.mhlw.go.jp/znk-web/juminkanja/S2430/initialize?prefCd=15&kikanCd=SINCX00343&kikanKbn=2", "url2": "uyeno-clinic.com", "内容": "うえの内科・外科クリニック【2:診療所】【診療科目:内科_呼吸器内科_循環器内科_外科_血管外科】新潟県新潟市江南区鐘木５７９番２" }, "geometry": { "type": "Point", "coordinates": [ 139.038977, 37.86853 ] } },
{ "type": "Feature", "properties": { "ID": "152SINCX00344", "正式名称": "おおむら内科クリニック", "機関区分": 2, "都道府県コード": 15, "市区町村コード": 104, "所在地": "新潟県新潟市江南区亀田四ツ興野２丁目６番２７号", "緯度": 37.869597, "経度": 139.095564, "url": "https://www.iryou.teikyouseido.mhlw.go.jp/znk-web/juminkanja/S2430/initialize?prefCd=15&kikanCd=SINCX00344&kikanKbn=2", "url2": null, "内容": "おおむら内科クリニック【2:診療所】【診療科目:内科_血液内科_胃腸内科_外科_小児科】新潟県新潟市江南区亀田四ツ興野２丁目６番２７号" }, "geometry": { "type": "Point", "coordinates": [ 139.095564, 37.869597 ] } },
{ "type": "Feature", "properties": { "ID": "152SINCX00346", "正式名称": "かとう心療内科クリニック", "機関区分": 2, "都道府県コード": 15, "市区町村コード": 104, "所在地": "新潟県新潟市江南区亀田向陽一丁目３番３５", "緯度": 37.876366, "経度": 139.112587, "url": "https://www.iryou.teikyouseido.mhlw.go.jp/znk-web/juminkanja/S2430/initialize?prefCd=15&kikanCd=SINCX00346&kikanKbn=2", "url2": "www.katokokoro.com", "内容": "かとう心療内科クリニック【2:診療所】【診療科目:内科_心臓内科_神経内科_精神科_神経科_心療内科_老年精神科_老年心療内科】新潟県新潟市江南区亀田向陽一丁目３番３５" }, "geometry": { "type": "Point", "coordinates": [ 139.112587, 37.876366 ] } },
{ "type": "Feature", "properties": { "ID": "152SINCX00348", "正式名称": "かめだ泌尿器科クリニック", "機関区分": 2, "都道府県コード": 15, "市区町村コード": 104, "所在地": "新潟県新潟市江南区亀田向陽３−２−２９", "緯度": 37.878526, "経度": 139.109569, "url": "https://www.iryou.teikyouseido.mhlw.go.jp/znk-web/juminkanja/S2430/initialize?prefCd=15&kikanCd=SINCX00348&kikanKbn=2", "url2": "https://kameda-urology.jp", "内容": "かめだ泌尿器科クリニック【2:診療所】【診療科目:泌尿器科】新潟県新潟市江南区亀田向陽３−２−２９" }, "geometry": { "type": "Point", "coordinates": [ 139.109569, 37.878526 ] } },
{ "type": "Feature", "properties": { "ID": "152SINCX00349", "正式名称": "木村皮ふ科クリニック", "機関区分": 2, "都道府県コード": 15, "市区町村コード": 104, "所在地": "新潟県新潟市江南区亀田向陽３丁目１５番１８号", "緯度": 37.880826, "経度": 139.107893, "url": "https://www.iryou.teikyouseido.mhlw.go.jp/znk-web/juminkanja/S2430/initialize?prefCd=15&kikanCd=SINCX00349&kikanKbn=2", "url2": "https://niigata-kimura-hifu.jp/", "内容": "木村皮ふ科クリニック【2:診療所】【診療科目:皮膚科_アレルギー科】新潟県新潟市江南区亀田向陽３丁目１５番１８号" }, "geometry": { "type": "Point", "coordinates": [ 139.107893, 37.880826 ] } },
{ "type": "Feature", "properties": { "ID": "152SINCX00355", "正式名称": "向陽メディカルクリニック", "機関区分": 2, "都道府県コード": 15, "市区町村コード": 104, "所在地": "新潟県新潟市江南区亀田向陽３丁目９番２５号", "緯度": 37.880305, "経度": 139.108551, "url": "https://www.iryou.teikyouseido.mhlw.go.jp/znk-web/juminkanja/S2430/initialize?prefCd=15&kikanCd=SINCX00355&kikanKbn=2", "url2": "http://park16.wakuwaku.com/~koyo/index.html", "内容": "向陽メディカルクリニック【2:診療所】【診療科目:腎臓内科】新潟県新潟市江南区亀田向陽３丁目９番２５号" }, "geometry": { "type": "Point", "coordinates": [ 139.108551, 37.880305 ] } },
{ "type": "Feature", "properties": { "ID": "152SINCX00357", "正式名称": "小林整形外科", "機関区分": 2, "都道府県コード": 15, "市区町村コード": 104, "所在地": "新潟県新潟市江南区亀田四ツ興野１丁目１番３２号", "緯度": 37.872757, "経度": 139.098022, "url": "https://www.iryou.teikyouseido.mhlw.go.jp/znk-web/juminkanja/S2430/initialize?prefCd=15&kikanCd=SINCX00357&kikanKbn=2", "url2": null, "内容": "小林整形外科【2:診療所】【診療科目:整形外科】新潟県新潟市江南区亀田四ツ興野１丁目１番３２号" }, "geometry": { "type": "Point", "coordinates": [ 139.098022, 37.872757 ] } },
{ "type": "Feature", "properties": { "ID": "152SINCX00359", "正式名称": "ささがわ小児科クリニック", "機関区分": 2, "都道府県コード": 15, "市区町村コード": 104, "所在地": "新潟県新潟市江南区亀田四ツ興野２－５－１４", "緯度": 37.869653, "経度": 139.09742, "url": "https://www.iryou.teikyouseido.mhlw.go.jp/znk-web/juminkanja/S2430/initialize?prefCd=15&kikanCd=SINCX00359&kikanKbn=2", "url2": null, "内容": "ささがわ小児科クリニック【2:診療所】【診療科目:小児科_アレルギー科】新潟県新潟市江南区亀田四ツ興野２－５－１４" }, "geometry": { "type": "Point", "coordinates": [ 139.09742, 37.869653 ] } },
{ "type": "Feature", "properties": { "ID": "152SINCX00360", "正式名称": "佐藤医院", "機関区分": 2, "都道府県コード": 15, "市区町村コード": 104, "所在地": "新潟県新潟市江南区割野６６６番地", "緯度": 37.838262, "経度": 139.098096, "url": "https://www.iryou.teikyouseido.mhlw.go.jp/znk-web/juminkanja/S2430/initialize?prefCd=15&kikanCd=SINCX00360&kikanKbn=2", "url2": null, "内容": "佐藤医院【2:診療所】【診療科目:内科_小児科】新潟県新潟市江南区割野６６６番地" }, "geometry": { "type": "Point", "coordinates": [ 139.098096, 37.838262 ] } },
{ "type": "Feature", "properties": { "ID": "152SINCX00364", "正式名称": "とがし医院", "機関区分": 2, "都道府県コード": 15, "市区町村コード": 104, "所在地": "新潟県新潟市江南区亀田四ツ興野１－１－５", "緯度": 37.872809, "経度": 139.098603, "url": "https://www.iryou.teikyouseido.mhlw.go.jp/znk-web/juminkanja/S2430/initialize?prefCd=15&kikanCd=SINCX00364&kikanKbn=2", "url2": "https://www.togashi-ent.com/", "内容": "とがし医院【2:診療所】【診療科目:頭頸部・耳鼻いんこう科】新潟県新潟市江南区亀田四ツ興野１－１－５" }, "geometry": { "type": "Point", "coordinates": [ 139.098603, 37.872809 ] } },
{ "type": "Feature", "properties": { "ID": "152SINCX00366", "正式名称": "清野医院", "機関区分": 2, "都道府県コード": 15, "市区町村コード": 104, "所在地": "新潟県新潟市江南区亀田四ツ興野５－４－１２", "緯度": 37.868727, "経度": 139.097576, "url": "https://www.iryou.teikyouseido.mhlw.go.jp/znk-web/juminkanja/S2430/initialize?prefCd=15&kikanCd=SINCX00366&kikanKbn=2", "url2": null, "内容": "清野医院【2:診療所】【診療科目:内科_呼吸器内科_消化器内科_放射線科】新潟県新潟市江南区亀田四ツ興野５－４－１２" }, "geometry": { "type": "Point", "coordinates": [ 139.097576, 37.868727 ] } },
{ "type": "Feature", "properties": { "ID": "152SINCX00378", "正式名称": "新津産科婦人科クリニック", "機関区分": 2, "都道府県コード": 15, "市区町村コード": 104, "所在地": "新潟県新潟市江南区横越中央７丁目１番７号", "緯度": 37.853705, "経度": 139.145331, "url": "https://www.iryou.teikyouseido.mhlw.go.jp/znk-web/juminkanja/S2430/initialize?prefCd=15&kikanCd=SINCX00378&kikanKbn=2", "url2": "http://www.sankafujinka.jp", "内容": "新津産科婦人科クリニック【2:診療所】【診療科目:産婦人科_産科_婦人科_産婦人科（生殖医療）_麻酔科】新潟県新潟市江南区横越中央７丁目１番７号" }, "geometry": { "type": "Point", "coordinates": [ 139.145331, 37.853705 ] } },
{ "type": "Feature", "properties": { "ID": "152SINCX00380", "正式名称": "発達クリニック　ぱすてる", "機関区分": 2, "都道府県コード": 15, "市区町村コード": 104, "所在地": "新潟県新潟市江南区曙町３丁目４ー９", "緯度": 37.860443, "経度": 139.127087, "url": "https://www.iryou.teikyouseido.mhlw.go.jp/znk-web/juminkanja/S2430/initialize?prefCd=15&kikanCd=SINCX00380&kikanKbn=2", "url2": "https://www.meiseido-eye.jp/", "内容": "発達クリニック　ぱすてる【2:診療所】【診療科目:眼科】新潟県新潟市江南区曙町３丁目４ー９" }, "geometry": { "type": "Point", "coordinates": [ 139.127087, 37.860443 ] } },
{ "type": "Feature", "properties": { "ID": "152SINCX00381", "正式名称": "林皮フ科", "機関区分": 2, "都道府県コード": 15, "市区町村コード": 104, "所在地": "新潟県新潟市江南区亀田四ツ興野１丁目５７１番５", "緯度": 37.872163, "経度": 139.097964, "url": "https://www.iryou.teikyouseido.mhlw.go.jp/znk-web/juminkanja/S2430/initialize?prefCd=15&kikanCd=SINCX00381&kikanKbn=2", "url2": null, "内容": "林皮フ科【2:診療所】【診療科目:皮膚科】新潟県新潟市江南区亀田四ツ興野１丁目５７１番５" }, "geometry": { "type": "Point", "coordinates": [ 139.097964, 37.872163 ] } },
{ "type": "Feature", "properties": { "ID": "152SINCX00382", "正式名称": "ふじい眼科", "機関区分": 2, "都道府県コード": 15, "市区町村コード": 104, "所在地": "新潟県新潟市江南区亀田向陽３－２１", "緯度": 37.881241, "経度": 139.106231, "url": "https://www.iryou.teikyouseido.mhlw.go.jp/znk-web/juminkanja/S2430/initialize?prefCd=15&kikanCd=SINCX00382&kikanKbn=2", "url2": null, "内容": "ふじい眼科【2:診療所】【診療科目:眼科】新潟県新潟市江南区亀田向陽３－２１" }, "geometry": { "type": "Point", "coordinates": [ 139.106231, 37.881241 ] } },
{ "type": "Feature", "properties": { "ID": "152SINCX00383", "正式名称": "堀クリニック", "機関区分": 2, "都道府県コード": 15, "市区町村コード": 104, "所在地": "新潟県新潟市江南区船戸山４丁目９番２０号", "緯度": 37.866771, "経度": 139.106176, "url": "https://www.iryou.teikyouseido.mhlw.go.jp/znk-web/juminkanja/S2430/initialize?prefCd=15&kikanCd=SINCX00383&kikanKbn=2", "url2": "https://horiclinic-niigata.com", "内容": "堀クリニック【2:診療所】【診療科目:内科_消化器内科_胃腸内科_肝臓内科_内視鏡内科】新潟県新潟市江南区船戸山４丁目９番２０号" }, "geometry": { "type": "Point", "coordinates": [ 139.106176, 37.866771 ] } },
{ "type": "Feature", "properties": { "ID": "152SINCX00384", "正式名称": "丸山診療所", "機関区分": 2, "都道府県コード": 15, "市区町村コード": 104, "所在地": "新潟県新潟市江南区丸山４７２－１", "緯度": 37.878914, "経度": 139.125334, "url": "https://www.iryou.teikyouseido.mhlw.go.jp/znk-web/juminkanja/S2430/initialize?prefCd=15&kikanCd=SINCX00384&kikanKbn=2", "url2": "https://www.maruyamashinryojyo.com/", "内容": "丸山診療所【2:診療所】【診療科目:内科_消化器内科_小児科】新潟県新潟市江南区丸山４７２－１" }, "geometry": { "type": "Point", "coordinates": [ 139.125334, 37.878914 ] } },
{ "type": "Feature", "properties": { "ID": "152SINCX00385", "正式名称": "ゆきよしクリニック", "機関区分": 2, "都道府県コード": 15, "市区町村コード": 104, "所在地": "新潟県新潟市江南区稲葉１―４―３", "緯度": 37.875835, "経度": 139.114377, "url": "https://www.iryou.teikyouseido.mhlw.go.jp/znk-web/juminkanja/S2430/initialize?prefCd=15&kikanCd=SINCX00385&kikanKbn=2", "url2": "https://www.rnhj.jp/", "内容": "ゆきよしクリニック【2:診療所】【診療科目:内科_整形外科_リハビリテーション科】新潟県新潟市江南区稲葉１―４―３" }, "geometry": { "type": "Point", "coordinates": [ 139.114377, 37.875835 ] } },
{ "type": "Feature", "properties": { "ID": "152SINCX00386", "正式名称": "横田内科医院", "機関区分": 2, "都道府県コード": 15, "市区町村コード": 104, "所在地": "新潟県新潟市江南区袋津５丁目４番２５号", "緯度": 37.863217, "経度": 139.116992, "url": "https://www.iryou.teikyouseido.mhlw.go.jp/znk-web/juminkanja/S2430/initialize?prefCd=15&kikanCd=SINCX00386&kikanKbn=2", "url2": null, "内容": "横田内科医院【2:診療所】【診療科目:内科_呼吸器内科】新潟県新潟市江南区袋津５丁目４番２５号" }, "geometry": { "type": "Point", "coordinates": [ 139.116992, 37.863217 ] } },
{ "type": "Feature", "properties": { "ID": "152SINCX00387", "正式名称": "吉田医院", "機関区分": 2, "都道府県コード": 15, "市区町村コード": 104, "所在地": "新潟県新潟市江南区茜ケ丘２番１号", "緯度": 37.856493, "経度": 139.142471, "url": "https://www.iryou.teikyouseido.mhlw.go.jp/znk-web/juminkanja/S2430/initialize?prefCd=15&kikanCd=SINCX00387&kikanKbn=2", "url2": null, "内容": "吉田医院【2:診療所】【診療科目:内科_胃腸内科_外科_肛門外科_リハビリテーション科】新潟県新潟市江南区茜ケ丘２番１号" }, "geometry": { "type": "Point", "coordinates": [ 139.142471, 37.856493 ] } },
{ "type": "Feature", "properties": { "ID": "152SINCX00388", "正式名称": "あおぞら新津整形外科", "機関区分": 2, "都道府県コード": 15, "市区町村コード": 105, "所在地": "新潟県新潟市秋葉区程島１８７８－２", "緯度": 37.784407, "経度": 139.113351, "url": "https://www.iryou.teikyouseido.mhlw.go.jp/znk-web/juminkanja/S2430/initialize?prefCd=15&kikanCd=SINCX00388&kikanKbn=2", "url2": null, "内容": "あおぞら新津整形外科【2:診療所】【診療科目:整形外科_リウマチ科_リハビリテーション科】新潟県新潟市秋葉区程島１８７８－２" }, "geometry": { "type": "Point", "coordinates": [ 139.113351, 37.784407 ] } },
{ "type": "Feature", "properties": { "ID": "152SINCX00391", "正式名称": "五十嵐医院", "機関区分": 2, "都道府県コード": 15, "市区町村コード": 105, "所在地": "新潟県新潟市秋葉区出戸１７７番地１", "緯度": 37.786378, "経度": 139.071785, "url": "https://www.iryou.teikyouseido.mhlw.go.jp/znk-web/juminkanja/S2430/initialize?prefCd=15&kikanCd=SINCX00391&kikanKbn=2", "url2": null, "内容": "五十嵐医院【2:診療所】【診療科目:内科_呼吸器内科】新潟県新潟市秋葉区出戸１７７番地１" }, "geometry": { "type": "Point", "coordinates": [ 139.071785, 37.786378 ] } },
{ "type": "Feature", "properties": { "ID": "152SINCX00394", "正式名称": "うさみ内科クリニック", "機関区分": 2, "都道府県コード": 15, "市区町村コード": 105, "所在地": "新潟県新潟市秋葉区美幸町２丁目３番２０号", "緯度": 37.800504, "経度": 139.11656, "url": "https://www.iryou.teikyouseido.mhlw.go.jp/znk-web/juminkanja/S2430/initialize?prefCd=15&kikanCd=SINCX00394&kikanKbn=2", "url2": null, "内容": "うさみ内科クリニック【2:診療所】【診療科目:内科】新潟県新潟市秋葉区美幸町２丁目３番２０号" }, "geometry": { "type": "Point", "coordinates": [ 139.11656, 37.800504 ] } },
{ "type": "Feature", "properties": { "ID": "152SINCX00396", "正式名称": "かえつクリニック", "機関区分": 2, "都道府県コード": 15, "市区町村コード": 105, "所在地": "新潟県新潟市秋葉区新津東町３丁目４番２８号", "緯度": 37.804388, "経度": 139.14476, "url": "https://www.iryou.teikyouseido.mhlw.go.jp/znk-web/juminkanja/S2430/initialize?prefCd=15&kikanCd=SINCX00396&kikanKbn=2", "url2": "https://niigata-min.or.jp/kaetsuclinic/", "内容": "かえつクリニック【2:診療所】【診療科目:内科_糖尿病内科_呼吸器内科_循環器内科_消化器内科】新潟県新潟市秋葉区新津東町３丁目４番２８号" }, "geometry": { "type": "Point", "coordinates": [ 139.14476, 37.804388 ] } },
{ "type": "Feature", "properties": { "ID": "152SINCX00397", "正式名称": "加藤医院", "機関区分": 2, "都道府県コード": 15, "市区町村コード": 105, "所在地": "新潟県新潟市秋葉区新津本町３丁目１４番１１号", "緯度": 37.795147, "経度": 139.124115, "url": "https://www.iryou.teikyouseido.mhlw.go.jp/znk-web/juminkanja/S2430/initialize?prefCd=15&kikanCd=SINCX00397&kikanKbn=2", "url2": null, "内容": "加藤医院【2:診療所】【診療科目:内科_循環器内科】新潟県新潟市秋葉区新津本町３丁目１４番１１号" }, "geometry": { "type": "Point", "coordinates": [ 139.124115, 37.795147 ] } },
{ "type": "Feature", "properties": { "ID": "152SINCX00398", "正式名称": "川野眼科", "機関区分": 2, "都道府県コード": 15, "市区町村コード": 105, "所在地": "新潟県新潟市秋葉区新津東町２－４－２９", "緯度": 37.80066, "経度": 139.142085, "url": "https://www.iryou.teikyouseido.mhlw.go.jp/znk-web/juminkanja/S2430/initialize?prefCd=15&kikanCd=SINCX00398&kikanKbn=2", "url2": null, "内容": "川野眼科【2:診療所】【診療科目:眼科】新潟県新潟市秋葉区新津東町２－４－２９" }, "geometry": { "type": "Point", "coordinates": [ 139.142085, 37.80066 ] } },
{ "type": "Feature", "properties": { "ID": "152SINCX00399", "正式名称": "小出耳鼻咽喉科", "機関区分": 2, "都道府県コード": 15, "市区町村コード": 105, "所在地": "新潟県新潟市秋葉区新町１－５－２５", "緯度": 37.79917, "経度": 139.128003, "url": "https://www.iryou.teikyouseido.mhlw.go.jp/znk-web/juminkanja/S2430/initialize?prefCd=15&kikanCd=SINCX00399&kikanKbn=2", "url2": null, "内容": "小出耳鼻咽喉科【2:診療所】【診療科目:耳鼻いんこう科】新潟県新潟市秋葉区新町１－５－２５" }, "geometry": { "type": "Point", "coordinates": [ 139.128003, 37.79917 ] } },
{ "type": "Feature", "properties": { "ID": "152SINCX00400", "正式名称": "小堺医院", "機関区分": 2, "都道府県コード": 15, "市区町村コード": 105, "所在地": "新潟県新潟市秋葉区小須戸１０６番地３", "緯度": 37.755039, "経度": 139.070862, "url": "https://www.iryou.teikyouseido.mhlw.go.jp/znk-web/juminkanja/S2430/initialize?prefCd=15&kikanCd=SINCX00400&kikanKbn=2", "url2": null, "内容": "小堺医院【2:診療所】【診療科目:内科_呼吸器内科_循環器内科_消化器内科_アレルギー科】新潟県新潟市秋葉区小須戸１０６番地３" }, "geometry": { "type": "Point", "coordinates": [ 139.070862, 37.755039 ] } },
{ "type": "Feature", "properties": { "ID": "152SINCX00402", "正式名称": "櫻クリニック", "機関区分": 2, "都道府県コード": 15, "市区町村コード": 105, "所在地": "新潟県新潟市秋葉区新津本町３丁目８ー５", "緯度": 37.796207, "経度": 139.124165, "url": "https://www.iryou.teikyouseido.mhlw.go.jp/znk-web/juminkanja/S2430/initialize?prefCd=15&kikanCd=SINCX00402&kikanKbn=2", "url2": null, "内容": "櫻クリニック【2:診療所】【診療科目:内科_呼吸器内科_循環器内科_アレルギー疾患内科_小児科】新潟県新潟市秋葉区新津本町３丁目８ー５" }, "geometry": { "type": "Point", "coordinates": [ 139.124165, 37.796207 ] } },
{ "type": "Feature", "properties": { "ID": "152SINCX00403", "正式名称": "ささえ愛よろずクリニック", "機関区分": 2, "都道府県コード": 15, "市区町村コード": 105, "所在地": "新潟県新潟市秋葉区滝谷町４番２０号", "緯度": 37.788318, "経度": 139.143635, "url": "https://www.iryou.teikyouseido.mhlw.go.jp/znk-web/juminkanja/S2430/initialize?prefCd=15&kikanCd=SINCX00403&kikanKbn=2", "url2": "https://www.yorozu-caretown.com/", "内容": "ささえ愛よろずクリニック【2:診療所】【診療科目:内科_精神科_心療内科_リハビリテーション科】新潟県新潟市秋葉区滝谷町４番２０号" }, "geometry": { "type": "Point", "coordinates": [ 139.143635, 37.788318 ] } },
{ "type": "Feature", "properties": { "ID": "152SINCX00404", "正式名称": "佐藤医院荻川診療所", "機関区分": 2, "都道府県コード": 15, "市区町村コード": 105, "所在地": "新潟県新潟市秋葉区中野２丁目８番８号", "緯度": 37.838176, "経度": 139.114855, "url": "https://www.iryou.teikyouseido.mhlw.go.jp/znk-web/juminkanja/S2430/initialize?prefCd=15&kikanCd=SINCX00404&kikanKbn=2", "url2": null, "内容": "佐藤医院荻川診療所【2:診療所】【診療科目:内科_小児科】新潟県新潟市秋葉区中野２丁目８番８号" }, "geometry": { "type": "Point", "coordinates": [ 139.114855, 37.838176 ] } },
{ "type": "Feature", "properties": { "ID": "152SINCX00406", "正式名称": "小児科高野クリニック", "機関区分": 2, "都道府県コード": 15, "市区町村コード": 105, "所在地": "新潟県新潟市秋葉区古田３丁目４番１５号", "緯度": 37.795311, "経度": 139.107512, "url": "https://www.iryou.teikyouseido.mhlw.go.jp/znk-web/juminkanja/S2430/initialize?prefCd=15&kikanCd=SINCX00406&kikanKbn=2", "url2": null, "内容": "小児科高野クリニック【2:診療所】【診療科目:小児科】新潟県新潟市秋葉区古田３丁目４番１５号" }, "geometry": { "type": "Point", "coordinates": [ 139.107512, 37.795311 ] } },
{ "type": "Feature", "properties": { "ID": "152SINCX00407", "正式名称": "鈴木内科医院", "機関区分": 2, "都道府県コード": 15, "市区町村コード": 105, "所在地": "新潟県新潟市秋葉区小須戸４０１番地２", "緯度": 37.759338, "経度": 139.071203, "url": "https://www.iryou.teikyouseido.mhlw.go.jp/znk-web/juminkanja/S2430/initialize?prefCd=15&kikanCd=SINCX00407&kikanKbn=2", "url2": null, "内容": "鈴木内科医院【2:診療所】【診療科目:内科_消化器内科_小児科】新潟県新潟市秋葉区小須戸４０１番地２" }, "geometry": { "type": "Point", "coordinates": [ 139.071203, 37.759338 ] } },
{ "type": "Feature", "properties": { "ID": "152SINCX00410", "正式名称": "高塚医院", "機関区分": 2, "都道府県コード": 15, "市区町村コード": 105, "所在地": "新潟県新潟市秋葉区新津本町１丁目７番２２号", "緯度": 37.800036, "経度": 139.123612, "url": "https://www.iryou.teikyouseido.mhlw.go.jp/znk-web/juminkanja/S2430/initialize?prefCd=15&kikanCd=SINCX00410&kikanKbn=2", "url2": null, "内容": "高塚医院【2:診療所】【診療科目:内科】新潟県新潟市秋葉区新津本町１丁目７番２２号" }, "geometry": { "type": "Point", "coordinates": [ 139.123612, 37.800036 ] } },
{ "type": "Feature", "properties": { "ID": "152SINCX00411", "正式名称": "たかはし耳鼻咽喉科", "機関区分": 2, "都道府県コード": 15, "市区町村コード": 105, "所在地": "新潟県新潟市秋葉区あおば通１丁目８番３号", "緯度": 37.83296, "経度": 139.101822, "url": "https://www.iryou.teikyouseido.mhlw.go.jp/znk-web/juminkanja/S2430/initialize?prefCd=15&kikanCd=SINCX00411&kikanKbn=2", "url2": null, "内容": "たかはし耳鼻咽喉科【2:診療所】【診療科目:耳鼻いんこう科】新潟県新潟市秋葉区あおば通１丁目８番３号" }, "geometry": { "type": "Point", "coordinates": [ 139.101822, 37.83296 ] } },
{ "type": "Feature", "properties": { "ID": "152SINCX00412", "正式名称": "田沢眼科医院", "機関区分": 2, "都道府県コード": 15, "市区町村コード": 105, "所在地": "新潟県新潟市秋葉区山谷町３丁目１０番１５号", "緯度": 37.794523, "経度": 139.112643, "url": "https://www.iryou.teikyouseido.mhlw.go.jp/znk-web/juminkanja/S2430/initialize?prefCd=15&kikanCd=SINCX00412&kikanKbn=2", "url2": null, "内容": "田沢眼科医院【2:診療所】【診療科目:眼科】新潟県新潟市秋葉区山谷町３丁目１０番１５号" }, "geometry": { "type": "Point", "coordinates": [ 139.112643, 37.794523 ] } },
{ "type": "Feature", "properties": { "ID": "152SINCX00413", "正式名称": "坪田医院", "機関区分": 2, "都道府県コード": 15, "市区町村コード": 105, "所在地": "新潟県新潟市秋葉区車場４丁目１１番６８号", "緯度": 37.833466, "経度": 139.106838, "url": "https://www.iryou.teikyouseido.mhlw.go.jp/znk-web/juminkanja/S2430/initialize?prefCd=15&kikanCd=SINCX00413&kikanKbn=2", "url2": null, "内容": "坪田医院【2:診療所】【診療科目:内科_呼吸器内科_循環器内科_消化器内科_小児科】新潟県新潟市秋葉区車場４丁目１１番６８号" }, "geometry": { "type": "Point", "coordinates": [ 139.106838, 37.833466 ] } },
{ "type": "Feature", "properties": { "ID": "152SINCX00424", "正式名称": "にいつ眼科", "機関区分": 2, "都道府県コード": 15, "市区町村コード": 105, "所在地": "新潟県新潟市秋葉区新津本町３丁目１番１０号", "緯度": 37.796881, "経度": 139.122544, "url": "https://www.iryou.teikyouseido.mhlw.go.jp/znk-web/juminkanja/S2430/initialize?prefCd=15&kikanCd=SINCX00424&kikanKbn=2", "url2": "https://niitsu-ganka.com", "内容": "にいつ眼科【2:診療所】【診療科目:眼科】新潟県新潟市秋葉区新津本町３丁目１番１０号" }, "geometry": { "type": "Point", "coordinates": [ 139.122544, 37.796881 ] } },
{ "type": "Feature", "properties": { "ID": "152SINCX00427", "正式名称": "ふせじま脳外科クリニック", "機関区分": 2, "都道府県コード": 15, "市区町村コード": 105, "所在地": "新潟県新潟市秋葉区新津東町３丁目４番４８号", "緯度": 37.804415, "経度": 139.143346, "url": "https://www.iryou.teikyouseido.mhlw.go.jp/znk-web/juminkanja/S2430/initialize?prefCd=15&kikanCd=SINCX00427&kikanKbn=2", "url2": null, "内容": "ふせじま脳外科クリニック【2:診療所】【診療科目:脳神経外科】新潟県新潟市秋葉区新津東町３丁目４番４８号" }, "geometry": { "type": "Point", "coordinates": [ 139.143346, 37.804415 ] } },
{ "type": "Feature", "properties": { "ID": "152SINCX00428", "正式名称": "ほかり医院", "機関区分": 2, "都道府県コード": 15, "市区町村コード": 105, "所在地": "新潟県新潟市秋葉区新津本町１丁目３番３９号", "緯度": 37.796878, "経度": 139.121425, "url": "https://www.iryou.teikyouseido.mhlw.go.jp/znk-web/juminkanja/S2430/initialize?prefCd=15&kikanCd=SINCX00428&kikanKbn=2", "url2": "https://www.hokari-iin.com", "内容": "ほかり医院【2:診療所】【診療科目:整形外科_リウマチ科_リハビリテーション科】新潟県新潟市秋葉区新津本町１丁目３番３９号" }, "geometry": { "type": "Point", "coordinates": [ 139.121425, 37.796878 ] } },
{ "type": "Feature", "properties": { "ID": "152SINCX00429", "正式名称": "ほしの医院", "機関区分": 2, "都道府県コード": 15, "市区町村コード": 105, "所在地": "新潟県新潟市秋葉区北上新田８０４番地１", "緯度": 37.814785, "経度": 139.115319, "url": "https://www.iryou.teikyouseido.mhlw.go.jp/znk-web/juminkanja/S2430/initialize?prefCd=15&kikanCd=SINCX00429&kikanKbn=2", "url2": "http//www.hoshinoiin.com", "内容": "ほしの医院【2:診療所】【診療科目:内科_呼吸器内科_アレルギー疾患内科】新潟県新潟市秋葉区北上新田８０４番地１" }, "geometry": { "type": "Point", "coordinates": [ 139.115319, 37.814785 ] } },
{ "type": "Feature", "properties": { "ID": "152SINCX00431", "正式名称": "森川医院", "機関区分": 2, "都道府県コード": 15, "市区町村コード": 105, "所在地": "新潟県新潟市秋葉区程島１９７７番地", "緯度": 37.787297, "経度": 139.11359, "url": "https://www.iryou.teikyouseido.mhlw.go.jp/znk-web/juminkanja/S2430/initialize?prefCd=15&kikanCd=SINCX00431&kikanKbn=2", "url2": null, "内容": "森川医院【2:診療所】【診療科目:内科_糖尿病内科_内分泌内科_小児科_産婦人科】新潟県新潟市秋葉区程島１９７７番地" }, "geometry": { "type": "Point", "coordinates": [ 139.11359, 37.787297 ] } },
{ "type": "Feature", "properties": { "ID": "152SINCX00432", "正式名称": "ゆうき皮膚科", "機関区分": 2, "都道府県コード": 15, "市区町村コード": 105, "所在地": "新潟県新潟市秋葉区古田２－７－３", "緯度": 37.793401, "経度": 139.109453, "url": "https://www.iryou.teikyouseido.mhlw.go.jp/znk-web/juminkanja/S2430/initialize?prefCd=15&kikanCd=SINCX00432&kikanKbn=2", "url2": null, "内容": "ゆうき皮膚科【2:診療所】【診療科目:皮膚科】新潟県新潟市秋葉区古田２－７－３" }, "geometry": { "type": "Point", "coordinates": [ 139.109453, 37.793401 ] } },
{ "type": "Feature", "properties": { "ID": "152SINCX00433", "正式名称": "吉村医院", "機関区分": 2, "都道府県コード": 15, "市区町村コード": 105, "所在地": "新潟県新潟市秋葉区中野２丁目１９番１８号", "緯度": 37.836531, "経度": 139.114314, "url": "https://www.iryou.teikyouseido.mhlw.go.jp/znk-web/juminkanja/S2430/initialize?prefCd=15&kikanCd=SINCX00433&kikanKbn=2", "url2": "https://yoshimuraiin.amebaownd.com/", "内容": "吉村医院【2:診療所】【診療科目:内科_消化器内科】新潟県新潟市秋葉区中野２丁目１９番１８号" }, "geometry": { "type": "Point", "coordinates": [ 139.114314, 37.836531 ] } },
{ "type": "Feature", "properties": { "ID": "152SINCX00434", "正式名称": "安宅整形外科医院", "機関区分": 2, "都道府県コード": 15, "市区町村コード": 106, "所在地": "新潟県新潟市南区親和町６番１８号", "緯度": 37.766955, "経度": 139.02023, "url": "https://www.iryou.teikyouseido.mhlw.go.jp/znk-web/juminkanja/S2430/initialize?prefCd=15&kikanCd=SINCX00434&kikanKbn=2", "url2": null, "内容": "安宅整形外科医院【2:診療所】【診療科目:整形外科】新潟県新潟市南区親和町６番１８号" }, "geometry": { "type": "Point", "coordinates": [ 139.02023, 37.766955 ] } },
{ "type": "Feature", "properties": { "ID": "152SINCX00435", "正式名称": "石崎医院", "機関区分": 2, "都道府県コード": 15, "市区町村コード": 106, "所在地": "新潟県新潟市南区白根１３０６番地", "緯度": 37.763641, "経度": 139.016365, "url": "https://www.iryou.teikyouseido.mhlw.go.jp/znk-web/juminkanja/S2430/initialize?prefCd=15&kikanCd=SINCX00435&kikanKbn=2", "url2": null, "内容": "石崎医院【2:診療所】【診療科目:内科_胃腸内科_外科_肛門外科_整形外科】新潟県新潟市南区白根１３０６番地" }, "geometry": { "type": "Point", "coordinates": [ 139.016365, 37.763641 ] } },
{ "type": "Feature", "properties": { "ID": "152SINCX00436", "正式名称": "医療法人社団　かさはらクリニック", "機関区分": 2, "都道府県コード": 15, "市区町村コード": 106, "所在地": "新潟県新潟市南区親和町７番２０号", "緯度": 37.767258, "経度": 139.020951, "url": "https://www.iryou.teikyouseido.mhlw.go.jp/znk-web/juminkanja/S2430/initialize?prefCd=15&kikanCd=SINCX00436&kikanKbn=2", "url2": "https://www.kasaharacl.com/", "内容": "医療法人社団　かさはらクリニック【2:診療所】【診療科目:小児科_皮膚科_アレルギー科】新潟県新潟市南区親和町７番２０号" }, "geometry": { "type": "Point", "coordinates": [ 139.020951, 37.767258 ] } },
{ "type": "Feature", "properties": { "ID": "152SINCX00438", "正式名称": "おおや整形外科医院", "機関区分": 2, "都道府県コード": 15, "市区町村コード": 106, "所在地": "新潟県新潟市南区能登２丁目１０番４号", "緯度": 37.769672, "経度": 139.015869, "url": "https://www.iryou.teikyouseido.mhlw.go.jp/znk-web/juminkanja/S2430/initialize?prefCd=15&kikanCd=SINCX00438&kikanKbn=2", "url2": "https://www.kaeruseikei.com/", "内容": "おおや整形外科医院【2:診療所】【診療科目:整形外科_リハビリテーション科】新潟県新潟市南区能登２丁目１０番４号" }, "geometry": { "type": "Point", "coordinates": [ 139.015869, 37.769672 ] } },
{ "type": "Feature", "properties": { "ID": "152SINCX00441", "正式名称": "耳鼻咽喉科和田医院", "機関区分": 2, "都道府県コード": 15, "市区町村コード": 106, "所在地": "新潟県新潟市南区白根魚町２番２１号", "緯度": 37.765029, "経度": 139.014928, "url": "https://www.iryou.teikyouseido.mhlw.go.jp/znk-web/juminkanja/S2430/initialize?prefCd=15&kikanCd=SINCX00441&kikanKbn=2", "url2": null, "内容": "耳鼻咽喉科和田医院【2:診療所】【診療科目:耳鼻いんこう科】新潟県新潟市南区白根魚町２番２１号" }, "geometry": { "type": "Point", "coordinates": [ 139.014928, 37.765029 ] } },
{ "type": "Feature", "properties": { "ID": "152SINCX00442", "正式名称": "白根アイクリニック", "機関区分": 2, "都道府県コード": 15, "市区町村コード": 106, "所在地": "新潟県新潟市南区親和町１０ー２４", "緯度": 37.766113, "経度": 139.020615, "url": "https://www.iryou.teikyouseido.mhlw.go.jp/znk-web/juminkanja/S2430/initialize?prefCd=15&kikanCd=SINCX00442&kikanKbn=2", "url2": null, "内容": "白根アイクリニック【2:診療所】【診療科目:眼科】新潟県新潟市南区親和町１０ー２４" }, "geometry": { "type": "Point", "coordinates": [ 139.020615, 37.766113 ] } },
{ "type": "Feature", "properties": { "ID": "152SINCX00443", "正式名称": "杉山内科医院", "機関区分": 2, "都道府県コード": 15, "市区町村コード": 106, "所在地": "新潟県新潟市南区清水２５０－２", "緯度": 37.709534, "経度": 138.988541, "url": "https://www.iryou.teikyouseido.mhlw.go.jp/znk-web/juminkanja/S2430/initialize?prefCd=15&kikanCd=SINCX00443&kikanKbn=2", "url2": null, "内容": "杉山内科医院【2:診療所】【診療科目:内科_胃腸内科_肝臓内科】新潟県新潟市南区清水２５０－２" }, "geometry": { "type": "Point", "coordinates": [ 138.988541, 37.709534 ] } },
{ "type": "Feature", "properties": { "ID": "152SINCX00444", "正式名称": "すずき醫院", "機関区分": 2, "都道府県コード": 15, "市区町村コード": 106, "所在地": "新潟県新潟市南区戸頭　１３７０－１", "緯度": 37.756693, "経度": 139.018127, "url": "https://www.iryou.teikyouseido.mhlw.go.jp/znk-web/juminkanja/S2430/initialize?prefCd=15&kikanCd=SINCX00444&kikanKbn=2", "url2": null, "内容": "すずき醫院【2:診療所】【診療科目:内科_呼吸器内科_循環器内科_消化器内科】新潟県新潟市南区戸頭　１３７０－１" }, "geometry": { "type": "Point", "coordinates": [ 139.018127, 37.756693 ] } },
{ "type": "Feature", "properties": { "ID": "152SINCX00446", "正式名称": "月潟内科クリニック", "機関区分": 2, "都道府県コード": 15, "市区町村コード": 106, "所在地": "新潟県新潟市南区月潟６８８番地３", "緯度": 37.730816, "経度": 138.997314, "url": "https://www.iryou.teikyouseido.mhlw.go.jp/znk-web/juminkanja/S2430/initialize?prefCd=15&kikanCd=SINCX00446&kikanKbn=2", "url2": "tsukigata-naika.jp", "内容": "月潟内科クリニック【2:診療所】【診療科目:内科_循環器内科】新潟県新潟市南区月潟６８８番地３" }, "geometry": { "type": "Point", "coordinates": [ 138.997314, 37.730816 ] } },
{ "type": "Feature", "properties": { "ID": "152SINCX00449", "正式名称": "特別養護老人ホームしなの園医務室", "機関区分": 2, "都道府県コード": 15, "市区町村コード": 106, "所在地": "新潟県新潟市南区庄瀬８１２０番地", "緯度": 37.720936, "経度": 139.037655, "url": "https://www.iryou.teikyouseido.mhlw.go.jp/znk-web/juminkanja/S2430/initialize?prefCd=15&kikanCd=SINCX00449&kikanKbn=2", "url2": null, "内容": "特別養護老人ホームしなの園医務室【2:診療所】【診療科目:高齢者施設のためなし】新潟県新潟市南区庄瀬８１２０番地" }, "geometry": { "type": "Point", "coordinates": [ 139.037655, 37.720936 ] } },
{ "type": "Feature", "properties": { "ID": "152SINCX00452", "正式名称": "中澤内科医院", "機関区分": 2, "都道府県コード": 15, "市区町村コード": 106, "所在地": "新潟県新潟市南区高井東１丁目４６９番地", "緯度": 37.795612, "経度": 139.016688, "url": "https://www.iryou.teikyouseido.mhlw.go.jp/znk-web/juminkanja/S2430/initialize?prefCd=15&kikanCd=SINCX00452&kikanKbn=2", "url2": null, "内容": "中澤内科医院【2:診療所】【診療科目:内科_呼吸器内科_循環器内科_消化器内科_小児科】新潟県新潟市南区高井東１丁目４６９番地" }, "geometry": { "type": "Point", "coordinates": [ 139.016688, 37.795612 ] } },
{ "type": "Feature", "properties": { "ID": "152SINCX00454", "正式名称": "はやみ整形外科クリニック", "機関区分": 2, "都道府県コード": 15, "市区町村コード": 106, "所在地": "新潟県新潟市南区上下諏訪木９２２２", "緯度": 37.760527, "経度": 139.021566, "url": "https://www.iryou.teikyouseido.mhlw.go.jp/znk-web/juminkanja/S2430/initialize?prefCd=15&kikanCd=SINCX00454&kikanKbn=2", "url2": "http://hayclinic.jp", "内容": "はやみ整形外科クリニック【2:診療所】【診療科目:整形外科_リハビリテーション科】新潟県新潟市南区上下諏訪木９２２２" }, "geometry": { "type": "Point", "coordinates": [ 139.021566, 37.760527 ] } },
{ "type": "Feature", "properties": { "ID": "152SINCX00455", "正式名称": "広川医院", "機関区分": 2, "都道府県コード": 15, "市区町村コード": 106, "所在地": "新潟県新潟市南区西笠巻６６－２", "緯度": 37.79095, "経度": 139.047496, "url": "https://www.iryou.teikyouseido.mhlw.go.jp/znk-web/juminkanja/S2430/initialize?prefCd=15&kikanCd=SINCX00455&kikanKbn=2", "url2": null, "内容": "広川医院【2:診療所】【診療科目:内科】新潟県新潟市南区西笠巻６６－２" }, "geometry": { "type": "Point", "coordinates": [ 139.047496, 37.79095 ] } },
{ "type": "Feature", "properties": { "ID": "152SINCX00456", "正式名称": "北條医院", "機関区分": 2, "都道府県コード": 15, "市区町村コード": 106, "所在地": "新潟県新潟市南区白根３０６６番地", "緯度": 37.762855, "経度": 139.012541, "url": "https://www.iryou.teikyouseido.mhlw.go.jp/znk-web/juminkanja/S2430/initialize?prefCd=15&kikanCd=SINCX00456&kikanKbn=2", "url2": null, "内容": "北條医院【2:診療所】【診療科目:耳鼻いんこう科_気管食道・耳鼻いんこう科】新潟県新潟市南区白根３０６６番地" }, "geometry": { "type": "Point", "coordinates": [ 139.012541, 37.762855 ] } },
{ "type": "Feature", "properties": { "ID": "152SINCX00457", "正式名称": "みと小児科クリニック", "機関区分": 2, "都道府県コード": 15, "市区町村コード": 106, "所在地": "新潟県新潟市南区大通２丁目６番４号", "緯度": 37.83843, "経度": 139.019889, "url": "https://www.iryou.teikyouseido.mhlw.go.jp/znk-web/juminkanja/S2430/initialize?prefCd=15&kikanCd=SINCX00457&kikanKbn=2", "url2": null, "内容": "みと小児科クリニック【2:診療所】【診療科目:小児科_アレルギー科】新潟県新潟市南区大通２丁目６番４号" }, "geometry": { "type": "Point", "coordinates": [ 139.019889, 37.83843 ] } },
{ "type": "Feature", "properties": { "ID": "152SINCX00462", "正式名称": "吉沢医院", "機関区分": 2, "都道府県コード": 15, "市区町村コード": 106, "所在地": "新潟県新潟市南区庄瀬１１１１番地", "緯度": 37.721418, "経度": 139.039321, "url": "https://www.iryou.teikyouseido.mhlw.go.jp/znk-web/juminkanja/S2430/initialize?prefCd=15&kikanCd=SINCX00462&kikanKbn=2", "url2": "yoshizawa-iin.com", "内容": "吉沢医院【2:診療所】【診療科目:内科_小児科_婦人科】新潟県新潟市南区庄瀬１１１１番地" }, "geometry": { "type": "Point", "coordinates": [ 139.039321, 37.721418 ] } },
{ "type": "Feature", "properties": { "ID": "152SINCX00463", "正式名称": "渡辺医院", "機関区分": 2, "都道府県コード": 15, "市区町村コード": 106, "所在地": "新潟県新潟市南区能登２丁目８番５号", "緯度": 37.76787, "経度": 139.016653, "url": "https://www.iryou.teikyouseido.mhlw.go.jp/znk-web/juminkanja/S2430/initialize?prefCd=15&kikanCd=SINCX00463&kikanKbn=2", "url2": null, "内容": "渡辺医院【2:診療所】【診療科目:内科】新潟県新潟市南区能登２丁目８番５号" }, "geometry": { "type": "Point", "coordinates": [ 139.016653, 37.76787 ] } },
{ "type": "Feature", "properties": { "ID": "152SINCX00464", "正式名称": "青山内科・眼科クリニック", "機関区分": 2, "都道府県コード": 15, "市区町村コード": 107, "所在地": "新潟県新潟市西区青山４丁目１番２８号", "緯度": 37.898742, "経度": 138.99942, "url": "https://www.iryou.teikyouseido.mhlw.go.jp/znk-web/juminkanja/S2430/initialize?prefCd=15&kikanCd=SINCX00464&kikanKbn=2", "url2": "https://aoyama-naikaganka.com/", "内容": "青山内科・眼科クリニック【2:診療所】【診療科目:内科_循環器内科_脳神経外科_眼科】新潟県新潟市西区青山４丁目１番２８号" }, "geometry": { "type": "Point", "coordinates": [ 138.99942, 37.898742 ] } },
{ "type": "Feature", "properties": { "ID": "152SINCX00466", "正式名称": "医療法人社団　五十川医院", "機関区分": 2, "都道府県コード": 15, "市区町村コード": 107, "所在地": "新潟県新潟市西区寺尾上６丁目５番１１号", "緯度": 37.872572, "経度": 138.966414, "url": "https://www.iryou.teikyouseido.mhlw.go.jp/znk-web/juminkanja/S2430/initialize?prefCd=15&kikanCd=SINCX00466&kikanKbn=2", "url2": null, "内容": "医療法人社団　五十川医院【2:診療所】【診療科目:内科_消化器内科】新潟県新潟市西区寺尾上６丁目５番１１号" }, "geometry": { "type": "Point", "coordinates": [ 138.966414, 37.872572 ] } },
{ "type": "Feature", "properties": { "ID": "152SINCX00468", "正式名称": "医療法人社団さとう内科クリニック", "機関区分": 2, "都道府県コード": 15, "市区町村コード": 107, "所在地": "新潟県新潟市西区鳥原６４１番地１７", "緯度": 37.852921, "経度": 139.015309, "url": "https://www.iryou.teikyouseido.mhlw.go.jp/znk-web/juminkanja/S2430/initialize?prefCd=15&kikanCd=SINCX00468&kikanKbn=2", "url2": null, "内容": "医療法人社団さとう内科クリニック【2:診療所】【診療科目:内科_呼吸器内科_循環器内科_消化器内科】新潟県新潟市西区鳥原６４１番地１７" }, "geometry": { "type": "Point", "coordinates": [ 139.015309, 37.852921 ] } },
{ "type": "Feature", "properties": { "ID": "152SINCX00471", "正式名称": "医療法人美郷会　こころはすクリニック", "機関区分": 2, "都道府県コード": 15, "市区町村コード": 107, "所在地": "新潟県新潟市西区小針４丁目３９番２８号", "緯度": 37.883122, "経度": 138.997373, "url": "https://www.iryou.teikyouseido.mhlw.go.jp/znk-web/juminkanja/S2430/initialize?prefCd=15&kikanCd=SINCX00471&kikanKbn=2", "url2": "http://www.misatokai.or.jp/kokorohasu/", "内容": "医療法人美郷会　こころはすクリニック【2:診療所】【診療科目:内科】新潟県新潟市西区小針４丁目３９番２８号" }, "geometry": { "type": "Point", "coordinates": [ 138.997373, 37.883122 ] } },
{ "type": "Feature", "properties": { "ID": "152SINCX00472", "正式名称": "内野おがわ眼科クリニック", "機関区分": 2, "都道府県コード": 15, "市区町村コード": 107, "所在地": "新潟県新潟市西区内野町５３－１０", "緯度": 37.862222, "経度": 138.942765, "url": "https://www.iryou.teikyouseido.mhlw.go.jp/znk-web/juminkanja/S2430/initialize?prefCd=15&kikanCd=SINCX00472&kikanKbn=2", "url2": null, "内容": "内野おがわ眼科クリニック【2:診療所】【診療科目:眼科】新潟県新潟市西区内野町５３－１０" }, "geometry": { "type": "Point", "coordinates": [ 138.942765, 37.862222 ] } },
{ "type": "Feature", "properties": { "ID": "152SINCX00474", "正式名称": "大島内科医院", "機関区分": 2, "都道府県コード": 15, "市区町村コード": 107, "所在地": "新潟県新潟市西区松海が丘１丁目１２番１２号", "緯度": 37.88728, "経度": 138.974913, "url": "https://www.iryou.teikyouseido.mhlw.go.jp/znk-web/juminkanja/S2430/initialize?prefCd=15&kikanCd=SINCX00474&kikanKbn=2", "url2": "https://www.ohshimamedservices.com/", "内容": "大島内科医院【2:診療所】【診療科目:内科_循環器内科_消化器内科】新潟県新潟市西区松海が丘１丁目１２番１２号" }, "geometry": { "type": "Point", "coordinates": [ 138.974913, 37.88728 ] } },
{ "type": "Feature", "properties": { "ID": "152SINCX00478", "正式名称": "ふたば皮膚科", "機関区分": 2, "都道府県コード": 15, "市区町村コード": 107, "所在地": "新潟県新潟市西区寺尾東２丁目１４―４", "緯度": 37.874234, "経度": 138.976944, "url": "https://www.iryou.teikyouseido.mhlw.go.jp/znk-web/juminkanja/S2430/initialize?prefCd=15&kikanCd=SINCX00478&kikanKbn=2", "url2": "https://futaba-skin-clinic.com", "内容": "ふたば皮膚科【2:診療所】【診療科目:皮膚科_アレルギー科】新潟県新潟市西区寺尾東２丁目１４―４" }, "geometry": { "type": "Point", "coordinates": [ 138.976944, 37.874234 ] } },
{ "type": "Feature", "properties": { "ID": "152SINCX00479", "正式名称": "かつうみ皮膚科医院", "機関区分": 2, "都道府県コード": 15, "市区町村コード": 107, "所在地": "新潟県新潟市西区浦山３－３－４", "緯度": 37.903958, "経度": 139.002521, "url": "https://www.iryou.teikyouseido.mhlw.go.jp/znk-web/juminkanja/S2430/initialize?prefCd=15&kikanCd=SINCX00479&kikanKbn=2", "url2": null, "内容": "かつうみ皮膚科医院【2:診療所】【診療科目:皮膚科_アレルギー科】新潟県新潟市西区浦山３－３－４" }, "geometry": { "type": "Point", "coordinates": [ 139.002521, 37.903958 ] } },
{ "type": "Feature", "properties": { "ID": "152SINCX00481", "正式名称": "カメリアクリニック", "機関区分": 2, "都道府県コード": 15, "市区町村コード": 107, "所在地": "新潟県新潟市西区真砂二丁目二番五号", "緯度": 37.887841, "経度": 138.981495, "url": "https://www.iryou.teikyouseido.mhlw.go.jp/znk-web/juminkanja/S2430/initialize?prefCd=15&kikanCd=SINCX00481&kikanKbn=2", "url2": "http://camelliaclinic.com/", "内容": "カメリアクリニック【2:診療所】【診療科目:小児科_小児心療内科_精神科】新潟県新潟市西区真砂二丁目二番五号" }, "geometry": { "type": "Point", "coordinates": [ 138.981495, 37.887841 ] } },
{ "type": "Feature", "properties": { "ID": "152SINCX00482", "正式名称": "木村整形外科医院", "機関区分": 2, "都道府県コード": 15, "市区町村コード": 107, "所在地": "新潟県新潟市西区山田５０３－１", "緯度": 37.866868, "経度": 139.016195, "url": "https://www.iryou.teikyouseido.mhlw.go.jp/znk-web/juminkanja/S2430/initialize?prefCd=15&kikanCd=SINCX00482&kikanKbn=2", "url2": "https://www.kimura-orthopedic.com", "内容": "木村整形外科医院【2:診療所】【診療科目:整形外科】新潟県新潟市西区山田５０３－１" }, "geometry": { "type": "Point", "coordinates": [ 139.016195, 37.866868 ] } },
{ "type": "Feature", "properties": { "ID": "152SINCX00483", "正式名称": "木村内科医院", "機関区分": 2, "都道府県コード": 15, "市区町村コード": 107, "所在地": "新潟県新潟市西区坂井８６５－２", "緯度": 37.868107, "経度": 138.956701, "url": "https://www.iryou.teikyouseido.mhlw.go.jp/znk-web/juminkanja/S2430/initialize?prefCd=15&kikanCd=SINCX00483&kikanKbn=2", "url2": "https://kimura-medical-clinic.com/", "内容": "木村内科医院【2:診療所】【診療科目:内科_消化器内科_胃腸内科_肝臓内科】新潟県新潟市西区坂井８６５－２" }, "geometry": { "type": "Point", "coordinates": [ 138.956701, 37.868107 ] } },
{ "type": "Feature", "properties": { "ID": "152SINCX00485", "正式名称": "くろさき眼科", "機関区分": 2, "都道府県コード": 15, "市区町村コード": 107, "所在地": "新潟県新潟市西区山田５９０番地３", "緯度": 37.867244, "経度": 139.016381, "url": "https://www.iryou.teikyouseido.mhlw.go.jp/znk-web/juminkanja/S2430/initialize?prefCd=15&kikanCd=SINCX00485&kikanKbn=2", "url2": null, "内容": "くろさき眼科【2:診療所】【診療科目:眼科】新潟県新潟市西区山田５９０番地３" }, "geometry": { "type": "Point", "coordinates": [ 139.016381, 37.867244 ] } },
{ "type": "Feature", "properties": { "ID": "152SINCX00488", "正式名称": "小新女性クリニック", "機関区分": 2, "都道府県コード": 15, "市区町村コード": 107, "所在地": "新潟県新潟市西区小新南１－８－７", "緯度": 37.871178, "経度": 138.992366, "url": "https://www.iryou.teikyouseido.mhlw.go.jp/znk-web/juminkanja/S2430/initialize?prefCd=15&kikanCd=SINCX00488&kikanKbn=2", "url2": "http://www.kosinjosei.com/", "内容": "小新女性クリニック【2:診療所】【診療科目:婦人科】新潟県新潟市西区小新南１－８－７" }, "geometry": { "type": "Point", "coordinates": [ 138.992366, 37.871178 ] } },
{ "type": "Feature", "properties": { "ID": "152SINCX00489", "正式名称": "こども医院はしもと", "機関区分": 2, "都道府県コード": 15, "市区町村コード": 107, "所在地": "新潟県新潟市西区平島１丁目６番５号", "緯度": 37.892204, "経度": 139.005038, "url": "https://www.iryou.teikyouseido.mhlw.go.jp/znk-web/juminkanja/S2430/initialize?prefCd=15&kikanCd=SINCX00489&kikanKbn=2", "url2": "https://kodomo-hasimoto.jimdofree.com/", "内容": "こども医院はしもと【2:診療所】【診療科目:小児科】新潟県新潟市西区平島１丁目６番５号" }, "geometry": { "type": "Point", "coordinates": [ 139.005038, 37.892204 ] } },
{ "type": "Feature", "properties": { "ID": "152SINCX00494", "正式名称": "さかうえ眼科医院", "機関区分": 2, "都道府県コード": 15, "市区町村コード": 107, "所在地": "新潟県新潟市西区坂井東２丁目１番３１号", "緯度": 37.877458, "経度": 138.982096, "url": "https://www.iryou.teikyouseido.mhlw.go.jp/znk-web/juminkanja/S2430/initialize?prefCd=15&kikanCd=SINCX00494&kikanKbn=2", "url2": "https://www.sakaue-ganka.com", "内容": "さかうえ眼科医院【2:診療所】【診療科目:眼科】新潟県新潟市西区坂井東２丁目１番３１号" }, "geometry": { "type": "Point", "coordinates": [ 138.982096, 37.877458 ] } },
{ "type": "Feature", "properties": { "ID": "152SINCX00496", "正式名称": "青山みみ・はな・のどクリニック", "機関区分": 2, "都道府県コード": 15, "市区町村コード": 107, "所在地": "新潟県新潟市西区青山５丁目１０番２５号", "緯度": 37.899541, "経度": 138.996397, "url": "https://www.iryou.teikyouseido.mhlw.go.jp/znk-web/juminkanja/S2430/initialize?prefCd=15&kikanCd=SINCX00496&kikanKbn=2", "url2": "https://aoyama-ent-clinic.com/", "内容": "青山みみ・はな・のどクリニック【2:診療所】【診療科目:耳鼻いんこう科_アレルギー科】新潟県新潟市西区青山５丁目１０番２５号" }, "geometry": { "type": "Point", "coordinates": [ 138.996397, 37.899541 ] } },
{ "type": "Feature", "properties": { "ID": "152SINCX00497", "正式名称": "真田内科医院", "機関区分": 2, "都道府県コード": 15, "市区町村コード": 107, "所在地": "新潟県新潟市西区赤塚５０１０－１", "緯度": 37.815948, "経度": 138.880868, "url": "https://www.iryou.teikyouseido.mhlw.go.jp/znk-web/juminkanja/S2430/initialize?prefCd=15&kikanCd=SINCX00497&kikanKbn=2", "url2": null, "内容": "真田内科医院【2:診療所】【診療科目:内科】新潟県新潟市西区赤塚５０１０－１" }, "geometry": { "type": "Point", "coordinates": [ 138.880868, 37.815948 ] } },
{ "type": "Feature", "properties": { "ID": "152SINCX00498", "正式名称": "しおかぜ医院", "機関区分": 2, "都道府県コード": 15, "市区町村コード": 107, "所在地": "新潟県新潟市西区五十嵐東１丁目１０番６号", "緯度": 37.872862, "経度": 138.957209, "url": "https://www.iryou.teikyouseido.mhlw.go.jp/znk-web/juminkanja/S2430/initialize?prefCd=15&kikanCd=SINCX00498&kikanKbn=2", "url2": null, "内容": "しおかぜ医院【2:診療所】【診療科目:頭頸部・耳鼻いんこう科_アレルギー科】新潟県新潟市西区五十嵐東１丁目１０番６号" }, "geometry": { "type": "Point", "coordinates": [ 138.957209, 37.872862 ] } },
{ "type": "Feature", "properties": { "ID": "152SINCX00499", "正式名称": "しげはら内科クリニック", "機関区分": 2, "都道府県コード": 15, "市区町村コード": 107, "所在地": "新潟県新潟市西区坂井東６丁目２９番２７号", "緯度": 37.870639, "経度": 138.968283, "url": "https://www.iryou.teikyouseido.mhlw.go.jp/znk-web/juminkanja/S2430/initialize?prefCd=15&kikanCd=SINCX00499&kikanKbn=2", "url2": null, "内容": "しげはら内科クリニック【2:診療所】【診療科目:内科_呼吸器内科_消化器内科】新潟県新潟市西区坂井東６丁目２９番２７号" }, "geometry": { "type": "Point", "coordinates": [ 138.968283, 37.870639 ] } },
{ "type": "Feature", "properties": { "ID": "152SINCX00501", "正式名称": "耳鼻咽喉科やまざきクリニック", "機関区分": 2, "都道府県コード": 15, "市区町村コード": 107, "所在地": "新潟県新潟市西区坂井９３２番地１１", "緯度": 37.868771, "経度": 138.960123, "url": "https://www.iryou.teikyouseido.mhlw.go.jp/znk-web/juminkanja/S2430/initialize?prefCd=15&kikanCd=SINCX00501&kikanKbn=2", "url2": null, "内容": "耳鼻咽喉科やまざきクリニック【2:診療所】【診療科目:耳鼻いんこう科】新潟県新潟市西区坂井９３２番地１１" }, "geometry": { "type": "Point", "coordinates": [ 138.960123, 37.868771 ] } },
{ "type": "Feature", "properties": { "ID": "152SINCX00502", "正式名称": "社会医療法人　新潟勤労者医療協会　坂井輪診療所", "機関区分": 2, "都道府県コード": 15, "市区町村コード": 107, "所在地": "新潟県新潟市西区寺尾東３－８－３５", "緯度": 37.872144, "経度": 138.973381, "url": "https://www.iryou.teikyouseido.mhlw.go.jp/znk-web/juminkanja/S2430/initialize?prefCd=15&kikanCd=SINCX00502&kikanKbn=2", "url2": "https://niigata-min.or.jp/sakaiwa/", "内容": "社会医療法人　新潟勤労者医療協会　坂井輪診療所【2:診療所】【診療科目:内科_消化器内科】新潟県新潟市西区寺尾東３－８－３５" }, "geometry": { "type": "Point", "coordinates": [ 138.973381, 37.872144 ] } },
{ "type": "Feature", "properties": { "ID": "152SINCX00504", "正式名称": "新大駅前皮フ科", "機関区分": 2, "都道府県コード": 15, "市区町村コード": 107, "所在地": "新潟県新潟市西区坂井砂山４－１４－１３", "緯度": 37.868479, "経度": 138.955941, "url": "https://www.iryou.teikyouseido.mhlw.go.jp/znk-web/juminkanja/S2430/initialize?prefCd=15&kikanCd=SINCX00504&kikanKbn=2", "url2": "https://www.shindaiekimae-hifuka.com/", "内容": "新大駅前皮フ科【2:診療所】【診療科目:皮膚科】新潟県新潟市西区坂井砂山４－１４－１３" }, "geometry": { "type": "Point", "coordinates": [ 138.955941, 37.868479 ] } },
{ "type": "Feature", "properties": { "ID": "152SINCX00505", "正式名称": "新大駅前わたなべ眼科", "機関区分": 2, "都道府県コード": 15, "市区町村コード": 107, "所在地": "新潟県新潟市西区坂井砂山４丁目１４番７号", "緯度": 37.868077, "経度": 138.955888, "url": "https://www.iryou.teikyouseido.mhlw.go.jp/znk-web/juminkanja/S2430/initialize?prefCd=15&kikanCd=SINCX00505&kikanKbn=2", "url2": "swec.jimdofree.com", "内容": "新大駅前わたなべ眼科【2:診療所】【診療科目:眼科】新潟県新潟市西区坂井砂山４丁目１４番７号" }, "geometry": { "type": "Point", "coordinates": [ 138.955888, 37.868077 ] } },
{ "type": "Feature", "properties": { "ID": "152SINCX00506", "正式名称": "新通あけみ皮膚科医院", "機関区分": 2, "都道府県コード": 15, "市区町村コード": 107, "所在地": "新潟県新潟市西区新通１０５２－１３", "緯度": 37.859984, "経度": 138.950463, "url": "https://www.iryou.teikyouseido.mhlw.go.jp/znk-web/juminkanja/S2430/initialize?prefCd=15&kikanCd=SINCX00506&kikanKbn=2", "url2": null, "内容": "新通あけみ皮膚科医院【2:診療所】【診療科目:皮膚科】新潟県新潟市西区新通１０５２－１３" }, "geometry": { "type": "Point", "coordinates": [ 138.950463, 37.859984 ] } },
{ "type": "Feature", "properties": { "ID": "152SINCX00507", "正式名称": "社会福祉法人新潟市社会事業協会信楽園病院附属有明診療所", "機関区分": 2, "都道府県コード": 15, "市区町村コード": 107, "所在地": "新潟県新潟市西区西有明町１－５", "緯度": 37.896318, "経度": 138.991696, "url": "https://www.iryou.teikyouseido.mhlw.go.jp/znk-web/juminkanja/S2430/initialize?prefCd=15&kikanCd=SINCX00507&kikanKbn=2", "url2": null, "内容": "社会福祉法人新潟市社会事業協会信楽園病院附属有明診療所【2:診療所】【診療科目:内科_人工透析内科_皮膚科】新潟県新潟市西区西有明町１－５" }, "geometry": { "type": "Point", "coordinates": [ 138.991696, 37.896318 ] } },
{ "type": "Feature", "properties": { "ID": "152SINCX00508", "正式名称": "心療内科・神経科高橋クリニック", "機関区分": 2, "都道府県コード": 15, "市区町村コード": 107, "所在地": "新潟県新潟市西区五十嵐東１丁目１０番１９号", "緯度": 37.873015, "経度": 138.957394, "url": "https://www.iryou.teikyouseido.mhlw.go.jp/znk-web/juminkanja/S2430/initialize?prefCd=15&kikanCd=SINCX00508&kikanKbn=2", "url2": "https://psm-takahashi.jp", "内容": "心療内科・神経科高橋クリニック【2:診療所】【診療科目:精神科_心療内科】新潟県新潟市西区五十嵐東１丁目１０番１９号" }, "geometry": { "type": "Point", "coordinates": [ 138.957394, 37.873015 ] } },
{ "type": "Feature", "properties": { "ID": "152SINCX00510", "正式名称": "健やか医院", "機関区分": 2, "都道府県コード": 15, "市区町村コード": 107, "所在地": "新潟県新潟市西区小新１１３０番地", "緯度": 37.878727, "経度": 138.995096, "url": "https://www.iryou.teikyouseido.mhlw.go.jp/znk-web/juminkanja/S2430/initialize?prefCd=15&kikanCd=SINCX00510&kikanKbn=2", "url2": "https://niigata-shika.com/", "内容": "健やか医院【2:診療所】【診療科目:内科_皮膚科_歯科_矯正歯科_歯科口腔外科_小児歯科】新潟県新潟市西区小新１１３０番地" }, "geometry": { "type": "Point", "coordinates": [ 138.995096, 37.878727 ] } },
{ "type": "Feature", "properties": { "ID": "152SINCX00511", "正式名称": "すずき産科婦人科クリニック", "機関区分": 2, "都道府県コード": 15, "市区町村コード": 107, "所在地": "新潟県新潟市西区小針７丁目１７番１４号", "緯度": 37.880147, "経度": 138.990315, "url": "https://www.iryou.teikyouseido.mhlw.go.jp/znk-web/juminkanja/S2430/initialize?prefCd=15&kikanCd=SINCX00511&kikanKbn=2", "url2": "http://www.suzuki-cl.com", "内容": "すずき産科婦人科クリニック【2:診療所】【診療科目:産婦人科】新潟県新潟市西区小針７丁目１７番１４号" }, "geometry": { "type": "Point", "coordinates": [ 138.990315, 37.880147 ] } },
{ "type": "Feature", "properties": { "ID": "152SINCX00512", "正式名称": "すなやまクリニック", "機関区分": 2, "都道府県コード": 15, "市区町村コード": 107, "所在地": "新潟県新潟市西区坂井砂山３丁目８番２号", "緯度": 37.870333, "経度": 138.955499, "url": "https://www.iryou.teikyouseido.mhlw.go.jp/znk-web/juminkanja/S2430/initialize?prefCd=15&kikanCd=SINCX00512&kikanKbn=2", "url2": null, "内容": "すなやまクリニック【2:診療所】【診療科目:内科_消化器内科_腎臓内科_外科】新潟県新潟市西区坂井砂山３丁目８番２号" }, "geometry": { "type": "Point", "coordinates": [ 138.955499, 37.870333 ] } },
{ "type": "Feature", "properties": { "ID": "152SINCX00513", "正式名称": "整形外科・眼科大川クリニック", "機関区分": 2, "都道府県コード": 15, "市区町村コード": 107, "所在地": "新潟県新潟市西区西小針台２－１－１６", "緯度": 37.886593, "経度": 138.982006, "url": "https://www.iryou.teikyouseido.mhlw.go.jp/znk-web/juminkanja/S2430/initialize?prefCd=15&kikanCd=SINCX00513&kikanKbn=2", "url2": null, "内容": "整形外科・眼科大川クリニック【2:診療所】【診療科目:整形外科_眼科】新潟県新潟市西区西小針台２－１－１６" }, "geometry": { "type": "Point", "coordinates": [ 138.982006, 37.886593 ] } },
{ "type": "Feature", "properties": { "ID": "152SINCX00514", "正式名称": "せき眼科医院", "機関区分": 2, "都道府県コード": 15, "市区町村コード": 107, "所在地": "新潟県新潟市西区小針１ー３０ー１", "緯度": 37.889391, "経度": 139.000804, "url": "https://www.iryou.teikyouseido.mhlw.go.jp/znk-web/juminkanja/S2430/initialize?prefCd=15&kikanCd=SINCX00514&kikanKbn=2", "url2": "http://www.sekieyeclinic.org/", "内容": "せき眼科医院【2:診療所】【診療科目:眼科】新潟県新潟市西区小針１ー３０ー１" }, "geometry": { "type": "Point", "coordinates": [ 139.000804, 37.889391 ] } },
{ "type": "Feature", "properties": { "ID": "152SINCX00518", "正式名称": "田沢内科医院", "機関区分": 2, "都道府県コード": 15, "市区町村コード": 107, "所在地": "新潟県新潟市西区山崎１１４５", "緯度": 37.824215, "経度": 138.883333, "url": "https://www.iryou.teikyouseido.mhlw.go.jp/znk-web/juminkanja/S2430/initialize?prefCd=15&kikanCd=SINCX00518&kikanKbn=2", "url2": null, "内容": "田沢内科医院【2:診療所】【診療科目:内科_消化器内科】新潟県新潟市西区山崎１１４５" }, "geometry": { "type": "Point", "coordinates": [ 138.883333, 37.824215 ] } },
{ "type": "Feature", "properties": { "ID": "152SINCX00519", "正式名称": "たじま内科クリニック", "機関区分": 2, "都道府県コード": 15, "市区町村コード": 107, "所在地": "新潟県新潟市西区山田３３９９－１", "緯度": 37.870719, "経度": 139.012386, "url": "https://www.iryou.teikyouseido.mhlw.go.jp/znk-web/juminkanja/S2430/initialize?prefCd=15&kikanCd=SINCX00519&kikanKbn=2", "url2": "https://tajima-naika.com", "内容": "たじま内科クリニック【2:診療所】【診療科目:内科_呼吸器内科_アレルギー疾患内科】新潟県新潟市西区山田３３９９－１" }, "geometry": { "type": "Point", "coordinates": [ 139.012386, 37.870719 ] } },
{ "type": "Feature", "properties": { "ID": "152SINCX00520", "正式名称": "塚田内科医院", "機関区分": 2, "都道府県コード": 15, "市区町村コード": 107, "所在地": "新潟県新潟市西区大野町３７０６甲", "緯度": 37.846393, "経度": 139.018999, "url": "https://www.iryou.teikyouseido.mhlw.go.jp/znk-web/juminkanja/S2430/initialize?prefCd=15&kikanCd=SINCX00520&kikanKbn=2", "url2": null, "内容": "塚田内科医院【2:診療所】【診療科目:内科】新潟県新潟市西区大野町３７０６甲" }, "geometry": { "type": "Point", "coordinates": [ 139.018999, 37.846393 ] } },
{ "type": "Feature", "properties": { "ID": "152SINCX00521", "正式名称": "月岡内科医院", "機関区分": 2, "都道府県コード": 15, "市区町村コード": 107, "所在地": "新潟県新潟市西区小針４－４－１月岡内科医院", "緯度": 37.88557, "経度": 138.997711, "url": "https://www.iryou.teikyouseido.mhlw.go.jp/znk-web/juminkanja/S2430/initialize?prefCd=15&kikanCd=SINCX00521&kikanKbn=2", "url2": null, "内容": "月岡内科医院【2:診療所】【診療科目:内科_呼吸器内科_アレルギー疾患内科】新潟県新潟市西区小針４－４－１月岡内科医院" }, "geometry": { "type": "Point", "coordinates": [ 138.997711, 37.88557 ] } },
{ "type": "Feature", "properties": { "ID": "152SINCX00522", "正式名称": "築井医院", "機関区分": 2, "都道府県コード": 15, "市区町村コード": 107, "所在地": "新潟県新潟市西区浦山１丁目３番３０号青山ハイツ１階", "緯度": 37.900127, "経度": 139.004416, "url": "https://www.iryou.teikyouseido.mhlw.go.jp/znk-web/juminkanja/S2430/initialize?prefCd=15&kikanCd=SINCX00522&kikanKbn=2", "url2": null, "内容": "築井医院【2:診療所】【診療科目:内科_小児科_放射線科】新潟県新潟市西区浦山１丁目３番３０号青山ハイツ１階" }, "geometry": { "type": "Point", "coordinates": [ 139.004416, 37.900127 ] } },
{ "type": "Feature", "properties": { "ID": "152SINCX00525", "正式名称": "寺尾整形外科クリニック", "機関区分": 2, "都道府県コード": 15, "市区町村コード": 107, "所在地": "新潟県新潟市西区寺尾東３丁目９番１０号", "緯度": 37.871841, "経度": 138.971408, "url": "https://www.iryou.teikyouseido.mhlw.go.jp/znk-web/juminkanja/S2430/initialize?prefCd=15&kikanCd=SINCX00525&kikanKbn=2", "url2": "https://www.teraoseikeigeka.com/", "内容": "寺尾整形外科クリニック【2:診療所】【診療科目:整形外科_リウマチ科_リハビリテーション科】新潟県新潟市西区寺尾東３丁目９番１０号" }, "geometry": { "type": "Point", "coordinates": [ 138.971408, 37.871841 ] } },
{ "type": "Feature", "properties": { "ID": "152SINCX00526", "正式名称": "寺久保耳鼻咽喉科医院", "機関区分": 2, "都道府県コード": 15, "市区町村コード": 107, "所在地": "新潟県新潟市西区山田５０３番地１", "緯度": 37.867103, "経度": 139.016502, "url": "https://www.iryou.teikyouseido.mhlw.go.jp/znk-web/juminkanja/S2430/initialize?prefCd=15&kikanCd=SINCX00526&kikanKbn=2", "url2": "https://www.terakubojibika-niigata.com", "内容": "寺久保耳鼻咽喉科医院【2:診療所】【診療科目:耳鼻いんこう科_アレルギー科】新潟県新潟市西区山田５０３番地１" }, "geometry": { "type": "Point", "coordinates": [ 139.016502, 37.867103 ] } },
{ "type": "Feature", "properties": { "ID": "152SINCX00529", "正式名称": "ときめきハートクリニック", "機関区分": 2, "都道府県コード": 15, "市区町村コード": 107, "所在地": "新潟県新潟市西区ときめき西１丁目１番１７号", "緯度": 37.873397, "経度": 139.007726, "url": "https://www.iryou.teikyouseido.mhlw.go.jp/znk-web/juminkanja/S2430/initialize?prefCd=15&kikanCd=SINCX00529&kikanKbn=2", "url2": "tok1.info", "内容": "ときめきハートクリニック【2:診療所】【診療科目:内科_循環器内科】新潟県新潟市西区ときめき西１丁目１番１７号" }, "geometry": { "type": "Point", "coordinates": [ 139.007726, 37.873397 ] } },
{ "type": "Feature", "properties": { "ID": "152SINCX00544", "正式名称": "ナーシングメディカルクリニック", "機関区分": 2, "都道府県コード": 15, "市区町村コード": 107, "所在地": "新潟県新潟市西区青山１‐７‐２７", "緯度": 37.893777, "経度": 139.000277, "url": "https://www.iryou.teikyouseido.mhlw.go.jp/znk-web/juminkanja/S2430/initialize?prefCd=15&kikanCd=SINCX00544&kikanKbn=2", "url2": null, "内容": "ナーシングメディカルクリニック【2:診療所】【診療科目:内科】新潟県新潟市西区青山１‐７‐２７" }, "geometry": { "type": "Point", "coordinates": [ 139.000277, 37.893777 ] } },
{ "type": "Feature", "properties": { "ID": "152SINCX00545", "正式名称": "なかの脳神経内科クリニック", "機関区分": 2, "都道府県コード": 15, "市区町村コード": 107, "所在地": "新潟県新潟市西区寺尾朝日通１６番３１号", "緯度": 37.8848, "経度": 138.986852, "url": "https://www.iryou.teikyouseido.mhlw.go.jp/znk-web/juminkanja/S2430/initialize?prefCd=15&kikanCd=SINCX00545&kikanKbn=2", "url2": "http://www.nakano-neurology.com", "内容": "なかの脳神経内科クリニック【2:診療所】【診療科目:内科_神経内科】新潟県新潟市西区寺尾朝日通１６番３１号" }, "geometry": { "type": "Point", "coordinates": [ 138.986852, 37.8848 ] } },
{ "type": "Feature", "properties": { "ID": "152SINCX00546", "正式名称": "中山整形外科", "機関区分": 2, "都道府県コード": 15, "市区町村コード": 107, "所在地": "新潟県新潟市西区小針", "緯度": 37.885311, "経度": 138.997185, "url": "https://www.iryou.teikyouseido.mhlw.go.jp/znk-web/juminkanja/S2430/initialize?prefCd=15&kikanCd=SINCX00546&kikanKbn=2", "url2": "nakayama-seikei.com/", "内容": "中山整形外科【2:診療所】【診療科目:整形外科_リウマチ科_リハビリテーション科】新潟県新潟市西区小針" }, "geometry": { "type": "Point", "coordinates": [ 138.997185, 37.885311 ] } },
{ "type": "Feature", "properties": { "ID": "152SINCX00548", "正式名称": "名古屋小児科医院", "機関区分": 2, "都道府県コード": 15, "市区町村コード": 107, "所在地": "新潟県新潟市西区小針７丁目１０番１３号", "緯度": 37.880042, "経度": 138.991035, "url": "https://www.iryou.teikyouseido.mhlw.go.jp/znk-web/juminkanja/S2430/initialize?prefCd=15&kikanCd=SINCX00548&kikanKbn=2", "url2": null, "内容": "名古屋小児科医院【2:診療所】【診療科目:小児科】新潟県新潟市西区小針７丁目１０番１３号" }, "geometry": { "type": "Point", "coordinates": [ 138.991035, 37.880042 ] } },
{ "type": "Feature", "properties": { "ID": "152SINCX00549", "正式名称": "一般社団法人新潟県労働衛生医学協会　新潟健診スクエア", "機関区分": 2, "都道府県コード": 15, "市区町村コード": 107, "所在地": "新潟県新潟市西区北場１１８５－３", "緯度": 37.86587, "経度": 139.003136, "url": "https://www.iryou.teikyouseido.mhlw.go.jp/znk-web/juminkanja/S2430/initialize?prefCd=15&kikanCd=SINCX00549&kikanKbn=2", "url2": "https://www.niwell.or.jp", "内容": "一般社団法人新潟県労働衛生医学協会　新潟健診スクエア【2:診療所】【診療科目:内科】新潟県新潟市西区北場１１８５－３" }, "geometry": { "type": "Point", "coordinates": [ 139.003136, 37.86587 ] } },
{ "type": "Feature", "properties": { "ID": "152SINCX00555", "正式名称": "西新潟整形外科", "機関区分": 2, "都道府県コード": 15, "市区町村コード": 107, "所在地": "新潟県新潟市西区坂井砂山４－１４－３", "緯度": 37.868338, "経度": 138.956057, "url": "https://www.iryou.teikyouseido.mhlw.go.jp/znk-web/juminkanja/S2430/initialize?prefCd=15&kikanCd=SINCX00555&kikanKbn=2", "url2": null, "内容": "西新潟整形外科【2:診療所】【診療科目:整形外科】新潟県新潟市西区坂井砂山４－１４－３" }, "geometry": { "type": "Point", "coordinates": [ 138.956057, 37.868338 ] } },
{ "type": "Feature", "properties": { "ID": "152SINCX00557", "正式名称": "のむら耳鼻咽喉科", "機関区分": 2, "都道府県コード": 15, "市区町村コード": 107, "所在地": "新潟県新潟市西区鳥原１８９－３", "緯度": 37.849285, "経度": 139.012667, "url": "https://www.iryou.teikyouseido.mhlw.go.jp/znk-web/juminkanja/S2430/initialize?prefCd=15&kikanCd=SINCX00557&kikanKbn=2", "url2": null, "内容": "のむら耳鼻咽喉科【2:診療所】【診療科目:耳鼻いんこう科_アレルギー科】新潟県新潟市西区鳥原１８９－３" }, "geometry": { "type": "Point", "coordinates": [ 139.012667, 37.849285 ] } },
{ "type": "Feature", "properties": { "ID": "152SINCX00558", "正式名称": "橋本耳鼻科クリニック", "機関区分": 2, "都道府県コード": 15, "市区町村コード": 107, "所在地": "新潟県新潟市西区平島１－１８－２２", "緯度": 37.89014, "経度": 139.00493, "url": "https://www.iryou.teikyouseido.mhlw.go.jp/znk-web/juminkanja/S2430/initialize?prefCd=15&kikanCd=SINCX00558&kikanKbn=2", "url2": "https://jibika-hashimoto.com", "内容": "橋本耳鼻科クリニック【2:診療所】【診療科目:頭頸部・耳鼻いんこう科_アレルギー科】新潟県新潟市西区平島１－１８－２２" }, "geometry": { "type": "Point", "coordinates": [ 139.00493, 37.89014 ] } },
{ "type": "Feature", "properties": { "ID": "152SINCX00562", "正式名称": "樋口内科・消化器科医院", "機関区分": 2, "都道府県コード": 15, "市区町村コード": 107, "所在地": "新潟県新潟市西区五十嵐２の町８２１８番地２３", "緯度": 37.865695, "経度": 138.935744, "url": "https://www.iryou.teikyouseido.mhlw.go.jp/znk-web/juminkanja/S2430/initialize?prefCd=15&kikanCd=SINCX00562&kikanKbn=2", "url2": null, "内容": "樋口内科・消化器科医院【2:診療所】【診療科目:内科_消化器内科】新潟県新潟市西区五十嵐２の町８２１８番地２３" }, "geometry": { "type": "Point", "coordinates": [ 138.935744, 37.865695 ] } },
{ "type": "Feature", "properties": { "ID": "152SINCX00563", "正式名称": "皮膚科まるやまクリニック", "機関区分": 2, "都道府県コード": 15, "市区町村コード": 107, "所在地": "新潟県新潟市西区小新南２丁目５ー２０", "緯度": 37.86816, "経度": 138.992151, "url": "https://www.iryou.teikyouseido.mhlw.go.jp/znk-web/juminkanja/S2430/initialize?prefCd=15&kikanCd=SINCX00563&kikanKbn=2", "url2": "http://www.subesube.info", "内容": "皮膚科まるやまクリニック【2:診療所】【診療科目:皮膚科】新潟県新潟市西区小新南２丁目５ー２０" }, "geometry": { "type": "Point", "coordinates": [ 138.992151, 37.86816 ] } },
{ "type": "Feature", "properties": { "ID": "152SINCX00564", "正式名称": "ひらの内科医院", "機関区分": 2, "都道府県コード": 15, "市区町村コード": 107, "所在地": "新潟県新潟市西区五十嵐３の町東２３番１１号", "緯度": 37.862497, "経度": 138.927455, "url": "https://www.iryou.teikyouseido.mhlw.go.jp/znk-web/juminkanja/S2430/initialize?prefCd=15&kikanCd=SINCX00564&kikanKbn=2", "url2": "https://www.hirano-naika.com", "内容": "ひらの内科医院【2:診療所】【診療科目:内科_小児科_精神科_心療内科】新潟県新潟市西区五十嵐３の町東２３番１１号" }, "geometry": { "type": "Point", "coordinates": [ 138.927455, 37.862497 ] } },
{ "type": "Feature", "properties": { "ID": "152SINCX00566", "正式名称": "藤田内科消化器科医院", "機関区分": 2, "都道府県コード": 15, "市区町村コード": 107, "所在地": "新潟県新潟市西区善久１０８番地２", "緯度": 37.859696, "経度": 139.016581, "url": "https://www.iryou.teikyouseido.mhlw.go.jp/znk-web/juminkanja/S2430/initialize?prefCd=15&kikanCd=SINCX00566&kikanKbn=2", "url2": "https://www.fujita-naika.com/", "内容": "藤田内科消化器科医院【2:診療所】【診療科目:内科_消化器内科_形成外科】新潟県新潟市西区善久１０８番地２" }, "geometry": { "type": "Point", "coordinates": [ 139.016581, 37.859696 ] } },
{ "type": "Feature", "properties": { "ID": "152SINCX00567", "正式名称": "前田内科クリニック", "機関区分": 2, "都道府県コード": 15, "市区町村コード": 107, "所在地": "新潟県新潟市西区坂井東２丁目２番２９号", "緯度": 37.876962, "経度": 138.981858, "url": "https://www.iryou.teikyouseido.mhlw.go.jp/znk-web/juminkanja/S2430/initialize?prefCd=15&kikanCd=SINCX00567&kikanKbn=2", "url2": null, "内容": "前田内科クリニック【2:診療所】【診療科目:内科_消化器内科】新潟県新潟市西区坂井東２丁目２番２９号" }, "geometry": { "type": "Point", "coordinates": [ 138.981858, 37.876962 ] } },
{ "type": "Feature", "properties": { "ID": "152SINCX00568", "正式名称": "まことクリニック", "機関区分": 2, "都道府県コード": 15, "市区町村コード": 107, "所在地": "新潟県新潟市西区小針３丁目３１番２号", "緯度": 37.886538, "経度": 138.999159, "url": "https://www.iryou.teikyouseido.mhlw.go.jp/znk-web/juminkanja/S2430/initialize?prefCd=15&kikanCd=SINCX00568&kikanKbn=2", "url2": null, "内容": "まことクリニック【2:診療所】【診療科目:精神科_心療内科】新潟県新潟市西区小針３丁目３１番２号" }, "geometry": { "type": "Point", "coordinates": [ 138.999159, 37.886538 ] } },
{ "type": "Feature", "properties": { "ID": "152SINCX00570", "正式名称": "丸山リハビリテーション診療所", "機関区分": 2, "都道府県コード": 15, "市区町村コード": 107, "所在地": "新潟県新潟市西区小新１０８３番地１サンロイヤル新潟１階", "緯度": 37.878571, "経度": 138.996382, "url": "https://www.iryou.teikyouseido.mhlw.go.jp/znk-web/juminkanja/S2430/initialize?prefCd=15&kikanCd=SINCX00570&kikanKbn=2", "url2": "https://www.unity.or.jp", "内容": "丸山リハビリテーション診療所【2:診療所】【診療科目:内科_漢方内科_リハビリテーション科】新潟県新潟市西区小新１０８３番地１サンロイヤル新潟１階" }, "geometry": { "type": "Point", "coordinates": [ 138.996382, 37.878571 ] } },
{ "type": "Feature", "properties": { "ID": "152SINCX00574", "正式名称": "やぎもと小児科", "機関区分": 2, "都道府県コード": 15, "市区町村コード": 107, "所在地": "新潟県新潟市西区中権寺２９４１", "緯度": 37.844758, "経度": 138.912224, "url": "https://www.iryou.teikyouseido.mhlw.go.jp/znk-web/juminkanja/S2430/initialize?prefCd=15&kikanCd=SINCX00574&kikanKbn=2", "url2": "https://yagimotoshounika.jimdofree.com/", "内容": "やぎもと小児科【2:診療所】【診療科目:小児科_アレルギー科】新潟県新潟市西区中権寺２９４１" }, "geometry": { "type": "Point", "coordinates": [ 138.912224, 37.844758 ] } },
{ "type": "Feature", "properties": { "ID": "152SINCX00576", "正式名称": "米山クリニック消化器内科・内科", "機関区分": 2, "都道府県コード": 15, "市区町村コード": 107, "所在地": "新潟県新潟市西区小新南小新南２丁目１番７９号", "緯度": 37.879208, "経度": 138.999101, "url": "https://www.iryou.teikyouseido.mhlw.go.jp/znk-web/juminkanja/S2430/initialize?prefCd=15&kikanCd=SINCX00576&kikanKbn=2", "url2": null, "内容": "米山クリニック消化器内科・内科【2:診療所】【診療科目:内科_消化器内科】新潟県新潟市西区小新南小新南２丁目１番７９号" }, "geometry": { "type": "Point", "coordinates": [ 138.999101, 37.879208 ] } },
{ "type": "Feature", "properties": { "ID": "152SINCX00578", "正式名称": "わたなべ内科・青山クリニック", "機関区分": 2, "都道府県コード": 15, "市区町村コード": 107, "所在地": "新潟県新潟市西区青山１－２－２１", "緯度": 37.895285, "経度": 139.001806, "url": "https://www.iryou.teikyouseido.mhlw.go.jp/znk-web/juminkanja/S2430/initialize?prefCd=15&kikanCd=SINCX00578&kikanKbn=2", "url2": "http://watanabe-aoyama.com/", "内容": "わたなべ内科・青山クリニック【2:診療所】【診療科目:内科_呼吸器内科_循環器内科_消化器内科_アレルギー疾患内科】新潟県新潟市西区青山１－２－２１" }, "geometry": { "type": "Point", "coordinates": [ 139.001806, 37.895285 ] } },
{ "type": "Feature", "properties": { "ID": "152SINCX00579", "正式名称": "荒川レディースクリニック", "機関区分": 2, "都道府県コード": 15, "市区町村コード": 108, "所在地": "新潟県新潟市西蒲区巻甲４６７０番地", "緯度": 37.760195, "経度": 138.896108, "url": "https://www.iryou.teikyouseido.mhlw.go.jp/znk-web/juminkanja/S2430/initialize?prefCd=15&kikanCd=SINCX00579&kikanKbn=2", "url2": "http://www.arakawa-lc.com/", "内容": "荒川レディースクリニック【2:診療所】【診療科目:産婦人科_産科_婦人科】新潟県新潟市西蒲区巻甲４６７０番地" }, "geometry": { "type": "Point", "coordinates": [ 138.896108, 37.760195 ] } },
{ "type": "Feature", "properties": { "ID": "152SINCX00580", "正式名称": "五十嵐医院", "機関区分": 2, "都道府県コード": 15, "市区町村コード": 108, "所在地": "新潟県新潟市西蒲区小吉１０７４番地１", "緯度": 37.706606, "経度": 138.979094, "url": "https://www.iryou.teikyouseido.mhlw.go.jp/znk-web/juminkanja/S2430/initialize?prefCd=15&kikanCd=SINCX00580&kikanKbn=2", "url2": "http//ikarashi-iin.or.jp", "内容": "五十嵐医院【2:診療所】【診療科目:内科_消化器内科】新潟県新潟市西蒲区小吉１０７４番地１" }, "geometry": { "type": "Point", "coordinates": [ 138.979094, 37.706606 ] } },
{ "type": "Feature", "properties": { "ID": "152SINCX00581", "正式名称": "いわむろ透析クリニック", "機関区分": 2, "都道府県コード": 15, "市区町村コード": 108, "所在地": "新潟県新潟市西蒲区橋本１０１３－１", "緯度": 37.741469, "経度": 138.843207, "url": "https://www.iryou.teikyouseido.mhlw.go.jp/znk-web/juminkanja/S2430/initialize?prefCd=15&kikanCd=SINCX00581&kikanKbn=2", "url2": null, "内容": "いわむろ透析クリニック【2:診療所】【診療科目:人工透析内科】新潟県新潟市西蒲区橋本１０１３－１" }, "geometry": { "type": "Point", "coordinates": [ 138.843207, 37.741469 ] } },
{ "type": "Feature", "properties": { "ID": "152SINCX00582", "正式名称": "岩室藤田医院", "機関区分": 2, "都道府県コード": 15, "市区町村コード": 108, "所在地": "新潟県新潟市西蒲区岩室温泉６６７番地２６", "緯度": 37.737933, "経度": 138.837889, "url": "https://www.iryou.teikyouseido.mhlw.go.jp/znk-web/juminkanja/S2430/initialize?prefCd=15&kikanCd=SINCX00582&kikanKbn=2", "url2": null, "内容": "岩室藤田医院【2:診療所】【診療科目:内科】新潟県新潟市西蒲区岩室温泉６６７番地２６" }, "geometry": { "type": "Point", "coordinates": [ 138.837889, 37.737933 ] } },
{ "type": "Feature", "properties": { "ID": "152SINCX00583", "正式名称": "遠藤医院", "機関区分": 2, "都道府県コード": 15, "市区町村コード": 108, "所在地": "新潟県新潟市西蒲区旗屋６９７番地１", "緯度": 37.791561, "経度": 138.922661, "url": "https://www.iryou.teikyouseido.mhlw.go.jp/znk-web/juminkanja/S2430/initialize?prefCd=15&kikanCd=SINCX00583&kikanKbn=2", "url2": null, "内容": "遠藤医院【2:診療所】【診療科目:内科_放射線科】新潟県新潟市西蒲区旗屋６９７番地１" }, "geometry": { "type": "Point", "coordinates": [ 138.922661, 37.791561 ] } },
{ "type": "Feature", "properties": { "ID": "152SINCX00584", "正式名称": "おおくら耳鼻科", "機関区分": 2, "都道府県コード": 15, "市区町村コード": 108, "所在地": "新潟県新潟市西蒲区巻甲４６５０番地１", "緯度": 37.759811, "経度": 138.895504, "url": "https://www.iryou.teikyouseido.mhlw.go.jp/znk-web/juminkanja/S2430/initialize?prefCd=15&kikanCd=SINCX00584&kikanKbn=2", "url2": null, "内容": "おおくら耳鼻科【2:診療所】【診療科目:耳鼻いんこう科_アレルギー科】新潟県新潟市西蒲区巻甲４６５０番地１" }, "geometry": { "type": "Point", "coordinates": [ 138.895504, 37.759811 ] } },
{ "type": "Feature", "properties": { "ID": "152SINCX00585", "正式名称": "大西医院神経内科・内科", "機関区分": 2, "都道府県コード": 15, "市区町村コード": 108, "所在地": "新潟県新潟市西蒲区巻甲１７８４番地１", "緯度": 37.768246, "経度": 138.885523, "url": "https://www.iryou.teikyouseido.mhlw.go.jp/znk-web/juminkanja/S2430/initialize?prefCd=15&kikanCd=SINCX00585&kikanKbn=2", "url2": null, "内容": "大西医院神経内科・内科【2:診療所】【診療科目:内科_神経内科】新潟県新潟市西蒲区巻甲１７８４番地１" }, "geometry": { "type": "Point", "coordinates": [ 138.885523, 37.768246 ] } },
{ "type": "Feature", "properties": { "ID": "152SINCX00588", "正式名称": "金子医院", "機関区分": 2, "都道府県コード": 15, "市区町村コード": 108, "所在地": "新潟県新潟市西蒲区和納１丁目１０番１７号", "緯度": 37.72315, "経度": 138.878998, "url": "https://www.iryou.teikyouseido.mhlw.go.jp/znk-web/juminkanja/S2430/initialize?prefCd=15&kikanCd=SINCX00588&kikanKbn=2", "url2": "http://kaneko-clin.com", "内容": "金子医院【2:診療所】【診療科目:内科_糖尿病内科_内分泌内科】新潟県新潟市西蒲区和納１丁目１０番１７号" }, "geometry": { "type": "Point", "coordinates": [ 138.878998, 37.72315 ] } },
{ "type": "Feature", "properties": { "ID": "152SINCX00590", "正式名称": "苅部医院", "機関区分": 2, "都道府県コード": 15, "市区町村コード": 108, "所在地": "新潟県新潟市西蒲区鱸１７３", "緯度": 37.794417, "経度": 138.914233, "url": "https://www.iryou.teikyouseido.mhlw.go.jp/znk-web/juminkanja/S2430/initialize?prefCd=15&kikanCd=SINCX00590&kikanKbn=2", "url2": null, "内容": "苅部医院【2:診療所】【診療科目:内科_呼吸器内科_アレルギー疾患内科_小児科_アレルギー科】新潟県新潟市西蒲区鱸１７３" }, "geometry": { "type": "Point", "coordinates": [ 138.914233, 37.794417 ] } },
{ "type": "Feature", "properties": { "ID": "152SINCX00591", "正式名称": "こどもの医院おおば", "機関区分": 2, "都道府県コード": 15, "市区町村コード": 108, "所在地": "新潟県新潟市西蒲区巻甲３２６０番地１", "緯度": 37.764139, "経度": 138.893346, "url": "https://www.iryou.teikyouseido.mhlw.go.jp/znk-web/juminkanja/S2430/initialize?prefCd=15&kikanCd=SINCX00591&kikanKbn=2", "url2": null, "内容": "こどもの医院おおば【2:診療所】【診療科目:小児科_アレルギー科】新潟県新潟市西蒲区巻甲３２６０番地１" }, "geometry": { "type": "Point", "coordinates": [ 138.893346, 37.764139 ] } },
{ "type": "Feature", "properties": { "ID": "152SINCX00592", "正式名称": "西川内科医院", "機関区分": 2, "都道府県コード": 15, "市区町村コード": 108, "所在地": "新潟県新潟市西蒲区巻甲２４１７番地６", "緯度": 37.754302, "経度": 138.887511, "url": "https://www.iryou.teikyouseido.mhlw.go.jp/znk-web/juminkanja/S2430/initialize?prefCd=15&kikanCd=SINCX00592&kikanKbn=2", "url2": "https://www,saikawanaika.com", "内容": "西川内科医院【2:診療所】【診療科目:内科】新潟県新潟市西蒲区巻甲２４１７番地６" }, "geometry": { "type": "Point", "coordinates": [ 138.887511, 37.754302 ] } },
{ "type": "Feature", "properties": { "ID": "152SINCX00593", "正式名称": "さくらざわ眼科クリニック", "機関区分": 2, "都道府県コード": 15, "市区町村コード": 108, "所在地": "新潟県新潟市西蒲区巻甲４０８５", "緯度": 37.760131, "経度": 138.893798, "url": "https://www.iryou.teikyouseido.mhlw.go.jp/znk-web/juminkanja/S2430/initialize?prefCd=15&kikanCd=SINCX00593&kikanKbn=2", "url2": "https://www.sakurazawaganka-cl.com", "内容": "さくらざわ眼科クリニック【2:診療所】【診療科目:眼科】新潟県新潟市西蒲区巻甲４０８５" }, "geometry": { "type": "Point", "coordinates": [ 138.893798, 37.760131 ] } },
{ "type": "Feature", "properties": { "ID": "152SINCX00597", "正式名称": "整形外科・皮膚科しまがきクリニック", "機関区分": 2, "都道府県コード": 15, "市区町村コード": 108, "所在地": "新潟県新潟市西蒲区巻甲４６４７番地１", "緯度": 37.759744, "経度": 138.89492, "url": "https://www.iryou.teikyouseido.mhlw.go.jp/znk-web/juminkanja/S2430/initialize?prefCd=15&kikanCd=SINCX00597&kikanKbn=2", "url2": null, "内容": "整形外科・皮膚科しまがきクリニック【2:診療所】【診療科目:整形外科_皮膚科_リウマチ科_リハビリテーション科】新潟県新潟市西蒲区巻甲４６４７番地１" }, "geometry": { "type": "Point", "coordinates": [ 138.89492, 37.759744 ] } },
{ "type": "Feature", "properties": { "ID": "152SINCX00599", "正式名称": "高橋整形外科クリニック", "機関区分": 2, "都道府県コード": 15, "市区町村コード": 108, "所在地": "新潟県新潟市西蒲区押付２５９－１", "緯度": 37.786529, "経度": 138.921253, "url": "https://www.iryou.teikyouseido.mhlw.go.jp/znk-web/juminkanja/S2430/initialize?prefCd=15&kikanCd=SINCX00599&kikanKbn=2", "url2": null, "内容": "高橋整形外科クリニック【2:診療所】【診療科目:整形外科】新潟県新潟市西蒲区押付２５９－１" }, "geometry": { "type": "Point", "coordinates": [ 138.921253, 37.786529 ] } },
{ "type": "Feature", "properties": { "ID": "152SINCX00607", "正式名称": "長沼医院", "機関区分": 2, "都道府県コード": 15, "市区町村コード": 108, "所在地": "新潟県新潟市西蒲区巻甲２４８６番地", "緯度": 37.756907, "経度": 138.887256, "url": "https://www.iryou.teikyouseido.mhlw.go.jp/znk-web/juminkanja/S2430/initialize?prefCd=15&kikanCd=SINCX00607&kikanKbn=2", "url2": null, "内容": "長沼医院【2:診療所】【診療科目:内科_消化器内科】新潟県新潟市西蒲区巻甲２４８６番地" }, "geometry": { "type": "Point", "coordinates": [ 138.887256, 37.756907 ] } },
{ "type": "Feature", "properties": { "ID": "152SINCX00608", "正式名称": "一般社団法人新潟県労働衛生医学協会附属　岩室成人病検診センター", "機関区分": 2, "都道府県コード": 15, "市区町村コード": 108, "所在地": "新潟県新潟市西蒲区橋本１４３ー１", "緯度": 37.733523, "経度": 138.840406, "url": "https://www.iryou.teikyouseido.mhlw.go.jp/znk-web/juminkanja/S2430/initialize?prefCd=15&kikanCd=SINCX00608&kikanKbn=2", "url2": null, "内容": "一般社団法人新潟県労働衛生医学協会附属　岩室成人病検診センター【2:診療所】【診療科目:内科_婦人科】新潟県新潟市西蒲区橋本１４３ー１" }, "geometry": { "type": "Point", "coordinates": [ 138.840406, 37.733523 ] } },
{ "type": "Feature", "properties": { "ID": "152SINCX00619", "正式名称": "松村醫院", "機関区分": 2, "都道府県コード": 15, "市区町村コード": 108, "所在地": "新潟県新潟市西蒲区巻甲３２７６番地１", "緯度": 37.763306, "経度": 138.892732, "url": "https://www.iryou.teikyouseido.mhlw.go.jp/znk-web/juminkanja/S2430/initialize?prefCd=15&kikanCd=SINCX00619&kikanKbn=2", "url2": null, "内容": "松村醫院【2:診療所】【診療科目:内科_外科_脳神経外科】新潟県新潟市西蒲区巻甲３２７６番地１" }, "geometry": { "type": "Point", "coordinates": [ 138.892732, 37.763306 ] } },
{ "type": "Feature", "properties": { "ID": "152SINCX00620", "正式名称": "もたにメディカルクリニック", "機関区分": 2, "都道府県コード": 15, "市区町村コード": 108, "所在地": "新潟県新潟市西蒲区巻甲４２７９番地５", "緯度": 37.7559, "経度": 138.889685, "url": "https://www.iryou.teikyouseido.mhlw.go.jp/znk-web/juminkanja/S2430/initialize?prefCd=15&kikanCd=SINCX00620&kikanKbn=2", "url2": null, "内容": "もたにメディカルクリニック【2:診療所】【診療科目:内科_婦人科】新潟県新潟市西蒲区巻甲４２７９番地５" }, "geometry": { "type": "Point", "coordinates": [ 138.889685, 37.7559 ] } },
{ "type": "Feature", "properties": { "ID": "152SINCX00622", "正式名称": "渡辺内科医院", "機関区分": 2, "都道府県コード": 15, "市区町村コード": 108, "所在地": "新潟県新潟市西蒲区鱸１３７番地１", "緯度": 37.792735, "経度": 138.912471, "url": "https://www.iryou.teikyouseido.mhlw.go.jp/znk-web/juminkanja/S2430/initialize?prefCd=15&kikanCd=SINCX00622&kikanKbn=2", "url2": "watanabe-imcl.com", "内容": "渡辺内科医院【2:診療所】【診療科目:内科_消化器内科】新潟県新潟市西蒲区鱸１３７番地１" }, "geometry": { "type": "Point", "coordinates": [ 138.912471, 37.792735 ] } },
{ "type": "Feature", "properties": { "ID": "152SINCX00623", "正式名称": "とやのメンタルクリニック", "機関区分": 2, "都道府県コード": 15, "市区町村コード": 103, "所在地": "新潟県新潟市中央区網川原２ー１０ー２８", "緯度": 37.89171, "経度": 139.023701, "url": "https://www.iryou.teikyouseido.mhlw.go.jp/znk-web/juminkanja/S2430/initialize?prefCd=15&kikanCd=SINCX00623&kikanKbn=2", "url2": "https://toyano-mental.com", "内容": "とやのメンタルクリニック【2:診療所】【診療科目:精神科_心療内科】新潟県新潟市中央区網川原２ー１０ー２８" }, "geometry": { "type": "Point", "coordinates": [ 139.023701, 37.89171 ] } },
{ "type": "Feature", "properties": { "ID": "152SINCX00624", "正式名称": "あきはクリニック", "機関区分": 2, "都道府県コード": 15, "市区町村コード": 105, "所在地": "新潟県新潟市秋葉区新津５１４９番地１１", "緯度": 37.804244, "経度": 139.111069, "url": "https://www.iryou.teikyouseido.mhlw.go.jp/znk-web/juminkanja/S2430/initialize?prefCd=15&kikanCd=SINCX00624&kikanKbn=2", "url2": "https://akiha-clinic.com/index.cgi", "内容": "あきはクリニック【2:診療所】【診療科目:内科_消化器内科_乳腺外科_肛門外科】新潟県新潟市秋葉区新津５１４９番地１１" }, "geometry": { "type": "Point", "coordinates": [ 139.111069, 37.804244 ] } },
{ "type": "Feature", "properties": { "ID": "152SINCX00625", "正式名称": "クララクリニック", "機関区分": 2, "都道府県コード": 15, "市区町村コード": 107, "所在地": "新潟県新潟市西区青山７丁目３番２０号３", "緯度": 37.90003, "経度": 138.991107, "url": "https://www.iryou.teikyouseido.mhlw.go.jp/znk-web/juminkanja/S2430/initialize?prefCd=15&kikanCd=SINCX00625&kikanKbn=2", "url2": "https.//www.clara-clinic.com", "内容": "クララクリニック【2:診療所】【診療科目:内科】新潟県新潟市西区青山７丁目３番２０号３" }, "geometry": { "type": "Point", "coordinates": [ 138.991107, 37.90003 ] } },
{ "type": "Feature", "properties": { "ID": "152SINCX00627", "正式名称": "くわな内科クリニック", "機関区分": 2, "都道府県コード": 15, "市区町村コード": 103, "所在地": "新潟県新潟市中央区有明大橋町３丁目３０番地", "緯度": 37.905185, "経度": 139.012098, "url": "https://www.iryou.teikyouseido.mhlw.go.jp/znk-web/juminkanja/S2430/initialize?prefCd=15&kikanCd=SINCX00627&kikanKbn=2", "url2": "https://www.kuwana-cl.com", "内容": "くわな内科クリニック【2:診療所】【診療科目:内科_呼吸器内科_循環器内科_消化器内科_アレルギー科】新潟県新潟市中央区有明大橋町３丁目３０番地" }, "geometry": { "type": "Point", "coordinates": [ 139.012098, 37.905185 ] } },
{ "type": "Feature", "properties": { "ID": "152SINCX00628", "正式名称": "大野耳鼻咽喉科医院", "機関区分": 2, "都道府県コード": 15, "市区町村コード": 107, "所在地": "新潟県新潟市西区寺尾前通３丁目２番９", "緯度": 37.878896, "経度": 138.982394, "url": "https://www.iryou.teikyouseido.mhlw.go.jp/znk-web/juminkanja/S2430/initialize?prefCd=15&kikanCd=SINCX00628&kikanKbn=2", "url2": "https://ono-ent-clinic.com/", "内容": "大野耳鼻咽喉科医院【2:診療所】【診療科目:耳鼻いんこう科】新潟県新潟市西区寺尾前通３丁目２番９" }, "geometry": { "type": "Point", "coordinates": [ 138.982394, 37.878896 ] } },
{ "type": "Feature", "properties": { "ID": "152SINCX00629", "正式名称": "はにゅうクリニック", "機関区分": 2, "都道府県コード": 15, "市区町村コード": 107, "所在地": "新潟県新潟市西区五十嵐東１丁目１番１５号", "緯度": 37.874466, "経度": 138.96005, "url": "https://www.iryou.teikyouseido.mhlw.go.jp/znk-web/juminkanja/S2430/initialize?prefCd=15&kikanCd=SINCX00629&kikanKbn=2", "url2": "www.hanyuclinic.com", "内容": "はにゅうクリニック【2:診療所】【診療科目:内科_糖尿病内科_代謝内科_内分泌内科_眼科】新潟県新潟市西区五十嵐東１丁目１番１５号" }, "geometry": { "type": "Point", "coordinates": [ 138.96005, 37.874466 ] } },
{ "type": "Feature", "properties": { "ID": "152SINCX00632", "正式名称": "にいがた乳腺クリニック", "機関区分": 2, "都道府県コード": 15, "市区町村コード": 103, "所在地": "新潟県新潟市中央区女池上山２丁目１４ー２１", "緯度": 37.891608, "経度": 139.029913, "url": "https://www.iryou.teikyouseido.mhlw.go.jp/znk-web/juminkanja/S2430/initialize?prefCd=15&kikanCd=SINCX00632&kikanKbn=2", "url2": null, "内容": "にいがた乳腺クリニック【2:診療所】【診療科目:乳腺外科】新潟県新潟市中央区女池上山２丁目１４ー２１" }, "geometry": { "type": "Point", "coordinates": [ 139.029913, 37.891608 ] } },
{ "type": "Feature", "properties": { "ID": "152SINCX00634", "正式名称": "古町ルフル消化器内科クリニック", "機関区分": 2, "都道府県コード": 15, "市区町村コード": 103, "所在地": "新潟県新潟市中央区古町通７番町１０１０番", "緯度": 37.922501, "経度": 139.044431, "url": "https://www.iryou.teikyouseido.mhlw.go.jp/znk-web/juminkanja/S2430/initialize?prefCd=15&kikanCd=SINCX00634&kikanKbn=2", "url2": "https://www.furumachi-refuru-clinic.jp/", "内容": "古町ルフル消化器内科クリニック【2:診療所】【診療科目:内科_消化器内科_小児科】新潟県新潟市中央区古町通７番町１０１０番" }, "geometry": { "type": "Point", "coordinates": [ 139.044431, 37.922501 ] } },
{ "type": "Feature", "properties": { "ID": "152SINCX00636", "正式名称": "いしざか整形外科クリニック", "機関区分": 2, "都道府県コード": 15, "市区町村コード": 101, "所在地": "新潟県新潟市北区嘉山２１９６－２", "緯度": 37.916766, "経度": 139.225049, "url": "https://www.iryou.teikyouseido.mhlw.go.jp/znk-web/juminkanja/S2430/initialize?prefCd=15&kikanCd=SINCX00636&kikanKbn=2", "url2": "http://ishizaka-seikei.com/", "内容": "いしざか整形外科クリニック【2:診療所】【診療科目:整形外科_リハビリテーション科】新潟県新潟市北区嘉山２１９６－２" }, "geometry": { "type": "Point", "coordinates": [ 139.225049, 37.916766 ] } },
{ "type": "Feature", "properties": { "ID": "152SINCX00637", "正式名称": "みらいクリニック南笹口", "機関区分": 2, "都道府県コード": 15, "市区町村コード": 103, "所在地": "新潟県新潟市中央区南笹口２丁目５番１７号", "緯度": 37.90831, "経度": 139.07176, "url": "https://www.iryou.teikyouseido.mhlw.go.jp/znk-web/juminkanja/S2430/initialize?prefCd=15&kikanCd=SINCX00637&kikanKbn=2", "url2": "https://miraiclinic-niigata.com/", "内容": "みらいクリニック南笹口【2:診療所】【診療科目:内科_呼吸器内科_小児科_アレルギー科】新潟県新潟市中央区南笹口２丁目５番１７号" }, "geometry": { "type": "Point", "coordinates": [ 139.07176, 37.90831 ] } },
{ "type": "Feature", "properties": { "ID": "152SINCX00639", "正式名称": "にいがたセントラル泌尿器科", "機関区分": 2, "都道府県コード": 15, "市区町村コード": 103, "所在地": "新潟県新潟市中央区上所３－１０－６５マルシェコートＡ２階", "緯度": 37.904885, "経度": 139.040381, "url": "https://www.iryou.teikyouseido.mhlw.go.jp/znk-web/juminkanja/S2430/initialize?prefCd=15&kikanCd=SINCX00639&kikanKbn=2", "url2": "https://www.niigatacentral-uro.com", "内容": "にいがたセントラル泌尿器科【2:診療所】【診療科目:泌尿器科】新潟県新潟市中央区上所３－１０－６５マルシェコートＡ２階" }, "geometry": { "type": "Point", "coordinates": [ 139.040381, 37.904885 ] } },
{ "type": "Feature", "properties": { "ID": "152SINCX00640", "正式名称": "ふじかわ皮ふ科クリニック", "機関区分": 2, "都道府県コード": 15, "市区町村コード": 107, "所在地": "新潟県新潟市西区平島１丁目１８番地１", "緯度": 37.890686, "経度": 139.005714, "url": "https://www.iryou.teikyouseido.mhlw.go.jp/znk-web/juminkanja/S2430/initialize?prefCd=15&kikanCd=SINCX00640&kikanKbn=2", "url2": "https://www.fujikawahifuka.jp/", "内容": "ふじかわ皮ふ科クリニック【2:診療所】【診療科目:皮膚科_アレルギー科】新潟県新潟市西区平島１丁目１８番地１" }, "geometry": { "type": "Point", "coordinates": [ 139.005714, 37.890686 ] } },
{ "type": "Feature", "properties": { "ID": "152SINCX00641", "正式名称": "エミナルクリニック新潟院", "機関区分": 2, "都道府県コード": 15, "市区町村コード": 103, "所在地": "新潟県新潟市中央区万代一丁目１－２６万代ビル３階・４階", "緯度": 37.916743, "経度": 139.057768, "url": "https://www.iryou.teikyouseido.mhlw.go.jp/znk-web/juminkanja/S2430/initialize?prefCd=15&kikanCd=SINCX00641&kikanKbn=2", "url2": null, "内容": "エミナルクリニック新潟院【2:診療所】【診療科目:美容皮膚科】新潟県新潟市中央区万代一丁目１－２６万代ビル３階・４階" }, "geometry": { "type": "Point", "coordinates": [ 139.057768, 37.916743 ] } },
{ "type": "Feature", "properties": { "ID": "152SINCX00642", "正式名称": "内野整形外科クリニック", "機関区分": 2, "都道府県コード": 15, "市区町村コード": 107, "所在地": "新潟県新潟市西区内野町５３－５", "緯度": 37.862576, "経度": 138.943358, "url": "https://www.iryou.teikyouseido.mhlw.go.jp/znk-web/juminkanja/S2430/initialize?prefCd=15&kikanCd=SINCX00642&kikanKbn=2", "url2": null, "内容": "内野整形外科クリニック【2:診療所】【診療科目:整形外科_リウマチ科_リハビリテーション科】新潟県新潟市西区内野町５３－５" }, "geometry": { "type": "Point", "coordinates": [ 138.943358, 37.862576 ] } },
{ "type": "Feature", "properties": { "ID": "152SINCX00643", "正式名称": "すぎうら内科医院", "機関区分": 2, "都道府県コード": 15, "市区町村コード": 103, "所在地": "新潟県新潟市中央区上所中３丁目１４－１３上所メディカルセンター１Ｆ", "緯度": 37.902792, "経度": 139.035557, "url": "https://www.iryou.teikyouseido.mhlw.go.jp/znk-web/juminkanja/S2430/initialize?prefCd=15&kikanCd=SINCX00643&kikanKbn=2", "url2": "http://sugiura-clinic.jp/", "内容": "すぎうら内科医院【2:診療所】【診療科目:内科_循環器内科_放射線科】新潟県新潟市中央区上所中３丁目１４－１３上所メディカルセンター１Ｆ" }, "geometry": { "type": "Point", "coordinates": [ 139.035557, 37.902792 ] } },
{ "type": "Feature", "properties": { "ID": "152SINCX00645", "正式名称": "山の下クリニック", "機関区分": 2, "都道府県コード": 15, "市区町村コード": 102, "所在地": "新潟県新潟市東区長者町５番５号", "緯度": 37.934656, "経度": 139.072788, "url": "https://www.iryou.teikyouseido.mhlw.go.jp/znk-web/juminkanja/S2430/initialize?prefCd=15&kikanCd=SINCX00645&kikanKbn=2", "url2": "https://yamanoshita-clinic.com/", "内容": "山の下クリニック【2:診療所】【診療科目:内科_消化器内科_リウマチ科】新潟県新潟市東区長者町５番５号" }, "geometry": { "type": "Point", "coordinates": [ 139.072788, 37.934656 ] } },
{ "type": "Feature", "properties": { "ID": "152SINCX00646", "正式名称": "新津メンタルクリニック", "機関区分": 2, "都道府県コード": 15, "市区町村コード": 105, "所在地": "新潟県新潟市秋葉区新津５１４９－１２", "緯度": 37.80418, "経度": 139.110968, "url": "https://www.iryou.teikyouseido.mhlw.go.jp/znk-web/juminkanja/S2430/initialize?prefCd=15&kikanCd=SINCX00646&kikanKbn=2", "url2": null, "内容": "新津メンタルクリニック【2:診療所】【診療科目:精神科_心療内科】新潟県新潟市秋葉区新津５１４９－１２" }, "geometry": { "type": "Point", "coordinates": [ 139.110968, 37.80418 ] } },
{ "type": "Feature", "properties": { "ID": "152SINCX00647", "正式名称": "いしおか耳鼻咽喉科クリニック", "機関区分": 2, "都道府県コード": 15, "市区町村コード": 103, "所在地": "新潟県新潟市中央区天神尾１丁目１丁目１６番", "緯度": 37.908455, "経度": 139.054596, "url": "https://www.iryou.teikyouseido.mhlw.go.jp/znk-web/juminkanja/S2430/initialize?prefCd=15&kikanCd=SINCX00647&kikanKbn=2", "url2": "https://ishioka-jibika.com/", "内容": "いしおか耳鼻咽喉科クリニック【2:診療所】【診療科目:耳鼻いんこう科_アレルギー科】新潟県新潟市中央区天神尾１丁目１丁目１６番" }, "geometry": { "type": "Point", "coordinates": [ 139.054596, 37.908455 ] } },
{ "type": "Feature", "properties": { "ID": "152SINCX00648", "正式名称": "西新潟なかむら眼科", "機関区分": 2, "都道府県コード": 15, "市区町村コード": 107, "所在地": "新潟県新潟市西区寺尾朝日通１６ー２７", "緯度": 37.884719, "経度": 138.986251, "url": "https://www.iryou.teikyouseido.mhlw.go.jp/znk-web/juminkanja/S2430/initialize?prefCd=15&kikanCd=SINCX00648&kikanKbn=2", "url2": null, "内容": "西新潟なかむら眼科【2:診療所】【診療科目:眼科】新潟県新潟市西区寺尾朝日通１６ー２７" }, "geometry": { "type": "Point", "coordinates": [ 138.986251, 37.884719 ] } },
{ "type": "Feature", "properties": { "ID": "152SINCX00649", "正式名称": "たかぎクリニック", "機関区分": 2, "都道府県コード": 15, "市区町村コード": 108, "所在地": "新潟県新潟市西蒲区前田３３１－１", "緯度": 37.769867, "経度": 138.872965, "url": "https://www.iryou.teikyouseido.mhlw.go.jp/znk-web/juminkanja/S2430/initialize?prefCd=15&kikanCd=SINCX00649&kikanKbn=2", "url2": null, "内容": "たかぎクリニック【2:診療所】【診療科目:内科_消化器内科】新潟県新潟市西蒲区前田３３１－１" }, "geometry": { "type": "Point", "coordinates": [ 138.872965, 37.769867 ] } },
{ "type": "Feature", "properties": { "ID": "152SINCX00650", "正式名称": "新潟糖尿病クリニック", "機関区分": 2, "都道府県コード": 15, "市区町村コード": 107, "所在地": "新潟県新潟市西区山田４７８番９", "緯度": 37.870136, "経度": 139.014514, "url": "https://www.iryou.teikyouseido.mhlw.go.jp/znk-web/juminkanja/S2430/initialize?prefCd=15&kikanCd=SINCX00650&kikanKbn=2", "url2": "https://www.niigta-diabetes.jp", "内容": "新潟糖尿病クリニック【2:診療所】【診療科目:内科_糖尿病内科_代謝内科_内分泌内科_脂質代謝内科_代謝・内分泌内科】新潟県新潟市西区山田４７８番９" }, "geometry": { "type": "Point", "coordinates": [ 139.014514, 37.870136 ] } },
{ "type": "Feature", "properties": { "ID": "152SINCX00651", "正式名称": "駅前ＡＧＡクリニック新潟院", "機関区分": 2, "都道府県コード": 15, "市区町村コード": 103, "所在地": "新潟県新潟市中央区弁天１－１－２２東信新潟ビル６階", "緯度": 37.912859, "経度": 139.059804, "url": "https://www.iryou.teikyouseido.mhlw.go.jp/znk-web/juminkanja/S2430/initialize?prefCd=15&kikanCd=SINCX00651&kikanKbn=2", "url2": "https://e-aga.jp/intro/niigata", "内容": "駅前ＡＧＡクリニック新潟院【2:診療所】【診療科目:美容皮膚科】新潟県新潟市中央区弁天１－１－２２東信新潟ビル６階" }, "geometry": { "type": "Point", "coordinates": [ 139.059804, 37.912859 ] } },
{ "type": "Feature", "properties": { "ID": "152SINCX00652", "正式名称": "ミアグレースクリニック新潟", "機関区分": 2, "都道府県コード": 15, "市区町村コード": 103, "所在地": "新潟県新潟市中央区東万代町９－３８ロイヤルパークスイーアール万代１階", "緯度": 37.917527, "経度": 139.063478, "url": "https://www.iryou.teikyouseido.mhlw.go.jp/znk-web/juminkanja/S2430/initialize?prefCd=15&kikanCd=SINCX00652&kikanKbn=2", "url2": "https://mia-grace-niigata.jp", "内容": "ミアグレースクリニック新潟【2:診療所】【診療科目:婦人科_産婦人科（生殖医療）】新潟県新潟市中央区東万代町９－３８ロイヤルパークスイーアール万代１階" }, "geometry": { "type": "Point", "coordinates": [ 139.063478, 37.917527 ] } },
{ "type": "Feature", "properties": { "ID": "152SINCX00657", "正式名称": "紫竹山つちだ眼科", "機関区分": 2, "都道府県コード": 15, "市区町村コード": 103, "所在地": "新潟県新潟市中央区紫竹山２ー４ー３１", "緯度": 37.902086, "経度": 139.066717, "url": "https://www.iryou.teikyouseido.mhlw.go.jp/znk-web/juminkanja/S2430/initialize?prefCd=15&kikanCd=SINCX00657&kikanKbn=2", "url2": "https://www.shichikuyama-tsuchidaganka.com/", "内容": "紫竹山つちだ眼科【2:診療所】【診療科目:眼科】新潟県新潟市中央区紫竹山２ー４ー３１" }, "geometry": { "type": "Point", "coordinates": [ 139.066717, 37.902086 ] } },
{ "type": "Feature", "properties": { "ID": "152SINCX00661", "正式名称": "西新潟健診プラザ", "機関区分": 2, "都道府県コード": 15, "市区町村コード": 107, "所在地": "新潟県新潟市西区小新南２丁目１番６０号", "緯度": 37.867495, "経度": 138.993197, "url": "https://www.iryou.teikyouseido.mhlw.go.jp/znk-web/juminkanja/S2430/initialize?prefCd=15&kikanCd=SINCX00661&kikanKbn=2", "url2": "https://www.kenko-i.jp/", "内容": "西新潟健診プラザ【2:診療所】【診療科目:内科】新潟県新潟市西区小新南２丁目１番６０号" }, "geometry": { "type": "Point", "coordinates": [ 138.993197, 37.867495 ] } },
{ "type": "Feature", "properties": { "ID": "152SINCX00665", "正式名称": "しんこどもクリニック", "機関区分": 2, "都道府県コード": 15, "市区町村コード": 105, "所在地": "新潟県新潟市秋葉区あおば通１丁目７番１号", "緯度": 37.832351, "経度": 139.101997, "url": "https://www.iryou.teikyouseido.mhlw.go.jp/znk-web/juminkanja/S2430/initialize?prefCd=15&kikanCd=SINCX00665&kikanKbn=2", "url2": "https://www.shin-kodomo.com/", "内容": "しんこどもクリニック【2:診療所】【診療科目:小児科_アレルギー科】新潟県新潟市秋葉区あおば通１丁目７番１号" }, "geometry": { "type": "Point", "coordinates": [ 139.101997, 37.832351 ] } },
{ "type": "Feature", "properties": { "ID": "152SINCX00666", "正式名称": "もたい内科クリニック", "機関区分": 2, "都道府県コード": 15, "市区町村コード": 103, "所在地": "新潟県新潟市中央区紫竹山１丁目７番５号", "緯度": 37.900737, "経度": 139.064233, "url": "https://www.iryou.teikyouseido.mhlw.go.jp/znk-web/juminkanja/S2430/initialize?prefCd=15&kikanCd=SINCX00666&kikanKbn=2", "url2": "www.motai-clinic.jp", "内容": "もたい内科クリニック【2:診療所】【診療科目:内科_消化器内科_内視鏡内科】新潟県新潟市中央区紫竹山１丁目７番５号" }, "geometry": { "type": "Point", "coordinates": [ 139.064233, 37.900737 ] } },
{ "type": "Feature", "properties": { "ID": "152SINCX00668", "正式名称": "アグリホームクリニック　にいがた", "機関区分": 2, "都道府県コード": 15, "市区町村コード": 105, "所在地": "新潟県新潟市秋葉区新津本町１丁目２－３０", "緯度": 37.797979, "経度": 139.121934, "url": "https://www.iryou.teikyouseido.mhlw.go.jp/znk-web/juminkanja/S2430/initialize?prefCd=15&kikanCd=SINCX00668&kikanKbn=2", "url2": null, "内容": "アグリホームクリニック　にいがた【2:診療所】【診療科目:内科_外科_精神科】新潟県新潟市秋葉区新津本町１丁目２－３０" }, "geometry": { "type": "Point", "coordinates": [ 139.121934, 37.797979 ] } },
{ "type": "Feature", "properties": { "ID": "152SINCX00672", "正式名称": "ＴＣＢ　東京中央美容外科・ＴＣＢ　スキンクリニック　新潟院", "機関区分": 2, "都道府県コード": 15, "市区町村コード": 103, "所在地": "新潟県新潟市中央区花園１－２－２コープシティ花園ガレッソ２Ｆ", "緯度": 37.913423, "経度": 139.062103, "url": "https://www.iryou.teikyouseido.mhlw.go.jp/znk-web/juminkanja/S2430/initialize?prefCd=15&kikanCd=SINCX00672&kikanKbn=2", "url2": null, "内容": "ＴＣＢ　東京中央美容外科・ＴＣＢ　スキンクリニック　新潟院【2:診療所】【診療科目:形成外科_美容外科_皮膚科_美容皮膚科】新潟県新潟市中央区花園１－２－２コープシティ花園ガレッソ２Ｆ" }, "geometry": { "type": "Point", "coordinates": [ 139.062103, 37.913423 ] } },
{ "type": "Feature", "properties": { "ID": "152SINCX00675", "正式名称": "くろさき心のクリニック", "機関区分": 2, "都道府県コード": 15, "市区町村コード": 107, "所在地": "新潟県新潟市西区山田６４５番３", "緯度": 37.864578, "経度": 139.017172, "url": "https://www.iryou.teikyouseido.mhlw.go.jp/znk-web/juminkanja/S2430/initialize?prefCd=15&kikanCd=SINCX00675&kikanKbn=2", "url2": "https://kurokoro.com", "内容": "くろさき心のクリニック【2:診療所】【診療科目:精神科_心療内科_老年精神科_老年心療内科】新潟県新潟市西区山田６４５番３" }, "geometry": { "type": "Point", "coordinates": [ 139.017172, 37.864578 ] } },
{ "type": "Feature", "properties": { "ID": "152SINCX00676", "正式名称": "栗田クリニック", "機関区分": 2, "都道府県コード": 15, "市区町村コード": 104, "所在地": "新潟県新潟市江南区荻曽根４丁目１番７号", "緯度": 37.86746, "経度": 139.09875, "url": "https://www.iryou.teikyouseido.mhlw.go.jp/znk-web/juminkanja/S2430/initialize?prefCd=15&kikanCd=SINCX00676&kikanKbn=2", "url2": null, "内容": "栗田クリニック【2:診療所】【診療科目:内科_消化器内科】新潟県新潟市江南区荻曽根４丁目１番７号" }, "geometry": { "type": "Point", "coordinates": [ 139.09875, 37.86746 ] } },
{ "type": "Feature", "properties": { "ID": "152SINCX00678", "正式名称": "どうやリハビリ整形外科", "機関区分": 2, "都道府県コード": 15, "市区町村コード": 105, "所在地": "新潟県新潟市秋葉区新津５１４９－１５", "緯度": 37.80428, "経度": 139.11167, "url": "https://www.iryou.teikyouseido.mhlw.go.jp/znk-web/juminkanja/S2430/initialize?prefCd=15&kikanCd=SINCX00678&kikanKbn=2", "url2": "https://ochaseikei.com/index.html", "内容": "どうやリハビリ整形外科【2:診療所】【診療科目:整形外科_リハビリテーション科】新潟県新潟市秋葉区新津５１４９－１５" }, "geometry": { "type": "Point", "coordinates": [ 139.11167, 37.80428 ] } },
{ "type": "Feature", "properties": { "ID": "152SINCX00679", "正式名称": "湘南美容クリニック新潟院", "機関区分": 2, "都道府県コード": 15, "市区町村コード": 103, "所在地": "新潟県新潟市中央区八千代２－１－２　ビルボードプレイス３階", "緯度": 37.916003, "経度": 139.053811, "url": "https://www.iryou.teikyouseido.mhlw.go.jp/znk-web/juminkanja/S2430/initialize?prefCd=15&kikanCd=SINCX00679&kikanKbn=2", "url2": "https://www.s-b-c.net/clinic/branch/niigata/", "内容": "湘南美容クリニック新潟院【2:診療所】【診療科目:美容外科_美容皮膚科】新潟県新潟市中央区八千代２－１－２　ビルボードプレイス３階" }, "geometry": { "type": "Point", "coordinates": [ 139.053811, 37.916003 ] } },
{ "type": "Feature", "properties": { "ID": "152SINCX00682", "正式名称": "こうなんｆａｍｉｌｙクリニック", "機関区分": 2, "都道府県コード": 15, "市区町村コード": 104, "所在地": "新潟県新潟市江南区亀田大月２丁目４番３８号１", "緯度": 37.882508, "経度": 139.102199, "url": "https://www.iryou.teikyouseido.mhlw.go.jp/znk-web/juminkanja/S2430/initialize?prefCd=15&kikanCd=SINCX00682&kikanKbn=2", "url2": "https://kounanfamily.com/", "内容": "こうなんｆａｍｉｌｙクリニック【2:診療所】【診療科目:内科_消化器内科_歯科】新潟県新潟市江南区亀田大月２丁目４番３８号１" }, "geometry": { "type": "Point", "coordinates": [ 139.102199, 37.882508 ] } },
{ "type": "Feature", "properties": { "ID": "152SINCX00684", "正式名称": "豊栄こころのクリニック", "機関区分": 2, "都道府県コード": 15, "市区町村コード": 101, "所在地": "新潟県新潟市北区石動１丁目１７番地１", "緯度": 37.920983, "経度": 139.213248, "url": "https://www.iryou.teikyouseido.mhlw.go.jp/znk-web/juminkanja/S2430/initialize?prefCd=15&kikanCd=SINCX00684&kikanKbn=2", "url2": "https://toyosaka-kokoro.jp/", "内容": "豊栄こころのクリニック【2:診療所】【診療科目:精神科_心療内科】新潟県新潟市北区石動１丁目１７番地１" }, "geometry": { "type": "Point", "coordinates": [ 139.213248, 37.920983 ] } },
{ "type": "Feature", "properties": { "ID": "152SINCX00685", "正式名称": "わかつきクリニック", "機関区分": 2, "都道府県コード": 15, "市区町村コード": 105, "所在地": "新潟県新潟市秋葉区古田３－４－１４", "緯度": 37.795542, "経度": 139.107545, "url": "https://www.iryou.teikyouseido.mhlw.go.jp/znk-web/juminkanja/S2430/initialize?prefCd=15&kikanCd=SINCX00685&kikanKbn=2", "url2": "https://www.niitsu-wakatsuki.jp/", "内容": "わかつきクリニック【2:診療所】【診療科目:内科_皮膚科_泌尿器科】新潟県新潟市秋葉区古田３－４－１４" }, "geometry": { "type": "Point", "coordinates": [ 139.107545, 37.795542 ] } },
{ "type": "Feature", "properties": { "ID": "152SINCX00686", "正式名称": "菜の花こどもクリニック", "機関区分": 2, "都道府県コード": 15, "市区町村コード": 107, "所在地": "新潟県新潟市西区小針２丁目４１番７号", "緯度": 37.887467, "経度": 138.99676, "url": "https://www.iryou.teikyouseido.mhlw.go.jp/znk-web/juminkanja/S2430/initialize?prefCd=15&kikanCd=SINCX00686&kikanKbn=2", "url2": "https://nanohana-kodomo.com/", "内容": "菜の花こどもクリニック【2:診療所】【診療科目:小児科_アレルギー科】新潟県新潟市西区小針２丁目４１番７号" }, "geometry": { "type": "Point", "coordinates": [ 138.99676, 37.887467 ] } },
{ "type": "Feature", "properties": { "ID": "152SINCX00687", "正式名称": "こばり坂クリニック", "機関区分": 2, "都道府県コード": 15, "市区町村コード": 107, "所在地": "新潟県新潟市西区小針上山１０－３４", "緯度": 37.892299, "経度": 138.991938, "url": "https://www.iryou.teikyouseido.mhlw.go.jp/znk-web/juminkanja/S2430/initialize?prefCd=15&kikanCd=SINCX00687&kikanKbn=2", "url2": "https://www.mc-ibis.or.jp/kobarizaka/", "内容": "こばり坂クリニック【2:診療所】【診療科目:内科_整形外科】新潟県新潟市西区小針上山１０－３４" }, "geometry": { "type": "Point", "coordinates": [ 138.991938, 37.892299 ] } },
{ "type": "Feature", "properties": { "ID": "152SINCX00689", "正式名称": "しんメンタルクリニック", "機関区分": 2, "都道府県コード": 15, "市区町村コード": 103, "所在地": "新潟県新潟市中央区米山５－９－１１", "緯度": 37.904575, "経度": 139.05693, "url": "https://www.iryou.teikyouseido.mhlw.go.jp/znk-web/juminkanja/S2430/initialize?prefCd=15&kikanCd=SINCX00689&kikanKbn=2", "url2": "https://shin-mental.com/", "内容": "しんメンタルクリニック【2:診療所】【診療科目:精神科_心療内科】新潟県新潟市中央区米山５－９－１１" }, "geometry": { "type": "Point", "coordinates": [ 139.05693, 37.904575 ] } },
{ "type": "Feature", "properties": { "ID": "152SINCX00692", "正式名称": "新潟レディースライフクリニック", "機関区分": 2, "都道府県コード": 15, "市区町村コード": 105, "所在地": "新潟県新潟市秋葉区新津５１４９－１７", "緯度": 37.805114, "経度": 139.111564, "url": "https://www.iryou.teikyouseido.mhlw.go.jp/znk-web/juminkanja/S2430/initialize?prefCd=15&kikanCd=SINCX00692&kikanKbn=2", "url2": null, "内容": "新潟レディースライフクリニック【2:診療所】【診療科目:産婦人科】新潟県新潟市秋葉区新津５１４９－１７" }, "geometry": { "type": "Point", "coordinates": [ 139.111564, 37.805114 ] } },
{ "type": "Feature", "properties": { "ID": "152SINCX00693", "正式名称": "かみところ女性クリニック", "機関区分": 2, "都道府県コード": 15, "市区町村コード": 103, "所在地": "新潟県新潟市中央区上所中１丁目１２ー１４", "緯度": 37.904568, "経度": 139.034582, "url": "https://www.iryou.teikyouseido.mhlw.go.jp/znk-web/juminkanja/S2430/initialize?prefCd=15&kikanCd=SINCX00693&kikanKbn=2", "url2": null, "内容": "かみところ女性クリニック【2:診療所】【診療科目:産婦人科】新潟県新潟市中央区上所中１丁目１２ー１４" }, "geometry": { "type": "Point", "coordinates": [ 139.034582, 37.904568 ] } },
{ "type": "Feature", "properties": { "ID": "152SINCX00694", "正式名称": "新潟駅前ストレスケアクリニック", "機関区分": 2, "都道府県コード": 15, "市区町村コード": 103, "所在地": "新潟県新潟市中央区花園１－２－１フォーサイト花園６階", "緯度": 37.913231, "経度": 139.062091, "url": "https://www.iryou.teikyouseido.mhlw.go.jp/znk-web/juminkanja/S2430/initialize?prefCd=15&kikanCd=SINCX00694&kikanKbn=2", "url2": "https://www.niigataekimae-stresscare.com/", "内容": "新潟駅前ストレスケアクリニック【2:診療所】【診療科目:精神科_心療内科】新潟県新潟市中央区花園１－２－１フォーサイト花園６階" }, "geometry": { "type": "Point", "coordinates": [ 139.062091, 37.913231 ] } },
{ "type": "Feature", "properties": { "ID": "152SINCX00695", "正式名称": "にじいろこどもクリニック", "機関区分": 2, "都道府県コード": 15, "市区町村コード": 107, "所在地": "新潟県新潟市西区新通南３－２－８", "緯度": 37.858648, "経度": 138.958289, "url": "https://www.iryou.teikyouseido.mhlw.go.jp/znk-web/juminkanja/S2430/initialize?prefCd=15&kikanCd=SINCX00695&kikanKbn=2", "url2": "https://nijiiro-kodomo.jp/", "内容": "にじいろこどもクリニック【2:診療所】【診療科目:小児科_脳神経小児科】新潟県新潟市西区新通南３－２－８" }, "geometry": { "type": "Point", "coordinates": [ 138.958289, 37.858648 ] } },
{ "type": "Feature", "properties": { "ID": "152SINCX00696", "正式名称": "おがわ内科・消化器内科クリニック", "機関区分": 2, "都道府県コード": 15, "市区町村コード": 102, "所在地": "新潟県新潟市東区山木戸４丁目１番４４号", "緯度": 37.921514, "経度": 139.083086, "url": "https://www.iryou.teikyouseido.mhlw.go.jp/znk-web/juminkanja/S2430/initialize?prefCd=15&kikanCd=SINCX00696&kikanKbn=2", "url2": "https://ogawa-naika-clinic.jp", "内容": "おがわ内科・消化器内科クリニック【2:診療所】【診療科目:内科_消化器内科】新潟県新潟市東区山木戸４丁目１番４４号" }, "geometry": { "type": "Point", "coordinates": [ 139.083086, 37.921514 ] } },
{ "type": "Feature", "properties": { "ID": "152SINCX00701", "正式名称": "あずみクリニック", "機関区分": 2, "都道府県コード": 15, "市区町村コード": 103, "所在地": "新潟県新潟市中央区鳥屋野２丁目５番２３号", "緯度": 37.886872, "経度": 139.021015, "url": "https://www.iryou.teikyouseido.mhlw.go.jp/znk-web/juminkanja/S2430/initialize?prefCd=15&kikanCd=SINCX00701&kikanKbn=2", "url2": "https://azumiclinic.com/", "内容": "あずみクリニック【2:診療所】【診療科目:内科_消化器内科】新潟県新潟市中央区鳥屋野２丁目５番２３号" }, "geometry": { "type": "Point", "coordinates": [ 139.021015, 37.886872 ] } },
{ "type": "Feature", "properties": { "ID": "152SINCX00703", "正式名称": "東幸クリニック内科・外科", "機関区分": 2, "都道府県コード": 15, "市区町村コード": 103, "所在地": "新潟県新潟市中央区東幸町４番１０号ダイアパレスロイヤルシティ東幸町東棟１Ｆ", "緯度": 37.906817, "経度": 139.051188, "url": "https://www.iryou.teikyouseido.mhlw.go.jp/znk-web/juminkanja/S2430/initialize?prefCd=15&kikanCd=SINCX00703&kikanKbn=2", "url2": "https://www.higashi-saiwai-cl.jp/", "内容": "東幸クリニック内科・外科【2:診療所】【診療科目:内科_外科】新潟県新潟市中央区東幸町４番１０号ダイアパレスロイヤルシティ東幸町東棟１Ｆ" }, "geometry": { "type": "Point", "coordinates": [ 139.051188, 37.906817 ] } },
{ "type": "Feature", "properties": { "ID": "152SINCX00707", "正式名称": "できじまクリニック", "機関区分": 2, "都道府県コード": 15, "市区町村コード": 103, "所在地": "新潟県新潟市中央区上近江４－７－１", "緯度": 37.897256, "経度": 139.031361, "url": "https://www.iryou.teikyouseido.mhlw.go.jp/znk-web/juminkanja/S2430/initialize?prefCd=15&kikanCd=SINCX00707&kikanKbn=2", "url2": "https://dekijima-clinic.com/", "内容": "できじまクリニック【2:診療所】【診療科目:内科_救急科】新潟県新潟市中央区上近江４－７－１" }, "geometry": { "type": "Point", "coordinates": [ 139.031361, 37.897256 ] } },
{ "type": "Feature", "properties": { "ID": "152SINCX00708", "正式名称": "西堀七番町クリニック", "機関区分": 2, "都道府県コード": 15, "市区町村コード": 103, "所在地": "新潟県新潟市中央区西堀通７番町１５５５番地日生不動産西堀ビル２－Ａ", "緯度": 37.924425, "経度": 139.044117, "url": "https://www.iryou.teikyouseido.mhlw.go.jp/znk-web/juminkanja/S2430/initialize?prefCd=15&kikanCd=SINCX00708&kikanKbn=2", "url2": "https://www.nishi7clinic.com", "内容": "西堀七番町クリニック【2:診療所】【診療科目:内科_小児科_皮膚科】新潟県新潟市中央区西堀通７番町１５５５番地日生不動産西堀ビル２－Ａ" }, "geometry": { "type": "Point", "coordinates": [ 139.044117, 37.924425 ] } },
{ "type": "Feature", "properties": { "ID": "152SINCX00711", "正式名称": "りゅうとこどもクリニック", "機関区分": 2, "都道府県コード": 15, "市区町村コード": 103, "所在地": "新潟県新潟市中央区長潟８３４ー４", "緯度": 37.885638, "経度": 139.070938, "url": "https://www.iryou.teikyouseido.mhlw.go.jp/znk-web/juminkanja/S2430/initialize?prefCd=15&kikanCd=SINCX00711&kikanKbn=2", "url2": "https://ryuto-kodomo.jp/", "内容": "りゅうとこどもクリニック【2:診療所】【診療科目:小児科】新潟県新潟市中央区長潟８３４ー４" }, "geometry": { "type": "Point", "coordinates": [ 139.070938, 37.885638 ] } },
{ "type": "Feature", "properties": { "ID": "152SINCX00713", "正式名称": "新潟ときめどホームクリニック", "機関区分": 2, "都道府県コード": 15, "市区町村コード": 103, "所在地": "新潟県新潟市中央区紫竹山１丁目２－５ＴＭビル３階Ａ号", "緯度": 37.901163, "経度": 139.065872, "url": "https://www.iryou.teikyouseido.mhlw.go.jp/znk-web/juminkanja/S2430/initialize?prefCd=15&kikanCd=SINCX00713&kikanKbn=2", "url2": "https://shusikai-group.jp/clinic-office/hc-niigata/", "内容": "新潟ときめどホームクリニック【2:診療所】【診療科目:内科_外科_小児科_耳鼻いんこう科_皮膚科_精神科】新潟県新潟市中央区紫竹山１丁目２－５ＴＭビル３階Ａ号" }, "geometry": { "type": "Point", "coordinates": [ 139.065872, 37.901163 ] } },
{ "type": "Feature", "properties": { "ID": "152SINCX00714", "正式名称": "リベルテクリニック", "機関区分": 2, "都道府県コード": 15, "市区町村コード": 103, "所在地": "新潟県新潟市中央区花園１－２－２コープシティ花園ガレッソ２０５", "緯度": 37.913423, "経度": 139.062103, "url": "https://www.iryou.teikyouseido.mhlw.go.jp/znk-web/juminkanja/S2430/initialize?prefCd=15&kikanCd=SINCX00714&kikanKbn=2", "url2": null, "内容": "リベルテクリニック【2:診療所】【診療科目:皮膚科_美容皮膚科】新潟県新潟市中央区花園１－２－２コープシティ花園ガレッソ２０５" }, "geometry": { "type": "Point", "coordinates": [ 139.062103, 37.913423 ] } },
{ "type": "Feature", "properties": { "ID": "152SINCX00716", "正式名称": "ＡＢＣクリニック美容外科　新潟院", "機関区分": 2, "都道府県コード": 15, "市区町村コード": 103, "所在地": "新潟県新潟市中央区東大通１－１－１５東大通ビル５Ｆ", "緯度": 37.913691, "経度": 139.060371, "url": "https://www.iryou.teikyouseido.mhlw.go.jp/znk-web/juminkanja/S2430/initialize?prefCd=15&kikanCd=SINCX00716&kikanKbn=2", "url2": null, "内容": "ＡＢＣクリニック美容外科　新潟院【2:診療所】【診療科目:美容外科】新潟県新潟市中央区東大通１－１－１５東大通ビル５Ｆ" }, "geometry": { "type": "Point", "coordinates": [ 139.060371, 37.913691 ] } },
{ "type": "Feature", "properties": { "ID": "152SINCX00717", "正式名称": "あきは形成外科・美容クリニック", "機関区分": 2, "都道府県コード": 15, "市区町村コード": 105, "所在地": "新潟県新潟市秋葉区美幸町１－５－１２", "緯度": 37.800483, "経度": 139.117851, "url": "https://www.iryou.teikyouseido.mhlw.go.jp/znk-web/juminkanja/S2430/initialize?prefCd=15&kikanCd=SINCX00717&kikanKbn=2", "url2": "https://akiha-beauty-clinic.jp", "内容": "あきは形成外科・美容クリニック【2:診療所】【診療科目:形成外科_美容外科_皮膚科_美容皮膚科】新潟県新潟市秋葉区美幸町１－５－１２" }, "geometry": { "type": "Point", "coordinates": [ 139.117851, 37.800483 ] } },
{ "type": "Feature", "properties": { "ID": "152SINCX00719", "正式名称": "メンズライフクリニック新潟院", "機関区分": 2, "都道府県コード": 15, "市区町村コード": 103, "所在地": "新潟県新潟市中央区万代１－１－３２プリオール万代３階", "緯度": 37.917075, "経度": 139.057783, "url": "https://www.iryou.teikyouseido.mhlw.go.jp/znk-web/juminkanja/S2430/initialize?prefCd=15&kikanCd=SINCX00719&kikanKbn=2", "url2": null, "内容": "メンズライフクリニック新潟院【2:診療所】【診療科目:形成外科_泌尿器科】新潟県新潟市中央区万代１－１－３２プリオール万代３階" }, "geometry": { "type": "Point", "coordinates": [ 139.057783, 37.917075 ] } },
{ "type": "Feature", "properties": { "ID": "152SINCX00725", "正式名称": "新津こどもクリニック", "機関区分": 2, "都道府県コード": 15, "市区町村コード": 105, "所在地": "新潟県新潟市秋葉区新津５１４９－２４", "緯度": 37.80418, "経度": 139.110968, "url": "https://www.iryou.teikyouseido.mhlw.go.jp/znk-web/juminkanja/S2430/initialize?prefCd=15&kikanCd=SINCX00725&kikanKbn=2", "url2": null, "内容": "新津こどもクリニック【2:診療所】【診療科目:小児科】新潟県新潟市秋葉区新津５１４９－２４" }, "geometry": { "type": "Point", "coordinates": [ 139.110968, 37.80418 ] } },
{ "type": "Feature", "properties": { "ID": "152SINGX00001", "正式名称": "アイ内科クリニック", "機関区分": 2, "都道府県コード": 15, "市区町村コード": 202, "所在地": "新潟県長岡市城内町１丁目６１１－１ＣＯＣＯＬＯ長岡２階", "緯度": 37.448532, "経度": 138.854051, "url": "https://www.iryou.teikyouseido.mhlw.go.jp/znk-web/juminkanja/S2430/initialize?prefCd=15&kikanCd=SINGX00001&kikanKbn=2", "url2": "https://www.ai-naika.jp", "内容": "アイ内科クリニック【2:診療所】【診療科目:内科】新潟県長岡市城内町１丁目６１１－１ＣＯＣＯＬＯ長岡２階" }, "geometry": { "type": "Point", "coordinates": [ 138.854051, 37.448532 ] } },
{ "type": "Feature", "properties": { "ID": "152SINGX00002", "正式名称": "青柳医院", "機関区分": 2, "都道府県コード": 15, "市区町村コード": 202, "所在地": "新潟県長岡市四郎丸２－４－１２", "緯度": 37.44068, "経度": 138.855831, "url": "https://www.iryou.teikyouseido.mhlw.go.jp/znk-web/juminkanja/S2430/initialize?prefCd=15&kikanCd=SINGX00002&kikanKbn=2", "url2": null, "内容": "青柳医院【2:診療所】【診療科目:内科】新潟県長岡市四郎丸２－４－１２" }, "geometry": { "type": "Point", "coordinates": [ 138.855831, 37.44068 ] } },
{ "type": "Feature", "properties": { "ID": "152SINGX00003", "正式名称": "旭岡木口クリニック", "機関区分": 2, "都道府県コード": 15, "市区町村コード": 202, "所在地": "新潟県長岡市旭岡２丁目２０７番地", "緯度": 37.426072, "経度": 138.856952, "url": "https://www.iryou.teikyouseido.mhlw.go.jp/znk-web/juminkanja/S2430/initialize?prefCd=15&kikanCd=SINGX00003&kikanKbn=2", "url2": "https://kiguchiclinic.com/", "内容": "旭岡木口クリニック【2:診療所】【診療科目:内科_呼吸器内科】新潟県長岡市旭岡２丁目２０７番地" }, "geometry": { "type": "Point", "coordinates": [ 138.856952, 37.426072 ] } },
{ "type": "Feature", "properties": { "ID": "152SINGX00004", "正式名称": "阿部アイクリニック", "機関区分": 2, "都道府県コード": 15, "市区町村コード": 202, "所在地": "新潟県長岡市新保１−２１−１", "緯度": 37.463108, "経度": 138.866574, "url": "https://www.iryou.teikyouseido.mhlw.go.jp/znk-web/juminkanja/S2430/initialize?prefCd=15&kikanCd=SINGX00004&kikanKbn=2", "url2": "abeeye-clinic.com", "内容": "阿部アイクリニック【2:診療所】【診療科目:眼科】新潟県長岡市新保１−２１−１" }, "geometry": { "type": "Point", "coordinates": [ 138.866574, 37.463108 ] } },
{ "type": "Feature", "properties": { "ID": "152SINGX00006", "正式名称": "市川医院", "機関区分": 2, "都道府県コード": 15, "市区町村コード": 202, "所在地": "新潟県長岡市山田２－４－１３", "緯度": 37.446055, "経度": 138.839118, "url": "https://www.iryou.teikyouseido.mhlw.go.jp/znk-web/juminkanja/S2430/initialize?prefCd=15&kikanCd=SINGX00006&kikanKbn=2", "url2": "ichikawaiin.or.jp", "内容": "市川医院【2:診療所】【診療科目:内科】新潟県長岡市山田２－４－１３" }, "geometry": { "type": "Point", "coordinates": [ 138.839118, 37.446055 ] } },
{ "type": "Feature", "properties": { "ID": "152SINGX00007", "正式名称": "伊藤皮膚科クリニック", "機関区分": 2, "都道府県コード": 15, "市区町村コード": 202, "所在地": "新潟県長岡市四郎丸４ー６ー１８", "緯度": 37.443865, "経度": 138.855882, "url": "https://www.iryou.teikyouseido.mhlw.go.jp/znk-web/juminkanja/S2430/initialize?prefCd=15&kikanCd=SINGX00007&kikanKbn=2", "url2": "https://www.ito-hifuka.com", "内容": "伊藤皮膚科クリニック【2:診療所】【診療科目:皮膚科】新潟県長岡市四郎丸４ー６ー１８" }, "geometry": { "type": "Point", "coordinates": [ 138.855882, 37.443865 ] } },
{ "type": "Feature", "properties": { "ID": "152SINGX00009", "正式名称": "江部医院", "機関区分": 2, "都道府県コード": 15, "市区町村コード": 202, "所在地": "新潟県長岡市千手３－１０－１２", "緯度": 37.44576, "経度": 138.84243, "url": "https://www.iryou.teikyouseido.mhlw.go.jp/znk-web/juminkanja/S2430/initialize?prefCd=15&kikanCd=SINGX00009&kikanKbn=2", "url2": "https://www.ebe-clinic-nagaoka.jp/", "内容": "江部医院【2:診療所】【診療科目:内科_呼吸器内科】新潟県長岡市千手３－１０－１２" }, "geometry": { "type": "Point", "coordinates": [ 138.84243, 37.44576 ] } },
{ "type": "Feature", "properties": { "ID": "152SINGX00011", "正式名称": "おおじま心療クリニック", "機関区分": 2, "都道府県コード": 15, "市区町村コード": 202, "所在地": "新潟県長岡市緑町１丁目甲１１７７－６９", "緯度": 37.447046, "経度": 138.823144, "url": "https://www.iryou.teikyouseido.mhlw.go.jp/znk-web/juminkanja/S2430/initialize?prefCd=15&kikanCd=SINGX00011&kikanKbn=2", "url2": null, "内容": "おおじま心療クリニック【2:診療所】【診療科目:精神科_心療内科】新潟県長岡市緑町１丁目甲１１７７－６９" }, "geometry": { "type": "Point", "coordinates": [ 138.823144, 37.447046 ] } },
{ "type": "Feature", "properties": { "ID": "152SINGX00014", "正式名称": "太田こどもとアレルギークリニック", "機関区分": 2, "都道府県コード": 15, "市区町村コード": 202, "所在地": "新潟県長岡市新町１－２－２９", "緯度": 37.459942, "経度": 138.855464, "url": "https://www.iryou.teikyouseido.mhlw.go.jp/znk-web/juminkanja/S2430/initialize?prefCd=15&kikanCd=SINGX00014&kikanKbn=2", "url2": null, "内容": "太田こどもとアレルギークリニック【2:診療所】【診療科目:内科_小児科_アレルギー科】新潟県長岡市新町１－２－２９" }, "geometry": { "type": "Point", "coordinates": [ 138.855464, 37.459942 ] } },
{ "type": "Feature", "properties": { "ID": "152SINGX00015", "正式名称": "大貫内科医院", "機関区分": 2, "都道府県コード": 15, "市区町村コード": 202, "所在地": "新潟県長岡市大島新町４－１２１－１４", "緯度": 37.446276, "経度": 138.819061, "url": "https://www.iryou.teikyouseido.mhlw.go.jp/znk-web/juminkanja/S2430/initialize?prefCd=15&kikanCd=SINGX00015&kikanKbn=2", "url2": null, "内容": "大貫内科医院【2:診療所】【診療科目:内科_消化器内科_放射線科】新潟県長岡市大島新町４－１２１－１４" }, "geometry": { "type": "Point", "coordinates": [ 138.819061, 37.446276 ] } },
{ "type": "Feature", "properties": { "ID": "152SINGX00016", "正式名称": "おくがわ小児クリニック", "機関区分": 2, "都道府県コード": 15, "市区町村コード": 202, "所在地": "新潟県長岡市古正寺１－２８３８", "緯度": 37.455323, "経度": 138.821497, "url": "https://www.iryou.teikyouseido.mhlw.go.jp/znk-web/juminkanja/S2430/initialize?prefCd=15&kikanCd=SINGX00016&kikanKbn=2", "url2": "https://www.okugawa-childrens-cl.com/", "内容": "おくがわ小児クリニック【2:診療所】【診療科目:小児科_アレルギー科】新潟県長岡市古正寺１－２８３８" }, "geometry": { "type": "Point", "coordinates": [ 138.821497, 37.455323 ] } },
{ "type": "Feature", "properties": { "ID": "152SINGX00017", "正式名称": "片桐医院", "機関区分": 2, "都道府県コード": 15, "市区町村コード": 202, "所在地": "新潟県長岡市上除町西２－５４", "緯度": 37.452538, "経度": 138.77855, "url": "https://www.iryou.teikyouseido.mhlw.go.jp/znk-web/juminkanja/S2430/initialize?prefCd=15&kikanCd=SINGX00017&kikanKbn=2", "url2": null, "内容": "片桐医院【2:診療所】【診療科目:内科_小児科_放射線科】新潟県長岡市上除町西２－５４" }, "geometry": { "type": "Point", "coordinates": [ 138.77855, 37.452538 ] } },
{ "type": "Feature", "properties": { "ID": "152SINGX00019", "正式名称": "加藤クリニック", "機関区分": 2, "都道府県コード": 15, "市区町村コード": 202, "所在地": "新潟県長岡市川崎６丁目１２８９", "緯度": 37.455847, "経度": 138.873269, "url": "https://www.iryou.teikyouseido.mhlw.go.jp/znk-web/juminkanja/S2430/initialize?prefCd=15&kikanCd=SINGX00019&kikanKbn=2", "url2": null, "内容": "加藤クリニック【2:診療所】【診療科目:内科_消化器内科_外科_肛門外科_リハビリテーション科】新潟県長岡市川崎６丁目１２８９" }, "geometry": { "type": "Point", "coordinates": [ 138.873269, 37.455847 ] } },
{ "type": "Feature", "properties": { "ID": "152SINGX00021", "正式名称": "加納耳鼻咽喉科医院", "機関区分": 2, "都道府県コード": 15, "市区町村コード": 202, "所在地": "新潟県長岡市大山２－８－４", "緯度": 37.441983, "経度": 138.816937, "url": "https://www.iryou.teikyouseido.mhlw.go.jp/znk-web/juminkanja/S2430/initialize?prefCd=15&kikanCd=SINGX00021&kikanKbn=2", "url2": "www.jibikano.or.jp", "内容": "加納耳鼻咽喉科医院【2:診療所】【診療科目:耳鼻いんこう科_気管食道・耳鼻いんこう科_アレルギー科】新潟県長岡市大山２－８－４" }, "geometry": { "type": "Point", "coordinates": [ 138.816937, 37.441983 ] } },
{ "type": "Feature", "properties": { "ID": "152SINGX00023", "正式名称": "かわさき内科クリニック", "機関区分": 2, "都道府県コード": 15, "市区町村コード": 202, "所在地": "新潟県長岡市川崎２－２４７７－１", "緯度": 37.451842, "経度": 138.86772, "url": "https://www.iryou.teikyouseido.mhlw.go.jp/znk-web/juminkanja/S2430/initialize?prefCd=15&kikanCd=SINGX00023&kikanKbn=2", "url2": null, "内容": "かわさき内科クリニック【2:診療所】【診療科目:内科_小児科】新潟県長岡市川崎２－２４７７－１" }, "geometry": { "type": "Point", "coordinates": [ 138.86772, 37.451842 ] } },
{ "type": "Feature", "properties": { "ID": "152SINGX00024", "正式名称": "かわじ整形外科", "機関区分": 2, "都道府県コード": 15, "市区町村コード": 202, "所在地": "新潟県長岡市美沢２－５５－１", "緯度": 37.440634, "経度": 138.864944, "url": "https://www.iryou.teikyouseido.mhlw.go.jp/znk-web/juminkanja/S2430/initialize?prefCd=15&kikanCd=SINGX00024&kikanKbn=2", "url2": "http://www.kawajiclinic.com/", "内容": "かわじ整形外科【2:診療所】【診療科目:整形外科_リウマチ科_リハビリテーション科】新潟県長岡市美沢２－５５－１" }, "geometry": { "type": "Point", "coordinates": [ 138.864944, 37.440634 ] } },
{ "type": "Feature", "properties": { "ID": "152SINGX00025", "正式名称": "生協かんだ診療所", "機関区分": 2, "都道府県コード": 15, "市区町村コード": 202, "所在地": "新潟県長岡市西新町２丁目３番２２号", "緯度": 37.465602, "経度": 138.855187, "url": "https://www.iryou.teikyouseido.mhlw.go.jp/znk-web/juminkanja/S2430/initialize?prefCd=15&kikanCd=SINGX00025&kikanKbn=2", "url2": "http://www.nagaoaka-iryou-seikyou.jp", "内容": "生協かんだ診療所【2:診療所】【診療科目:内科_循環器内科_消化器内科_泌尿器科_リハビリテーション科】新潟県長岡市西新町２丁目３番２２号" }, "geometry": { "type": "Point", "coordinates": [ 138.855187, 37.465602 ] } },
{ "type": "Feature", "properties": { "ID": "152SINGX00026", "正式名称": "喜多町診療所", "機関区分": 2, "都道府県コード": 15, "市区町村コード": 202, "所在地": "新潟県長岡市喜多町１０７０－１", "緯度": 37.451498, "経度": 138.854699, "url": "https://www.iryou.teikyouseido.mhlw.go.jp/znk-web/juminkanja/S2430/initialize?prefCd=15&kikanCd=SINGX00026&kikanKbn=2", "url2": null, "内容": "喜多町診療所【2:診療所】【診療科目:内科】新潟県長岡市喜多町１０７０－１" }, "geometry": { "type": "Point", "coordinates": [ 138.854699, 37.451498 ] } },
{ "type": "Feature", "properties": { "ID": "152SINGX00027", "正式名称": "草間医院", "機関区分": 2, "都道府県コード": 15, "市区町村コード": 202, "所在地": "新潟県長岡市表町４－１－３", "緯度": 37.451206, "経度": 138.848304, "url": "https://www.iryou.teikyouseido.mhlw.go.jp/znk-web/juminkanja/S2430/initialize?prefCd=15&kikanCd=SINGX00027&kikanKbn=2", "url2": null, "内容": "草間医院【2:診療所】【診療科目:内科_消化器内科_外科_肛門外科】新潟県長岡市表町４－１－３" }, "geometry": { "type": "Point", "coordinates": [ 138.848304, 37.451206 ] } },
{ "type": "Feature", "properties": { "ID": "152SINGX00028", "正式名称": "窪田医院", "機関区分": 2, "都道府県コード": 15, "市区町村コード": 202, "所在地": "新潟県長岡市三和１－３－２７", "緯度": 37.432768, "経度": 138.843392, "url": "https://www.iryou.teikyouseido.mhlw.go.jp/znk-web/juminkanja/S2430/initialize?prefCd=15&kikanCd=SINGX00028&kikanKbn=2", "url2": "https://itp.ne.jp/info/158915487000000899/", "内容": "窪田医院【2:診療所】【診療科目:内科_消化器内科_胃腸内科】新潟県長岡市三和１－３－２７" }, "geometry": { "type": "Point", "coordinates": [ 138.843392, 37.432768 ] } },
{ "type": "Feature", "properties": { "ID": "152SINGX00031", "正式名称": "こばやし眼科医院", "機関区分": 2, "都道府県コード": 15, "市区町村コード": 202, "所在地": "新潟県長岡市曲新町６８７－１", "緯度": 37.416519, "経度": 138.846485, "url": "https://www.iryou.teikyouseido.mhlw.go.jp/znk-web/juminkanja/S2430/initialize?prefCd=15&kikanCd=SINGX00031&kikanKbn=2", "url2": null, "内容": "こばやし眼科医院【2:診療所】【診療科目:眼科】新潟県長岡市曲新町６８７－１" }, "geometry": { "type": "Point", "coordinates": [ 138.846485, 37.416519 ] } },
{ "type": "Feature", "properties": { "ID": "152SINGX00033", "正式名称": "さいとう医院", "機関区分": 2, "都道府県コード": 15, "市区町村コード": 202, "所在地": "新潟県長岡市緑町１－３８－５６", "緯度": 37.447537, "経度": 138.823648, "url": "https://www.iryou.teikyouseido.mhlw.go.jp/znk-web/juminkanja/S2430/initialize?prefCd=15&kikanCd=SINGX00033&kikanKbn=2", "url2": "https://www.saito-clinic.online/", "内容": "さいとう医院【2:診療所】【診療科目:内科_循環器内科】新潟県長岡市緑町１－３８－５６" }, "geometry": { "type": "Point", "coordinates": [ 138.823648, 37.447537 ] } },
{ "type": "Feature", "properties": { "ID": "152SINGX00034", "正式名称": "幸町耳鼻咽喉科", "機関区分": 2, "都道府県コード": 15, "市区町村コード": 202, "所在地": "新潟県長岡市幸町１－４－３", "緯度": 37.436808, "経度": 138.841682, "url": "https://www.iryou.teikyouseido.mhlw.go.jp/znk-web/juminkanja/S2430/initialize?prefCd=15&kikanCd=SINGX00034&kikanKbn=2", "url2": "https://saiwaicho-jibika.net", "内容": "幸町耳鼻咽喉科【2:診療所】【診療科目:頭頸部・耳鼻いんこう科_アレルギー科】新潟県長岡市幸町１－４－３" }, "geometry": { "type": "Point", "coordinates": [ 138.841682, 37.436808 ] } },
{ "type": "Feature", "properties": { "ID": "152SINGX00035", "正式名称": "長岡皮フ科・形成外科医院", "機関区分": 2, "都道府県コード": 15, "市区町村コード": 202, "所在地": "新潟県長岡市学校町１丁目９番２０号", "緯度": 37.440883, "経度": 138.858756, "url": "https://www.iryou.teikyouseido.mhlw.go.jp/znk-web/juminkanja/S2430/initialize?prefCd=15&kikanCd=SINGX00035&kikanKbn=2", "url2": "http://www.sakurakeisei.com/", "内容": "長岡皮フ科・形成外科医院【2:診療所】【診療科目:形成外科_美容外科_皮膚科】新潟県長岡市学校町１丁目９番２０号" }, "geometry": { "type": "Point", "coordinates": [ 138.858756, 37.440883 ] } },
{ "type": "Feature", "properties": { "ID": "152SINGX00036", "正式名称": "笹川眼科", "機関区分": 2, "都道府県コード": 15, "市区町村コード": 202, "所在地": "新潟県長岡市大島本町５－１１３", "緯度": 37.44522, "経度": 138.819466, "url": "https://www.iryou.teikyouseido.mhlw.go.jp/znk-web/juminkanja/S2430/initialize?prefCd=15&kikanCd=SINGX00036&kikanKbn=2", "url2": null, "内容": "笹川眼科【2:診療所】【診療科目:眼科】新潟県長岡市大島本町５－１１３" }, "geometry": { "type": "Point", "coordinates": [ 138.819466, 37.44522 ] } },
{ "type": "Feature", "properties": { "ID": "152SINGX00037", "正式名称": "医療法人社団自明堂医院", "機関区分": 2, "都道府県コード": 15, "市区町村コード": 202, "所在地": "新潟県長岡市殿町３−２−８", "緯度": 37.446259, "経度": 138.84871, "url": "https://www.iryou.teikyouseido.mhlw.go.jp/znk-web/juminkanja/S2430/initialize?prefCd=15&kikanCd=SINGX00037&kikanKbn=2", "url2": "http://jimeido.jp", "内容": "医療法人社団自明堂医院【2:診療所】【診療科目:眼科】新潟県長岡市殿町３−２−８" }, "geometry": { "type": "Point", "coordinates": [ 138.84871, 37.446259 ] } },
{ "type": "Feature", "properties": { "ID": "152SINGX00038", "正式名称": "七條胃腸科内科医院", "機関区分": 2, "都道府県コード": 15, "市区町村コード": 202, "所在地": "新潟県長岡市新保６丁目７７番地", "緯度": 37.468232, "経度": 138.867256, "url": "https://www.iryou.teikyouseido.mhlw.go.jp/znk-web/juminkanja/S2430/initialize?prefCd=15&kikanCd=SINGX00038&kikanKbn=2", "url2": null, "内容": "七條胃腸科内科医院【2:診療所】【診療科目:消化器内科_胃腸内科_漢方内科_女性内科_内視鏡内科_乳腺内科（改行）食道内科_婦人科_アレルギー科】新潟県長岡市新保６丁目７７番地" }, "geometry": { "type": "Point", "coordinates": [ 138.867256, 37.468232 ] } },
{ "type": "Feature", "properties": { "ID": "152SINGX00039", "正式名称": "長岡健康管理センター", "機関区分": 2, "都道府県コード": 15, "市区町村コード": 202, "所在地": "新潟県長岡市千秋２丁目２２９番地１", "緯度": 37.455825, "経度": 138.826898, "url": "https://www.iryou.teikyouseido.mhlw.go.jp/znk-web/juminkanja/S2430/initialize?prefCd=15&kikanCd=SINGX00039&kikanKbn=2", "url2": null, "内容": "長岡健康管理センター【2:診療所】【診療科目:内科】新潟県長岡市千秋２丁目２２９番地１" }, "geometry": { "type": "Point", "coordinates": [ 138.826898, 37.455825 ] } },
{ "type": "Feature", "properties": { "ID": "152SINGX00040", "正式名称": "しなのハートクリニック", "機関区分": 2, "都道府県コード": 15, "市区町村コード": 202, "所在地": "新潟県長岡市信濃２－６－１８", "緯度": 37.450707, "経度": 138.838346, "url": "https://www.iryou.teikyouseido.mhlw.go.jp/znk-web/juminkanja/S2430/initialize?prefCd=15&kikanCd=SINGX00040&kikanKbn=2", "url2": "https://shinanoheart.com/", "内容": "しなのハートクリニック【2:診療所】【診療科目:内科_循環器内科_精神科_心療内科_歯科】新潟県長岡市信濃２－６－１８" }, "geometry": { "type": "Point", "coordinates": [ 138.838346, 37.450707 ] } },
{ "type": "Feature", "properties": { "ID": "152SINGX00041", "正式名称": "じゅん脳外科・内科", "機関区分": 2, "都道府県コード": 15, "市区町村コード": 202, "所在地": "新潟県長岡市泉２－４－１", "緯度": 37.464681, "経度": 138.852398, "url": "https://www.iryou.teikyouseido.mhlw.go.jp/znk-web/juminkanja/S2430/initialize?prefCd=15&kikanCd=SINGX00041&kikanKbn=2", "url2": "https://www.nagaoka-junnougeka.com", "内容": "じゅん脳外科・内科【2:診療所】【診療科目:内科_脳神経外科_リハビリテーション科】新潟県長岡市泉２－４－１" }, "geometry": { "type": "Point", "coordinates": [ 138.852398, 37.464681 ] } },
{ "type": "Feature", "properties": { "ID": "152SINGX00043", "正式名称": "新保内科医院", "機関区分": 2, "都道府県コード": 15, "市区町村コード": 202, "所在地": "新潟県長岡市古正寺３－１２", "緯度": 37.45827, "経度": 138.824433, "url": "https://www.iryou.teikyouseido.mhlw.go.jp/znk-web/juminkanja/S2430/initialize?prefCd=15&kikanCd=SINGX00043&kikanKbn=2", "url2": "http://www.sinbo.jp", "内容": "新保内科医院【2:診療所】【診療科目:内科_呼吸器内科_アレルギー疾患内科_小児科】新潟県長岡市古正寺３－１２" }, "geometry": { "type": "Point", "coordinates": [ 138.824433, 37.45827 ] } },
{ "type": "Feature", "properties": { "ID": "152SINGX00044", "正式名称": "医療法人社団　杉本医院", "機関区分": 2, "都道府県コード": 15, "市区町村コード": 202, "所在地": "新潟県長岡市千手３－１－９", "緯度": 37.443397, "経度": 138.844747, "url": "https://www.iryou.teikyouseido.mhlw.go.jp/znk-web/juminkanja/S2430/initialize?prefCd=15&kikanCd=SINGX00044&kikanKbn=2", "url2": null, "内容": "医療法人社団　杉本医院【2:診療所】【診療科目:内科_消化器内科】新潟県長岡市千手３－１－９" }, "geometry": { "type": "Point", "coordinates": [ 138.844747, 37.443397 ] } },
{ "type": "Feature", "properties": { "ID": "152SINGX00045", "正式名称": "鈴木内科医院", "機関区分": 2, "都道府県コード": 15, "市区町村コード": 202, "所在地": "新潟県長岡市千手１－８－６", "緯度": 37.440099, "経度": 138.843501, "url": "https://www.iryou.teikyouseido.mhlw.go.jp/znk-web/juminkanja/S2430/initialize?prefCd=15&kikanCd=SINGX00045&kikanKbn=2", "url2": "http://www.suzuki-mcl.com", "内容": "鈴木内科医院【2:診療所】【診療科目:内科】新潟県長岡市千手１－８－６" }, "geometry": { "type": "Point", "coordinates": [ 138.843501, 37.440099 ] } },
{ "type": "Feature", "properties": { "ID": "152SINGX00046", "正式名称": "セントポーリアウイメンズクリニック", "機関区分": 2, "都道府県コード": 15, "市区町村コード": 202, "所在地": "新潟県長岡市南七日町２－８", "緯度": 37.442064, "経度": 138.800675, "url": "https://www.iryou.teikyouseido.mhlw.go.jp/znk-web/juminkanja/S2430/initialize?prefCd=15&kikanCd=SINGX00046&kikanKbn=2", "url2": null, "内容": "セントポーリアウイメンズクリニック【2:診療所】【診療科目:女性内科_産科_婦人科】新潟県長岡市南七日町２－８" }, "geometry": { "type": "Point", "coordinates": [ 138.800675, 37.442064 ] } },
{ "type": "Feature", "properties": { "ID": "152SINGX00048", "正式名称": "髙木内科クリニック", "機関区分": 2, "都道府県コード": 15, "市区町村コード": 202, "所在地": "新潟県長岡市緑町１－３７－２", "緯度": 37.449749, "経度": 138.822234, "url": "https://www.iryou.teikyouseido.mhlw.go.jp/znk-web/juminkanja/S2430/initialize?prefCd=15&kikanCd=SINGX00048&kikanKbn=2", "url2": null, "内容": "髙木内科クリニック【2:診療所】【診療科目:内科_小児科】新潟県長岡市緑町１－３７－２" }, "geometry": { "type": "Point", "coordinates": [ 138.822234, 37.449749 ] } },
{ "type": "Feature", "properties": { "ID": "152SINGX00049", "正式名称": "高野医院", "機関区分": 2, "都道府県コード": 15, "市区町村コード": 202, "所在地": "新潟県長岡市台町１－９－６", "緯度": 37.444664, "経度": 138.854576, "url": "https://www.iryou.teikyouseido.mhlw.go.jp/znk-web/juminkanja/S2430/initialize?prefCd=15&kikanCd=SINGX00049&kikanKbn=2", "url2": null, "内容": "高野医院【2:診療所】【診療科目:内科】新潟県長岡市台町１－９－６" }, "geometry": { "type": "Point", "coordinates": [ 138.854576, 37.444664 ] } },
{ "type": "Feature", "properties": { "ID": "152SINGX00050", "正式名称": "高橋内科医院", "機関区分": 2, "都道府県コード": 15, "市区町村コード": 202, "所在地": "新潟県長岡市豊田町７－１０", "緯度": 37.429449, "経度": 138.855147, "url": "https://www.iryou.teikyouseido.mhlw.go.jp/znk-web/juminkanja/S2430/initialize?prefCd=15&kikanCd=SINGX00050&kikanKbn=2", "url2": null, "内容": "高橋内科医院【2:診療所】【診療科目:内科_消化器内科】新潟県長岡市豊田町７－１０" }, "geometry": { "type": "Point", "coordinates": [ 138.855147, 37.429449 ] } },
{ "type": "Feature", "properties": { "ID": "152SINGX00052", "正式名称": "田中医院", "機関区分": 2, "都道府県コード": 15, "市区町村コード": 202, "所在地": "新潟県長岡市中島７－１－３１", "緯度": 37.45929, "経度": 138.850737, "url": "https://www.iryou.teikyouseido.mhlw.go.jp/znk-web/juminkanja/S2430/initialize?prefCd=15&kikanCd=SINGX00052&kikanKbn=2", "url2": null, "内容": "田中医院【2:診療所】【診療科目:内科_外科】新潟県長岡市中島７－１－３１" }, "geometry": { "type": "Point", "coordinates": [ 138.850737, 37.45929 ] } },
{ "type": "Feature", "properties": { "ID": "152SINGX00053", "正式名称": "田辺医院", "機関区分": 2, "都道府県コード": 15, "市区町村コード": 202, "所在地": "新潟県長岡市稽古町", "緯度": 37.454724, "経度": 138.85532, "url": "https://www.iryou.teikyouseido.mhlw.go.jp/znk-web/juminkanja/S2430/initialize?prefCd=15&kikanCd=SINGX00053&kikanKbn=2", "url2": "http://tanabe-iin.byouinnavi.jp/", "内容": "田辺医院【2:診療所】【診療科目:内科_循環器内科_小児科_放射線科】新潟県長岡市稽古町" }, "geometry": { "type": "Point", "coordinates": [ 138.85532, 37.454724 ] } },
{ "type": "Feature", "properties": { "ID": "152SINGX00055", "正式名称": "こころのクリニック　ウィズ", "機関区分": 2, "都道府県コード": 15, "市区町村コード": 202, "所在地": "新潟県長岡市台町２丁目１番１６号", "緯度": 37.445885, "経度": 138.855869, "url": "https://www.iryou.teikyouseido.mhlw.go.jp/znk-web/juminkanja/S2430/initialize?prefCd=15&kikanCd=SINGX00055&kikanKbn=2", "url2": "https://www.sutokukai.or.jp/tamiya-hp/with/", "内容": "こころのクリニック　ウィズ【2:診療所】【診療科目:精神科_心療内科】新潟県長岡市台町２丁目１番１６号" }, "geometry": { "type": "Point", "coordinates": [ 138.855869, 37.445885 ] } },
{ "type": "Feature", "properties": { "ID": "152SINGX00056", "正式名称": "土田内科循環器科クリニック", "機関区分": 2, "都道府県コード": 15, "市区町村コード": 202, "所在地": "新潟県長岡市今朝白３－１２－２９", "緯度": 37.450877, "経度": 138.859868, "url": "https://www.iryou.teikyouseido.mhlw.go.jp/znk-web/juminkanja/S2430/initialize?prefCd=15&kikanCd=SINGX00056&kikanKbn=2", "url2": null, "内容": "土田内科循環器科クリニック【2:診療所】【診療科目:内科_循環器内科】新潟県長岡市今朝白３－１２－２９" }, "geometry": { "type": "Point", "coordinates": [ 138.859868, 37.450877 ] } },
{ "type": "Feature", "properties": { "ID": "152SINGX00058", "正式名称": "医療法人社団　長尾医院", "機関区分": 2, "都道府県コード": 15, "市区町村コード": 202, "所在地": "新潟県長岡市福住３丁目６番２１号", "緯度": 37.453999, "経度": 138.858422, "url": "https://www.iryou.teikyouseido.mhlw.go.jp/znk-web/juminkanja/S2430/initialize?prefCd=15&kikanCd=SINGX00058&kikanKbn=2", "url2": null, "内容": "医療法人社団　長尾医院【2:診療所】【診療科目:内科_腎臓内科】新潟県長岡市福住３丁目６番２１号" }, "geometry": { "type": "Point", "coordinates": [ 138.858422, 37.453999 ] } },
{ "type": "Feature", "properties": { "ID": "152SINGX00059", "正式名称": "あおばクリニック長岡院", "機関区分": 2, "都道府県コード": 15, "市区町村コード": 202, "所在地": "新潟県長岡市城内町２丁目６ー１　高野不動産駅前ビル６階", "緯度": 37.446701, "経度": 138.852115, "url": "https://www.iryou.teikyouseido.mhlw.go.jp/znk-web/juminkanja/S2430/initialize?prefCd=15&kikanCd=SINGX00059&kikanKbn=2", "url2": null, "内容": "あおばクリニック長岡院【2:診療所】【診療科目:眼科_美容皮膚科】新潟県長岡市城内町２丁目６ー１　高野不動産駅前ビル６階" }, "geometry": { "type": "Point", "coordinates": [ 138.852115, 37.446701 ] } },
{ "type": "Feature", "properties": { "ID": "152SINGX00060", "正式名称": "長岡眼科医院", "機関区分": 2, "都道府県コード": 15, "市区町村コード": 202, "所在地": "新潟県長岡市今朝白１丁目７番１２号", "緯度": 37.44606, "経度": 138.85818, "url": "https://www.iryou.teikyouseido.mhlw.go.jp/znk-web/juminkanja/S2430/initialize?prefCd=15&kikanCd=SINGX00060&kikanKbn=2", "url2": null, "内容": "長岡眼科医院【2:診療所】【診療科目:眼科】新潟県長岡市今朝白１丁目７番１２号" }, "geometry": { "type": "Point", "coordinates": [ 138.85818, 37.44606 ] } },
{ "type": "Feature", "properties": { "ID": "152SINGX00062", "正式名称": "長岡休日・夜間急患診療所", "機関区分": 2, "都道府県コード": 15, "市区町村コード": 202, "所在地": "新潟県長岡市幸町２－１－１", "緯度": 37.436803, "経度": 138.83887, "url": "https://www.iryou.teikyouseido.mhlw.go.jp/znk-web/juminkanja/S2430/initialize?prefCd=15&kikanCd=SINGX00062&kikanKbn=2", "url2": null, "内容": "長岡休日・夜間急患診療所【2:診療所】【診療科目:内科_外科_小児科】新潟県長岡市幸町２－１－１" }, "geometry": { "type": "Point", "coordinates": [ 138.83887, 37.436803 ] } },
{ "type": "Feature", "properties": { "ID": "152SINGX00064", "正式名称": "長岡市中越こども急患センター", "機関区分": 2, "都道府県コード": 15, "市区町村コード": 202, "所在地": "新潟県長岡市幸町２丁目１番１号", "緯度": 37.436803, "経度": 138.83887, "url": "https://www.iryou.teikyouseido.mhlw.go.jp/znk-web/juminkanja/S2430/initialize?prefCd=15&kikanCd=SINGX00064&kikanKbn=2", "url2": null, "内容": "長岡市中越こども急患センター【2:診療所】【診療科目:小児科】新潟県長岡市幸町２丁目１番１号" }, "geometry": { "type": "Point", "coordinates": [ 138.83887, 37.436803 ] } },
{ "type": "Feature", "properties": { "ID": "152SINGX00066", "正式名称": "ながおか生協診療所", "機関区分": 2, "都道府県コード": 15, "市区町村コード": 202, "所在地": "新潟県長岡市前田１－６－７", "緯度": 37.43722, "経度": 138.860581, "url": "https://www.iryou.teikyouseido.mhlw.go.jp/znk-web/juminkanja/S2430/initialize?prefCd=15&kikanCd=SINGX00066&kikanKbn=2", "url2": "http://www.nagaoka-iryou-seikyou.jp", "内容": "ながおか生協診療所【2:診療所】【診療科目:内科_消化器内科_外科_泌尿器科_リハビリテーション科】新潟県長岡市前田１－６－７" }, "geometry": { "type": "Point", "coordinates": [ 138.860581, 37.43722 ] } },
{ "type": "Feature", "properties": { "ID": "152SINGX00067", "正式名称": "長岡レディースクリニック", "機関区分": 2, "都道府県コード": 15, "市区町村コード": 202, "所在地": "新潟県長岡市新保２－５－４３", "緯度": 37.463771, "経度": 138.865829, "url": "https://www.iryou.teikyouseido.mhlw.go.jp/znk-web/juminkanja/S2430/initialize?prefCd=15&kikanCd=SINGX00067&kikanKbn=2", "url2": "www.nagaokalc.com", "内容": "長岡レディースクリニック【2:診療所】【診療科目:婦人科_産婦人科（生殖医療）】新潟県長岡市新保２－５－４３" }, "geometry": { "type": "Point", "coordinates": [ 138.865829, 37.463771 ] } },
{ "type": "Feature", "properties": { "ID": "152SINGX00070", "正式名称": "一般社団法人新潟県労働衛生医学協会附属アクアーレ長岡健康増進センター", "機関区分": 2, "都道府県コード": 15, "市区町村コード": 202, "所在地": "新潟県長岡市新陽２－５－１アクアーレ長岡２Ｆ", "緯度": 37.429106, "経度": 138.753831, "url": "https://www.iryou.teikyouseido.mhlw.go.jp/znk-web/juminkanja/S2430/initialize?prefCd=15&kikanCd=SINGX00070&kikanKbn=2", "url2": "http://www.niwell.or.jp", "内容": "一般社団法人新潟県労働衛生医学協会附属アクアーレ長岡健康増進センター【2:診療所】【診療科目:内科】新潟県長岡市新陽２－５－１アクアーレ長岡２Ｆ" }, "geometry": { "type": "Point", "coordinates": [ 138.753831, 37.429106 ] } },
{ "type": "Feature", "properties": { "ID": "152SINGX00073", "正式名称": "にしむら女性クリニック", "機関区分": 2, "都道府県コード": 15, "市区町村コード": 202, "所在地": "新潟県長岡市新保６－８６", "緯度": 37.468774, "経度": 138.867572, "url": "https://www.iryou.teikyouseido.mhlw.go.jp/znk-web/juminkanja/S2430/initialize?prefCd=15&kikanCd=SINGX00073&kikanKbn=2", "url2": null, "内容": "にしむら女性クリニック【2:診療所】【診療科目:内科_産婦人科】新潟県長岡市新保６－８６" }, "geometry": { "type": "Point", "coordinates": [ 138.867572, 37.468774 ] } },
{ "type": "Feature", "properties": { "ID": "152SINGX00074", "正式名称": "西脇耳鼻咽喉科医院", "機関区分": 2, "都道府県コード": 15, "市区町村コード": 202, "所在地": "新潟県長岡市蓮潟４－２－２２", "緯度": 37.467167, "経度": 138.827814, "url": "https://www.iryou.teikyouseido.mhlw.go.jp/znk-web/juminkanja/S2430/initialize?prefCd=15&kikanCd=SINGX00074&kikanKbn=2", "url2": "https://www.nishiwakijibika-nagaoka.com/home", "内容": "西脇耳鼻咽喉科医院【2:診療所】【診療科目:耳鼻いんこう科_アレルギー科】新潟県長岡市蓮潟４－２－２２" }, "geometry": { "type": "Point", "coordinates": [ 138.827814, 37.467167 ] } },
{ "type": "Feature", "properties": { "ID": "152SINGX00075", "正式名称": "野々村医院", "機関区分": 2, "都道府県コード": 15, "市区町村コード": 202, "所在地": "新潟県長岡市石内１－１－１", "緯度": 37.460637, "経度": 138.853803, "url": "https://www.iryou.teikyouseido.mhlw.go.jp/znk-web/juminkanja/S2430/initialize?prefCd=15&kikanCd=SINGX00075&kikanKbn=2", "url2": "http://nonomuraiin.jp", "内容": "野々村医院【2:診療所】【診療科目:耳鼻いんこう科_頭頸科_アレルギー科】新潟県長岡市石内１－１－１" }, "geometry": { "type": "Point", "coordinates": [ 138.853803, 37.460637 ] } },
{ "type": "Feature", "properties": { "ID": "152SINGX00076", "正式名称": "野村こどもクリニック", "機関区分": 2, "都道府県コード": 15, "市区町村コード": 202, "所在地": "新潟県長岡市三和３－８－１４", "緯度": 37.433663, "経度": 138.837428, "url": "https://www.iryou.teikyouseido.mhlw.go.jp/znk-web/juminkanja/S2430/initialize?prefCd=15&kikanCd=SINGX00076&kikanKbn=2", "url2": null, "内容": "野村こどもクリニック【2:診療所】【診療科目:内科_小児科_アレルギー科】新潟県長岡市三和３－８－１４" }, "geometry": { "type": "Point", "coordinates": [ 138.837428, 37.433663 ] } },
{ "type": "Feature", "properties": { "ID": "152SINGX00078", "正式名称": "福居皮フ科医院", "機関区分": 2, "都道府県コード": 15, "市区町村コード": 202, "所在地": "新潟県長岡市殿町２－５－１ロイヤル長岡３０１", "緯度": 37.445985, "経度": 138.849451, "url": "https://www.iryou.teikyouseido.mhlw.go.jp/znk-web/juminkanja/S2430/initialize?prefCd=15&kikanCd=SINGX00078&kikanKbn=2", "url2": null, "内容": "福居皮フ科医院【2:診療所】【診療科目:皮膚科】新潟県長岡市殿町２－５－１ロイヤル長岡３０１" }, "geometry": { "type": "Point", "coordinates": [ 138.849451, 37.445985 ] } },
{ "type": "Feature", "properties": { "ID": "152SINGX00080", "正式名称": "藤田皮膚科クリニック", "機関区分": 2, "都道府県コード": 15, "市区町村コード": 202, "所在地": "新潟県長岡市幸町１－８－２５", "緯度": 37.438741, "経度": 138.841545, "url": "https://www.iryou.teikyouseido.mhlw.go.jp/znk-web/juminkanja/S2430/initialize?prefCd=15&kikanCd=SINGX00080&kikanKbn=2", "url2": null, "内容": "藤田皮膚科クリニック【2:診療所】【診療科目:皮膚科】新潟県長岡市幸町１－８－２５" }, "geometry": { "type": "Point", "coordinates": [ 138.841545, 37.438741 ] } },
{ "type": "Feature", "properties": { "ID": "152SINGX00081", "正式名称": "ほんだファミリークリニック", "機関区分": 2, "都道府県コード": 15, "市区町村コード": 202, "所在地": "新潟県長岡市青葉台３－１６－６", "緯度": 37.441983, "経度": 138.75457, "url": "https://www.iryou.teikyouseido.mhlw.go.jp/znk-web/juminkanja/S2430/initialize?prefCd=15&kikanCd=SINGX00081&kikanKbn=2", "url2": null, "内容": "ほんだファミリークリニック【2:診療所】【診療科目:内科】新潟県長岡市青葉台３－１６－６" }, "geometry": { "type": "Point", "coordinates": [ 138.75457, 37.441983 ] } },
{ "type": "Feature", "properties": { "ID": "152SINGX00084", "正式名称": "丸岡医院", "機関区分": 2, "都道府県コード": 15, "市区町村コード": 202, "所在地": "新潟県長岡市宮内５－９－３", "緯度": 37.427405, "経度": 138.842806, "url": "https://www.iryou.teikyouseido.mhlw.go.jp/znk-web/juminkanja/S2430/initialize?prefCd=15&kikanCd=SINGX00084&kikanKbn=2", "url2": null, "内容": "丸岡医院【2:診療所】【診療科目:内科_外科_婦人科】新潟県長岡市宮内５－９－３" }, "geometry": { "type": "Point", "coordinates": [ 138.842806, 37.427405 ] } },
{ "type": "Feature", "properties": { "ID": "152SINGX00085", "正式名称": "三上医院", "機関区分": 2, "都道府県コード": 15, "市区町村コード": 202, "所在地": "新潟県長岡市宮原３－１２－３０", "緯度": 37.43789, "経度": 138.845258, "url": "https://www.iryou.teikyouseido.mhlw.go.jp/znk-web/juminkanja/S2430/initialize?prefCd=15&kikanCd=SINGX00085&kikanKbn=2", "url2": null, "内容": "三上医院【2:診療所】【診療科目:内科】新潟県長岡市宮原３－１２－３０" }, "geometry": { "type": "Point", "coordinates": [ 138.845258, 37.43789 ] } },
{ "type": "Feature", "properties": { "ID": "152SINGX00086", "正式名称": "美園内科クリニック", "機関区分": 2, "都道府県コード": 15, "市区町村コード": 202, "所在地": "新潟県長岡市美園２－４－１", "緯度": 37.461392, "経度": 138.869292, "url": "https://www.iryou.teikyouseido.mhlw.go.jp/znk-web/juminkanja/S2430/initialize?prefCd=15&kikanCd=SINGX00086&kikanKbn=2", "url2": null, "内容": "美園内科クリニック【2:診療所】【診療科目:内科_糖尿病内科_小児科】新潟県長岡市美園２－４－１" }, "geometry": { "type": "Point", "coordinates": [ 138.869292, 37.461392 ] } },
{ "type": "Feature", "properties": { "ID": "152SINGX00087", "正式名称": "みぞはた眼科", "機関区分": 2, "都道府県コード": 15, "市区町村コード": 202, "所在地": "新潟県長岡市千秋２丁目２７８番地リバーサイド千秋２階", "緯度": 37.460668, "経度": 138.826703, "url": "https://www.iryou.teikyouseido.mhlw.go.jp/znk-web/juminkanja/S2430/initialize?prefCd=15&kikanCd=SINGX00087&kikanKbn=2", "url2": null, "内容": "みぞはた眼科【2:診療所】【診療科目:眼科】新潟県長岡市千秋２丁目２７８番地リバーサイド千秋２階" }, "geometry": { "type": "Point", "coordinates": [ 138.826703, 37.460668 ] } },
{ "type": "Feature", "properties": { "ID": "152SINGX00090", "正式名称": "メッツ整形外科クリニック", "機関区分": 2, "都道府県コード": 15, "市区町村コード": 202, "所在地": "新潟県長岡市川崎２−２４７９−１", "緯度": 37.451619, "経度": 138.867318, "url": "https://www.iryou.teikyouseido.mhlw.go.jp/znk-web/juminkanja/S2430/initialize?prefCd=15&kikanCd=SINGX00090&kikanKbn=2", "url2": "https//www.metsseikeigekaclinic.com", "内容": "メッツ整形外科クリニック【2:診療所】【診療科目:整形外科_リウマチ科_リハビリテーション科】新潟県長岡市川崎２−２４７９−１" }, "geometry": { "type": "Point", "coordinates": [ 138.867318, 37.451619 ] } },
{ "type": "Feature", "properties": { "ID": "152SINGX00092", "正式名称": "やおえだ眼科", "機関区分": 2, "都道府県コード": 15, "市区町村コード": 202, "所在地": "新潟県長岡市長町２丁目１６４９－１", "緯度": 37.456248, "経度": 138.855675, "url": "https://www.iryou.teikyouseido.mhlw.go.jp/znk-web/juminkanja/S2430/initialize?prefCd=15&kikanCd=SINGX00092&kikanKbn=2", "url2": "http://yaoeda-ganka.jp", "内容": "やおえだ眼科【2:診療所】【診療科目:眼科】新潟県長岡市長町２丁目１６４９－１" }, "geometry": { "type": "Point", "coordinates": [ 138.855675, 37.456248 ] } },
{ "type": "Feature", "properties": { "ID": "152SINGX00093", "正式名称": "山井医院", "機関区分": 2, "都道府県コード": 15, "市区町村コード": 202, "所在地": "新潟県長岡市今朝白２－８－８", "緯度": 37.448931, "経度": 138.858625, "url": "https://www.iryou.teikyouseido.mhlw.go.jp/znk-web/juminkanja/S2430/initialize?prefCd=15&kikanCd=SINGX00093&kikanKbn=2", "url2": null, "内容": "山井医院【2:診療所】【診療科目:内科_消化器内科_外科_肛門外科_リハビリテーション科】新潟県長岡市今朝白２－８－８" }, "geometry": { "type": "Point", "coordinates": [ 138.858625, 37.448931 ] } },
{ "type": "Feature", "properties": { "ID": "152SINGX00094", "正式名称": "横山皮膚科", "機関区分": 2, "都道府県コード": 15, "市区町村コード": 202, "所在地": "新潟県長岡市今朝白１−１３−７", "緯度": 37.446872, "経度": 138.858252, "url": "https://www.iryou.teikyouseido.mhlw.go.jp/znk-web/juminkanja/S2430/initialize?prefCd=15&kikanCd=SINGX00094&kikanKbn=2", "url2": null, "内容": "横山皮膚科【2:診療所】【診療科目:皮膚科】新潟県長岡市今朝白１−１３−７" }, "geometry": { "type": "Point", "coordinates": [ 138.858252, 37.446872 ] } },
{ "type": "Feature", "properties": { "ID": "152SINGX00095", "正式名称": "吉田内科クリニック", "機関区分": 2, "都道府県コード": 15, "市区町村コード": 202, "所在地": "新潟県長岡市曲新町５９２－５", "緯度": 37.411123, "経度": 138.845924, "url": "https://www.iryou.teikyouseido.mhlw.go.jp/znk-web/juminkanja/S2430/initialize?prefCd=15&kikanCd=SINGX00095&kikanKbn=2", "url2": null, "内容": "吉田内科クリニック【2:診療所】【診療科目:内科_消化器内科】新潟県長岡市曲新町５９２－５" }, "geometry": { "type": "Point", "coordinates": [ 138.845924, 37.411123 ] } },
{ "type": "Feature", "properties": { "ID": "152SINGX00096", "正式名称": "わきや医院", "機関区分": 2, "都道府県コード": 15, "市区町村コード": 202, "所在地": "新潟県長岡市関原南２－４１２２－１", "緯度": 37.447484, "経度": 138.774632, "url": "https://www.iryou.teikyouseido.mhlw.go.jp/znk-web/juminkanja/S2430/initialize?prefCd=15&kikanCd=SINGX00096&kikanKbn=2", "url2": null, "内容": "わきや医院【2:診療所】【診療科目:内科_循環器内科】新潟県長岡市関原南２－４１２２－１" }, "geometry": { "type": "Point", "coordinates": [ 138.774632, 37.447484 ] } },
{ "type": "Feature", "properties": { "ID": "152SINGX00097", "正式名称": "渡辺医院", "機関区分": 2, "都道府県コード": 15, "市区町村コード": 202, "所在地": "新潟県長岡市柏町１－４－２９", "緯度": 37.443165, "経度": 138.846939, "url": "https://www.iryou.teikyouseido.mhlw.go.jp/znk-web/juminkanja/S2430/initialize?prefCd=15&kikanCd=SINGX00097&kikanKbn=2", "url2": null, "内容": "渡辺医院【2:診療所】【診療科目:内科_外科_脳神経外科】新潟県長岡市柏町１－４－２９" }, "geometry": { "type": "Point", "coordinates": [ 138.846939, 37.443165 ] } },
{ "type": "Feature", "properties": { "ID": "152SINGX00098", "正式名称": "渡辺皮フ科医院", "機関区分": 2, "都道府県コード": 15, "市区町村コード": 202, "所在地": "新潟県長岡市長町２丁目１番地２", "緯度": 37.455629, "経度": 138.854701, "url": "https://www.iryou.teikyouseido.mhlw.go.jp/znk-web/juminkanja/S2430/initialize?prefCd=15&kikanCd=SINGX00098&kikanKbn=2", "url2": "https://www.watanabehifu4967.com/", "内容": "渡辺皮フ科医院【2:診療所】【診療科目:形成外科_皮膚科】新潟県長岡市長町２丁目１番地２" }, "geometry": { "type": "Point", "coordinates": [ 138.854701, 37.455629 ] } },
{ "type": "Feature", "properties": { "ID": "152SINGX00099", "正式名称": "上原医院", "機関区分": 2, "都道府県コード": 15, "市区町村コード": 202, "所在地": "新潟県長岡市下沼新田甲９７", "緯度": 37.601534, "経度": 138.858076, "url": "https://www.iryou.teikyouseido.mhlw.go.jp/znk-web/juminkanja/S2430/initialize?prefCd=15&kikanCd=SINGX00099&kikanKbn=2", "url2": null, "内容": "上原医院【2:診療所】【診療科目:内科_消化器内科】新潟県長岡市下沼新田甲９７" }, "geometry": { "type": "Point", "coordinates": [ 138.858076, 37.601534 ] } },
{ "type": "Feature", "properties": { "ID": "152SINGX00100", "正式名称": "医療法人社団堀医院さえき内科", "機関区分": 2, "都道府県コード": 15, "市区町村コード": 202, "所在地": "新潟県長岡市中之島５６９ー６", "緯度": 37.544021, "経度": 138.877108, "url": "https://www.iryou.teikyouseido.mhlw.go.jp/znk-web/juminkanja/S2430/initialize?prefCd=15&kikanCd=SINGX00100&kikanKbn=2", "url2": "http://www.saeki-naika.jp", "内容": "医療法人社団堀医院さえき内科【2:診療所】【診療科目:内科_循環器内科】新潟県長岡市中之島５６９ー６" }, "geometry": { "type": "Point", "coordinates": [ 138.877108, 37.544021 ] } },
{ "type": "Feature", "properties": { "ID": "152SINGX00104", "正式名称": "横田内科消化器科クリニック", "機関区分": 2, "都道府県コード": 15, "市区町村コード": 202, "所在地": "新潟県長岡市小国町法坂９１０番地", "緯度": 37.307549, "経度": 138.710888, "url": "https://www.iryou.teikyouseido.mhlw.go.jp/znk-web/juminkanja/S2430/initialize?prefCd=15&kikanCd=SINGX00104&kikanKbn=2", "url2": null, "内容": "横田内科消化器科クリニック【2:診療所】【診療科目:内科_消化器内科_内視鏡内科】新潟県長岡市小国町法坂９１０番地" }, "geometry": { "type": "Point", "coordinates": [ 138.710888, 37.307549 ] } },
{ "type": "Feature", "properties": { "ID": "152SINGX00105", "正式名称": "長岡市小国診療所", "機関区分": 2, "都道府県コード": 15, "市区町村コード": 202, "所在地": "新潟県長岡市小国町楢沢８８番地", "緯度": 37.287431, "経度": 138.706589, "url": "https://www.iryou.teikyouseido.mhlw.go.jp/znk-web/juminkanja/S2430/initialize?prefCd=15&kikanCd=SINGX00105&kikanKbn=2", "url2": "https://www.sutokukai.or.jp/ogunisinryoujyo/", "内容": "長岡市小国診療所【2:診療所】【診療科目:内科_整形外科】新潟県長岡市小国町楢沢８８番地" }, "geometry": { "type": "Point", "coordinates": [ 138.706589, 37.287431 ] } },
{ "type": "Feature", "properties": { "ID": "152SINGX00109", "正式名称": "長岡市山古志診療所", "機関区分": 2, "都道府県コード": 15, "市区町村コード": 202, "所在地": "新潟県長岡市山古志竹沢甲２８３５番地", "緯度": 37.326291, "経度": 138.890024, "url": "https://www.iryou.teikyouseido.mhlw.go.jp/znk-web/juminkanja/S2430/initialize?prefCd=15&kikanCd=SINGX00109&kikanKbn=2", "url2": null, "内容": "長岡市山古志診療所【2:診療所】【診療科目:内科】新潟県長岡市山古志竹沢甲２８３５番地" }, "geometry": { "type": "Point", "coordinates": [ 138.890024, 37.326291 ] } },
{ "type": "Feature", "properties": { "ID": "152SINGX00110", "正式名称": "岩塚診療所", "機関区分": 2, "都道府県コード": 15, "市区町村コード": 202, "所在地": "新潟県長岡市飯塚２８００－１", "緯度": 37.38484, "経度": 138.749246, "url": "https://www.iryou.teikyouseido.mhlw.go.jp/znk-web/juminkanja/S2430/initialize?prefCd=15&kikanCd=SINGX00110&kikanKbn=2", "url2": null, "内容": "岩塚診療所【2:診療所】【診療科目:内科_小児科_皮膚科】新潟県長岡市飯塚２８００－１" }, "geometry": { "type": "Point", "coordinates": [ 138.749246, 37.38484 ] } },
{ "type": "Feature", "properties": { "ID": "152SINGX00111", "正式名称": "こしじ医院", "機関区分": 2, "都道府県コード": 15, "市区町村コード": 202, "所在地": "新潟県長岡市浦６４１－１", "緯度": 37.394917, "経度": 138.788821, "url": "https://www.iryou.teikyouseido.mhlw.go.jp/znk-web/juminkanja/S2430/initialize?prefCd=15&kikanCd=SINGX00111&kikanKbn=2", "url2": null, "内容": "こしじ医院【2:診療所】【診療科目:内科_外科_整形外科_リハビリテーション科】新潟県長岡市浦６４１－１" }, "geometry": { "type": "Point", "coordinates": [ 138.788821, 37.394917 ] } },
{ "type": "Feature", "properties": { "ID": "152SINGX00117", "正式名称": "横田内科・消化器科医院", "機関区分": 2, "都道府県コード": 15, "市区町村コード": 202, "所在地": "新潟県長岡市浦９９１３－１", "緯度": 37.393504, "経度": 138.802402, "url": "https://www.iryou.teikyouseido.mhlw.go.jp/znk-web/juminkanja/S2430/initialize?prefCd=15&kikanCd=SINGX00117&kikanKbn=2", "url2": null, "内容": "横田内科・消化器科医院【2:診療所】【診療科目:内科_消化器内科_小児科_眼科】新潟県長岡市浦９９１３－１" }, "geometry": { "type": "Point", "coordinates": [ 138.802402, 37.393504 ] } },
{ "type": "Feature", "properties": { "ID": "152SINGX00118", "正式名称": "ほり内科医院", "機関区分": 2, "都道府県コード": 15, "市区町村コード": 202, "所在地": "新潟県長岡市上岩井６８１３番地", "緯度": 37.492054, "経度": 138.782378, "url": "https://www.iryou.teikyouseido.mhlw.go.jp/znk-web/juminkanja/S2430/initialize?prefCd=15&kikanCd=SINGX00118&kikanKbn=2", "url2": "https://www.hori-naika.jp/", "内容": "ほり内科医院【2:診療所】【診療科目:内科_消化器内科_アレルギー科】新潟県長岡市上岩井６８１３番地" }, "geometry": { "type": "Point", "coordinates": [ 138.782378, 37.492054 ] } },
{ "type": "Feature", "properties": { "ID": "152SINGX00120", "正式名称": "荒井医院", "機関区分": 2, "都道府県コード": 15, "市区町村コード": 202, "所在地": "新潟県長岡市栃尾表町１－４", "緯度": 37.476144, "経度": 138.993139, "url": "https://www.iryou.teikyouseido.mhlw.go.jp/znk-web/juminkanja/S2430/initialize?prefCd=15&kikanCd=SINGX00120&kikanKbn=2", "url2": null, "内容": "荒井医院【2:診療所】【診療科目:内科_神経内科_小児科_放射線科】新潟県長岡市栃尾表町１－４" }, "geometry": { "type": "Point", "coordinates": [ 138.993139, 37.476144 ] } },
{ "type": "Feature", "properties": { "ID": "152SINGX00122", "正式名称": "木村医院", "機関区分": 2, "都道府県コード": 15, "市区町村コード": 202, "所在地": "新潟県長岡市小島谷３３４３番地", "緯度": 37.577175, "経度": 138.772525, "url": "https://www.iryou.teikyouseido.mhlw.go.jp/znk-web/juminkanja/S2430/initialize?prefCd=15&kikanCd=SINGX00122&kikanKbn=2", "url2": null, "内容": "木村医院【2:診療所】【診療科目:内科_胃腸内科】新潟県長岡市小島谷３３４３番地" }, "geometry": { "type": "Point", "coordinates": [ 138.772525, 37.577175 ] } },
{ "type": "Feature", "properties": { "ID": "152SINGX00125", "正式名称": "関内科医院", "機関区分": 2, "都道府県コード": 15, "市区町村コード": 202, "所在地": "新潟県長岡市栄町３－３－１２", "緯度": 37.48401, "経度": 138.994355, "url": "https://www.iryou.teikyouseido.mhlw.go.jp/znk-web/juminkanja/S2430/initialize?prefCd=15&kikanCd=SINGX00125&kikanKbn=2", "url2": null, "内容": "関内科医院【2:診療所】【診療科目:内科_消化器内科】新潟県長岡市栄町３－３－１２" }, "geometry": { "type": "Point", "coordinates": [ 138.994355, 37.48401 ] } },
{ "type": "Feature", "properties": { "ID": "152SINGX00126", "正式名称": "たかはし内科医院", "機関区分": 2, "都道府県コード": 15, "市区町村コード": 202, "所在地": "新潟県長岡市栃尾本町６－１", "緯度": 37.475878, "経度": 138.994876, "url": "https://www.iryou.teikyouseido.mhlw.go.jp/znk-web/juminkanja/S2430/initialize?prefCd=15&kikanCd=SINGX00126&kikanKbn=2", "url2": null, "内容": "たかはし内科医院【2:診療所】【診療科目:内科_神経内科_小児科】新潟県長岡市栃尾本町６－１" }, "geometry": { "type": "Point", "coordinates": [ 138.994876, 37.475878 ] } },
{ "type": "Feature", "properties": { "ID": "152SINGX00127", "正式名称": "栃尾眼科医院", "機関区分": 2, "都道府県コード": 15, "市区町村コード": 202, "所在地": "新潟県長岡市滝の下町３－４０", "緯度": 37.473993, "経度": 138.997536, "url": "https://www.iryou.teikyouseido.mhlw.go.jp/znk-web/juminkanja/S2430/initialize?prefCd=15&kikanCd=SINGX00127&kikanKbn=2", "url2": null, "内容": "栃尾眼科医院【2:診療所】【診療科目:眼科】新潟県長岡市滝の下町３－４０" }, "geometry": { "type": "Point", "coordinates": [ 138.997536, 37.473993 ] } },
{ "type": "Feature", "properties": { "ID": "152SINGX00129", "正式名称": "医療法人社団　風間医院", "機関区分": 2, "都道府県コード": 15, "市区町村コード": 202, "所在地": "新潟県長岡市与板町江西３丁目１番２０号", "緯度": 37.535045, "経度": 138.816509, "url": "https://www.iryou.teikyouseido.mhlw.go.jp/znk-web/juminkanja/S2430/initialize?prefCd=15&kikanCd=SINGX00129&kikanKbn=2", "url2": null, "内容": "医療法人社団　風間医院【2:診療所】【診療科目:内科_小児科】新潟県長岡市与板町江西３丁目１番２０号" }, "geometry": { "type": "Point", "coordinates": [ 138.816509, 37.535045 ] } },
{ "type": "Feature", "properties": { "ID": "152SINGX00130", "正式名称": "小林医院", "機関区分": 2, "都道府県コード": 15, "市区町村コード": 202, "所在地": "新潟県長岡市与板町与板４４１番地", "緯度": 37.540261, "経度": 138.811596, "url": "https://www.iryou.teikyouseido.mhlw.go.jp/znk-web/juminkanja/S2430/initialize?prefCd=15&kikanCd=SINGX00130&kikanKbn=2", "url2": null, "内容": "小林医院【2:診療所】【診療科目:内科_整形外科】新潟県長岡市与板町与板４４１番地" }, "geometry": { "type": "Point", "coordinates": [ 138.811596, 37.540261 ] } },
{ "type": "Feature", "properties": { "ID": "152SINGX00131", "正式名称": "木村医院", "機関区分": 2, "都道府県コード": 15, "市区町村コード": 202, "所在地": "新潟県長岡市関原町２－２４４", "緯度": 37.453226, "経度": 138.773827, "url": "https://www.iryou.teikyouseido.mhlw.go.jp/znk-web/juminkanja/S2430/initialize?prefCd=15&kikanCd=SINGX00131&kikanKbn=2", "url2": null, "内容": "木村医院【2:診療所】【診療科目:内科】新潟県長岡市関原町２－２４４" }, "geometry": { "type": "Point", "coordinates": [ 138.773827, 37.453226 ] } },
{ "type": "Feature", "properties": { "ID": "152SINGX00132", "正式名称": "石塚医院", "機関区分": 2, "都道府県コード": 15, "市区町村コード": 202, "所在地": "新潟県長岡市寺泊片町７７５３", "緯度": 37.642076, "経度": 138.766491, "url": "https://www.iryou.teikyouseido.mhlw.go.jp/znk-web/juminkanja/S2430/initialize?prefCd=15&kikanCd=SINGX00132&kikanKbn=2", "url2": null, "内容": "石塚医院【2:診療所】【診療科目:内科_呼吸器内科】新潟県長岡市寺泊片町７７５３" }, "geometry": { "type": "Point", "coordinates": [ 138.766491, 37.642076 ] } },
{ "type": "Feature", "properties": { "ID": "152SINGX00135", "正式名称": "長岡市国民健康保険寺泊診療所", "機関区分": 2, "都道府県コード": 15, "市区町村コード": 202, "所在地": "新潟県長岡市寺泊敦ヶ曽根６０５－１", "緯度": 37.615115, "経度": 138.821795, "url": "https://www.iryou.teikyouseido.mhlw.go.jp/znk-web/juminkanja/S2430/initialize?prefCd=15&kikanCd=SINGX00135&kikanKbn=2", "url2": "https://www.city.nagaoka.niigata.jp/kurashi/cate03/medical-office.html", "内容": "長岡市国民健康保険寺泊診療所【2:診療所】【診療科目:内科】新潟県長岡市寺泊敦ヶ曽根６０５－１" }, "geometry": { "type": "Point", "coordinates": [ 138.821795, 37.615115 ] } },
{ "type": "Feature", "properties": { "ID": "152SINGX00137", "正式名称": "川口診療所", "機関区分": 2, "都道府県コード": 15, "市区町村コード": 202, "所在地": "新潟県長岡市西川口１２４０番地１", "緯度": 37.265304, "経度": 138.860333, "url": "https://www.iryou.teikyouseido.mhlw.go.jp/znk-web/juminkanja/S2430/initialize?prefCd=15&kikanCd=SINGX00137&kikanKbn=2", "url2": null, "内容": "川口診療所【2:診療所】【診療科目:内科_胃腸内科_外科】新潟県長岡市西川口１２４０番地１" }, "geometry": { "type": "Point", "coordinates": [ 138.860333, 37.265304 ] } },
{ "type": "Feature", "properties": { "ID": "152SINGX00142", "正式名称": "佐藤医院", "機関区分": 2, "都道府県コード": 15, "市区町村コード": 405, "所在地": "新潟県三島郡出雲崎町川西２８－８", "緯度": 37.531152, "経度": 138.715618, "url": "https://www.iryou.teikyouseido.mhlw.go.jp/znk-web/juminkanja/S2430/initialize?prefCd=15&kikanCd=SINGX00142&kikanKbn=2", "url2": null, "内容": "佐藤医院【2:診療所】【診療科目:内科_循環器内科】新潟県三島郡出雲崎町川西２８－８" }, "geometry": { "type": "Point", "coordinates": [ 138.715618, 37.531152 ] } },
{ "type": "Feature", "properties": { "ID": "152SINGX00144", "正式名称": "いぐち耳鼻咽喉科", "機関区分": 2, "都道府県コード": 15, "市区町村コード": 211, "所在地": "新潟県見附市柳橋町２７４－６", "緯度": 37.542333, "経度": 138.899771, "url": "https://www.iryou.teikyouseido.mhlw.go.jp/znk-web/juminkanja/S2430/initialize?prefCd=15&kikanCd=SINGX00144&kikanKbn=2", "url2": null, "内容": "いぐち耳鼻咽喉科【2:診療所】【診療科目:耳鼻いんこう科_アレルギー科】新潟県見附市柳橋町２７４－６" }, "geometry": { "type": "Point", "coordinates": [ 138.899771, 37.542333 ] } },
{ "type": "Feature", "properties": { "ID": "152SINGX00145", "正式名称": "内島医院", "機関区分": 2, "都道府県コード": 15, "市区町村コード": 211, "所在地": "新潟県見附市今町１丁目１０番９号", "緯度": 37.54739, "経度": 138.885287, "url": "https://www.iryou.teikyouseido.mhlw.go.jp/znk-web/juminkanja/S2430/initialize?prefCd=15&kikanCd=SINGX00145&kikanKbn=2", "url2": null, "内容": "内島医院【2:診療所】【診療科目:内科】新潟県見附市今町１丁目１０番９号" }, "geometry": { "type": "Point", "coordinates": [ 138.885287, 37.54739 ] } },
{ "type": "Feature", "properties": { "ID": "152SINGX00147", "正式名称": "おがわ眼科クリニック", "機関区分": 2, "都道府県コード": 15, "市区町村コード": 211, "所在地": "新潟県見附市柳橋町２６６－９", "緯度": 37.542136, "経度": 138.900022, "url": "https://www.iryou.teikyouseido.mhlw.go.jp/znk-web/juminkanja/S2430/initialize?prefCd=15&kikanCd=SINGX00147&kikanKbn=2", "url2": "https://ogawaganka.or.jp", "内容": "おがわ眼科クリニック【2:診療所】【診療科目:眼科】新潟県見附市柳橋町２６６－９" }, "geometry": { "type": "Point", "coordinates": [ 138.900022, 37.542136 ] } },
{ "type": "Feature", "properties": { "ID": "152SINGX00148", "正式名称": "お元気でクリニック", "機関区分": 2, "都道府県コード": 15, "市区町村コード": 211, "所在地": "新潟県見附市学校町２－１３－７６", "緯度": 37.533936, "経度": 138.919416, "url": "https://www.iryou.teikyouseido.mhlw.go.jp/znk-web/juminkanja/S2430/initialize?prefCd=15&kikanCd=SINGX00148&kikanKbn=2", "url2": "https://www.ogenkideclinic.com/clinic/", "内容": "お元気でクリニック【2:診療所】【診療科目:漢方内科_老年内科_脳神経外科_精神科_心療内科】新潟県見附市学校町２－１３－７６" }, "geometry": { "type": "Point", "coordinates": [ 138.919416, 37.533936 ] } },
{ "type": "Feature", "properties": { "ID": "152SINGX00149", "正式名称": "貝瀬皮膚科", "機関区分": 2, "都道府県コード": 15, "市区町村コード": 211, "所在地": "新潟県見附市柳橋町２７４－２５", "緯度": 37.542569, "経度": 138.899064, "url": "https://www.iryou.teikyouseido.mhlw.go.jp/znk-web/juminkanja/S2430/initialize?prefCd=15&kikanCd=SINGX00149&kikanKbn=2", "url2": "https://kaisehifuka.com/", "内容": "貝瀬皮膚科【2:診療所】【診療科目:皮膚科】新潟県見附市柳橋町２７４－２５" }, "geometry": { "type": "Point", "coordinates": [ 138.899064, 37.542569 ] } },
{ "type": "Feature", "properties": { "ID": "152SINGX00150", "正式名称": "金井医院", "機関区分": 2, "都道府県コード": 15, "市区町村コード": 211, "所在地": "新潟県見附市本町１－４－７", "緯度": 37.528271, "経度": 138.923048, "url": "https://www.iryou.teikyouseido.mhlw.go.jp/znk-web/juminkanja/S2430/initialize?prefCd=15&kikanCd=SINGX00150&kikanKbn=2", "url2": null, "内容": "金井医院【2:診療所】【診療科目:内科_消化器内科_外科_放射線科】新潟県見附市本町１－４－７" }, "geometry": { "type": "Point", "coordinates": [ 138.923048, 37.528271 ] } },
{ "type": "Feature", "properties": { "ID": "152SINGX00151", "正式名称": "杏仁堂医院", "機関区分": 2, "都道府県コード": 15, "市区町村コード": 211, "所在地": "新潟県見附市本町１丁目２番５０号", "緯度": 37.527307, "経度": 138.924648, "url": "https://www.iryou.teikyouseido.mhlw.go.jp/znk-web/juminkanja/S2430/initialize?prefCd=15&kikanCd=SINGX00151&kikanKbn=2", "url2": null, "内容": "杏仁堂医院【2:診療所】【診療科目:内科_循環器内科_腎臓内科_小児科】新潟県見附市本町１丁目２番５０号" }, "geometry": { "type": "Point", "coordinates": [ 138.924648, 37.527307 ] } },
{ "type": "Feature", "properties": { "ID": "152SINGX00152", "正式名称": "霜鳥内科医院", "機関区分": 2, "都道府県コード": 15, "市区町村コード": 211, "所在地": "新潟県見附市新町１丁目８番３号", "緯度": 37.526564, "経度": 138.92094, "url": "https://www.iryou.teikyouseido.mhlw.go.jp/znk-web/juminkanja/S2430/initialize?prefCd=15&kikanCd=SINGX00152&kikanKbn=2", "url2": null, "内容": "霜鳥内科医院【2:診療所】【診療科目:内科】新潟県見附市新町１丁目８番３号" }, "geometry": { "type": "Point", "coordinates": [ 138.92094, 37.526564 ] } },
{ "type": "Feature", "properties": { "ID": "152SINGX00156", "正式名称": "田﨑医院", "機関区分": 2, "都道府県コード": 15, "市区町村コード": 211, "所在地": "新潟県見附市本町２丁目９－２３", "緯度": 37.525786, "経度": 138.924588, "url": "https://www.iryou.teikyouseido.mhlw.go.jp/znk-web/juminkanja/S2430/initialize?prefCd=15&kikanCd=SINGX00156&kikanKbn=2", "url2": null, "内容": "田﨑医院【2:診療所】【診療科目:内科_小児科】新潟県見附市本町２丁目９－２３" }, "geometry": { "type": "Point", "coordinates": [ 138.924588, 37.525786 ] } },
{ "type": "Feature", "properties": { "ID": "152SINGX00157", "正式名称": "林俊壱クリニック内科・胃腸科", "機関区分": 2, "都道府県コード": 15, "市区町村コード": 211, "所在地": "新潟県見附市柳橋町２７４－２３", "緯度": 37.54265, "経度": 138.89934, "url": "https://www.iryou.teikyouseido.mhlw.go.jp/znk-web/juminkanja/S2430/initialize?prefCd=15&kikanCd=SINGX00157&kikanKbn=2", "url2": null, "内容": "林俊壱クリニック内科・胃腸科【2:診療所】【診療科目:内科】新潟県見附市柳橋町２７４－２３" }, "geometry": { "type": "Point", "coordinates": [ 138.89934, 37.54265 ] } },
{ "type": "Feature", "properties": { "ID": "152SINGX00159", "正式名称": "医療法人社団　康信会　星整形外科医院", "機関区分": 2, "都道府県コード": 15, "市区町村コード": 211, "所在地": "新潟県見附市柳橋町２７４－６", "緯度": 37.542397, "経度": 138.899425, "url": "https://www.iryou.teikyouseido.mhlw.go.jp/znk-web/juminkanja/S2430/initialize?prefCd=15&kikanCd=SINGX00159&kikanKbn=2", "url2": null, "内容": "医療法人社団　康信会　星整形外科医院【2:診療所】【診療科目:外科_整形外科_リハビリテーション科】新潟県見附市柳橋町２７４－６" }, "geometry": { "type": "Point", "coordinates": [ 138.899425, 37.542397 ] } },
{ "type": "Feature", "properties": { "ID": "152SINGX00160", "正式名称": "星野医院", "機関区分": 2, "都道府県コード": 15, "市区町村コード": 211, "所在地": "新潟県見附市本町４－２－３７", "緯度": 37.52972, "経度": 138.925516, "url": "https://www.iryou.teikyouseido.mhlw.go.jp/znk-web/juminkanja/S2430/initialize?prefCd=15&kikanCd=SINGX00160&kikanKbn=2", "url2": null, "内容": "星野医院【2:診療所】【診療科目:内科_小児科】新潟県見附市本町４－２－３７" }, "geometry": { "type": "Point", "coordinates": [ 138.925516, 37.52972 ] } },
{ "type": "Feature", "properties": { "ID": "152SINGX00162", "正式名称": "山谷クリニック", "機関区分": 2, "都道府県コード": 15, "市区町村コード": 211, "所在地": "新潟県見附市本所１丁目１２－１０", "緯度": 37.534961, "経度": 138.911956, "url": "https://www.iryou.teikyouseido.mhlw.go.jp/znk-web/juminkanja/S2430/initialize?prefCd=15&kikanCd=SINGX00162&kikanKbn=2", "url2": null, "内容": "山谷クリニック【2:診療所】【診療科目:内科_胃腸内科_小児科】新潟県見附市本所１丁目１２－１０" }, "geometry": { "type": "Point", "coordinates": [ 138.911956, 37.534961 ] } },
{ "type": "Feature", "properties": { "ID": "152SINGX00164", "正式名称": "わたなべ皮フ科クリニック", "機関区分": 2, "都道府県コード": 15, "市区町村コード": 211, "所在地": "新潟県見附市昭和町２−２１−２２", "緯度": 37.530664, "経度": 138.914523, "url": "https://www.iryou.teikyouseido.mhlw.go.jp/znk-web/juminkanja/S2430/initialize?prefCd=15&kikanCd=SINGX00164&kikanKbn=2", "url2": null, "内容": "わたなべ皮フ科クリニック【2:診療所】【診療科目:皮膚科】新潟県見附市昭和町２−２１−２２" }, "geometry": { "type": "Point", "coordinates": [ 138.914523, 37.530664 ] } },
{ "type": "Feature", "properties": { "ID": "152SINGX00165", "正式名称": "水澤眼科", "機関区分": 2, "都道府県コード": 15, "市区町村コード": 211, "所在地": "新潟県見附市学校町２ー１３ー７０", "緯度": 37.534168, "経度": 138.919629, "url": "https://www.iryou.teikyouseido.mhlw.go.jp/znk-web/juminkanja/S2430/initialize?prefCd=15&kikanCd=SINGX00165&kikanKbn=2", "url2": null, "内容": "水澤眼科【2:診療所】【診療科目:眼科】新潟県見附市学校町２ー１３ー７０" }, "geometry": { "type": "Point", "coordinates": [ 138.919629, 37.534168 ] } },
{ "type": "Feature", "properties": { "ID": "152SINGX00168", "正式名称": "なかの眼科クリニック", "機関区分": 2, "都道府県コード": 15, "市区町村コード": 202, "所在地": "新潟県長岡市浦６５１－４", "緯度": 37.394743, "経度": 138.791099, "url": "https://www.iryou.teikyouseido.mhlw.go.jp/znk-web/juminkanja/S2430/initialize?prefCd=15&kikanCd=SINGX00168&kikanKbn=2", "url2": null, "内容": "なかの眼科クリニック【2:診療所】【診療科目:眼科】新潟県長岡市浦６５１－４" }, "geometry": { "type": "Point", "coordinates": [ 138.791099, 37.394743 ] } },
{ "type": "Feature", "properties": { "ID": "152SINGX00169", "正式名称": "メンタルクリニック長岡", "機関区分": 2, "都道府県コード": 15, "市区町村コード": 202, "所在地": "新潟県長岡市学校町３－１１－４６", "緯度": 37.444474, "経度": 138.858423, "url": "https://www.iryou.teikyouseido.mhlw.go.jp/znk-web/juminkanja/S2430/initialize?prefCd=15&kikanCd=SINGX00169&kikanKbn=2", "url2": null, "内容": "メンタルクリニック長岡【2:診療所】【診療科目:内科_精神科_心療内科】新潟県長岡市学校町３－１１－４６" }, "geometry": { "type": "Point", "coordinates": [ 138.858423, 37.444474 ] } },
{ "type": "Feature", "properties": { "ID": "152SINGX00171", "正式名称": "辻本皮ふ科", "機関区分": 2, "都道府県コード": 15, "市区町村コード": 202, "所在地": "新潟県長岡市千歳１ー３ー４１", "緯度": 37.43585, "経度": 138.846991, "url": "https://www.iryou.teikyouseido.mhlw.go.jp/znk-web/juminkanja/S2430/initialize?prefCd=15&kikanCd=SINGX00171&kikanKbn=2", "url2": "http://www.tsujimoto-hifuka.com", "内容": "辻本皮ふ科【2:診療所】【診療科目:皮膚科】新潟県長岡市千歳１ー３ー４１" }, "geometry": { "type": "Point", "coordinates": [ 138.846991, 37.43585 ] } },
{ "type": "Feature", "properties": { "ID": "152SINGX00173", "正式名称": "栃尾みみ・はな・のどクリニック", "機関区分": 2, "都道府県コード": 15, "市区町村コード": 202, "所在地": "新潟県長岡市仲子町８－２７", "緯度": 37.474134, "経度": 138.997702, "url": "https://www.iryou.teikyouseido.mhlw.go.jp/znk-web/juminkanja/S2430/initialize?prefCd=15&kikanCd=SINGX00173&kikanKbn=2", "url2": "https://tochio-mimihana.com/", "内容": "栃尾みみ・はな・のどクリニック【2:診療所】【診療科目:耳鼻いんこう科_アレルギー科】新潟県長岡市仲子町８－２７" }, "geometry": { "type": "Point", "coordinates": [ 138.997702, 37.474134 ] } },
{ "type": "Feature", "properties": { "ID": "152SINGX00174", "正式名称": "生協こどもクリニック", "機関区分": 2, "都道府県コード": 15, "市区町村コード": 202, "所在地": "新潟県長岡市沢田１丁目１番２０", "緯度": 37.424951, "経度": 138.845535, "url": "https://www.iryou.teikyouseido.mhlw.go.jp/znk-web/juminkanja/S2430/initialize?prefCd=15&kikanCd=SINGX00174&kikanKbn=2", "url2": "http://www.nagaoka-iryou-seikyou.jp/clinic_kodomo.html", "内容": "生協こどもクリニック【2:診療所】【診療科目:内科_小児科】新潟県長岡市沢田１丁目１番２０" }, "geometry": { "type": "Point", "coordinates": [ 138.845535, 37.424951 ] } },
{ "type": "Feature", "properties": { "ID": "152SINGX00175", "正式名称": "医療法人坦誠会根元整形外科医院", "機関区分": 2, "都道府県コード": 15, "市区町村コード": 208, "所在地": "新潟県小千谷市城内２－１－５", "緯度": 37.312827, "経度": 138.798857, "url": "https://www.iryou.teikyouseido.mhlw.go.jp/znk-web/juminkanja/S2430/initialize?prefCd=15&kikanCd=SINGX00175&kikanKbn=2", "url2": null, "内容": "医療法人坦誠会根元整形外科医院【2:診療所】【診療科目:整形外科】新潟県小千谷市城内２－１－５" }, "geometry": { "type": "Point", "coordinates": [ 138.798857, 37.312827 ] } },
{ "type": "Feature", "properties": { "ID": "152SINGX00176", "正式名称": "藤巻医院", "機関区分": 2, "都道府県コード": 15, "市区町村コード": 208, "所在地": "新潟県小千谷市真人町甲５－１", "緯度": 37.232845, "経度": 138.776384, "url": "https://www.iryou.teikyouseido.mhlw.go.jp/znk-web/juminkanja/S2430/initialize?prefCd=15&kikanCd=SINGX00176&kikanKbn=2", "url2": null, "内容": "藤巻医院【2:診療所】【診療科目:内科_外科】新潟県小千谷市真人町甲５－１" }, "geometry": { "type": "Point", "coordinates": [ 138.776384, 37.232845 ] } },
{ "type": "Feature", "properties": { "ID": "152SINGX00179", "正式名称": "新潟県厚生農業協同組合連合会　小千谷総合病院岩沢診療所", "機関区分": 2, "都道府県コード": 15, "市区町村コード": 208, "所在地": "新潟県小千谷市岩沢１００３", "緯度": 37.242324, "経度": 138.796198, "url": "https://www.iryou.teikyouseido.mhlw.go.jp/znk-web/juminkanja/S2430/initialize?prefCd=15&kikanCd=SINGX00179&kikanKbn=2", "url2": "https://www.ojiya-ghp.jp/", "内容": "新潟県厚生農業協同組合連合会　小千谷総合病院岩沢診療所【2:診療所】【診療科目:内科】新潟県小千谷市岩沢１００３" }, "geometry": { "type": "Point", "coordinates": [ 138.796198, 37.242324 ] } },
{ "type": "Feature", "properties": { "ID": "152SINGX00180", "正式名称": "池田内科医院", "機関区分": 2, "都道府県コード": 15, "市区町村コード": 208, "所在地": "新潟県小千谷市城内２－６－５", "緯度": 37.314316, "経度": 138.79618, "url": "https://www.iryou.teikyouseido.mhlw.go.jp/znk-web/juminkanja/S2430/initialize?prefCd=15&kikanCd=SINGX00180&kikanKbn=2", "url2": "http://www.ikeda-clinic.net/", "内容": "池田内科医院【2:診療所】【診療科目:内科_胃腸内科】新潟県小千谷市城内２－６－５" }, "geometry": { "type": "Point", "coordinates": [ 138.79618, 37.314316 ] } },
{ "type": "Feature", "properties": { "ID": "152SINGX00181", "正式名称": "大矢医院", "機関区分": 2, "都道府県コード": 15, "市区町村コード": 208, "所在地": "新潟県小千谷市ひ生乙９３３－７", "緯度": 37.307908, "経度": 138.807777, "url": "https://www.iryou.teikyouseido.mhlw.go.jp/znk-web/juminkanja/S2430/initialize?prefCd=15&kikanCd=SINGX00181&kikanKbn=2", "url2": null, "内容": "大矢医院【2:診療所】【診療科目:内科_消化器内科_外科_肛門外科】新潟県小千谷市ひ生乙９３３－７" }, "geometry": { "type": "Point", "coordinates": [ 138.807777, 37.307908 ] } },
{ "type": "Feature", "properties": { "ID": "152SINGX00182", "正式名称": "中村内科消化器科医院", "機関区分": 2, "都道府県コード": 15, "市区町村コード": 208, "所在地": "新潟県小千谷市本町２－２－２３", "緯度": 37.309318, "経度": 138.796986, "url": "https://www.iryou.teikyouseido.mhlw.go.jp/znk-web/juminkanja/S2430/initialize?prefCd=15&kikanCd=SINGX00182&kikanKbn=2", "url2": null, "内容": "中村内科消化器科医院【2:診療所】【診療科目:内科_消化器内科】新潟県小千谷市本町２－２－２３" }, "geometry": { "type": "Point", "coordinates": [ 138.796986, 37.309318 ] } },
{ "type": "Feature", "properties": { "ID": "152SINGX00183", "正式名称": "医療法人社団慶友会キタムラ　北村医院", "機関区分": 2, "都道府県コード": 15, "市区町村コード": 208, "所在地": "新潟県小千谷市城内１－８－２３", "緯度": 37.311237, "経度": 138.796412, "url": "https://www.iryou.teikyouseido.mhlw.go.jp/znk-web/juminkanja/S2430/initialize?prefCd=15&kikanCd=SINGX00183&kikanKbn=2", "url2": null, "内容": "医療法人社団慶友会キタムラ　北村医院【2:診療所】【診療科目:内科_循環器内科】新潟県小千谷市城内１－８－２３" }, "geometry": { "type": "Point", "coordinates": [ 138.796412, 37.311237 ] } },
{ "type": "Feature", "properties": { "ID": "152SINGX00185", "正式名称": "片貝医院", "機関区分": 2, "都道府県コード": 15, "市区町村コード": 208, "所在地": "新潟県小千谷市片貝町５０３５－１５", "緯度": 37.366886, "経度": 138.776578, "url": "https://www.iryou.teikyouseido.mhlw.go.jp/znk-web/juminkanja/S2430/initialize?prefCd=15&kikanCd=SINGX00185&kikanKbn=2", "url2": null, "内容": "片貝医院【2:診療所】【診療科目:内科_小児科_皮膚科】新潟県小千谷市片貝町５０３５－１５" }, "geometry": { "type": "Point", "coordinates": [ 138.776578, 37.366886 ] } },
{ "type": "Feature", "properties": { "ID": "152SINGX00186", "正式名称": "さわなか医院", "機関区分": 2, "都道府県コード": 15, "市区町村コード": 208, "所在地": "新潟県小千谷市城内３－３－１３", "緯度": 37.313876, "経度": 138.789405, "url": "https://www.iryou.teikyouseido.mhlw.go.jp/znk-web/juminkanja/S2430/initialize?prefCd=15&kikanCd=SINGX00186&kikanKbn=2", "url2": null, "内容": "さわなか医院【2:診療所】【診療科目:内科】新潟県小千谷市城内３－３－１３" }, "geometry": { "type": "Point", "coordinates": [ 138.789405, 37.313876 ] } },
{ "type": "Feature", "properties": { "ID": "152SINGX00187", "正式名称": "にたはら　こどもクリニック", "機関区分": 2, "都道府県コード": 15, "市区町村コード": 208, "所在地": "新潟県小千谷市桜町４９６２－１", "緯度": 37.31272, "経度": 138.784869, "url": "https://www.iryou.teikyouseido.mhlw.go.jp/znk-web/juminkanja/S2430/initialize?prefCd=15&kikanCd=SINGX00187&kikanKbn=2", "url2": null, "内容": "にたはら　こどもクリニック【2:診療所】【診療科目:小児科_小児皮膚科】新潟県小千谷市桜町４９６２－１" }, "geometry": { "type": "Point", "coordinates": [ 138.784869, 37.31272 ] } },
{ "type": "Feature", "properties": { "ID": "152SINGX00188", "正式名称": "安藤眼科", "機関区分": 2, "都道府県コード": 15, "市区町村コード": 208, "所在地": "新潟県小千谷市本町１丁目４番１７号", "緯度": 37.310309, "経度": 138.800755, "url": "https://www.iryou.teikyouseido.mhlw.go.jp/znk-web/juminkanja/S2430/initialize?prefCd=15&kikanCd=SINGX00188&kikanKbn=2", "url2": "http://www.ando-eye.com", "内容": "安藤眼科【2:診療所】【診療科目:眼科】新潟県小千谷市本町１丁目４番１７号" }, "geometry": { "type": "Point", "coordinates": [ 138.800755, 37.310309 ] } },
{ "type": "Feature", "properties": { "ID": "152SINGX00189", "正式名称": "山下メンタルクリニック", "機関区分": 2, "都道府県コード": 15, "市区町村コード": 208, "所在地": "新潟県小千谷市平沢１丁目５－２６", "緯度": 37.317487, "経度": 138.793979, "url": "https://www.iryou.teikyouseido.mhlw.go.jp/znk-web/juminkanja/S2430/initialize?prefCd=15&kikanCd=SINGX00189&kikanKbn=2", "url2": null, "内容": "山下メンタルクリニック【2:診療所】【診療科目:精神科_神経科_心療内科】新潟県小千谷市平沢１丁目５－２６" }, "geometry": { "type": "Point", "coordinates": [ 138.793979, 37.317487 ] } },
{ "type": "Feature", "properties": { "ID": "152SINGX00192", "正式名称": "山本医院", "機関区分": 2, "都道府県コード": 15, "市区町村コード": 208, "所在地": "新潟県小千谷市桜町５１４７－９", "緯度": 37.313777, "経度": 138.780236, "url": "https://www.iryou.teikyouseido.mhlw.go.jp/znk-web/juminkanja/S2430/initialize?prefCd=15&kikanCd=SINGX00192&kikanKbn=2", "url2": "http://www.yamamoto-iin.org/", "内容": "山本医院【2:診療所】【診療科目:内科_神経内科_脳外科_リハビリテーション科】新潟県小千谷市桜町５１４７－９" }, "geometry": { "type": "Point", "coordinates": [ 138.780236, 37.313777 ] } },
{ "type": "Feature", "properties": { "ID": "152SINGX00194", "正式名称": "公益財団法人新潟県保健衛生センター中越メジカルセンター", "機関区分": 2, "都道府県コード": 15, "市区町村コード": 208, "所在地": "新潟県小千谷市城内２丁目６ー５", "緯度": 37.311166, "経度": 138.790724, "url": "https://www.iryou.teikyouseido.mhlw.go.jp/znk-web/juminkanja/S2430/initialize?prefCd=15&kikanCd=SINGX00194&kikanKbn=2", "url2": null, "内容": "公益財団法人新潟県保健衛生センター中越メジカルセンター【2:診療所】【診療科目:内科】新潟県小千谷市城内２丁目６ー５" }, "geometry": { "type": "Point", "coordinates": [ 138.790724, 37.311166 ] } },
{ "type": "Feature", "properties": { "ID": "152SINGX00197", "正式名称": "戸内整形外科クリニック", "機関区分": 2, "都道府県コード": 15, "市区町村コード": 202, "所在地": "新潟県長岡市荻野１－７－３８", "緯度": 37.472188, "経度": 138.835451, "url": "https://www.iryou.teikyouseido.mhlw.go.jp/znk-web/juminkanja/S2430/initialize?prefCd=15&kikanCd=SINGX00197&kikanKbn=2", "url2": "www.touchi-clinic.com", "内容": "戸内整形外科クリニック【2:診療所】【診療科目:整形外科_リウマチ科_リハビリテーション科】新潟県長岡市荻野１－７－３８" }, "geometry": { "type": "Point", "coordinates": [ 138.835451, 37.472188 ] } },
{ "type": "Feature", "properties": { "ID": "152SINGX00200", "正式名称": "公益財団法人新潟県保健衛生センター県央メジカルセンター", "機関区分": 2, "都道府県コード": 15, "市区町村コード": 211, "所在地": "新潟県見附市本所１丁目２－６４", "緯度": 37.535509, "経度": 138.914229, "url": "https://www.iryou.teikyouseido.mhlw.go.jp/znk-web/juminkanja/S2430/initialize?prefCd=15&kikanCd=SINGX00200&kikanKbn=2", "url2": null, "内容": "公益財団法人新潟県保健衛生センター県央メジカルセンター【2:診療所】【診療科目:内科】新潟県見附市本所１丁目２－６４" }, "geometry": { "type": "Point", "coordinates": [ 138.914229, 37.535509 ] } },
{ "type": "Feature", "properties": { "ID": "152SINGX00202", "正式名称": "おのづかこどもクリニック", "機関区分": 2, "都道府県コード": 15, "市区町村コード": 202, "所在地": "新潟県長岡市喜多町１１４７－３", "緯度": 37.448582, "経度": 138.810902, "url": "https://www.iryou.teikyouseido.mhlw.go.jp/znk-web/juminkanja/S2430/initialize?prefCd=15&kikanCd=SINGX00202&kikanKbn=2", "url2": "https://www.onozuka-children.com/", "内容": "おのづかこどもクリニック【2:診療所】【診療科目:小児科_新生児内科_アレルギー科】新潟県長岡市喜多町１１４７－３" }, "geometry": { "type": "Point", "coordinates": [ 138.810902, 37.448582 ] } },
{ "type": "Feature", "properties": { "ID": "152SINGX00204", "正式名称": "ながおか医療生協協同組合　あたごこどもクリニック", "機関区分": 2, "都道府県コード": 15, "市区町村コード": 202, "所在地": "新潟県長岡市琴平１－２－１", "緯度": 37.459275, "経度": 138.863556, "url": "https://www.iryou.teikyouseido.mhlw.go.jp/znk-web/juminkanja/S2430/initialize?prefCd=15&kikanCd=SINGX00204&kikanKbn=2", "url2": "http://www.nagaoka-iryou-seikyou.jp/clinic_atago/", "内容": "ながおか医療生協協同組合　あたごこどもクリニック【2:診療所】【診療科目:内科_小児科】新潟県長岡市琴平１－２－１" }, "geometry": { "type": "Point", "coordinates": [ 138.863556, 37.459275 ] } },
{ "type": "Feature", "properties": { "ID": "152SINGX00205", "正式名称": "特別養護老人ホームサクラーレ福住医務室", "機関区分": 2, "都道府県コード": 15, "市区町村コード": 202, "所在地": "新潟県長岡市福住２丁目１番７号", "緯度": 37.450829, "経度": 138.857606, "url": "https://www.iryou.teikyouseido.mhlw.go.jp/znk-web/juminkanja/S2430/initialize?prefCd=15&kikanCd=SINGX00205&kikanKbn=2", "url2": null, "内容": "特別養護老人ホームサクラーレ福住医務室【2:診療所】【診療科目:内科】新潟県長岡市福住２丁目１番７号" }, "geometry": { "type": "Point", "coordinates": [ 138.857606, 37.450829 ] } },
{ "type": "Feature", "properties": { "ID": "152SINGX00206", "正式名称": "喜多町むらやまクリニック", "機関区分": 2, "都道府県コード": 15, "市区町村コード": 202, "所在地": "新潟県長岡市喜多町１１４４－１", "緯度": 37.449079, "経度": 138.810965, "url": "https://www.iryou.teikyouseido.mhlw.go.jp/znk-web/juminkanja/S2430/initialize?prefCd=15&kikanCd=SINGX00206&kikanKbn=2", "url2": null, "内容": "喜多町むらやまクリニック【2:診療所】【診療科目:泌尿器科】新潟県長岡市喜多町１１４４－１" }, "geometry": { "type": "Point", "coordinates": [ 138.810965, 37.449079 ] } },
{ "type": "Feature", "properties": { "ID": "152SINGX00208", "正式名称": "栃尾郷クリニック", "機関区分": 2, "都道府県コード": 15, "市区町村コード": 202, "所在地": "新潟県長岡市金町２丁目５番２２号", "緯度": 37.482229, "経度": 138.994553, "url": "https://www.iryou.teikyouseido.mhlw.go.jp/znk-web/juminkanja/S2430/initialize?prefCd=15&kikanCd=SINGX00208&kikanKbn=2", "url2": "https://www.nagachu.jp/tochiogo/", "内容": "栃尾郷クリニック【2:診療所】【診療科目:内科】新潟県長岡市金町２丁目５番２２号" }, "geometry": { "type": "Point", "coordinates": [ 138.994553, 37.482229 ] } },
{ "type": "Feature", "properties": { "ID": "152SINGX00209", "正式名称": "石川医院", "機関区分": 2, "都道府県コード": 15, "市区町村コード": 211, "所在地": "新潟県見附市今町６丁目３番４５号", "緯度": 37.552076, "経度": 138.884035, "url": "https://www.iryou.teikyouseido.mhlw.go.jp/znk-web/juminkanja/S2430/initialize?prefCd=15&kikanCd=SINGX00209&kikanKbn=2", "url2": "https://ishikawa-c.jp/", "内容": "石川医院【2:診療所】【診療科目:内科】新潟県見附市今町６丁目３番４５号" }, "geometry": { "type": "Point", "coordinates": [ 138.884035, 37.552076 ] } },
{ "type": "Feature", "properties": { "ID": "152SINGX00210", "正式名称": "かつみ医院", "機関区分": 2, "都道府県コード": 15, "市区町村コード": 208, "所在地": "新潟県小千谷市東栄１－６－６", "緯度": 37.308538, "経度": 138.811661, "url": "https://www.iryou.teikyouseido.mhlw.go.jp/znk-web/juminkanja/S2430/initialize?prefCd=15&kikanCd=SINGX00210&kikanKbn=2", "url2": "https://www.katsumiclinic.com/", "内容": "かつみ医院【2:診療所】【診療科目:内科_精神科_心療内科】新潟県小千谷市東栄１－６－６" }, "geometry": { "type": "Point", "coordinates": [ 138.811661, 37.308538 ] } },
{ "type": "Feature", "properties": { "ID": "152SINGX00211", "正式名称": "すずき脳神経クリニック", "機関区分": 2, "都道府県コード": 15, "市区町村コード": 202, "所在地": "新潟県長岡市喜多町３０４３", "緯度": 37.453282, "経度": 138.807237, "url": "https://www.iryou.teikyouseido.mhlw.go.jp/znk-web/juminkanja/S2430/initialize?prefCd=15&kikanCd=SINGX00211&kikanKbn=2", "url2": "suzukibrain.byoinnavi.jp", "内容": "すずき脳神経クリニック【2:診療所】【診療科目:内科_神経内科_脳神経外科_リハビリテーション科】新潟県長岡市喜多町３０４３" }, "geometry": { "type": "Point", "coordinates": [ 138.807237, 37.453282 ] } },
{ "type": "Feature", "properties": { "ID": "152SINGX00212", "正式名称": "キャッツこどもクリニック", "機関区分": 2, "都道府県コード": 15, "市区町村コード": 202, "所在地": "新潟県長岡市美沢３丁目４９３番地１", "緯度": 37.443931, "経度": 138.868395, "url": "https://www.iryou.teikyouseido.mhlw.go.jp/znk-web/juminkanja/S2430/initialize?prefCd=15&kikanCd=SINGX00212&kikanKbn=2", "url2": null, "内容": "キャッツこどもクリニック【2:診療所】【診療科目:小児科_皮膚科_精神科_アレルギー科】新潟県長岡市美沢３丁目４９３番地１" }, "geometry": { "type": "Point", "coordinates": [ 138.868395, 37.443931 ] } },
{ "type": "Feature", "properties": { "ID": "152SINGX00213", "正式名称": "髙須メンタルクリニック", "機関区分": 2, "都道府県コード": 15, "市区町村コード": 202, "所在地": "新潟県長岡市大手通１丁目４番地３ドルミー駅前ビル７階", "緯度": 37.446967, "経度": 138.851912, "url": "https://www.iryou.teikyouseido.mhlw.go.jp/znk-web/juminkanja/S2430/initialize?prefCd=15&kikanCd=SINGX00213&kikanKbn=2", "url2": "https://www.takasu-mental-clinic.com/", "内容": "髙須メンタルクリニック【2:診療所】【診療科目:内科_精神科_心療内科】新潟県長岡市大手通１丁目４番地３ドルミー駅前ビル７階" }, "geometry": { "type": "Point", "coordinates": [ 138.851912, 37.446967 ] } },
{ "type": "Feature", "properties": { "ID": "152SINGX00214", "正式名称": "ながおか心のクリニック", "機関区分": 2, "都道府県コード": 15, "市区町村コード": 202, "所在地": "新潟県長岡市千歳１丁目３ー４２", "緯度": 37.436031, "経度": 138.847083, "url": "https://www.iryou.teikyouseido.mhlw.go.jp/znk-web/juminkanja/S2430/initialize?prefCd=15&kikanCd=SINGX00214&kikanKbn=2", "url2": "http://nagakoko.com/", "内容": "ながおか心のクリニック【2:診療所】【診療科目:内科_精神科_心療内科】新潟県長岡市千歳１丁目３ー４２" }, "geometry": { "type": "Point", "coordinates": [ 138.847083, 37.436031 ] } },
{ "type": "Feature", "properties": { "ID": "152SINGX00219", "正式名称": "長岡寺島眼科クリニック", "機関区分": 2, "都道府県コード": 15, "市区町村コード": 202, "所在地": "新潟県長岡市寺島町７３０番地", "緯度": 37.459743, "経度": 138.823972, "url": "https://www.iryou.teikyouseido.mhlw.go.jp/znk-web/juminkanja/S2430/initialize?prefCd=15&kikanCd=SINGX00219&kikanKbn=2", "url2": "http://www.nagaoka-eye.com/", "内容": "長岡寺島眼科クリニック【2:診療所】【診療科目:眼科】新潟県長岡市寺島町７３０番地" }, "geometry": { "type": "Point", "coordinates": [ 138.823972, 37.459743 ] } },
{ "type": "Feature", "properties": { "ID": "152SINGX00220", "正式名称": "菜の花メンタルクリニック", "機関区分": 2, "都道府県コード": 15, "市区町村コード": 202, "所在地": "新潟県長岡市高見町３０２０－２", "緯度": 37.511261, "経度": 138.861063, "url": "https://www.iryou.teikyouseido.mhlw.go.jp/znk-web/juminkanja/S2430/initialize?prefCd=15&kikanCd=SINGX00220&kikanKbn=2", "url2": null, "内容": "菜の花メンタルクリニック【2:診療所】【診療科目:内科_精神科_心療内科】新潟県長岡市高見町３０２０－２" }, "geometry": { "type": "Point", "coordinates": [ 138.861063, 37.511261 ] } },
{ "type": "Feature", "properties": { "ID": "152SINGX00221", "正式名称": "江陽高田医院", "機関区分": 2, "都道府県コード": 15, "市区町村コード": 202, "所在地": "新潟県長岡市藤沢１丁目８－１７", "緯度": 37.475985, "経度": 138.839431, "url": "https://www.iryou.teikyouseido.mhlw.go.jp/znk-web/juminkanja/S2430/initialize?prefCd=15&kikanCd=SINGX00221&kikanKbn=2", "url2": "https://koyotakata.com/", "内容": "江陽高田医院【2:診療所】【診療科目:内科_糖尿病内科_腎臓内科_歯科】新潟県長岡市藤沢１丁目８－１７" }, "geometry": { "type": "Point", "coordinates": [ 138.839431, 37.475985 ] } },
{ "type": "Feature", "properties": { "ID": "152SINGX00223", "正式名称": "ふくはら内科クリニック", "機関区分": 2, "都道府県コード": 15, "市区町村コード": 202, "所在地": "新潟県長岡市美沢二丁目５７－８", "緯度": 37.440994, "経度": 138.865001, "url": "https://www.iryou.teikyouseido.mhlw.go.jp/znk-web/juminkanja/S2430/initialize?prefCd=15&kikanCd=SINGX00223&kikanKbn=2", "url2": null, "内容": "ふくはら内科クリニック【2:診療所】【診療科目:内科_消化器内科】新潟県長岡市美沢二丁目５７－８" }, "geometry": { "type": "Point", "coordinates": [ 138.865001, 37.440994 ] } },
{ "type": "Feature", "properties": { "ID": "152SINGX00225", "正式名称": "はしもと眼科クリニック", "機関区分": 2, "都道府県コード": 15, "市区町村コード": 202, "所在地": "新潟県長岡市荻野１丁目７番１３号はしもと眼科クリニック", "緯度": 37.472514, "経度": 138.835526, "url": "https://www.iryou.teikyouseido.mhlw.go.jp/znk-web/juminkanja/S2430/initialize?prefCd=15&kikanCd=SINGX00225&kikanKbn=2", "url2": "https://www.hashimotoganka.com/", "内容": "はしもと眼科クリニック【2:診療所】【診療科目:眼科】新潟県長岡市荻野１丁目７番１３号はしもと眼科クリニック" }, "geometry": { "type": "Point", "coordinates": [ 138.835526, 37.472514 ] } },
{ "type": "Feature", "properties": { "ID": "152SINGX00226", "正式名称": "おくむら耳鼻科クリニック", "機関区分": 2, "都道府県コード": 15, "市区町村コード": 202, "所在地": "新潟県長岡市花園南１丁目６４番地", "緯度": 37.428868, "経度": 138.862664, "url": "https://www.iryou.teikyouseido.mhlw.go.jp/znk-web/juminkanja/S2430/initialize?prefCd=15&kikanCd=SINGX00226&kikanKbn=2", "url2": "https://okumura-jibika.com/", "内容": "おくむら耳鼻科クリニック【2:診療所】【診療科目:耳鼻いんこう科_アレルギー科】新潟県長岡市花園南１丁目６４番地" }, "geometry": { "type": "Point", "coordinates": [ 138.862664, 37.428868 ] } },
{ "type": "Feature", "properties": { "ID": "152SINGX00227", "正式名称": "黒条内科・消化器クリニック", "機関区分": 2, "都道府県コード": 15, "市区町村コード": 202, "所在地": "新潟県長岡市下々条町２８３６－１", "緯度": 37.493695, "経度": 138.862002, "url": "https://www.iryou.teikyouseido.mhlw.go.jp/znk-web/juminkanja/S2430/initialize?prefCd=15&kikanCd=SINGX00227&kikanKbn=2", "url2": "http://kurojonaika.byoinnavi.jp/pc/", "内容": "黒条内科・消化器クリニック【2:診療所】【診療科目:内科_消化器内科】新潟県長岡市下々条町２８３６－１" }, "geometry": { "type": "Point", "coordinates": [ 138.862002, 37.493695 ] } },
{ "type": "Feature", "properties": { "ID": "152SINGX00228", "正式名称": "あさひおか内科・内視鏡クリニック", "機関区分": 2, "都道府県コード": 15, "市区町村コード": 202, "所在地": "新潟県長岡市旭岡１丁目２９－２", "緯度": 37.424104, "経度": 138.856921, "url": "https://www.iryou.teikyouseido.mhlw.go.jp/znk-web/juminkanja/S2430/initialize?prefCd=15&kikanCd=SINGX00228&kikanKbn=2", "url2": null, "内容": "あさひおか内科・内視鏡クリニック【2:診療所】【診療科目:内科_消化器内科_内視鏡内科】新潟県長岡市旭岡１丁目２９－２" }, "geometry": { "type": "Point", "coordinates": [ 138.856921, 37.424104 ] } },
{ "type": "Feature", "properties": { "ID": "152SINGX00229", "正式名称": "エールホームクリニック", "機関区分": 2, "都道府県コード": 15, "市区町村コード": 202, "所在地": "新潟県長岡市下柳１丁目１０番１３号", "緯度": 37.471138, "経度": 138.833617, "url": "https://www.iryou.teikyouseido.mhlw.go.jp/znk-web/juminkanja/S2430/initialize?prefCd=15&kikanCd=SINGX00229&kikanKbn=2", "url2": "https://mbv.or.jp/ailehome", "内容": "エールホームクリニック【2:診療所】【診療科目:内科_呼吸器内科_腎臓内科_小児科_皮膚科_アレルギー科_リウマチ科】新潟県長岡市下柳１丁目１０番１３号" }, "geometry": { "type": "Point", "coordinates": [ 138.833617, 37.471138 ] } },
{ "type": "Feature", "properties": { "ID": "152SINGX00230", "正式名称": "田村クリニック", "機関区分": 2, "都道府県コード": 15, "市区町村コード": 202, "所在地": "新潟県長岡市新保１丁目２０番９号", "緯度": 37.462785, "経度": 138.866316, "url": "https://www.iryou.teikyouseido.mhlw.go.jp/znk-web/juminkanja/S2430/initialize?prefCd=15&kikanCd=SINGX00230&kikanKbn=2", "url2": "http://tamura-cl.com/", "内容": "田村クリニック【2:診療所】【診療科目:内科_皮膚科_泌尿器科】新潟県長岡市新保１丁目２０番９号" }, "geometry": { "type": "Point", "coordinates": [ 138.866316, 37.462785 ] } },
{ "type": "Feature", "properties": { "ID": "152SINGX00231", "正式名称": "みつまクリニック", "機関区分": 2, "都道府県コード": 15, "市区町村コード": 202, "所在地": "新潟県長岡市表町４丁目１番地７", "緯度": 37.451609, "経度": 138.848592, "url": "https://www.iryou.teikyouseido.mhlw.go.jp/znk-web/juminkanja/S2430/initialize?prefCd=15&kikanCd=SINGX00231&kikanKbn=2", "url2": "https://mitsuma-clinic.jp/", "内容": "みつまクリニック【2:診療所】【診療科目:内科_循環器内科】新潟県長岡市表町４丁目１番地７" }, "geometry": { "type": "Point", "coordinates": [ 138.848592, 37.451609 ] } },
{ "type": "Feature", "properties": { "ID": "152SINGX00232", "正式名称": "長岡こころの発達クリニック", "機関区分": 2, "都道府県コード": 15, "市区町村コード": 202, "所在地": "新潟県長岡市旭岡１−２９−３", "緯度": 37.423937, "経度": 138.856914, "url": "https://www.iryou.teikyouseido.mhlw.go.jp/znk-web/juminkanja/S2430/initialize?prefCd=15&kikanCd=SINGX00232&kikanKbn=2", "url2": "https://nagaoka-kokoro.com", "内容": "長岡こころの発達クリニック【2:診療所】【診療科目:児童精神科_精神科_心療内科】新潟県長岡市旭岡１−２９−３" }, "geometry": { "type": "Point", "coordinates": [ 138.856914, 37.423937 ] } },
{ "type": "Feature", "properties": { "ID": "152SINGX00233", "正式名称": "さの整形外科クリニック", "機関区分": 2, "都道府県コード": 15, "市区町村コード": 202, "所在地": "新潟県長岡市左近３丁目６２－１", "緯度": 37.431923, "経度": 138.83781, "url": "https://www.iryou.teikyouseido.mhlw.go.jp/znk-web/juminkanja/S2430/initialize?prefCd=15&kikanCd=SINGX00233&kikanKbn=2", "url2": "https://www.sano-seikei.com/", "内容": "さの整形外科クリニック【2:診療所】【診療科目:整形外科_リウマチ科_リハビリテーション科】新潟県長岡市左近３丁目６２－１" }, "geometry": { "type": "Point", "coordinates": [ 138.83781, 37.431923 ] } },
{ "type": "Feature", "properties": { "ID": "152SINGX00235", "正式名称": "おやなぎアレルギークリニック", "機関区分": 2, "都道府県コード": 15, "市区町村コード": 202, "所在地": "新潟県長岡市左近３－６１－２", "緯度": 37.430789, "経度": 138.838323, "url": "https://www.iryou.teikyouseido.mhlw.go.jp/znk-web/juminkanja/S2430/initialize?prefCd=15&kikanCd=SINGX00235&kikanKbn=2", "url2": "https://oyanagiallergyclinic.com", "内容": "おやなぎアレルギークリニック【2:診療所】【診療科目:小児科_アレルギー科】新潟県長岡市左近３－６１－２" }, "geometry": { "type": "Point", "coordinates": [ 138.838323, 37.430789 ] } },
{ "type": "Feature", "properties": { "ID": "152SINGX00236", "正式名称": "耳鼻咽喉科　斎藤医院", "機関区分": 2, "都道府県コード": 15, "市区町村コード": 202, "所在地": "新潟県長岡市山田３丁目１番３号", "緯度": 37.446965, "経度": 138.841579, "url": "https://www.iryou.teikyouseido.mhlw.go.jp/znk-web/juminkanja/S2430/initialize?prefCd=15&kikanCd=SINGX00236&kikanKbn=2", "url2": null, "内容": "耳鼻咽喉科　斎藤医院【2:診療所】【診療科目:耳鼻いんこう科】新潟県長岡市山田３丁目１番３号" }, "geometry": { "type": "Point", "coordinates": [ 138.841579, 37.446965 ] } },
{ "type": "Feature", "properties": { "ID": "152SINGX00237", "正式名称": "旭岡アイクリニック", "機関区分": 2, "都道府県コード": 15, "市区町村コード": 202, "所在地": "新潟県長岡市旭岡２丁目２７０番地", "緯度": 37.42487, "経度": 138.85681, "url": "https://www.iryou.teikyouseido.mhlw.go.jp/znk-web/juminkanja/S2430/initialize?prefCd=15&kikanCd=SINGX00237&kikanKbn=2", "url2": "https://www.asahioka-eey.jp", "内容": "旭岡アイクリニック【2:診療所】【診療科目:眼科】新潟県長岡市旭岡２丁目２７０番地" }, "geometry": { "type": "Point", "coordinates": [ 138.85681, 37.42487 ] } },
{ "type": "Feature", "properties": { "ID": "152SINGX00238", "正式名称": "加藤耳鼻咽喉科クリニック", "機関区分": 2, "都道府県コード": 15, "市区町村コード": 208, "所在地": "新潟県小千谷市平成１丁目２番７号", "緯度": 37.310561, "経度": 138.794325, "url": "https://www.iryou.teikyouseido.mhlw.go.jp/znk-web/juminkanja/S2430/initialize?prefCd=15&kikanCd=SINGX00238&kikanKbn=2", "url2": "https://www.katojibika.jp", "内容": "加藤耳鼻咽喉科クリニック【2:診療所】【診療科目:頭頸部・耳鼻いんこう科_アレルギー科】新潟県小千谷市平成１丁目２番７号" }, "geometry": { "type": "Point", "coordinates": [ 138.794325, 37.310561 ] } },
{ "type": "Feature", "properties": { "ID": "152SINGX00239", "正式名称": "みつけこどもクリニック", "機関区分": 2, "都道府県コード": 15, "市区町村コード": 211, "所在地": "新潟県見附市新町３丁目８番５－１号", "緯度": 37.524072, "経度": 138.91982, "url": "https://www.iryou.teikyouseido.mhlw.go.jp/znk-web/juminkanja/S2430/initialize?prefCd=15&kikanCd=SINGX00239&kikanKbn=2", "url2": "https://mitsukecc.com/", "内容": "みつけこどもクリニック【2:診療所】【診療科目:小児科_アレルギー科】新潟県見附市新町３丁目８番５－１号" }, "geometry": { "type": "Point", "coordinates": [ 138.91982, 37.524072 ] } },
{ "type": "Feature", "properties": { "ID": "152SINGX00240", "正式名称": "見附メンタルクリニック", "機関区分": 2, "都道府県コード": 15, "市区町村コード": 211, "所在地": "新潟県見附市新町３－８－８－１", "緯度": 37.524072, "経度": 138.91982, "url": "https://www.iryou.teikyouseido.mhlw.go.jp/znk-web/juminkanja/S2430/initialize?prefCd=15&kikanCd=SINGX00240&kikanKbn=2", "url2": null, "内容": "見附メンタルクリニック【2:診療所】【診療科目:精神科_心療内科】新潟県見附市新町３－８－８－１" }, "geometry": { "type": "Point", "coordinates": [ 138.91982, 37.524072 ] } },
{ "type": "Feature", "properties": { "ID": "152SINGX00241", "正式名称": "見附たなはしクリニック", "機関区分": 2, "都道府県コード": 15, "市区町村コード": 211, "所在地": "新潟県見附市新町３丁目７ー１号", "緯度": 37.525307, "経度": 138.919994, "url": "https://www.iryou.teikyouseido.mhlw.go.jp/znk-web/juminkanja/S2430/initialize?prefCd=15&kikanCd=SINGX00241&kikanKbn=2", "url2": null, "内容": "見附たなはしクリニック【2:診療所】【診療科目:内科_糖尿病・内分泌内科】新潟県見附市新町３丁目７ー１号" }, "geometry": { "type": "Point", "coordinates": [ 138.919994, 37.525307 ] } },
{ "type": "Feature", "properties": { "ID": "152SINGX00242", "正式名称": "保川内科医院", "機関区分": 2, "都道府県コード": 15, "市区町村コード": 202, "所在地": "新潟県長岡市摂田屋町７６３－１", "緯度": 37.412698, "経度": 138.847133, "url": "https://www.iryou.teikyouseido.mhlw.go.jp/znk-web/juminkanja/S2430/initialize?prefCd=15&kikanCd=SINGX00242&kikanKbn=2", "url2": null, "内容": "保川内科医院【2:診療所】【診療科目:内科_腎臓内科】新潟県長岡市摂田屋町７６３－１" }, "geometry": { "type": "Point", "coordinates": [ 138.847133, 37.412698 ] } },
{ "type": "Feature", "properties": { "ID": "152SINGX00243", "正式名称": "エールホームクリニック長岡", "機関区分": 2, "都道府県コード": 15, "市区町村コード": 202, "所在地": "新潟県長岡市坂之上町２丁目３番地２０　米百俵プレイス北館", "緯度": 37.448823, "経度": 138.850105, "url": "https://www.iryou.teikyouseido.mhlw.go.jp/znk-web/juminkanja/S2430/initialize?prefCd=15&kikanCd=SINGX00243&kikanKbn=2", "url2": "http://mbv.or.jp/ailehome", "内容": "エールホームクリニック長岡【2:診療所】【診療科目:内科_呼吸器内科_皮膚科_美容皮膚科_アレルギー科_リウマチ科】新潟県長岡市坂之上町２丁目３番地２０　米百俵プレイス北館" }, "geometry": { "type": "Point", "coordinates": [ 138.850105, 37.448823 ] } },
{ "type": "Feature", "properties": { "ID": "152SINGX00244", "正式名称": "すとく・おれんじクリニック", "機関区分": 2, "都道府県コード": 15, "市区町村コード": 202, "所在地": "新潟県長岡市坂之上町２－３－２０", "緯度": 37.448961, "経度": 138.849674, "url": "https://www.iryou.teikyouseido.mhlw.go.jp/znk-web/juminkanja/S2430/initialize?prefCd=15&kikanCd=SINGX00244&kikanKbn=2", "url2": null, "内容": "すとく・おれんじクリニック【2:診療所】【診療科目:脳神経内科_精神科】新潟県長岡市坂之上町２－３－２０" }, "geometry": { "type": "Point", "coordinates": [ 138.849674, 37.448961 ] } },
{ "type": "Feature", "properties": { "ID": "152SINGX00245", "正式名称": "湘南美容クリニック長岡院", "機関区分": 2, "都道府県コード": 15, "市区町村コード": 202, "所在地": "新潟県長岡市城内町一丁目６１１番地１ＣｏＣｏＬｏ長岡Ｍ２階", "緯度": 37.448014, "経度": 138.854046, "url": "https://www.iryou.teikyouseido.mhlw.go.jp/znk-web/juminkanja/S2430/initialize?prefCd=15&kikanCd=SINGX00245&kikanKbn=2", "url2": "https://www.s-b-c.net/clinic/branch/nagaoka/", "内容": "湘南美容クリニック長岡院【2:診療所】【診療科目:美容外科_美容皮膚科】新潟県長岡市城内町一丁目６１１番地１ＣｏＣｏＬｏ長岡Ｍ２階" }, "geometry": { "type": "Point", "coordinates": [ 138.854046, 37.448014 ] } },
{ "type": "Feature", "properties": { "ID": "152SINGX00246", "正式名称": "ひがし小千谷耳鼻咽喉科", "機関区分": 2, "都道府県コード": 15, "市区町村コード": 208, "所在地": "新潟県小千谷市旭町５－２", "緯度": 37.306393, "経度": 138.813977, "url": "https://www.iryou.teikyouseido.mhlw.go.jp/znk-web/juminkanja/S2430/initialize?prefCd=15&kikanCd=SINGX00246&kikanKbn=2", "url2": "https://east-ojiya-ent.com/", "内容": "ひがし小千谷耳鼻咽喉科【2:診療所】【診療科目:耳鼻いんこう科】新潟県小千谷市旭町５－２" }, "geometry": { "type": "Point", "coordinates": [ 138.813977, 37.306393 ] } },
{ "type": "Feature", "properties": { "ID": "152SINGX00248", "正式名称": "たくぼ整形外科クリニック", "機関区分": 2, "都道府県コード": 15, "市区町村コード": 202, "所在地": "新潟県長岡市緑町１丁目１３２番地２", "緯度": 37.450039, "経度": 138.822208, "url": "https://www.iryou.teikyouseido.mhlw.go.jp/znk-web/juminkanja/S2430/initialize?prefCd=15&kikanCd=SINGX00248&kikanKbn=2", "url2": "https://takubo-seikei.com", "内容": "たくぼ整形外科クリニック【2:診療所】【診療科目:整形外科_リウマチ科_リハビリテーション科】新潟県長岡市緑町１丁目１３２番地２" }, "geometry": { "type": "Point", "coordinates": [ 138.822208, 37.450039 ] } },
{ "type": "Feature", "properties": { "ID": "152SINGX00250", "正式名称": "八幡産科婦人科医院", "機関区分": 2, "都道府県コード": 15, "市区町村コード": 202, "所在地": "新潟県長岡市稲保南３丁目７６６ー２７", "緯度": 37.47626, "経度": 138.87534, "url": "https://www.iryou.teikyouseido.mhlw.go.jp/znk-web/juminkanja/S2430/initialize?prefCd=15&kikanCd=SINGX00250&kikanKbn=2", "url2": null, "内容": "八幡産科婦人科医院【2:診療所】【診療科目:産科_婦人科】新潟県長岡市稲保南３丁目７６６ー２７" }, "geometry": { "type": "Point", "coordinates": [ 138.87534, 37.47626 ] } },
{ "type": "Feature", "properties": { "ID": "152SINGX00252", "正式名称": "たかはしこどもクリニック", "機関区分": 2, "都道府県コード": 15, "市区町村コード": 211, "所在地": "新潟県見附市市野坪町３３７番４", "緯度": 37.533366, "経度": 138.906866, "url": "https://www.iryou.teikyouseido.mhlw.go.jp/znk-web/juminkanja/S2430/initialize?prefCd=15&kikanCd=SINGX00252&kikanKbn=2", "url2": "https://takahashi2025cc.com/", "内容": "たかはしこどもクリニック【2:診療所】【診療科目:小児科】新潟県見附市市野坪町３３７番４" }, "geometry": { "type": "Point", "coordinates": [ 138.906866, 37.533366 ] } },
{ "type": "Feature", "properties": { "ID": "152SINTX00001", "正式名称": "五泉市保健センター", "機関区分": 2, "都道府県コード": 15, "市区町村コード": 218, "所在地": "新潟県五泉市太田４３８番地１", "緯度": 37.745475, "経度": 139.182067, "url": "https://www.iryou.teikyouseido.mhlw.go.jp/znk-web/juminkanja/S2430/initialize?prefCd=15&kikanCd=SINTX00001&kikanKbn=2", "url2": null, "内容": "五泉市保健センター【2:診療所】【診療科目:内科】新潟県五泉市太田４３８番地１" }, "geometry": { "type": "Point", "coordinates": [ 139.182067, 37.745475 ] } },
{ "type": "Feature", "properties": { "ID": "152SINTX00002", "正式名称": "篠川内科医院", "機関区分": 2, "都道府県コード": 15, "市区町村コード": 218, "所在地": "新潟県五泉市本町６－２－３３", "緯度": 37.744778, "経度": 139.175834, "url": "https://www.iryou.teikyouseido.mhlw.go.jp/znk-web/juminkanja/S2430/initialize?prefCd=15&kikanCd=SINTX00002&kikanKbn=2", "url2": "http://www.gosen-tokan.jp/doctors/gosen/sasagawa/index.html", "内容": "篠川内科医院【2:診療所】【診療科目:内科】新潟県五泉市本町６－２－３３" }, "geometry": { "type": "Point", "coordinates": [ 139.175834, 37.744778 ] } },
{ "type": "Feature", "properties": { "ID": "152SINTX00004", "正式名称": "第二いずみの里　医務室", "機関区分": 2, "都道府県コード": 15, "市区町村コード": 218, "所在地": "新潟県五泉市中川新１４９８番地", "緯度": 37.710989, "経度": 139.231886, "url": "https://www.iryou.teikyouseido.mhlw.go.jp/znk-web/juminkanja/S2430/initialize?prefCd=15&kikanCd=SINTX00004&kikanKbn=2", "url2": null, "内容": "第二いずみの里　医務室【2:診療所】【診療科目:内科】新潟県五泉市中川新１４９８番地" }, "geometry": { "type": "Point", "coordinates": [ 139.231886, 37.710989 ] } },
{ "type": "Feature", "properties": { "ID": "152SINTX00006", "正式名称": "医療法人社団　佐野眼科医院", "機関区分": 2, "都道府県コード": 15, "市区町村コード": 218, "所在地": "新潟県五泉市南本町１−５−３", "緯度": 37.733601, "経度": 139.176346, "url": "https://www.iryou.teikyouseido.mhlw.go.jp/znk-web/juminkanja/S2430/initialize?prefCd=15&kikanCd=SINTX00006&kikanKbn=2", "url2": "http://sano-ganka.byoinnavi.jp/", "内容": "医療法人社団　佐野眼科医院【2:診療所】【診療科目:眼科】新潟県五泉市南本町１−５−３" }, "geometry": { "type": "Point", "coordinates": [ 139.176346, 37.733601 ] } },
{ "type": "Feature", "properties": { "ID": "152SINTX00007", "正式名称": "医療法人社団　たかうち医院", "機関区分": 2, "都道府県コード": 15, "市区町村コード": 218, "所在地": "新潟県五泉市赤海２－６－２", "緯度": 37.735151, "経度": 139.193782, "url": "https://www.iryou.teikyouseido.mhlw.go.jp/znk-web/juminkanja/S2430/initialize?prefCd=15&kikanCd=SINTX00007&kikanKbn=2", "url2": null, "内容": "医療法人社団　たかうち医院【2:診療所】【診療科目:内科_小児科_産婦人科】新潟県五泉市赤海２－６－２" }, "geometry": { "type": "Point", "coordinates": [ 139.193782, 37.735151 ] } },
{ "type": "Feature", "properties": { "ID": "152SINTX00008", "正式名称": "医療法人社団六泉会　五泉六島クリニック", "機関区分": 2, "都道府県コード": 15, "市区町村コード": 218, "所在地": "新潟県五泉市三本木２－８－１４", "緯度": 37.753566, "経度": 139.172935, "url": "https://www.iryou.teikyouseido.mhlw.go.jp/znk-web/juminkanja/S2430/initialize?prefCd=15&kikanCd=SINTX00008&kikanKbn=2", "url2": "gosen-rokushima-clinic.jp", "内容": "医療法人社団六泉会　五泉六島クリニック【2:診療所】【診療科目:内科_人工透析内科_小児科_放射線科】新潟県五泉市三本木２－８－１４" }, "geometry": { "type": "Point", "coordinates": [ 139.172935, 37.753566 ] } },
{ "type": "Feature", "properties": { "ID": "152SINTX00009", "正式名称": "渡辺内科", "機関区分": 2, "都道府県コード": 15, "市区町村コード": 218, "所在地": "新潟県五泉市吉沢１－９－１９", "緯度": 37.738119, "経度": 139.180125, "url": "https://www.iryou.teikyouseido.mhlw.go.jp/znk-web/juminkanja/S2430/initialize?prefCd=15&kikanCd=SINTX00009&kikanKbn=2", "url2": "gosen-clinic.com", "内容": "渡辺内科【2:診療所】【診療科目:内科_消化器内科_小児科_児童精神科】新潟県五泉市吉沢１－９－１９" }, "geometry": { "type": "Point", "coordinates": [ 139.180125, 37.738119 ] } },
{ "type": "Feature", "properties": { "ID": "152SINTX00011", "正式名称": "五十嵐整形外科・歯科", "機関区分": 2, "都道府県コード": 15, "市区町村コード": 218, "所在地": "新潟県五泉市南本町３丁目９４８－１", "緯度": 37.730962, "経度": 139.177674, "url": "https://www.iryou.teikyouseido.mhlw.go.jp/znk-web/juminkanja/S2430/initialize?prefCd=15&kikanCd=SINTX00011&kikanKbn=2", "url2": null, "内容": "五十嵐整形外科・歯科【2:診療所】【診療科目:整形外科_歯科_リハビリテーション科】新潟県五泉市南本町３丁目９４８－１" }, "geometry": { "type": "Point", "coordinates": [ 139.177674, 37.730962 ] } },
{ "type": "Feature", "properties": { "ID": "152SINTX00012", "正式名称": "特別養護老人ホーム菅名の里　医務室", "機関区分": 2, "都道府県コード": 15, "市区町村コード": 218, "所在地": "新潟県五泉市馬下１８１４番地１９", "緯度": 37.736719, "経度": 139.270198, "url": "https://www.iryou.teikyouseido.mhlw.go.jp/znk-web/juminkanja/S2430/initialize?prefCd=15&kikanCd=SINTX00012&kikanKbn=2", "url2": null, "内容": "特別養護老人ホーム菅名の里　医務室【2:診療所】【診療科目:内科】新潟県五泉市馬下１８１４番地１９" }, "geometry": { "type": "Point", "coordinates": [ 139.270198, 37.736719 ] } },
{ "type": "Feature", "properties": { "ID": "152SINTX00013", "正式名称": "医療法人社団　佐藤医院", "機関区分": 2, "都道府県コード": 15, "市区町村コード": 218, "所在地": "新潟県五泉市本町３－２－３０", "緯度": 37.740667, "経度": 139.176133, "url": "https://www.iryou.teikyouseido.mhlw.go.jp/znk-web/juminkanja/S2430/initialize?prefCd=15&kikanCd=SINTX00013&kikanKbn=2", "url2": null, "内容": "医療法人社団　佐藤医院【2:診療所】【診療科目:内科_消化器内科_外科】新潟県五泉市本町３－２－３０" }, "geometry": { "type": "Point", "coordinates": [ 139.176133, 37.740667 ] } },
{ "type": "Feature", "properties": { "ID": "152SINTX00015", "正式名称": "こやま整形外科", "機関区分": 2, "都道府県コード": 15, "市区町村コード": 218, "所在地": "新潟県五泉市駅前１－３－３１", "緯度": 37.735672, "経度": 139.179531, "url": "https://www.iryou.teikyouseido.mhlw.go.jp/znk-web/juminkanja/S2430/initialize?prefCd=15&kikanCd=SINTX00015&kikanKbn=2", "url2": null, "内容": "こやま整形外科【2:診療所】【診療科目:整形外科_リハビリテーション科】新潟県五泉市駅前１－３－３１" }, "geometry": { "type": "Point", "coordinates": [ 139.179531, 37.735672 ] } },
{ "type": "Feature", "properties": { "ID": "152SINTX00016", "正式名称": "やまむら整形外科医院", "機関区分": 2, "都道府県コード": 15, "市区町村コード": 218, "所在地": "新潟県五泉市太田２－２－１４やまむら整形外科医院", "緯度": 37.742578, "経度": 139.185713, "url": "https://www.iryou.teikyouseido.mhlw.go.jp/znk-web/juminkanja/S2430/initialize?prefCd=15&kikanCd=SINTX00016&kikanKbn=2", "url2": null, "内容": "やまむら整形外科医院【2:診療所】【診療科目:整形外科_リハビリテーション科】新潟県五泉市太田２－２－１４やまむら整形外科医院" }, "geometry": { "type": "Point", "coordinates": [ 139.185713, 37.742578 ] } },
{ "type": "Feature", "properties": { "ID": "152SINTX00017", "正式名称": "北五泉クリニック", "機関区分": 2, "都道府県コード": 15, "市区町村コード": 218, "所在地": "新潟県五泉市三本木３０４２－２", "緯度": 37.750811, "経度": 139.180381, "url": "https://www.iryou.teikyouseido.mhlw.go.jp/znk-web/juminkanja/S2430/initialize?prefCd=15&kikanCd=SINTX00017&kikanKbn=2", "url2": "http://kitagosen.byoinnavi.jp", "内容": "北五泉クリニック【2:診療所】【診療科目:内科_小児科_リウマチ科_リハビリテーション科】新潟県五泉市三本木３０４２－２" }, "geometry": { "type": "Point", "coordinates": [ 139.180381, 37.750811 ] } },
{ "type": "Feature", "properties": { "ID": "152SINTX00019", "正式名称": "特別養護老人ホーム愛松園診療所", "機関区分": 2, "都道府県コード": 15, "市区町村コード": 218, "所在地": "新潟県五泉市番坂新１７４番地２特別養護老人ホーム愛松園", "緯度": 37.686709, "経度": 139.196549, "url": "https://www.iryou.teikyouseido.mhlw.go.jp/znk-web/juminkanja/S2430/initialize?prefCd=15&kikanCd=SINTX00019&kikanKbn=2", "url2": "https://www.sakurafukusihoken.jp/", "内容": "特別養護老人ホーム愛松園診療所【2:診療所】【診療科目:内科】新潟県五泉市番坂新１７４番地２特別養護老人ホーム愛松園" }, "geometry": { "type": "Point", "coordinates": [ 139.196549, 37.686709 ] } },
{ "type": "Feature", "properties": { "ID": "152SINTX00020", "正式名称": "石曽根医院", "機関区分": 2, "都道府県コード": 15, "市区町村コード": 218, "所在地": "新潟県五泉市石曽根７９９０", "緯度": 37.696581, "経度": 139.183769, "url": "https://www.iryou.teikyouseido.mhlw.go.jp/znk-web/juminkanja/S2430/initialize?prefCd=15&kikanCd=SINTX00020&kikanKbn=2", "url2": null, "内容": "石曽根医院【2:診療所】【診療科目:内科】新潟県五泉市石曽根７９９０" }, "geometry": { "type": "Point", "coordinates": [ 139.183769, 37.696581 ] } },
{ "type": "Feature", "properties": { "ID": "152SINTX00021", "正式名称": "医療法人社団梁取医院", "機関区分": 2, "都道府県コード": 15, "市区町村コード": 218, "所在地": "新潟県五泉市村松乙６５５番地１", "緯度": 37.69364, "経度": 139.175, "url": "https://www.iryou.teikyouseido.mhlw.go.jp/znk-web/juminkanja/S2430/initialize?prefCd=15&kikanCd=SINTX00021&kikanKbn=2", "url2": null, "内容": "医療法人社団梁取医院【2:診療所】【診療科目:内科_消化器内科_胃腸内科】新潟県五泉市村松乙６５５番地１" }, "geometry": { "type": "Point", "coordinates": [ 139.175, 37.69364 ] } },
{ "type": "Feature", "properties": { "ID": "152SINTX00022", "正式名称": "医療法人社団　金子医院", "機関区分": 2, "都道府県コード": 15, "市区町村コード": 218, "所在地": "新潟県五泉市村松甲１７７２", "緯度": 37.685207, "経度": 139.16573, "url": "https://www.iryou.teikyouseido.mhlw.go.jp/znk-web/juminkanja/S2430/initialize?prefCd=15&kikanCd=SINTX00022&kikanKbn=2", "url2": null, "内容": "医療法人社団　金子医院【2:診療所】【診療科目:内科_循環器内科_小児科】新潟県五泉市村松甲１７７２" }, "geometry": { "type": "Point", "coordinates": [ 139.16573, 37.685207 ] } },
{ "type": "Feature", "properties": { "ID": "152SINTX00026", "正式名称": "特別養護老人ホームうずらはし医務室", "機関区分": 2, "都道府県コード": 15, "市区町村コード": 218, "所在地": "新潟県五泉市橋田丙４９７―２", "緯度": 37.729813, "経度": 139.1367, "url": "https://www.iryou.teikyouseido.mhlw.go.jp/znk-web/juminkanja/S2430/initialize?prefCd=15&kikanCd=SINTX00026&kikanKbn=2", "url2": null, "内容": "特別養護老人ホームうずらはし医務室【2:診療所】【診療科目:内科】新潟県五泉市橋田丙４９７―２" }, "geometry": { "type": "Point", "coordinates": [ 139.1367, 37.729813 ] } },
{ "type": "Feature", "properties": { "ID": "152SINTX00027", "正式名称": "大日方医院", "機関区分": 2, "都道府県コード": 15, "市区町村コード": 218, "所在地": "新潟県五泉市寺沢３丁目２－１", "緯度": 37.732107, "経度": 139.183249, "url": "https://www.iryou.teikyouseido.mhlw.go.jp/znk-web/juminkanja/S2430/initialize?prefCd=15&kikanCd=SINTX00027&kikanKbn=2", "url2": "http://www.obinata-med.com/", "内容": "大日方医院【2:診療所】【診療科目:内科_消化器内科_外科_肛門外科_リハビリテーション科】新潟県五泉市寺沢３丁目２－１" }, "geometry": { "type": "Point", "coordinates": [ 139.183249, 37.732107 ] } },
{ "type": "Feature", "properties": { "ID": "152SINTX00028", "正式名称": "五泉市東蒲原郡医師会夜間診療所", "機関区分": 2, "都道府県コード": 15, "市区町村コード": 218, "所在地": "新潟県五泉市本町１丁目５番１８号", "緯度": 37.736926, "経度": 139.176965, "url": "https://www.iryou.teikyouseido.mhlw.go.jp/znk-web/juminkanja/S2430/initialize?prefCd=15&kikanCd=SINTX00028&kikanKbn=2", "url2": "http://www.gosen-tokan.jp", "内容": "五泉市東蒲原郡医師会夜間診療所【2:診療所】【診療科目:内科_小児科】新潟県五泉市本町１丁目５番１８号" }, "geometry": { "type": "Point", "coordinates": [ 139.176965, 37.736926 ] } },
{ "type": "Feature", "properties": { "ID": "152SINTX00030", "正式名称": "たけだ内科クリニック", "機関区分": 2, "都道府県コード": 15, "市区町村コード": 218, "所在地": "新潟県五泉市村松１２８８－１", "緯度": 37.698774, "経度": 139.177301, "url": "https://www.iryou.teikyouseido.mhlw.go.jp/znk-web/juminkanja/S2430/initialize?prefCd=15&kikanCd=SINTX00030&kikanKbn=2", "url2": "https://takedanaika.com", "内容": "たけだ内科クリニック【2:診療所】【診療科目:内科_循環器内科_消化器内科_内視鏡内科_小児科】新潟県五泉市村松１２８８－１" }, "geometry": { "type": "Point", "coordinates": [ 139.177301, 37.698774 ] } },
{ "type": "Feature", "properties": { "ID": "152SINTX00031", "正式名称": "わたべこどもクリニック", "機関区分": 2, "都道府県コード": 15, "市区町村コード": 218, "所在地": "新潟県五泉市太田９７５－１", "緯度": 37.744056, "経度": 139.185492, "url": "https://www.iryou.teikyouseido.mhlw.go.jp/znk-web/juminkanja/S2430/initialize?prefCd=15&kikanCd=SINTX00031&kikanKbn=2", "url2": null, "内容": "わたべこどもクリニック【2:診療所】【診療科目:小児科_アレルギー科】新潟県五泉市太田９７５－１" }, "geometry": { "type": "Point", "coordinates": [ 139.185492, 37.744056 ] } },
{ "type": "Feature", "properties": { "ID": "152SINTX00032", "正式名称": "特別養護老人ホームまおろしの郷　医務室", "機関区分": 2, "都道府県コード": 15, "市区町村コード": 218, "所在地": "新潟県五泉市馬下１４２９", "緯度": 37.735706, "経度": 139.260042, "url": "https://www.iryou.teikyouseido.mhlw.go.jp/znk-web/juminkanja/S2430/initialize?prefCd=15&kikanCd=SINTX00032&kikanKbn=2", "url2": null, "内容": "特別養護老人ホームまおろしの郷　医務室【2:診療所】【診療科目:内科】新潟県五泉市馬下１４２９" }, "geometry": { "type": "Point", "coordinates": [ 139.260042, 37.735706 ] } },
{ "type": "Feature", "properties": { "ID": "152SINTX00033", "正式名称": "社会福祉法人厚志会　結の里　医務室", "機関区分": 2, "都道府県コード": 15, "市区町村コード": 218, "所在地": "新潟県五泉市五十嵐新田８５５－１特別養護老人ホーム結の里", "緯度": 37.7349612, "経度": 139.1965032, "url": "https://www.iryou.teikyouseido.mhlw.go.jp/znk-web/juminkanja/S2430/initialize?prefCd=15&kikanCd=SINTX00033&kikanKbn=2", "url2": null, "内容": "社会福祉法人厚志会　結の里　医務室【2:診療所】【診療科目:内科_人工透析内科】新潟県五泉市五十嵐新田８５５－１特別養護老人ホーム結の里" }, "geometry": { "type": "Point", "coordinates": [ 139.1965032, 37.7349612 ] } },
{ "type": "Feature", "properties": { "ID": "152SINTX00034", "正式名称": "中谷医院", "機関区分": 2, "都道府県コード": 15, "市区町村コード": 218, "所在地": "新潟県五泉市太田二丁目六の三十九", "緯度": 37.74274, "経度": 139.188119, "url": "https://www.iryou.teikyouseido.mhlw.go.jp/znk-web/juminkanja/S2430/initialize?prefCd=15&kikanCd=SINTX00034&kikanKbn=2", "url2": "http://www.nakatani-cl.jp", "内容": "中谷医院【2:診療所】【診療科目:内科_消化器内科_婦人科】新潟県五泉市太田二丁目六の三十九" }, "geometry": { "type": "Point", "coordinates": [ 139.188119, 37.74274 ] } },
{ "type": "Feature", "properties": { "ID": "152SINTX00036", "正式名称": "ひろせ内科クリ二ック", "機関区分": 2, "都道府県コード": 15, "市区町村コード": 218, "所在地": "新潟県五泉市東本町２丁目９－６", "緯度": 37.742955, "経度": 139.181427, "url": "https://www.iryou.teikyouseido.mhlw.go.jp/znk-web/juminkanja/S2430/initialize?prefCd=15&kikanCd=SINTX00036&kikanKbn=2", "url2": null, "内容": "ひろせ内科クリ二ック【2:診療所】【診療科目:内科_腎臓内科_アレルギー疾患内科_リウマチ科】新潟県五泉市東本町２丁目９－６" }, "geometry": { "type": "Point", "coordinates": [ 139.181427, 37.742955 ] } },
{ "type": "Feature", "properties": { "ID": "152SINTX00040", "正式名称": "医療法人社団　竹林会　渡辺医院", "機関区分": 2, "都道府県コード": 15, "市区町村コード": 385, "所在地": "新潟県東蒲原郡阿賀町津川５００－１", "緯度": 37.677461, "経度": 139.457708, "url": "https://www.iryou.teikyouseido.mhlw.go.jp/znk-web/juminkanja/S2430/initialize?prefCd=15&kikanCd=SINTX00040&kikanKbn=2", "url2": null, "内容": "医療法人社団　竹林会　渡辺医院【2:診療所】【診療科目:内科_呼吸器内科_循環器内科_胃腸内科_アレルギー疾患内科】新潟県東蒲原郡阿賀町津川５００－１" }, "geometry": { "type": "Point", "coordinates": [ 139.457708, 37.677461 ] } },
{ "type": "Feature", "properties": { "ID": "152SINTX00042", "正式名称": "阿賀町養護老人ホームきりん荘", "機関区分": 2, "都道府県コード": 15, "市区町村コード": 385, "所在地": "新潟県東蒲原郡阿賀町鹿瀬６２５９番地養護老人ホームきりん荘", "緯度": 37.680791, "経度": 139.471292, "url": "https://www.iryou.teikyouseido.mhlw.go.jp/znk-web/juminkanja/S2430/initialize?prefCd=15&kikanCd=SINTX00042&kikanKbn=2", "url2": null, "内容": "阿賀町養護老人ホームきりん荘【2:診療所】【診療科目:内科】新潟県東蒲原郡阿賀町鹿瀬６２５９番地養護老人ホームきりん荘" }, "geometry": { "type": "Point", "coordinates": [ 139.471292, 37.680791 ] } },
{ "type": "Feature", "properties": { "ID": "152SINTX00043", "正式名称": "阿賀町鹿瀬診療所", "機関区分": 2, "都道府県コード": 15, "市区町村コード": 385, "所在地": "新潟県東蒲原郡阿賀町向鹿瀬１１５４", "緯度": 37.697963, "経度": 139.483854, "url": "https://www.iryou.teikyouseido.mhlw.go.jp/znk-web/juminkanja/S2430/initialize?prefCd=15&kikanCd=SINTX00043&kikanKbn=2", "url2": null, "内容": "阿賀町鹿瀬診療所【2:診療所】【診療科目:内科_整形外科_小児科】新潟県東蒲原郡阿賀町向鹿瀬１１５４" }, "geometry": { "type": "Point", "coordinates": [ 139.483854, 37.697963 ] } },
{ "type": "Feature", "properties": { "ID": "152SINTX00044", "正式名称": "町営診療所みかわ", "機関区分": 2, "都道府県コード": 15, "市区町村コード": 385, "所在地": "新潟県東蒲原郡阿賀町あが野南４３２４番地", "緯度": 37.710333, "経度": 139.367279, "url": "https://www.iryou.teikyouseido.mhlw.go.jp/znk-web/juminkanja/S2430/initialize?prefCd=15&kikanCd=SINTX00044&kikanKbn=2", "url2": null, "内容": "町営診療所みかわ【2:診療所】【診療科目:内科_小児科_精神科_心療内科】新潟県東蒲原郡阿賀町あが野南４３２４番地" }, "geometry": { "type": "Point", "coordinates": [ 139.367279, 37.710333 ] } },
{ "type": "Feature", "properties": { "ID": "152SINTX00046", "正式名称": "阿賀町上川診療所", "機関区分": 2, "都道府県コード": 15, "市区町村コード": 385, "所在地": "新潟県東蒲原郡阿賀町両郷甲２１５０番地", "緯度": 37.636594, "経度": 139.46839, "url": "https://www.iryou.teikyouseido.mhlw.go.jp/znk-web/juminkanja/S2430/initialize?prefCd=15&kikanCd=SINTX00046&kikanKbn=2", "url2": null, "内容": "阿賀町上川診療所【2:診療所】【診療科目:内科_整形外科】新潟県東蒲原郡阿賀町両郷甲２１５０番地" }, "geometry": { "type": "Point", "coordinates": [ 139.46839, 37.636594 ] } },
{ "type": "Feature", "properties": { "ID": "152SINTX00047", "正式名称": "五泉皮ふ科", "機関区分": 2, "都道府県コード": 15, "市区町村コード": 218, "所在地": "新潟県五泉市本町１丁目１０番３－３号", "緯度": 37.735542, "経度": 139.176944, "url": "https://www.iryou.teikyouseido.mhlw.go.jp/znk-web/juminkanja/S2430/initialize?prefCd=15&kikanCd=SINTX00047&kikanKbn=2", "url2": "https://gosendermatologyclinic.com/", "内容": "五泉皮ふ科【2:診療所】【診療科目:皮膚科】新潟県五泉市本町１丁目１０番３－３号" }, "geometry": { "type": "Point", "coordinates": [ 139.176944, 37.735542 ] } },
{ "type": "Feature", "properties": { "ID": "152SINXOOO45", "正式名称": "特別養護老人ホーム東蒲の里みかわ園医務室", "機関区分": 2, "都道府県コード": 15, "市区町村コード": 385, "所在地": "新潟県東蒲原郡阿賀町あが野南４３１９番地４", "緯度": 37.707858, "経度": 139.368381, "url": "https://www.iryou.teikyouseido.mhlw.go.jp/znk-web/juminkanja/S2430/initialize?prefCd=15&kikanCd=SINXOOO45&kikanKbn=2", "url2": "http://www.toukan-fukushi.com", "内容": "特別養護老人ホーム東蒲の里みかわ園医務室【2:診療所】【診療科目:内科】新潟県東蒲原郡阿賀町あが野南４３１９番地４" }, "geometry": { "type": "Point", "coordinates": [ 139.368381, 37.707858 ] } },
{ "type": "Feature", "properties": { "ID": "152SISDX00002", "正式名称": "りょうつ眼科医院", "機関区分": 2, "都道府県コード": 15, "市区町村コード": 224, "所在地": "新潟県佐渡市両津夷３－１　夷本町ハギタビル１階", "緯度": 38.083475, "経度": 138.43446, "url": "https://www.iryou.teikyouseido.mhlw.go.jp/znk-web/juminkanja/S2430/initialize?prefCd=15&kikanCd=SISDX00002&kikanKbn=2", "url2": null, "内容": "りょうつ眼科医院【2:診療所】【診療科目:眼科】新潟県佐渡市両津夷３－１　夷本町ハギタビル１階" }, "geometry": { "type": "Point", "coordinates": [ 138.43446, 38.083475 ] } },
{ "type": "Feature", "properties": { "ID": "152SISDX00003", "正式名称": "三國医院", "機関区分": 2, "都道府県コード": 15, "市区町村コード": 224, "所在地": "新潟県佐渡市両津湊３４３－４", "緯度": 38.074796, "経度": 138.442846, "url": "https://www.iryou.teikyouseido.mhlw.go.jp/znk-web/juminkanja/S2430/initialize?prefCd=15&kikanCd=SISDX00003&kikanKbn=2", "url2": "http://mikuni-clinic.com/", "内容": "三國医院【2:診療所】【診療科目:内科】新潟県佐渡市両津湊３４３－４" }, "geometry": { "type": "Point", "coordinates": [ 138.442846, 38.074796 ] } },
{ "type": "Feature", "properties": { "ID": "152SISDX00005", "正式名称": "高千診療所", "機関区分": 2, "都道府県コード": 15, "市区町村コード": 224, "所在地": "新潟県佐渡市北川内１０５１", "緯度": 38.174082, "経度": 138.31513, "url": "https://www.iryou.teikyouseido.mhlw.go.jp/znk-web/juminkanja/S2430/initialize?prefCd=15&kikanCd=SISDX00005&kikanKbn=2", "url2": null, "内容": "高千診療所【2:診療所】【診療科目:内科_小児科】新潟県佐渡市北川内１０５１" }, "geometry": { "type": "Point", "coordinates": [ 138.31513, 38.174082 ] } },
{ "type": "Feature", "properties": { "ID": "152SISDX00008", "正式名称": "近藤内科胃腸科", "機関区分": 2, "都道府県コード": 15, "市区町村コード": 224, "所在地": "新潟県佐渡市東大通８７６", "緯度": 38.005796, "経度": 138.331688, "url": "https://www.iryou.teikyouseido.mhlw.go.jp/znk-web/juminkanja/S2430/initialize?prefCd=15&kikanCd=SISDX00008&kikanKbn=2", "url2": null, "内容": "近藤内科胃腸科【2:診療所】【診療科目:内科_消化器内科_小児科】新潟県佐渡市東大通８７６" }, "geometry": { "type": "Point", "coordinates": [ 138.331688, 38.005796 ] } },
{ "type": "Feature", "properties": { "ID": "152SISDX00011", "正式名称": "浅島医院", "機関区分": 2, "都道府県コード": 15, "市区町村コード": 224, "所在地": "新潟県佐渡市千種丙２１８－７", "緯度": 38.022553, "経度": 138.364365, "url": "https://www.iryou.teikyouseido.mhlw.go.jp/znk-web/juminkanja/S2430/initialize?prefCd=15&kikanCd=SISDX00011&kikanKbn=2", "url2": null, "内容": "浅島医院【2:診療所】【診療科目:皮膚科】新潟県佐渡市千種丙２１８－７" }, "geometry": { "type": "Point", "coordinates": [ 138.364365, 38.022553 ] } },
{ "type": "Feature", "properties": { "ID": "152SISDX00012", "正式名称": "医療法人社団　田尻内科医院", "機関区分": 2, "都道府県コード": 15, "市区町村コード": 224, "所在地": "新潟県佐渡市中興１１１５－１", "緯度": 38.014191, "経度": 138.356868, "url": "https://www.iryou.teikyouseido.mhlw.go.jp/znk-web/juminkanja/S2430/initialize?prefCd=15&kikanCd=SISDX00012&kikanKbn=2", "url2": null, "内容": "医療法人社団　田尻内科医院【2:診療所】【診療科目:内科】新潟県佐渡市中興１１１５－１" }, "geometry": { "type": "Point", "coordinates": [ 138.356868, 38.014191 ] } },
{ "type": "Feature", "properties": { "ID": "152SISDX00015", "正式名称": "医療法人社団　大崎医院", "機関区分": 2, "都道府県コード": 15, "市区町村コード": 224, "所在地": "新潟県佐渡市畑野７５４", "緯度": 37.989006, "経度": 138.397327, "url": "https://www.iryou.teikyouseido.mhlw.go.jp/znk-web/juminkanja/S2430/initialize?prefCd=15&kikanCd=SISDX00015&kikanKbn=2", "url2": null, "内容": "医療法人社団　大崎医院【2:診療所】【診療科目:内科_消化器内科】新潟県佐渡市畑野７５４" }, "geometry": { "type": "Point", "coordinates": [ 138.397327, 37.989006 ] } },
{ "type": "Feature", "properties": { "ID": "152SISDX00017", "正式名称": "まきやま内科クリニック", "機関区分": 2, "都道府県コード": 15, "市区町村コード": 224, "所在地": "新潟県佐渡市長石１９２番地５", "緯度": 37.971761, "経度": 138.347382, "url": "https://www.iryou.teikyouseido.mhlw.go.jp/znk-web/juminkanja/S2430/initialize?prefCd=15&kikanCd=SISDX00017&kikanKbn=2", "url2": null, "内容": "まきやま内科クリニック【2:診療所】【診療科目:内科_循環器内科】新潟県佐渡市長石１９２番地５" }, "geometry": { "type": "Point", "coordinates": [ 138.347382, 37.971761 ] } },
{ "type": "Feature", "properties": { "ID": "152SISDX00020", "正式名称": "佐渡市松ヶ崎診療所", "機関区分": 2, "都道府県コード": 15, "市区町村コード": 224, "所在地": "新潟県佐渡市多田２６２－１０", "緯度": 37.911836, "経度": 138.481471, "url": "https://www.iryou.teikyouseido.mhlw.go.jp/znk-web/juminkanja/S2430/initialize?prefCd=15&kikanCd=SISDX00020&kikanKbn=2", "url2": null, "内容": "佐渡市松ヶ崎診療所【2:診療所】【診療科目:内科】新潟県佐渡市多田２６２－１０" }, "geometry": { "type": "Point", "coordinates": [ 138.481471, 37.911836 ] } },
{ "type": "Feature", "properties": { "ID": "152SISDX00021", "正式名称": "佐渡市赤泊診療所", "機関区分": 2, "都道府県コード": 15, "市区町村コード": 224, "所在地": "新潟県佐渡市赤泊２２０６－３", "緯度": 37.866006, "経度": 138.409668, "url": "https://www.iryou.teikyouseido.mhlw.go.jp/znk-web/juminkanja/S2430/initialize?prefCd=15&kikanCd=SISDX00021&kikanKbn=2", "url2": null, "内容": "佐渡市赤泊診療所【2:診療所】【診療科目:内科_呼吸器内科_歯科_矯正歯科_小児歯科_小児矯正歯科】新潟県佐渡市赤泊２２０６－３" }, "geometry": { "type": "Point", "coordinates": [ 138.409668, 37.866006 ] } },
{ "type": "Feature", "properties": { "ID": "152SISDX00025", "正式名称": "さかた整形外科医院", "機関区分": 2, "都道府県コード": 15, "市区町村コード": 224, "所在地": "新潟県佐渡市泉１３５０番地", "緯度": 38.009536, "経度": 138.341742, "url": "https://www.iryou.teikyouseido.mhlw.go.jp/znk-web/juminkanja/S2430/initialize?prefCd=15&kikanCd=SISDX00025&kikanKbn=2", "url2": null, "内容": "さかた整形外科医院【2:診療所】【診療科目:整形外科】新潟県佐渡市泉１３５０番地" }, "geometry": { "type": "Point", "coordinates": [ 138.341742, 38.009536 ] } },
{ "type": "Feature", "properties": { "ID": "152SISDX00027", "正式名称": "本田クリニック", "機関区分": 2, "都道府県コード": 15, "市区町村コード": 224, "所在地": "新潟県佐渡市東大通１２３２－１", "緯度": 38.003175, "経度": 138.329745, "url": "https://www.iryou.teikyouseido.mhlw.go.jp/znk-web/juminkanja/S2430/initialize?prefCd=15&kikanCd=SISDX00027&kikanKbn=2", "url2": null, "内容": "本田クリニック【2:診療所】【診療科目:内科_循環器内科】新潟県佐渡市東大通１２３２－１" }, "geometry": { "type": "Point", "coordinates": [ 138.329745, 38.003175 ] } },
{ "type": "Feature", "properties": { "ID": "152SISDX00028", "正式名称": "汐彩クリニック", "機関区分": 2, "都道府県コード": 15, "市区町村コード": 224, "所在地": "新潟県佐渡市窪田２０番地１", "緯度": 38.00603, "経度": 138.311569, "url": "https://www.iryou.teikyouseido.mhlw.go.jp/znk-web/juminkanja/S2430/initialize?prefCd=15&kikanCd=SISDX00028&kikanKbn=2", "url2": null, "内容": "汐彩クリニック【2:診療所】【診療科目:精神科_神経科_心療内科】新潟県佐渡市窪田２０番地１" }, "geometry": { "type": "Point", "coordinates": [ 138.311569, 38.00603 ] } },
{ "type": "Feature", "properties": { "ID": "152SISDX00030", "正式名称": "一般社団法人新潟県労働衛生医学協会付属佐渡検査センター", "機関区分": 2, "都道府県コード": 15, "市区町村コード": 224, "所在地": "新潟県佐渡市真野５３６番地", "緯度": 37.951515, "経度": 138.350726, "url": "https://www.iryou.teikyouseido.mhlw.go.jp/znk-web/juminkanja/S2430/initialize?prefCd=15&kikanCd=SISDX00030&kikanKbn=2", "url2": "https://www.niwell.or.jp/", "内容": "一般社団法人新潟県労働衛生医学協会付属佐渡検査センター【2:診療所】【診療科目:内科_婦人科】新潟県佐渡市真野５３６番地" }, "geometry": { "type": "Point", "coordinates": [ 138.350726, 37.951515 ] } },
{ "type": "Feature", "properties": { "ID": "152SISDX00031", "正式名称": "山井眼科クリニック", "機関区分": 2, "都道府県コード": 15, "市区町村コード": 224, "所在地": "新潟県佐渡市石田９６", "緯度": 38.006591, "経度": 138.328183, "url": "https://www.iryou.teikyouseido.mhlw.go.jp/znk-web/juminkanja/S2430/initialize?prefCd=15&kikanCd=SISDX00031&kikanKbn=2", "url2": null, "内容": "山井眼科クリニック【2:診療所】【診療科目:眼科】新潟県佐渡市石田９６" }, "geometry": { "type": "Point", "coordinates": [ 138.328183, 38.006591 ] } },
{ "type": "Feature", "properties": { "ID": "152SISDX00032", "正式名称": "巣立っ子診療所", "機関区分": 2, "都道府県コード": 15, "市区町村コード": 224, "所在地": "新潟県佐渡市松ケ崎９１８－５", "緯度": 37.922692, "経度": 138.49842, "url": "https://www.iryou.teikyouseido.mhlw.go.jp/znk-web/juminkanja/S2430/initialize?prefCd=15&kikanCd=SISDX00032&kikanKbn=2", "url2": null, "内容": "巣立っ子診療所【2:診療所】【診療科目:整形外科_小児科_リハビリテーション科】新潟県佐渡市松ケ崎９１８－５" }, "geometry": { "type": "Point", "coordinates": [ 138.49842, 37.922692 ] } },
{ "type": "Feature", "properties": { "ID": "152SISDX00033", "正式名称": "医療法人社団たなか内科医院", "機関区分": 2, "都道府県コード": 15, "市区町村コード": 224, "所在地": "新潟県佐渡市下新穂８３番地２", "緯度": 38.015038, "経度": 138.415048, "url": "https://www.iryou.teikyouseido.mhlw.go.jp/znk-web/juminkanja/S2430/initialize?prefCd=15&kikanCd=SISDX00033&kikanKbn=2", "url2": null, "内容": "医療法人社団たなか内科医院【2:診療所】【診療科目:内科_消化器内科】新潟県佐渡市下新穂８３番地２" }, "geometry": { "type": "Point", "coordinates": [ 138.415048, 38.015038 ] } },
{ "type": "Feature", "properties": { "ID": "152SISDX00036", "正式名称": "岩田内科医院", "機関区分": 2, "都道府県コード": 15, "市区町村コード": 224, "所在地": "新潟県佐渡市羽茂本郷５５６－１", "緯度": 37.848434, "経度": 138.317807, "url": "https://www.iryou.teikyouseido.mhlw.go.jp/znk-web/juminkanja/S2430/initialize?prefCd=15&kikanCd=SISDX00036&kikanKbn=2", "url2": null, "内容": "岩田内科医院【2:診療所】【診療科目:内科】新潟県佐渡市羽茂本郷５５６－１" }, "geometry": { "type": "Point", "coordinates": [ 138.317807, 37.848434 ] } },
{ "type": "Feature", "properties": { "ID": "152SISDX00037", "正式名称": "さど眼科", "機関区分": 2, "都道府県コード": 15, "市区町村コード": 224, "所在地": "新潟県佐渡市千種１１３－１３", "緯度": 38.020347, "経度": 138.364901, "url": "https://www.iryou.teikyouseido.mhlw.go.jp/znk-web/juminkanja/S2430/initialize?prefCd=15&kikanCd=SISDX00037&kikanKbn=2", "url2": null, "内容": "さど眼科【2:診療所】【診療科目:眼科】新潟県佐渡市千種１１３－１３" }, "geometry": { "type": "Point", "coordinates": [ 138.364901, 38.020347 ] } },
{ "type": "Feature", "properties": { "ID": "152SISDX00038", "正式名称": "新潟県厚生農業協同組合連合会　南佐渡地域医療センター", "機関区分": 2, "都道府県コード": 15, "市区町村コード": 224, "所在地": "新潟県佐渡市羽茂本郷２２", "緯度": 37.843378, "経度": 138.312753, "url": "https://www.iryou.teikyouseido.mhlw.go.jp/znk-web/juminkanja/S2430/initialize?prefCd=15&kikanCd=SISDX00038&kikanKbn=2", "url2": null, "内容": "新潟県厚生農業協同組合連合会　南佐渡地域医療センター【2:診療所】【診療科目:内科_神経内科_外科_整形外科_小児科_精神科】新潟県佐渡市羽茂本郷２２" }, "geometry": { "type": "Point", "coordinates": [ 138.312753, 37.843378 ] } },
{ "type": "Feature", "properties": { "ID": "152SISDX00039", "正式名称": "佐渡市小木診療所", "機関区分": 2, "都道府県コード": 15, "市区町村コード": 224, "所在地": "新潟県佐渡市小木町１９４９番地４", "緯度": 37.816178, "経度": 138.275262, "url": "https://www.iryou.teikyouseido.mhlw.go.jp/znk-web/juminkanja/S2430/initialize?prefCd=15&kikanCd=SISDX00039&kikanKbn=2", "url2": "https://www.mc-ibis.or.jp/sado", "内容": "佐渡市小木診療所【2:診療所】【診療科目:内科_老年内科_整形外科】新潟県佐渡市小木町１９４９番地４" }, "geometry": { "type": "Point", "coordinates": [ 138.275262, 37.816178 ] } },
{ "type": "Feature", "properties": { "ID": "152SISDX00040", "正式名称": "佐渡市立相川診療所", "機関区分": 2, "都道府県コード": 15, "市区町村コード": 224, "所在地": "新潟県佐渡市相川広間町７番地", "緯度": 38.035754, "経度": 138.240761, "url": "https://www.iryou.teikyouseido.mhlw.go.jp/znk-web/juminkanja/S2430/initialize?prefCd=15&kikanCd=SISDX00040&kikanKbn=2", "url2": null, "内容": "佐渡市立相川診療所【2:診療所】【診療科目:内科_整形外科】新潟県佐渡市相川広間町７番地" }, "geometry": { "type": "Point", "coordinates": [ 138.240761, 38.035754 ] } },
{ "type": "Feature", "properties": { "ID": "152SISDX00041", "正式名称": "さどクリニック", "機関区分": 2, "都道府県コード": 15, "市区町村コード": 224, "所在地": "新潟県佐渡市河原田諏訪町２０７－１", "緯度": 38.002046, "経度": 138.314664, "url": "https://www.iryou.teikyouseido.mhlw.go.jp/znk-web/juminkanja/S2430/initialize?prefCd=15&kikanCd=SISDX00041&kikanKbn=2", "url2": null, "内容": "さどクリニック【2:診療所】【診療科目:内科_消化器内科_外科】新潟県佐渡市河原田諏訪町２０７－１" }, "geometry": { "type": "Point", "coordinates": [ 138.314664, 38.002046 ] } },
{ "type": "Feature", "properties": { "ID": "152SISHX00001", "正式名称": "東谷医院", "機関区分": 2, "都道府県コード": 15, "市区町村コード": 206, "所在地": "新潟県新発田市中央町４丁目１１番２２号", "緯度": 37.951701, "経度": 139.328118, "url": "https://www.iryou.teikyouseido.mhlw.go.jp/znk-web/juminkanja/S2430/initialize?prefCd=15&kikanCd=SISHX00001&kikanKbn=2", "url2": "http:/www9.plala.or.jp/azumaya-iin/", "内容": "東谷医院【2:診療所】【診療科目:内科_消化器内科】新潟県新発田市中央町４丁目１１番２２号" }, "geometry": { "type": "Point", "coordinates": [ 139.328118, 37.951701 ] } },
{ "type": "Feature", "properties": { "ID": "152SISHX00002", "正式名称": "阿部医院", "機関区分": 2, "都道府県コード": 15, "市区町村コード": 206, "所在地": "新潟県新発田市五十公野６８０４－１", "緯度": 37.93005, "経度": 139.346997, "url": "https://www.iryou.teikyouseido.mhlw.go.jp/znk-web/juminkanja/S2430/initialize?prefCd=15&kikanCd=SISHX00002&kikanKbn=2", "url2": null, "内容": "阿部医院【2:診療所】【診療科目:内科_神経内科】新潟県新発田市五十公野６８０４－１" }, "geometry": { "type": "Point", "coordinates": [ 139.346997, 37.93005 ] } },
{ "type": "Feature", "properties": { "ID": "152SISHX00003", "正式名称": "安斎クリニック", "機関区分": 2, "都道府県コード": 15, "市区町村コード": 206, "所在地": "新潟県新発田市東新町１－４－５", "緯度": 37.948425, "経度": 139.341935, "url": "https://www.iryou.teikyouseido.mhlw.go.jp/znk-web/juminkanja/S2430/initialize?prefCd=15&kikanCd=SISHX00003&kikanKbn=2", "url2": "https://www.ansai-c.com/", "内容": "安斎クリニック【2:診療所】【診療科目:内科_外科_リハビリテーション科】新潟県新発田市東新町１－４－５" }, "geometry": { "type": "Point", "coordinates": [ 139.341935, 37.948425 ] } },
{ "type": "Feature", "properties": { "ID": "152SISHX00004", "正式名称": "医療法人社団いしい眼科", "機関区分": 2, "都道府県コード": 15, "市区町村コード": 206, "所在地": "新潟県新発田市諏訪町１－９－２８", "緯度": 37.943692, "経度": 139.333087, "url": "https://www.iryou.teikyouseido.mhlw.go.jp/znk-web/juminkanja/S2430/initialize?prefCd=15&kikanCd=SISHX00004&kikanKbn=2", "url2": null, "内容": "医療法人社団いしい眼科【2:診療所】【診療科目:眼科】新潟県新発田市諏訪町１－９－２８" }, "geometry": { "type": "Point", "coordinates": [ 139.333087, 37.943692 ] } },
{ "type": "Feature", "properties": { "ID": "152SISHX00005", "正式名称": "今井眼科医院", "機関区分": 2, "都道府県コード": 15, "市区町村コード": 206, "所在地": "新潟県新発田市本町３－２－１", "緯度": 37.950411, "経度": 139.333175, "url": "https://www.iryou.teikyouseido.mhlw.go.jp/znk-web/juminkanja/S2430/initialize?prefCd=15&kikanCd=SISHX00005&kikanKbn=2", "url2": "https://www.imaiganka.org", "内容": "今井眼科医院【2:診療所】【診療科目:眼科】新潟県新発田市本町３－２－１" }, "geometry": { "type": "Point", "coordinates": [ 139.333175, 37.950411 ] } },
{ "type": "Feature", "properties": { "ID": "152SISHX00006", "正式名称": "医療法人　信眼会　信田眼科医院", "機関区分": 2, "都道府県コード": 15, "市区町村コード": 206, "所在地": "新潟県新発田市舟入町１－２－３６", "緯度": 37.955288, "経度": 139.30806, "url": "https://www.iryou.teikyouseido.mhlw.go.jp/znk-web/juminkanja/S2430/initialize?prefCd=15&kikanCd=SISHX00006&kikanKbn=2", "url2": null, "内容": "医療法人　信眼会　信田眼科医院【2:診療所】【診療科目:眼科】新潟県新発田市舟入町１－２－３６" }, "geometry": { "type": "Point", "coordinates": [ 139.30806, 37.955288 ] } },
{ "type": "Feature", "properties": { "ID": "152SISHX00007", "正式名称": "いけだ耳鼻科　駅前医院", "機関区分": 2, "都道府県コード": 15, "市区町村コード": 206, "所在地": "新潟県新発田市諏訪町１－３－５", "緯度": 37.94519, "経度": 139.332832, "url": "https://www.iryou.teikyouseido.mhlw.go.jp/znk-web/juminkanja/S2430/initialize?prefCd=15&kikanCd=SISHX00007&kikanKbn=2", "url2": "https://station-front.com/", "内容": "いけだ耳鼻科　駅前医院【2:診療所】【診療科目:耳鼻いんこう科_アレルギー科】新潟県新発田市諏訪町１－３－５" }, "geometry": { "type": "Point", "coordinates": [ 139.332832, 37.94519 ] } },
{ "type": "Feature", "properties": { "ID": "152SISHX00009", "正式名称": "大杉脳外科医院", "機関区分": 2, "都道府県コード": 15, "市区町村コード": 206, "所在地": "新潟県新発田市新栄町１丁目２番２１号", "緯度": 37.953788, "経度": 139.303087, "url": "https://www.iryou.teikyouseido.mhlw.go.jp/znk-web/juminkanja/S2430/initialize?prefCd=15&kikanCd=SISHX00009&kikanKbn=2", "url2": "http://osugi-clinic.com", "内容": "大杉脳外科医院【2:診療所】【診療科目:内科_脳神経外科_リハビリテーション科】新潟県新発田市新栄町１丁目２番２１号" }, "geometry": { "type": "Point", "coordinates": [ 139.303087, 37.953788 ] } },
{ "type": "Feature", "properties": { "ID": "152SISHX00011", "正式名称": "一般財団法人下越総合健康開発センター", "機関区分": 2, "都道府県コード": 15, "市区町村コード": 206, "所在地": "新潟県新発田市本町４丁目１６番８３号", "緯度": 37.948058, "経度": 139.337991, "url": "https://www.iryou.teikyouseido.mhlw.go.jp/znk-web/juminkanja/S2430/initialize?prefCd=15&kikanCd=SISHX00011&kikanKbn=2", "url2": "http://www.kenkokaihatu.or.jp/", "内容": "一般財団法人下越総合健康開発センター【2:診療所】【診療科目:健康診断】新潟県新発田市本町４丁目１６番８３号" }, "geometry": { "type": "Point", "coordinates": [ 139.337991, 37.948058 ] } },
{ "type": "Feature", "properties": { "ID": "152SISHX00012", "正式名称": "片桐記念クリニック", "機関区分": 2, "都道府県コード": 15, "市区町村コード": 206, "所在地": "新潟県新発田市住吉町４丁目３番９号", "緯度": 37.946158, "経度": 139.312037, "url": "https://www.iryou.teikyouseido.mhlw.go.jp/znk-web/juminkanja/S2430/initialize?prefCd=15&kikanCd=SISHX00012&kikanKbn=2", "url2": "https://kataguilli.sakura.ne.jp", "内容": "片桐記念クリニック【2:診療所】【診療科目:内科_腎臓内科_人工透析内科】新潟県新発田市住吉町４丁目３番９号" }, "geometry": { "type": "Point", "coordinates": [ 139.312037, 37.946158 ] } },
{ "type": "Feature", "properties": { "ID": "152SISHX00014", "正式名称": "木島整形外科", "機関区分": 2, "都道府県コード": 15, "市区町村コード": 206, "所在地": "新潟県新発田市豊町４丁目１－４", "緯度": 37.939888, "経度": 139.340122, "url": "https://www.iryou.teikyouseido.mhlw.go.jp/znk-web/juminkanja/S2430/initialize?prefCd=15&kikanCd=SISHX00014&kikanKbn=2", "url2": "https://www.inet-shibata.or.jp/~korthop/", "内容": "木島整形外科【2:診療所】【診療科目:整形外科_リウマチ科_リハビリテーション科】新潟県新発田市豊町４丁目１－４" }, "geometry": { "type": "Point", "coordinates": [ 139.340122, 37.939888 ] } },
{ "type": "Feature", "properties": { "ID": "152SISHX00016", "正式名称": "けんちゃんクリニック", "機関区分": 2, "都道府県コード": 15, "市区町村コード": 206, "所在地": "新潟県新発田市新富町２丁目６番１８号", "緯度": 37.956768, "経度": 139.34164, "url": "https://www.iryou.teikyouseido.mhlw.go.jp/znk-web/juminkanja/S2430/initialize?prefCd=15&kikanCd=SISHX00016&kikanKbn=2", "url2": null, "内容": "けんちゃんクリニック【2:診療所】【診療科目:内科_呼吸器内科_循環器内科_外科】新潟県新発田市新富町２丁目６番１８号" }, "geometry": { "type": "Point", "coordinates": [ 139.34164, 37.956768 ] } },
{ "type": "Feature", "properties": { "ID": "152SISHX00017", "正式名称": "小島医院", "機関区分": 2, "都道府県コード": 15, "市区町村コード": 206, "所在地": "新潟県新発田市本田３４７０－５", "緯度": 37.890626, "経度": 139.26899, "url": "https://www.iryou.teikyouseido.mhlw.go.jp/znk-web/juminkanja/S2430/initialize?prefCd=15&kikanCd=SISHX00017&kikanKbn=2", "url2": null, "内容": "小島医院【2:診療所】【診療科目:内科】新潟県新発田市本田３４７０－５" }, "geometry": { "type": "Point", "coordinates": [ 139.26899, 37.890626 ] } },
{ "type": "Feature", "properties": { "ID": "152SISHX00018", "正式名称": "齋藤医院", "機関区分": 2, "都道府県コード": 15, "市区町村コード": 206, "所在地": "新潟県新発田市豊町２－２－２３", "緯度": 37.941548, "経度": 139.33634, "url": "https://www.iryou.teikyouseido.mhlw.go.jp/znk-web/juminkanja/S2430/initialize?prefCd=15&kikanCd=SISHX00018&kikanKbn=2", "url2": "http://www.saitouiin-shibata.jp", "内容": "齋藤医院【2:診療所】【診療科目:内科_糖尿病・内分泌内科】新潟県新発田市豊町２－２－２３" }, "geometry": { "type": "Point", "coordinates": [ 139.33634, 37.941548 ] } },
{ "type": "Feature", "properties": { "ID": "152SISHX00019", "正式名称": "笹川医院", "機関区分": 2, "都道府県コード": 15, "市区町村コード": 206, "所在地": "新潟県新発田市下小中山３９２", "緯度": 38.019827, "経度": 139.380054, "url": "https://www.iryou.teikyouseido.mhlw.go.jp/znk-web/juminkanja/S2430/initialize?prefCd=15&kikanCd=SISHX00019&kikanKbn=2", "url2": null, "内容": "笹川医院【2:診療所】【診療科目:内科_循環器内科_小児科】新潟県新発田市下小中山３９２" }, "geometry": { "type": "Point", "coordinates": [ 139.380054, 38.019827 ] } },
{ "type": "Feature", "properties": { "ID": "152SISHX00020", "正式名称": "佐々木医院", "機関区分": 2, "都道府県コード": 15, "市区町村コード": 206, "所在地": "新潟県新発田市中央町５－３－１８", "緯度": 37.950055, "経度": 139.32751, "url": "https://www.iryou.teikyouseido.mhlw.go.jp/znk-web/juminkanja/S2430/initialize?prefCd=15&kikanCd=SISHX00020&kikanKbn=2", "url2": null, "内容": "佐々木医院【2:診療所】【診療科目:内科_消化器内科_放射線科】新潟県新発田市中央町５－３－１８" }, "geometry": { "type": "Point", "coordinates": [ 139.32751, 37.950055 ] } },
{ "type": "Feature", "properties": { "ID": "152SISHX00021", "正式名称": "新発田ひらた内科クリニック", "機関区分": 2, "都道府県コード": 15, "市区町村コード": 206, "所在地": "新潟県新発田市富塚町２ー１ー２８", "緯度": 37.951565, "経度": 139.29245, "url": "https://www.iryou.teikyouseido.mhlw.go.jp/znk-web/juminkanja/S2430/initialize?prefCd=15&kikanCd=SISHX00021&kikanKbn=2", "url2": "http://www.hiratanaika.com", "内容": "新発田ひらた内科クリニック【2:診療所】【診療科目:内科_呼吸器内科_アレルギー疾患内科】新潟県新発田市富塚町２ー１ー２８" }, "geometry": { "type": "Point", "coordinates": [ 139.29245, 37.951565 ] } },
{ "type": "Feature", "properties": { "ID": "152SISHX00023", "正式名称": "しばた心と体クリニック", "機関区分": 2, "都道府県コード": 15, "市区町村コード": 206, "所在地": "新潟県新発田市住吉町４丁目８番２６号", "緯度": 37.944185, "経度": 139.313816, "url": "https://www.iryou.teikyouseido.mhlw.go.jp/znk-web/juminkanja/S2430/initialize?prefCd=15&kikanCd=SISHX00023&kikanKbn=2", "url2": "https://www.shibata-kokokara.com", "内容": "しばた心と体クリニック【2:診療所】【診療科目:内科_消化器内科_漢方内科_内視鏡内科_精神科_心療内科】新潟県新発田市住吉町４丁目８番２６号" }, "geometry": { "type": "Point", "coordinates": [ 139.313816, 37.944185 ] } },
{ "type": "Feature", "properties": { "ID": "152SISHX00024", "正式名称": "新発田地区救急診療所", "機関区分": 2, "都道府県コード": 15, "市区町村コード": 206, "所在地": "新潟県新発田市本町１丁目１６番１４号", "緯度": 37.945918, "経度": 139.336502, "url": "https://www.iryou.teikyouseido.mhlw.go.jp/znk-web/juminkanja/S2430/initialize?prefCd=15&kikanCd=SISHX00024&kikanKbn=2", "url2": "http://www.kenkokaihatu.or.jp/", "内容": "新発田地区救急診療所【2:診療所】【診療科目:内科_小児科】新潟県新発田市本町１丁目１６番１４号" }, "geometry": { "type": "Point", "coordinates": [ 139.336502, 37.945918 ] } },
{ "type": "Feature", "properties": { "ID": "152SISHX00025", "正式名称": "新発田皮フ科", "機関区分": 2, "都道府県コード": 15, "市区町村コード": 206, "所在地": "新潟県新発田市新栄町２丁目１１番５６号", "緯度": 37.954829, "経度": 139.299503, "url": "https://www.iryou.teikyouseido.mhlw.go.jp/znk-web/juminkanja/S2430/initialize?prefCd=15&kikanCd=SISHX00025&kikanKbn=2", "url2": "http://shibatahihuka.sun.bindcloud.jp/", "内容": "新発田皮フ科【2:診療所】【診療科目:皮膚科_アレルギー科】新潟県新発田市新栄町２丁目１１番５６号" }, "geometry": { "type": "Point", "coordinates": [ 139.299503, 37.954829 ] } },
{ "type": "Feature", "properties": { "ID": "152SISHX00026", "正式名称": "せき内科・消化器科医院", "機関区分": 2, "都道府県コード": 15, "市区町村コード": 206, "所在地": "新潟県新発田市本町３－５－１５", "緯度": 37.951679, "経度": 139.336802, "url": "https://www.iryou.teikyouseido.mhlw.go.jp/znk-web/juminkanja/S2430/initialize?prefCd=15&kikanCd=SISHX00026&kikanKbn=2", "url2": "https://sekinaika-s.mdja.jp", "内容": "せき内科・消化器科医院【2:診療所】【診療科目:内科_消化器内科】新潟県新発田市本町３－５－１５" }, "geometry": { "type": "Point", "coordinates": [ 139.336802, 37.951679 ] } },
{ "type": "Feature", "properties": { "ID": "152SISHX00028", "正式名称": "小児科　桑島医院", "機関区分": 2, "都道府県コード": 15, "市区町村コード": 206, "所在地": "新潟県新発田市大手町３－５－１９", "緯度": 37.952917, "経度": 139.320789, "url": "https://www.iryou.teikyouseido.mhlw.go.jp/znk-web/juminkanja/S2430/initialize?prefCd=15&kikanCd=SISHX00028&kikanKbn=2", "url2": null, "内容": "小児科　桑島医院【2:診療所】【診療科目:小児科】新潟県新発田市大手町３－５－１９" }, "geometry": { "type": "Point", "coordinates": [ 139.320789, 37.952917 ] } },
{ "type": "Feature", "properties": { "ID": "152SISHX00029", "正式名称": "城北クリニック", "機関区分": 2, "都道府県コード": 15, "市区町村コード": 206, "所在地": "新潟県新発田市中曽根町１丁目３番２５号", "緯度": 37.96001, "経度": 139.317619, "url": "https://www.iryou.teikyouseido.mhlw.go.jp/znk-web/juminkanja/S2430/initialize?prefCd=15&kikanCd=SISHX00029&kikanKbn=2", "url2": null, "内容": "城北クリニック【2:診療所】【診療科目:内科_消化器内科】新潟県新発田市中曽根町１丁目３番２５号" }, "geometry": { "type": "Point", "coordinates": [ 139.317619, 37.96001 ] } },
{ "type": "Feature", "properties": { "ID": "152SISHX00030", "正式名称": "須貝医院", "機関区分": 2, "都道府県コード": 15, "市区町村コード": 206, "所在地": "新潟県新発田市藤塚浜１８８４番地", "緯度": 38.029441, "経度": 139.309255, "url": "https://www.iryou.teikyouseido.mhlw.go.jp/znk-web/juminkanja/S2430/initialize?prefCd=15&kikanCd=SISHX00030&kikanKbn=2", "url2": null, "内容": "須貝医院【2:診療所】【診療科目:内科】新潟県新発田市藤塚浜１８８４番地" }, "geometry": { "type": "Point", "coordinates": [ 139.309255, 38.029441 ] } },
{ "type": "Feature", "properties": { "ID": "152SISHX00031", "正式名称": "すずき医院", "機関区分": 2, "都道府県コード": 15, "市区町村コード": 206, "所在地": "新潟県新発田市御幸町２－１２ー１", "緯度": 37.948041, "経度": 139.315821, "url": "https://www.iryou.teikyouseido.mhlw.go.jp/znk-web/juminkanja/S2430/initialize?prefCd=15&kikanCd=SISHX00031&kikanKbn=2", "url2": null, "内容": "すずき医院【2:診療所】【診療科目:精神科_心療内科】新潟県新発田市御幸町２－１２ー１" }, "geometry": { "type": "Point", "coordinates": [ 139.315821, 37.948041 ] } },
{ "type": "Feature", "properties": { "ID": "152SISHX00032", "正式名称": "すどう小児クリニック", "機関区分": 2, "都道府県コード": 15, "市区町村コード": 206, "所在地": "新潟県新発田市豊町２－９－１", "緯度": 37.94287, "経度": 139.336278, "url": "https://www.iryou.teikyouseido.mhlw.go.jp/znk-web/juminkanja/S2430/initialize?prefCd=15&kikanCd=SISHX00032&kikanKbn=2", "url2": "https://www.sudo-kodomo-shibata.jp", "内容": "すどう小児クリニック【2:診療所】【診療科目:小児科_アレルギー科】新潟県新発田市豊町２－９－１" }, "geometry": { "type": "Point", "coordinates": [ 139.336278, 37.94287 ] } },
{ "type": "Feature", "properties": { "ID": "152SISHX00033", "正式名称": "関耳鼻科クリニック", "機関区分": 2, "都道府県コード": 15, "市区町村コード": 206, "所在地": "新潟県新発田市住吉町４丁目２０番２号", "緯度": 37.941838, "経度": 139.311032, "url": "https://www.iryou.teikyouseido.mhlw.go.jp/znk-web/juminkanja/S2430/initialize?prefCd=15&kikanCd=SISHX00033&kikanKbn=2", "url2": "https://sekijibika.atat.jp/", "内容": "関耳鼻科クリニック【2:診療所】【診療科目:気管食道外科_耳鼻いんこう科_アレルギー科】新潟県新発田市住吉町４丁目２０番２号" }, "geometry": { "type": "Point", "coordinates": [ 139.311032, 37.941838 ] } },
{ "type": "Feature", "properties": { "ID": "152SISHX00034", "正式名称": "医療法人社団関塚医院", "機関区分": 2, "都道府県コード": 15, "市区町村コード": 206, "所在地": "新潟県新発田市中田町２丁目１７番１５号", "緯度": 37.967734, "経度": 139.328477, "url": "https://www.iryou.teikyouseido.mhlw.go.jp/znk-web/juminkanja/S2430/initialize?prefCd=15&kikanCd=SISHX00034&kikanKbn=2", "url2": null, "内容": "医療法人社団関塚医院【2:診療所】【診療科目:産婦人科】新潟県新発田市中田町２丁目１７番１５号" }, "geometry": { "type": "Point", "coordinates": [ 139.328477, 37.967734 ] } },
{ "type": "Feature", "properties": { "ID": "152SISHX00035", "正式名称": "高橋クリニック", "機関区分": 2, "都道府県コード": 15, "市区町村コード": 206, "所在地": "新潟県新発田市新富町１－１－２７", "緯度": 37.952113, "経度": 139.337934, "url": "https://www.iryou.teikyouseido.mhlw.go.jp/znk-web/juminkanja/S2430/initialize?prefCd=15&kikanCd=SISHX00035&kikanKbn=2", "url2": "www.takahashiclinic-hinyoukika.com", "内容": "高橋クリニック【2:診療所】【診療科目:泌尿器科】新潟県新発田市新富町１－１－２７" }, "geometry": { "type": "Point", "coordinates": [ 139.337934, 37.952113 ] } },
{ "type": "Feature", "properties": { "ID": "152SISHX00036", "正式名称": "たかはし脳外科皮フ科医院", "機関区分": 2, "都道府県コード": 15, "市区町村コード": 206, "所在地": "新潟県新発田市住吉町２－３－１７", "緯度": 37.948413, "経度": 139.313652, "url": "https://www.iryou.teikyouseido.mhlw.go.jp/znk-web/juminkanja/S2430/initialize?prefCd=15&kikanCd=SISHX00036&kikanKbn=2", "url2": null, "内容": "たかはし脳外科皮フ科医院【2:診療所】【診療科目:脳神経内科_神経内科_脳神経外科_脳外科_皮膚科_美容皮膚科_アレルギー科_リハビリテーション科】新潟県新発田市住吉町２－３－１７" }, "geometry": { "type": "Point", "coordinates": [ 139.313652, 37.948413 ] } },
{ "type": "Feature", "properties": { "ID": "152SISHX00037", "正式名称": "田中医院", "機関区分": 2, "都道府県コード": 15, "市区町村コード": 206, "所在地": "新潟県新発田市諏訪町３－４－６", "緯度": 37.942403, "経度": 139.329075, "url": "https://www.iryou.teikyouseido.mhlw.go.jp/znk-web/juminkanja/S2430/initialize?prefCd=15&kikanCd=SISHX00037&kikanKbn=2", "url2": "https://www.shibata-tanakaiin.com/", "内容": "田中医院【2:診療所】【診療科目:内科_脳神経内科】新潟県新発田市諏訪町３－４－６" }, "geometry": { "type": "Point", "coordinates": [ 139.329075, 37.942403 ] } },
{ "type": "Feature", "properties": { "ID": "152SISHX00038", "正式名称": "富樫医院", "機関区分": 2, "都道府県コード": 15, "市区町村コード": 206, "所在地": "新潟県新発田市中央町３－２－１１", "緯度": 37.947064, "経度": 139.326129, "url": "https://www.iryou.teikyouseido.mhlw.go.jp/znk-web/juminkanja/S2430/initialize?prefCd=15&kikanCd=SISHX00038&kikanKbn=2", "url2": "https://www.togashiiin.com/", "内容": "富樫医院【2:診療所】【診療科目:整形外科_皮膚科】新潟県新発田市中央町３－２－１１" }, "geometry": { "type": "Point", "coordinates": [ 139.326129, 37.947064 ] } },
{ "type": "Feature", "properties": { "ID": "152SISHX00040", "正式名称": "特別養護老人ホーム　三の丸　医務室", "機関区分": 2, "都道府県コード": 15, "市区町村コード": 206, "所在地": "新潟県新発田市大手町４－３－４", "緯度": 37.951494, "経度": 139.325486, "url": "https://www.iryou.teikyouseido.mhlw.go.jp/znk-web/juminkanja/S2430/initialize?prefCd=15&kikanCd=SISHX00040&kikanKbn=2", "url2": null, "内容": "特別養護老人ホーム　三の丸　医務室【2:診療所】【診療科目:内科】新潟県新発田市大手町４－３－４" }, "geometry": { "type": "Point", "coordinates": [ 139.325486, 37.951494 ] } },
{ "type": "Feature", "properties": { "ID": "152SISHX00051", "正式名称": "富田産科婦人科クリニック", "機関区分": 2, "都道府県コード": 15, "市区町村コード": 206, "所在地": "新潟県新発田市諏訪町１－２－１５", "緯度": 37.944841, "経度": 139.33303, "url": "https://www.iryou.teikyouseido.mhlw.go.jp/znk-web/juminkanja/S2430/initialize?prefCd=15&kikanCd=SISHX00051&kikanKbn=2", "url2": "http://www.tomita-cl.com", "内容": "富田産科婦人科クリニック【2:診療所】【診療科目:小児科_産婦人科】新潟県新発田市諏訪町１－２－１５" }, "geometry": { "type": "Point", "coordinates": [ 139.33303, 37.944841 ] } },
{ "type": "Feature", "properties": { "ID": "152SISHX00052", "正式名称": "富田耳鼻科クリニック", "機関区分": 2, "都道府県コード": 15, "市区町村コード": 206, "所在地": "新潟県新発田市舟入町３丁目１１－１８－７", "緯度": 37.957443, "経度": 139.300378, "url": "https://www.iryou.teikyouseido.mhlw.go.jp/znk-web/juminkanja/S2430/initialize?prefCd=15&kikanCd=SISHX00052&kikanKbn=2", "url2": null, "内容": "富田耳鼻科クリニック【2:診療所】【診療科目:小児耳鼻いんこう科_耳鼻いんこう科_アレルギー科】新潟県新発田市舟入町３丁目１１－１８－７" }, "geometry": { "type": "Point", "coordinates": [ 139.300378, 37.957443 ] } },
{ "type": "Feature", "properties": { "ID": "152SISHX00054", "正式名称": "中川内科医院", "機関区分": 2, "都道府県コード": 15, "市区町村コード": 206, "所在地": "新潟県新発田市大手町２丁目１番８号", "緯度": 37.951217, "経度": 139.322363, "url": "https://www.iryou.teikyouseido.mhlw.go.jp/znk-web/juminkanja/S2430/initialize?prefCd=15&kikanCd=SISHX00054&kikanKbn=2", "url2": null, "内容": "中川内科医院【2:診療所】【診療科目:内科_循環器内科】新潟県新発田市大手町２丁目１番８号" }, "geometry": { "type": "Point", "coordinates": [ 139.322363, 37.951217 ] } },
{ "type": "Feature", "properties": { "ID": "152SISHX00055", "正式名称": "なかだい整形外科医院", "機関区分": 2, "都道府県コード": 15, "市区町村コード": 206, "所在地": "新潟県新発田市新栄町２－１１－６１", "緯度": 37.954286, "経度": 139.299449, "url": "https://www.iryou.teikyouseido.mhlw.go.jp/znk-web/juminkanja/S2430/initialize?prefCd=15&kikanCd=SISHX00055&kikanKbn=2", "url2": "https://www.nakadaiseikeigeka-shibata.com", "内容": "なかだい整形外科医院【2:診療所】【診療科目:整形外科_リハビリテーション科】新潟県新発田市新栄町２－１１－６１" }, "geometry": { "type": "Point", "coordinates": [ 139.299449, 37.954286 ] } },
{ "type": "Feature", "properties": { "ID": "152SISHX00059", "正式名称": "西新発田クリニック", "機関区分": 2, "都道府県コード": 15, "市区町村コード": 206, "所在地": "新潟県新発田市佐々木１７５番地", "緯度": 37.952901, "経度": 139.264373, "url": "https://www.iryou.teikyouseido.mhlw.go.jp/znk-web/juminkanja/S2430/initialize?prefCd=15&kikanCd=SISHX00059&kikanKbn=2", "url2": "https://www.nishishibata.com", "内容": "西新発田クリニック【2:診療所】【診療科目:内科_消化器内科_外科】新潟県新発田市佐々木１７５番地" }, "geometry": { "type": "Point", "coordinates": [ 139.264373, 37.952901 ] } },
{ "type": "Feature", "properties": { "ID": "152SISHX00060", "正式名称": "西新発田整形外科クリニック", "機関区分": 2, "都道府県コード": 15, "市区町村コード": 206, "所在地": "新潟県新発田市住吉町４−１６−１６", "緯度": 37.94153, "経度": 139.30896, "url": "https://www.iryou.teikyouseido.mhlw.go.jp/znk-web/juminkanja/S2430/initialize?prefCd=15&kikanCd=SISHX00060&kikanKbn=2", "url2": null, "内容": "西新発田整形外科クリニック【2:診療所】【診療科目:整形外科_リウマチ科_リハビリテーション科】新潟県新発田市住吉町４−１６−１６" }, "geometry": { "type": "Point", "coordinates": [ 139.30896, 37.94153 ] } },
{ "type": "Feature", "properties": { "ID": "152SISHX00061", "正式名称": "花野内科医院", "機関区分": 2, "都道府県コード": 15, "市区町村コード": 206, "所在地": "新潟県新発田市稲荷岡２２５２", "緯度": 38.017785, "経度": 139.322619, "url": "https://www.iryou.teikyouseido.mhlw.go.jp/znk-web/juminkanja/S2430/initialize?prefCd=15&kikanCd=SISHX00061&kikanKbn=2", "url2": null, "内容": "花野内科医院【2:診療所】【診療科目:内科】新潟県新発田市稲荷岡２２５２" }, "geometry": { "type": "Point", "coordinates": [ 139.322619, 38.017785 ] } },
{ "type": "Feature", "properties": { "ID": "152SISHX00063", "正式名称": "馬場医院", "機関区分": 2, "都道府県コード": 15, "市区町村コード": 206, "所在地": "新潟県新発田市中央町３－１２－１２", "緯度": 37.950055, "経度": 139.32751, "url": "https://www.iryou.teikyouseido.mhlw.go.jp/znk-web/juminkanja/S2430/initialize?prefCd=15&kikanCd=SISHX00063&kikanKbn=2", "url2": null, "内容": "馬場医院【2:診療所】【診療科目:内科】新潟県新発田市中央町３－１２－１２" }, "geometry": { "type": "Point", "coordinates": [ 139.32751, 37.950055 ] } },
{ "type": "Feature", "properties": { "ID": "152SISHX00064", "正式名称": "医療法人社団鶴嶺会原消化器内科医院", "機関区分": 2, "都道府県コード": 15, "市区町村コード": 206, "所在地": "新潟県新発田市豊町４－５－１", "緯度": 37.940291, "経度": 139.340355, "url": "https://www.iryou.teikyouseido.mhlw.go.jp/znk-web/juminkanja/S2430/initialize?prefCd=15&kikanCd=SISHX00064&kikanKbn=2", "url2": null, "内容": "医療法人社団鶴嶺会原消化器内科医院【2:診療所】【診療科目:内科_消化器内科_肝臓内科】新潟県新発田市豊町４－５－１" }, "geometry": { "type": "Point", "coordinates": [ 139.340355, 37.940291 ] } },
{ "type": "Feature", "properties": { "ID": "152SISHX00066", "正式名称": "皮ふと子ども　ツインスマイルクリニック", "機関区分": 2, "都道府県コード": 15, "市区町村コード": 206, "所在地": "新潟県新発田市諏訪町１丁目２番１１号　イクネスしばたＭＩＮＴＯ館２Ｆ", "緯度": 37.944542, "経度": 139.333644, "url": "https://www.iryou.teikyouseido.mhlw.go.jp/znk-web/juminkanja/S2430/initialize?prefCd=15&kikanCd=SISHX00066&kikanKbn=2", "url2": "https://twinsmile-clinic.com/", "内容": "皮ふと子ども　ツインスマイルクリニック【2:診療所】【診療科目:小児科_皮膚科_アレルギー科】新潟県新発田市諏訪町１丁目２番１１号　イクネスしばたＭＩＮＴＯ館２Ｆ" }, "geometry": { "type": "Point", "coordinates": [ 139.333644, 37.944542 ] } },
{ "type": "Feature", "properties": { "ID": "152SISHX00067", "正式名称": "平塚ファミリークリニック", "機関区分": 2, "都道府県コード": 15, "市区町村コード": 206, "所在地": "新潟県新発田市真野原１７１９－４", "緯度": 37.998116, "経度": 139.301124, "url": "https://www.iryou.teikyouseido.mhlw.go.jp/znk-web/juminkanja/S2430/initialize?prefCd=15&kikanCd=SISHX00067&kikanKbn=2", "url2": null, "内容": "平塚ファミリークリニック【2:診療所】【診療科目:内科_外科】新潟県新発田市真野原１７１９－４" }, "geometry": { "type": "Point", "coordinates": [ 139.301124, 37.998116 ] } },
{ "type": "Feature", "properties": { "ID": "152SISHX00069", "正式名称": "松沢医院", "機関区分": 2, "都道府県コード": 15, "市区町村コード": 206, "所在地": "新潟県新発田市本町２－８－１３", "緯度": 37.950868, "経度": 139.331943, "url": "https://www.iryou.teikyouseido.mhlw.go.jp/znk-web/juminkanja/S2430/initialize?prefCd=15&kikanCd=SISHX00069&kikanKbn=2", "url2": null, "内容": "松沢医院【2:診療所】【診療科目:耳鼻いんこう科_アレルギー科】新潟県新発田市本町２－８－１３" }, "geometry": { "type": "Point", "coordinates": [ 139.331943, 37.950868 ] } },
{ "type": "Feature", "properties": { "ID": "152SISHX00070", "正式名称": "三浦内科医院", "機関区分": 2, "都道府県コード": 15, "市区町村コード": 206, "所在地": "新潟県新発田市新栄町１丁目６番１７号", "緯度": 37.953805, "経度": 139.300021, "url": "https://www.iryou.teikyouseido.mhlw.go.jp/znk-web/juminkanja/S2430/initialize?prefCd=15&kikanCd=SISHX00070&kikanKbn=2", "url2": null, "内容": "三浦内科医院【2:診療所】【診療科目:内科_腎臓内科_人工透析内科】新潟県新発田市新栄町１丁目６番１７号" }, "geometry": { "type": "Point", "coordinates": [ 139.300021, 37.953805 ] } },
{ "type": "Feature", "properties": { "ID": "152SISHX00071", "正式名称": "三日市内科クリニック", "機関区分": 2, "都道府県コード": 15, "市区町村コード": 206, "所在地": "新潟県新発田市三日市６０５番地１", "緯度": 37.964769, "経度": 139.360855, "url": "https://www.iryou.teikyouseido.mhlw.go.jp/znk-web/juminkanja/S2430/initialize?prefCd=15&kikanCd=SISHX00071&kikanKbn=2", "url2": null, "内容": "三日市内科クリニック【2:診療所】【診療科目:内科_胃腸内科】新潟県新発田市三日市６０５番地１" }, "geometry": { "type": "Point", "coordinates": [ 139.360855, 37.964769 ] } },
{ "type": "Feature", "properties": { "ID": "152SISHX00072", "正式名称": "緑町内科・消化器科やまだクリニック", "機関区分": 2, "都道府県コード": 15, "市区町村コード": 206, "所在地": "新潟県新発田市緑町２丁目１６番地９号", "緯度": 37.960733, "経度": 139.332706, "url": "https://www.iryou.teikyouseido.mhlw.go.jp/znk-web/juminkanja/S2430/initialize?prefCd=15&kikanCd=SISHX00072&kikanKbn=2", "url2": "http://www.yamada-clinic.e-doctor.info/", "内容": "緑町内科・消化器科やまだクリニック【2:診療所】【診療科目:内科_消化器内科】新潟県新発田市緑町２丁目１６番地９号" }, "geometry": { "type": "Point", "coordinates": [ 139.332706, 37.960733 ] } },
{ "type": "Feature", "properties": { "ID": "152SISHX00073", "正式名称": "みゆき町内科クリニック", "機関区分": 2, "都道府県コード": 15, "市区町村コード": 206, "所在地": "新潟県新発田市御幸町４－６－２", "緯度": 37.942868, "経度": 139.316046, "url": "https://www.iryou.teikyouseido.mhlw.go.jp/znk-web/juminkanja/S2430/initialize?prefCd=15&kikanCd=SISHX00073&kikanKbn=2", "url2": "https://www.miyukicl.com", "内容": "みゆき町内科クリニック【2:診療所】【診療科目:内科】新潟県新発田市御幸町４－６－２" }, "geometry": { "type": "Point", "coordinates": [ 139.316046, 37.942868 ] } },
{ "type": "Feature", "properties": { "ID": "152SISHX00074", "正式名称": "山崎皮膚科医院", "機関区分": 2, "都道府県コード": 15, "市区町村コード": 206, "所在地": "新潟県新発田市大手町１－１３－８", "緯度": 37.950916, "経度": 139.324616, "url": "https://www.iryou.teikyouseido.mhlw.go.jp/znk-web/juminkanja/S2430/initialize?prefCd=15&kikanCd=SISHX00074&kikanKbn=2", "url2": null, "内容": "山崎皮膚科医院【2:診療所】【診療科目:皮膚科_アレルギー科】新潟県新発田市大手町１－１３－８" }, "geometry": { "type": "Point", "coordinates": [ 139.324616, 37.950916 ] } },
{ "type": "Feature", "properties": { "ID": "152SISHX00076", "正式名称": "陸上自衛隊新発田駐屯地医務室", "機関区分": 2, "都道府県コード": 15, "市区町村コード": 206, "所在地": "新潟県新発田市大手町６－４－１６新発田駐屯地", "緯度": 37.956277, "経度": 139.322524, "url": "https://www.iryou.teikyouseido.mhlw.go.jp/znk-web/juminkanja/S2430/initialize?prefCd=15&kikanCd=SISHX00076&kikanKbn=2", "url2": null, "内容": "陸上自衛隊新発田駐屯地医務室【2:診療所】【診療科目:内科】新潟県新発田市大手町６－４－１６新発田駐屯地" }, "geometry": { "type": "Point", "coordinates": [ 139.322524, 37.956277 ] } },
{ "type": "Feature", "properties": { "ID": "152SISHX00077", "正式名称": "若桑クリニック", "機関区分": 2, "都道府県コード": 15, "市区町村コード": 206, "所在地": "新潟県新発田市富塚町１丁目１５番地９", "緯度": 37.943827, "経度": 139.30713, "url": "https://www.iryou.teikyouseido.mhlw.go.jp/znk-web/juminkanja/S2430/initialize?prefCd=15&kikanCd=SISHX00077&kikanKbn=2", "url2": null, "内容": "若桑クリニック【2:診療所】【診療科目:内科_胃腸内科_外科_肛門外科_皮膚科】新潟県新発田市富塚町１丁目１５番地９" }, "geometry": { "type": "Point", "coordinates": [ 139.30713, 37.943827 ] } },
{ "type": "Feature", "properties": { "ID": "152SISHX00079", "正式名称": "渡部整形外科", "機関区分": 2, "都道府県コード": 15, "市区町村コード": 206, "所在地": "新潟県新発田市緑町３丁目３番２号", "緯度": 37.955589, "経度": 139.335873, "url": "https://www.iryou.teikyouseido.mhlw.go.jp/znk-web/juminkanja/S2430/initialize?prefCd=15&kikanCd=SISHX00079&kikanKbn=2", "url2": "https://www.watanabeseikeigeka.jp/", "内容": "渡部整形外科【2:診療所】【診療科目:整形外科_リウマチ科_リハビリテーション科】新潟県新発田市緑町３丁目３番２号" }, "geometry": { "type": "Point", "coordinates": [ 139.335873, 37.955589 ] } },
{ "type": "Feature", "properties": { "ID": "152SISHX00080", "正式名称": "阿賀野市水原保健センター診療所", "機関区分": 2, "都道府県コード": 15, "市区町村コード": 223, "所在地": "新潟県阿賀野市岡山町１０番１５号", "緯度": 37.834475, "経度": 139.22596, "url": "https://www.iryou.teikyouseido.mhlw.go.jp/znk-web/juminkanja/S2430/initialize?prefCd=15&kikanCd=SISHX00080&kikanKbn=2", "url2": "http://www.city.agano.niigata.jp", "内容": "阿賀野市水原保健センター診療所【2:診療所】【診療科目:なし】新潟県阿賀野市岡山町１０番１５号" }, "geometry": { "type": "Point", "coordinates": [ 139.22596, 37.834475 ] } },
{ "type": "Feature", "properties": { "ID": "152SISHX00082", "正式名称": "うえき内科クリニック", "機関区分": 2, "都道府県コード": 15, "市区町村コード": 223, "所在地": "新潟県阿賀野市岡山町４－６", "緯度": 37.835021, "経度": 139.22362, "url": "https://www.iryou.teikyouseido.mhlw.go.jp/znk-web/juminkanja/S2430/initialize?prefCd=15&kikanCd=SISHX00082&kikanKbn=2", "url2": null, "内容": "うえき内科クリニック【2:診療所】【診療科目:内科_糖尿病内科】新潟県阿賀野市岡山町４－６" }, "geometry": { "type": "Point", "coordinates": [ 139.22362, 37.835021 ] } },
{ "type": "Feature", "properties": { "ID": "152SISHX00083", "正式名称": "うちだ内科医院", "機関区分": 2, "都道府県コード": 15, "市区町村コード": 223, "所在地": "新潟県阿賀野市市野山１９２－３", "緯度": 37.82139, "経度": 139.225383, "url": "https://www.iryou.teikyouseido.mhlw.go.jp/znk-web/juminkanja/S2430/initialize?prefCd=15&kikanCd=SISHX00083&kikanKbn=2", "url2": "http://www.utida-naika.jp/", "内容": "うちだ内科医院【2:診療所】【診療科目:内科_消化器内科】新潟県阿賀野市市野山１９２－３" }, "geometry": { "type": "Point", "coordinates": [ 139.225383, 37.82139 ] } },
{ "type": "Feature", "properties": { "ID": "152SISHX00084", "正式名称": "恩田整形外科医院", "機関区分": 2, "都道府県コード": 15, "市区町村コード": 223, "所在地": "新潟県阿賀野市金田町９５－１", "緯度": 37.829176, "経度": 139.229153, "url": "https://www.iryou.teikyouseido.mhlw.go.jp/znk-web/juminkanja/S2430/initialize?prefCd=15&kikanCd=SISHX00084&kikanKbn=2", "url2": null, "内容": "恩田整形外科医院【2:診療所】【診療科目:整形外科_リハビリテーション科】新潟県阿賀野市金田町９５－１" }, "geometry": { "type": "Point", "coordinates": [ 139.229153, 37.829176 ] } },
{ "type": "Feature", "properties": { "ID": "152SISHX00085", "正式名称": "京ヶ瀬診療所", "機関区分": 2, "都道府県コード": 15, "市区町村コード": 223, "所在地": "新潟県阿賀野市曽郷１０１１番地１", "緯度": 37.84368, "経度": 139.186551, "url": "https://www.iryou.teikyouseido.mhlw.go.jp/znk-web/juminkanja/S2430/initialize?prefCd=15&kikanCd=SISHX00085&kikanKbn=2", "url2": null, "内容": "京ヶ瀬診療所【2:診療所】【診療科目:内科_呼吸器内科_消化器内科】新潟県阿賀野市曽郷１０１１番地１" }, "geometry": { "type": "Point", "coordinates": [ 139.186551, 37.84368 ] } },
{ "type": "Feature", "properties": { "ID": "152SISHX00087", "正式名称": "佐藤眼科医院", "機関区分": 2, "都道府県コード": 15, "市区町村コード": 223, "所在地": "新潟県阿賀野市中央町２－１２－２８", "緯度": 37.839519, "経度": 139.226447, "url": "https://www.iryou.teikyouseido.mhlw.go.jp/znk-web/juminkanja/S2430/initialize?prefCd=15&kikanCd=SISHX00087&kikanKbn=2", "url2": null, "内容": "佐藤眼科医院【2:診療所】【診療科目:眼科】新潟県阿賀野市中央町２－１２－２８" }, "geometry": { "type": "Point", "coordinates": [ 139.226447, 37.839519 ] } },
{ "type": "Feature", "properties": { "ID": "152SISHX00091", "正式名称": "田中皮膚科医院", "機関区分": 2, "都道府県コード": 15, "市区町村コード": 223, "所在地": "新潟県阿賀野市市野山１９１－３", "緯度": 37.82171, "経度": 139.225654, "url": "https://www.iryou.teikyouseido.mhlw.go.jp/znk-web/juminkanja/S2430/initialize?prefCd=15&kikanCd=SISHX00091&kikanKbn=2", "url2": null, "内容": "田中皮膚科医院【2:診療所】【診療科目:皮膚科】新潟県阿賀野市市野山１９１－３" }, "geometry": { "type": "Point", "coordinates": [ 139.225654, 37.82171 ] } },
{ "type": "Feature", "properties": { "ID": "152SISHX00092", "正式名称": "特別養護老人ホームかがやき苑診療所", "機関区分": 2, "都道府県コード": 15, "市区町村コード": 223, "所在地": "新潟県阿賀野市寺社甲３８４８番地２１２", "緯度": 37.78619, "経度": 139.234483, "url": "https://www.iryou.teikyouseido.mhlw.go.jp/znk-web/juminkanja/S2430/initialize?prefCd=15&kikanCd=SISHX00092&kikanKbn=2", "url2": "https://www.fukushi-kagayaki.jp", "内容": "特別養護老人ホームかがやき苑診療所【2:診療所】【診療科目:内科】新潟県阿賀野市寺社甲３８４８番地２１２" }, "geometry": { "type": "Point", "coordinates": [ 139.234483, 37.78619 ] } },
{ "type": "Feature", "properties": { "ID": "152SISHX00098", "正式名称": "ながい眼科クリニック", "機関区分": 2, "都道府県コード": 15, "市区町村コード": 223, "所在地": "新潟県阿賀野市市野山１９１－１", "緯度": 37.821752, "経度": 139.225195, "url": "https://www.iryou.teikyouseido.mhlw.go.jp/znk-web/juminkanja/S2430/initialize?prefCd=15&kikanCd=SISHX00098&kikanKbn=2", "url2": null, "内容": "ながい眼科クリニック【2:診療所】【診療科目:眼科】新潟県阿賀野市市野山１９１－１" }, "geometry": { "type": "Point", "coordinates": [ 139.225195, 37.821752 ] } },
{ "type": "Feature", "properties": { "ID": "152SISHX00099", "正式名称": "永田医院", "機関区分": 2, "都道府県コード": 15, "市区町村コード": 223, "所在地": "新潟県阿賀野市山崎３４０", "緯度": 37.839449, "経度": 139.268276, "url": "https://www.iryou.teikyouseido.mhlw.go.jp/znk-web/juminkanja/S2430/initialize?prefCd=15&kikanCd=SISHX00099&kikanKbn=2", "url2": null, "内容": "永田医院【2:診療所】【診療科目:内科】新潟県阿賀野市山崎３４０" }, "geometry": { "type": "Point", "coordinates": [ 139.268276, 37.839449 ] } },
{ "type": "Feature", "properties": { "ID": "152SISHX00100", "正式名称": "本田脳神経外科クリニック", "機関区分": 2, "都道府県コード": 15, "市区町村コード": 223, "所在地": "新潟県阿賀野市下条町１３番１２号", "緯度": 37.83512, "経度": 139.219307, "url": "https://www.iryou.teikyouseido.mhlw.go.jp/znk-web/juminkanja/S2430/initialize?prefCd=15&kikanCd=SISHX00100&kikanKbn=2", "url2": "https://honda-nsc.com", "内容": "本田脳神経外科クリニック【2:診療所】【診療科目:内科_脳神経内科_脳神経外科】新潟県阿賀野市下条町１３番１２号" }, "geometry": { "type": "Point", "coordinates": [ 139.219307, 37.83512 ] } },
{ "type": "Feature", "properties": { "ID": "152SISHX00101", "正式名称": "安田診療所", "機関区分": 2, "都道府県コード": 15, "市区町村コード": 223, "所在地": "新潟県阿賀野市保田１７５６－１", "緯度": 37.77411, "経度": 139.234393, "url": "https://www.iryou.teikyouseido.mhlw.go.jp/znk-web/juminkanja/S2430/initialize?prefCd=15&kikanCd=SISHX00101&kikanKbn=2", "url2": null, "内容": "安田診療所【2:診療所】【診療科目:内科_呼吸器内科_循環器内科_消化器内科】新潟県阿賀野市保田１７５６－１" }, "geometry": { "type": "Point", "coordinates": [ 139.234393, 37.77411 ] } },
{ "type": "Feature", "properties": { "ID": "152SISHX00102", "正式名称": "やまざき小児科", "機関区分": 2, "都道府県コード": 15, "市区町村コード": 223, "所在地": "新潟県阿賀野市岡山町７番１２号", "緯度": 37.835924, "経度": 139.227026, "url": "https://www.iryou.teikyouseido.mhlw.go.jp/znk-web/juminkanja/S2430/initialize?prefCd=15&kikanCd=SISHX00102&kikanKbn=2", "url2": "https://yamazaki-ped.com", "内容": "やまざき小児科【2:診療所】【診療科目:小児科_アレルギー科】新潟県阿賀野市岡山町７番１２号" }, "geometry": { "type": "Point", "coordinates": [ 139.227026, 37.835924 ] } },
{ "type": "Feature", "properties": { "ID": "152SISHX00103", "正式名称": "わだ耳鼻咽喉科クリニック", "機関区分": 2, "都道府県コード": 15, "市区町村コード": 223, "所在地": "新潟県阿賀野市下条町１３－１１", "緯度": 37.835047, "経度": 139.218876, "url": "https://www.iryou.teikyouseido.mhlw.go.jp/znk-web/juminkanja/S2430/initialize?prefCd=15&kikanCd=SISHX00103&kikanKbn=2", "url2": null, "内容": "わだ耳鼻咽喉科クリニック【2:診療所】【診療科目:耳鼻いんこう科_アレルギー科】新潟県阿賀野市下条町１３－１１" }, "geometry": { "type": "Point", "coordinates": [ 139.218876, 37.835047 ] } },
{ "type": "Feature", "properties": { "ID": "152SISHX00104", "正式名称": "小野耳鼻科医院", "機関区分": 2, "都道府県コード": 15, "市区町村コード": 227, "所在地": "新潟県胎内市大川町１５番１０号", "緯度": 38.051632, "経度": 139.406976, "url": "https://www.iryou.teikyouseido.mhlw.go.jp/znk-web/juminkanja/S2430/initialize?prefCd=15&kikanCd=SISHX00104&kikanKbn=2", "url2": null, "内容": "小野耳鼻科医院【2:診療所】【診療科目:耳鼻いんこう科】新潟県胎内市大川町１５番１０号" }, "geometry": { "type": "Point", "coordinates": [ 139.406976, 38.051632 ] } },
{ "type": "Feature", "properties": { "ID": "152SISHX00108", "正式名称": "鈴木医院", "機関区分": 2, "都道府県コード": 15, "市区町村コード": 227, "所在地": "新潟県胎内市平木田１５０６", "緯度": 38.09207, "経度": 139.430678, "url": "https://www.iryou.teikyouseido.mhlw.go.jp/znk-web/juminkanja/S2430/initialize?prefCd=15&kikanCd=SISHX00108&kikanKbn=2", "url2": null, "内容": "鈴木医院【2:診療所】【診療科目:内科】新潟県胎内市平木田１５０６" }, "geometry": { "type": "Point", "coordinates": [ 139.430678, 38.09207 ] } },
{ "type": "Feature", "properties": { "ID": "152SISHX00109", "正式名称": "相馬医院", "機関区分": 2, "都道府県コード": 15, "市区町村コード": 227, "所在地": "新潟県胎内市築地１８５５", "緯度": 38.061635, "経度": 139.360189, "url": "https://www.iryou.teikyouseido.mhlw.go.jp/znk-web/juminkanja/S2430/initialize?prefCd=15&kikanCd=SISHX00109&kikanKbn=2", "url2": null, "内容": "相馬医院【2:診療所】【診療科目:内科】新潟県胎内市築地１８５５" }, "geometry": { "type": "Point", "coordinates": [ 139.360189, 38.061635 ] } },
{ "type": "Feature", "properties": { "ID": "152SISHX00112", "正式名称": "丹呉医院", "機関区分": 2, "都道府県コード": 15, "市区町村コード": 227, "所在地": "新潟県胎内市あかね町２６番２５号", "緯度": 38.056044, "経度": 139.394677, "url": "https://www.iryou.teikyouseido.mhlw.go.jp/znk-web/juminkanja/S2430/initialize?prefCd=15&kikanCd=SISHX00112&kikanKbn=2", "url2": null, "内容": "丹呉医院【2:診療所】【診療科目:内科】新潟県胎内市あかね町２６番２５号" }, "geometry": { "type": "Point", "coordinates": [ 139.394677, 38.056044 ] } },
{ "type": "Feature", "properties": { "ID": "152SISHX00114", "正式名称": "ちの泌尿器科・内科医院", "機関区分": 2, "都道府県コード": 15, "市区町村コード": 227, "所在地": "新潟県胎内市東本町２２－１０－３", "緯度": 38.058477, "経度": 139.411794, "url": "https://www.iryou.teikyouseido.mhlw.go.jp/znk-web/juminkanja/S2430/initialize?prefCd=15&kikanCd=SISHX00114&kikanKbn=2", "url2": null, "内容": "ちの泌尿器科・内科医院【2:診療所】【診療科目:内科_小児科_皮膚科_泌尿器科】新潟県胎内市東本町２２－１０－３" }, "geometry": { "type": "Point", "coordinates": [ 139.411794, 38.058477 ] } },
{ "type": "Feature", "properties": { "ID": "152SISHX00115", "正式名称": "時田医院", "機関区分": 2, "都道府県コード": 15, "市区町村コード": 227, "所在地": "新潟県胎内市大字乙１１７７", "緯度": 38.11705, "経度": 139.402912, "url": "https://www.iryou.teikyouseido.mhlw.go.jp/znk-web/juminkanja/S2430/initialize?prefCd=15&kikanCd=SISHX00115&kikanKbn=2", "url2": null, "内容": "時田医院【2:診療所】【診療科目:内科_小児科】新潟県胎内市大字乙１１７７" }, "geometry": { "type": "Point", "coordinates": [ 139.402912, 38.11705 ] } },
{ "type": "Feature", "properties": { "ID": "152SISHX00119", "正式名称": "中条駅前じゅん耳鼻科", "機関区分": 2, "都道府県コード": 15, "市区町村コード": 227, "所在地": "新潟県胎内市表町６－１７－８", "緯度": 38.049044, "経度": 139.398489, "url": "https://www.iryou.teikyouseido.mhlw.go.jp/znk-web/juminkanja/S2430/initialize?prefCd=15&kikanCd=SISHX00119&kikanKbn=2", "url2": null, "内容": "中条駅前じゅん耳鼻科【2:診療所】【診療科目:耳鼻いんこう科】新潟県胎内市表町６－１７－８" }, "geometry": { "type": "Point", "coordinates": [ 139.398489, 38.049044 ] } },
{ "type": "Feature", "properties": { "ID": "152SISHX00120", "正式名称": "中条地区休日診療所", "機関区分": 2, "都道府県コード": 15, "市区町村コード": 227, "所在地": "新潟県胎内市西本町１１番１１号", "緯度": 38.052719, "経度": 139.395368, "url": "https://www.iryou.teikyouseido.mhlw.go.jp/znk-web/juminkanja/S2430/initialize?prefCd=15&kikanCd=SISHX00120&kikanKbn=2", "url2": "http://www.kenkokaihatu.or.jp/", "内容": "中条地区休日診療所【2:診療所】【診療科目:内科_小児科】新潟県胎内市西本町１１番１１号" }, "geometry": { "type": "Point", "coordinates": [ 139.395368, 38.052719 ] } },
{ "type": "Feature", "properties": { "ID": "152SISHX00121", "正式名称": "野々村眼科医院", "機関区分": 2, "都道府県コード": 15, "市区町村コード": 227, "所在地": "新潟県胎内市西栄町５－２４", "緯度": 38.052201, "経度": 139.399969, "url": "https://www.iryou.teikyouseido.mhlw.go.jp/znk-web/juminkanja/S2430/initialize?prefCd=15&kikanCd=SISHX00121&kikanKbn=2", "url2": null, "内容": "野々村眼科医院【2:診療所】【診療科目:眼科】新潟県胎内市西栄町５－２４" }, "geometry": { "type": "Point", "coordinates": [ 139.399969, 38.052201 ] } },
{ "type": "Feature", "properties": { "ID": "152SISHX00122", "正式名称": "橋本医院", "機関区分": 2, "都道府県コード": 15, "市区町村コード": 227, "所在地": "新潟県胎内市東本町２１－５６", "緯度": 38.057315, "経度": 139.412699, "url": "https://www.iryou.teikyouseido.mhlw.go.jp/znk-web/juminkanja/S2430/initialize?prefCd=15&kikanCd=SISHX00122&kikanKbn=2", "url2": null, "内容": "橋本医院【2:診療所】【診療科目:内科_消化器内科_小児科】新潟県胎内市東本町２１－５６" }, "geometry": { "type": "Point", "coordinates": [ 139.412699, 38.057315 ] } },
{ "type": "Feature", "properties": { "ID": "152SISHX00123", "正式名称": "はなの医院", "機関区分": 2, "都道府県コード": 15, "市区町村コード": 227, "所在地": "新潟県胎内市築地１８５１", "緯度": 38.061317, "経度": 139.359933, "url": "https://www.iryou.teikyouseido.mhlw.go.jp/znk-web/juminkanja/S2430/initialize?prefCd=15&kikanCd=SISHX00123&kikanKbn=2", "url2": null, "内容": "はなの医院【2:診療所】【診療科目:内科_消化器内科_胃腸内科_肝臓内科】新潟県胎内市築地１８５１" }, "geometry": { "type": "Point", "coordinates": [ 139.359933, 38.061317 ] } },
{ "type": "Feature", "properties": { "ID": "152SISHX00125", "正式名称": "ひらの整形外科医院", "機関区分": 2, "都道府県コード": 15, "市区町村コード": 227, "所在地": "新潟県胎内市大川町１５－１１", "緯度": 38.051415, "経度": 139.407373, "url": "https://www.iryou.teikyouseido.mhlw.go.jp/znk-web/juminkanja/S2430/initialize?prefCd=15&kikanCd=SISHX00125&kikanKbn=2", "url2": null, "内容": "ひらの整形外科医院【2:診療所】【診療科目:整形外科_リハビリテーション科】新潟県胎内市大川町１５－１１" }, "geometry": { "type": "Point", "coordinates": [ 139.407373, 38.051415 ] } },
{ "type": "Feature", "properties": { "ID": "152SISHX00127", "正式名称": "わたなべ医院", "機関区分": 2, "都道府県コード": 15, "市区町村コード": 227, "所在地": "新潟県胎内市新栄町２－３７", "緯度": 38.047841, "経度": 139.401327, "url": "https://www.iryou.teikyouseido.mhlw.go.jp/znk-web/juminkanja/S2430/initialize?prefCd=15&kikanCd=SISHX00127&kikanKbn=2", "url2": null, "内容": "わたなべ医院【2:診療所】【診療科目:内科_胃腸内科_外科】新潟県胎内市新栄町２－３７" }, "geometry": { "type": "Point", "coordinates": [ 139.401327, 38.047841 ] } },
{ "type": "Feature", "properties": { "ID": "152SISHX00129", "正式名称": "佐久間医院", "機関区分": 2, "都道府県コード": 15, "市区町村コード": 307, "所在地": "新潟県北蒲原郡聖籠町諏訪山１６０５－２", "緯度": 37.975495, "経度": 139.278535, "url": "https://www.iryou.teikyouseido.mhlw.go.jp/znk-web/juminkanja/S2430/initialize?prefCd=15&kikanCd=SISHX00129&kikanKbn=2", "url2": null, "内容": "佐久間医院【2:診療所】【診療科目:内科_小児科_皮膚科】新潟県北蒲原郡聖籠町諏訪山１６０５－２" }, "geometry": { "type": "Point", "coordinates": [ 139.278535, 37.975495 ] } },
{ "type": "Feature", "properties": { "ID": "152SISHX00130", "正式名称": "聖籠町国民健康保険診療所", "機関区分": 2, "都道府県コード": 15, "市区町村コード": 307, "所在地": "新潟県北蒲原郡聖籠町大字諏訪山８２５", "緯度": 37.97158, "経度": 139.282953, "url": "https://www.iryou.teikyouseido.mhlw.go.jp/znk-web/juminkanja/S2430/initialize?prefCd=15&kikanCd=SISHX00130&kikanKbn=2", "url2": null, "内容": "聖籠町国民健康保険診療所【2:診療所】【診療科目:内科】新潟県北蒲原郡聖籠町大字諏訪山８２５" }, "geometry": { "type": "Point", "coordinates": [ 139.282953, 37.97158 ] } },
{ "type": "Feature", "properties": { "ID": "152SISHX00136", "正式名称": "内科・循環器内科　かねこ医院", "機関区分": 2, "都道府県コード": 15, "市区町村コード": 223, "所在地": "新潟県阿賀野市南安野町５番１５号", "緯度": 37.83685, "経度": 139.215006, "url": "https://www.iryou.teikyouseido.mhlw.go.jp/znk-web/juminkanja/S2430/initialize?prefCd=15&kikanCd=SISHX00136&kikanKbn=2", "url2": "https://agano-kaneko-clinic.com/", "内容": "内科・循環器内科　かねこ医院【2:診療所】【診療科目:内科_循環器内科】新潟県阿賀野市南安野町５番１５号" }, "geometry": { "type": "Point", "coordinates": [ 139.215006, 37.83685 ] } },
{ "type": "Feature", "properties": { "ID": "152SISNX00001", "正式名称": "阿部内科・消化器科医院", "機関区分": 2, "都道府県コード": 15, "市区町村コード": 204, "所在地": "新潟県三条市塚野目４丁目２０番３０号", "緯度": 37.639007, "経度": 138.976334, "url": "https://www.iryou.teikyouseido.mhlw.go.jp/znk-web/juminkanja/S2430/initialize?prefCd=15&kikanCd=SISNX00001&kikanKbn=2", "url2": null, "内容": "阿部内科・消化器科医院【2:診療所】【診療科目:内科_消化器内科_胃腸内科】新潟県三条市塚野目４丁目２０番３０号" }, "geometry": { "type": "Point", "coordinates": [ 138.976334, 37.639007 ] } },
{ "type": "Feature", "properties": { "ID": "152SISNX00002", "正式名称": "あまの整形外科", "機関区分": 2, "都道府県コード": 15, "市区町村コード": 204, "所在地": "新潟県三条市南四日町４丁目７番５４号", "緯度": 37.614426, "経度": 138.952371, "url": "https://www.iryou.teikyouseido.mhlw.go.jp/znk-web/juminkanja/S2430/initialize?prefCd=15&kikanCd=SISNX00002&kikanKbn=2", "url2": null, "内容": "あまの整形外科【2:診療所】【診療科目:整形外科】新潟県三条市南四日町４丁目７番５４号" }, "geometry": { "type": "Point", "coordinates": [ 138.952371, 37.614426 ] } },
{ "type": "Feature", "properties": { "ID": "152SISNX00003", "正式名称": "池田耳鼻科医院", "機関区分": 2, "都道府県コード": 15, "市区町村コード": 204, "所在地": "新潟県三条市一ノ門１－１３－１５", "緯度": 37.629901, "経度": 138.96717, "url": "https://www.iryou.teikyouseido.mhlw.go.jp/znk-web/juminkanja/S2430/initialize?prefCd=15&kikanCd=SISNX00003&kikanKbn=2", "url2": null, "内容": "池田耳鼻科医院【2:診療所】【診療科目:耳鼻いんこう科_アレルギー科】新潟県三条市一ノ門１－１３－１５" }, "geometry": { "type": "Point", "coordinates": [ 138.96717, 37.629901 ] } },
{ "type": "Feature", "properties": { "ID": "152SISNX00004", "正式名称": "石黒内科医院", "機関区分": 2, "都道府県コード": 15, "市区町村コード": 204, "所在地": "新潟県三条市西裏館１丁目１０番４６号", "緯度": 37.634359, "経度": 138.953282, "url": "https://www.iryou.teikyouseido.mhlw.go.jp/znk-web/juminkanja/S2430/initialize?prefCd=15&kikanCd=SISNX00004&kikanKbn=2", "url2": null, "内容": "石黒内科医院【2:診療所】【診療科目:内科】新潟県三条市西裏館１丁目１０番４６号" }, "geometry": { "type": "Point", "coordinates": [ 138.953282, 37.634359 ] } },
{ "type": "Feature", "properties": { "ID": "152SISNX00006", "正式名称": "いとうクリニック", "機関区分": 2, "都道府県コード": 15, "市区町村コード": 204, "所在地": "新潟県三条市林町１丁目２０－２８", "緯度": 37.633086, "経度": 138.965615, "url": "https://www.iryou.teikyouseido.mhlw.go.jp/znk-web/juminkanja/S2430/initialize?prefCd=15&kikanCd=SISNX00006&kikanKbn=2", "url2": null, "内容": "いとうクリニック【2:診療所】【診療科目:内科_消化器内科】新潟県三条市林町１丁目２０－２８" }, "geometry": { "type": "Point", "coordinates": [ 138.965615, 37.633086 ] } },
{ "type": "Feature", "properties": { "ID": "152SISNX00007", "正式名称": "岩田眼科医院", "機関区分": 2, "都道府県コード": 15, "市区町村コード": 204, "所在地": "新潟県三条市東裏館１－９－２１", "緯度": 37.633553, "経度": 138.956244, "url": "https://www.iryou.teikyouseido.mhlw.go.jp/znk-web/juminkanja/S2430/initialize?prefCd=15&kikanCd=SISNX00007&kikanKbn=2", "url2": "https://www.iwatagankaiin.com", "内容": "岩田眼科医院【2:診療所】【診療科目:眼科】新潟県三条市東裏館１－９－２１" }, "geometry": { "type": "Point", "coordinates": [ 138.956244, 37.633553 ] } },
{ "type": "Feature", "properties": { "ID": "152SISNX00008", "正式名称": "榎本外科医院", "機関区分": 2, "都道府県コード": 15, "市区町村コード": 204, "所在地": "新潟県三条市西四日町１丁目３－１１", "緯度": 37.624909, "経度": 138.952851, "url": "https://www.iryou.teikyouseido.mhlw.go.jp/znk-web/juminkanja/S2430/initialize?prefCd=15&kikanCd=SISNX00008&kikanKbn=2", "url2": "www.enomoto-geka.com", "内容": "榎本外科医院【2:診療所】【診療科目:内科_外科_乳腺外科_肛門外科_皮膚科】新潟県三条市西四日町１丁目３－１１" }, "geometry": { "type": "Point", "coordinates": [ 138.952851, 37.624909 ] } },
{ "type": "Feature", "properties": { "ID": "152SISNX00009", "正式名称": "榎本内科クリニック", "機関区分": 2, "都道府県コード": 15, "市区町村コード": 204, "所在地": "新潟県三条市北新保１丁目１番２８号", "緯度": 37.625766, "経度": 138.957122, "url": "https://www.iryou.teikyouseido.mhlw.go.jp/znk-web/juminkanja/S2430/initialize?prefCd=15&kikanCd=SISNX00009&kikanKbn=2", "url2": null, "内容": "榎本内科クリニック【2:診療所】【診療科目:内科】新潟県三条市北新保１丁目１番２８号" }, "geometry": { "type": "Point", "coordinates": [ 138.957122, 37.625766 ] } },
{ "type": "Feature", "properties": { "ID": "152SISNX00011", "正式名称": "かおる心療内科", "機関区分": 2, "都道府県コード": 15, "市区町村コード": 204, "所在地": "新潟県三条市新光町１－２９", "緯度": 37.642926, "経度": 138.963279, "url": "https://www.iryou.teikyouseido.mhlw.go.jp/znk-web/juminkanja/S2430/initialize?prefCd=15&kikanCd=SISNX00011&kikanKbn=2", "url2": "https://www.kaorupmc.com", "内容": "かおる心療内科【2:診療所】【診療科目:内科_神経内科_精神科_心療内科】新潟県三条市新光町１－２９" }, "geometry": { "type": "Point", "coordinates": [ 138.963279, 37.642926 ] } },
{ "type": "Feature", "properties": { "ID": "152SISNX00012", "正式名称": "川瀬神経内科クリニック", "機関区分": 2, "都道府県コード": 15, "市区町村コード": 204, "所在地": "新潟県三条市東本成寺２０番８号", "緯度": 37.616199, "経度": 138.948531, "url": "https://www.iryou.teikyouseido.mhlw.go.jp/znk-web/juminkanja/S2430/initialize?prefCd=15&kikanCd=SISNX00012&kikanKbn=2", "url2": "http://www.kawase-nc.or.jp/", "内容": "川瀬神経内科クリニック【2:診療所】【診療科目:内科_脳神経内科】新潟県三条市東本成寺２０番８号" }, "geometry": { "type": "Point", "coordinates": [ 138.948531, 37.616199 ] } },
{ "type": "Feature", "properties": { "ID": "152SISNX00014", "正式名称": "桑原小児科医院", "機関区分": 2, "都道府県コード": 15, "市区町村コード": 204, "所在地": "新潟県三条市興野２－１０－８", "緯度": 37.633084, "経度": 138.972146, "url": "https://www.iryou.teikyouseido.mhlw.go.jp/znk-web/juminkanja/S2430/initialize?prefCd=15&kikanCd=SISNX00014&kikanKbn=2", "url2": null, "内容": "桑原小児科医院【2:診療所】【診療科目:小児科】新潟県三条市興野２－１０－８" }, "geometry": { "type": "Point", "coordinates": [ 138.972146, 37.633084 ] } },
{ "type": "Feature", "properties": { "ID": "152SISNX00015", "正式名称": "県央医師会応急診療所", "機関区分": 2, "都道府県コード": 15, "市区町村コード": 204, "所在地": "新潟県三条市興野１丁目１３－６７", "緯度": 37.634558, "経度": 138.967669, "url": "https://www.iryou.teikyouseido.mhlw.go.jp/znk-web/juminkanja/S2430/initialize?prefCd=15&kikanCd=SISNX00015&kikanKbn=2", "url2": "http://www.oukyu.jp", "内容": "県央医師会応急診療所【2:診療所】【診療科目:内科_外科_整形外科_小児科】新潟県三条市興野１丁目１３－６７" }, "geometry": { "type": "Point", "coordinates": [ 138.967669, 37.634558 ] } },
{ "type": "Feature", "properties": { "ID": "152SISNX00019", "正式名称": "さいとう小児科", "機関区分": 2, "都道府県コード": 15, "市区町村コード": 204, "所在地": "新潟県三条市石上２丁目１５番３５号", "緯度": 37.644683, "経度": 138.95506, "url": "https://www.iryou.teikyouseido.mhlw.go.jp/znk-web/juminkanja/S2430/initialize?prefCd=15&kikanCd=SISNX00019&kikanKbn=2", "url2": null, "内容": "さいとう小児科【2:診療所】【診療科目:小児科_アレルギー科】新潟県三条市石上２丁目１５番３５号" }, "geometry": { "type": "Point", "coordinates": [ 138.95506, 37.644683 ] } },
{ "type": "Feature", "properties": { "ID": "152SISNX00020", "正式名称": "医療法人社団坂内小児科医院", "機関区分": 2, "都道府県コード": 15, "市区町村コード": 204, "所在地": "新潟県三条市南新保１－３", "緯度": 37.624292, "経度": 138.958595, "url": "https://www.iryou.teikyouseido.mhlw.go.jp/znk-web/juminkanja/S2430/initialize?prefCd=15&kikanCd=SISNX00020&kikanKbn=2", "url2": "https://www.sakauchi-clinic.com/", "内容": "医療法人社団坂内小児科医院【2:診療所】【診療科目:小児科】新潟県三条市南新保１－３" }, "geometry": { "type": "Point", "coordinates": [ 138.958595, 37.624292 ] } },
{ "type": "Feature", "properties": { "ID": "152SISNX00023", "正式名称": "さとう栄整形外科クリニック", "機関区分": 2, "都道府県コード": 15, "市区町村コード": 204, "所在地": "新潟県三条市西本成寺１－３５－１０", "緯度": 37.620292, "経度": 138.945239, "url": "https://www.iryou.teikyouseido.mhlw.go.jp/znk-web/juminkanja/S2430/initialize?prefCd=15&kikanCd=SISNX00023&kikanKbn=2", "url2": "https://s-sakaeclinic.com", "内容": "さとう栄整形外科クリニック【2:診療所】【診療科目:整形外科】新潟県三条市西本成寺１－３５－１０" }, "geometry": { "type": "Point", "coordinates": [ 138.945239, 37.620292 ] } },
{ "type": "Feature", "properties": { "ID": "152SISNX00024", "正式名称": "産科婦人科茅原クリニック", "機関区分": 2, "都道府県コード": 15, "市区町村コード": 204, "所在地": "新潟県三条市東本成寺１２－１４", "緯度": 37.615182, "経度": 138.949591, "url": "https://www.iryou.teikyouseido.mhlw.go.jp/znk-web/juminkanja/S2430/initialize?prefCd=15&kikanCd=SISNX00024&kikanKbn=2", "url2": "https://www.chiharaclinic.jp/index.html", "内容": "産科婦人科茅原クリニック【2:診療所】【診療科目:産婦人科】新潟県三条市東本成寺１２－１４" }, "geometry": { "type": "Point", "coordinates": [ 138.949591, 37.615182 ] } },
{ "type": "Feature", "properties": { "ID": "152SISNX00025", "正式名称": "三条眼科", "機関区分": 2, "都道府県コード": 15, "市区町村コード": 204, "所在地": "新潟県三条市南四日町４丁目３番１０号", "緯度": 37.615643, "経度": 138.954853, "url": "https://www.iryou.teikyouseido.mhlw.go.jp/znk-web/juminkanja/S2430/initialize?prefCd=15&kikanCd=SISNX00025&kikanKbn=2", "url2": null, "内容": "三条眼科【2:診療所】【診療科目:眼科】新潟県三条市南四日町４丁目３番１０号" }, "geometry": { "type": "Point", "coordinates": [ 138.954853, 37.615643 ] } },
{ "type": "Feature", "properties": { "ID": "152SISNX00027", "正式名称": "三条しただ郷クリニック", "機関区分": 2, "都道府県コード": 15, "市区町村コード": 204, "所在地": "新潟県三条市荻堀１１８２番地１", "緯度": 37.573086, "経度": 139.02984, "url": "https://www.iryou.teikyouseido.mhlw.go.jp/znk-web/juminkanja/S2430/initialize?prefCd=15&kikanCd=SISNX00027&kikanKbn=2", "url2": "sitadagoclinic.com", "内容": "三条しただ郷クリニック【2:診療所】【診療科目:内科_外科】新潟県三条市荻堀１１８２番地１" }, "geometry": { "type": "Point", "coordinates": [ 139.02984, 37.573086 ] } },
{ "type": "Feature", "properties": { "ID": "152SISNX00028", "正式名称": "三条りゅうクリニック", "機関区分": 2, "都道府県コード": 15, "市区町村コード": 204, "所在地": "新潟県三条市興野１丁目１４番３２号", "緯度": 37.636232, "経度": 138.967744, "url": "https://www.iryou.teikyouseido.mhlw.go.jp/znk-web/juminkanja/S2430/initialize?prefCd=15&kikanCd=SISNX00028&kikanKbn=2", "url2": null, "内容": "三条りゅうクリニック【2:診療所】【診療科目:内科_泌尿器科】新潟県三条市興野１丁目１４番３２号" }, "geometry": { "type": "Point", "coordinates": [ 138.967744, 37.636232 ] } },
{ "type": "Feature", "properties": { "ID": "152SISNX00031", "正式名称": "篠田耳鼻咽喉科医院", "機関区分": 2, "都道府県コード": 15, "市区町村コード": 204, "所在地": "新潟県三条市東本成寺２１番３８号", "緯度": 37.615606, "経度": 138.948055, "url": "https://www.iryou.teikyouseido.mhlw.go.jp/znk-web/juminkanja/S2430/initialize?prefCd=15&kikanCd=SISNX00031&kikanKbn=2", "url2": "https://shinoda-jibika.com", "内容": "篠田耳鼻咽喉科医院【2:診療所】【診療科目:耳鼻いんこう科_アレルギー科】新潟県三条市東本成寺２１番３８号" }, "geometry": { "type": "Point", "coordinates": [ 138.948055, 37.615606 ] } },
{ "type": "Feature", "properties": { "ID": "152SISNX00032", "正式名称": "田中内科クリニック", "機関区分": 2, "都道府県コード": 15, "市区町村コード": 204, "所在地": "新潟県三条市須頃２－１０１－１", "緯度": 37.644805, "経度": 138.940545, "url": "https://www.iryou.teikyouseido.mhlw.go.jp/znk-web/juminkanja/S2430/initialize?prefCd=15&kikanCd=SISNX00032&kikanKbn=2", "url2": null, "内容": "田中内科クリニック【2:診療所】【診療科目:内科_循環器内科_小児科】新潟県三条市須頃２－１０１－１" }, "geometry": { "type": "Point", "coordinates": [ 138.940545, 37.644805 ] } },
{ "type": "Feature", "properties": { "ID": "152SISNX00033", "正式名称": "谷村脳神経外科クリニック", "機関区分": 2, "都道府県コード": 15, "市区町村コード": 204, "所在地": "新潟県三条市興野１丁目１３番１４号", "緯度": 37.635518, "経度": 138.967064, "url": "https://www.iryou.teikyouseido.mhlw.go.jp/znk-web/juminkanja/S2430/initialize?prefCd=15&kikanCd=SISNX00033&kikanKbn=2", "url2": null, "内容": "谷村脳神経外科クリニック【2:診療所】【診療科目:神経内科_脳神経外科_リハビリテーション科】新潟県三条市興野１丁目１３番１４号" }, "geometry": { "type": "Point", "coordinates": [ 138.967064, 37.635518 ] } },
{ "type": "Feature", "properties": { "ID": "152SISNX00034", "正式名称": "たむら皮フ科クリニック", "機関区分": 2, "都道府県コード": 15, "市区町村コード": 204, "所在地": "新潟県三条市東本成寺２１番３４号", "緯度": 37.615905, "経度": 138.947671, "url": "https://www.iryou.teikyouseido.mhlw.go.jp/znk-web/juminkanja/S2430/initialize?prefCd=15&kikanCd=SISNX00034&kikanKbn=2", "url2": null, "内容": "たむら皮フ科クリニック【2:診療所】【診療科目:皮膚科】新潟県三条市東本成寺２１番３４号" }, "geometry": { "type": "Point", "coordinates": [ 138.947671, 37.615905 ] } },
{ "type": "Feature", "properties": { "ID": "152SISNX00036", "正式名称": "塚野目診療所", "機関区分": 2, "都道府県コード": 15, "市区町村コード": 204, "所在地": "新潟県三条市塚野目２丁目９番５４号", "緯度": 37.637152, "経度": 138.978131, "url": "https://www.iryou.teikyouseido.mhlw.go.jp/znk-web/juminkanja/S2430/initialize?prefCd=15&kikanCd=SISNX00036&kikanKbn=2", "url2": "https://tsukanomeshinryojo.com/", "内容": "塚野目診療所【2:診療所】【診療科目:内科】新潟県三条市塚野目２丁目９番５４号" }, "geometry": { "type": "Point", "coordinates": [ 138.978131, 37.637152 ] } },
{ "type": "Feature", "properties": { "ID": "152SISNX00037", "正式名称": "津端内科医院", "機関区分": 2, "都道府県コード": 15, "市区町村コード": 204, "所在地": "新潟県三条市南新保１−１６", "緯度": 37.624053, "経度": 138.958535, "url": "https://www.iryou.teikyouseido.mhlw.go.jp/znk-web/juminkanja/S2430/initialize?prefCd=15&kikanCd=SISNX00037&kikanKbn=2", "url2": "https://tsubata-naika.jp/", "内容": "津端内科医院【2:診療所】【診療科目:内科_消化器内科_肝臓内科_内視鏡内科】新潟県三条市南新保１−１６" }, "geometry": { "type": "Point", "coordinates": [ 138.958535, 37.624053 ] } },
{ "type": "Feature", "properties": { "ID": "152SISNX00038", "正式名称": "坪井内科医院", "機関区分": 2, "都道府県コード": 15, "市区町村コード": 204, "所在地": "新潟県三条市本町３－６－１４", "緯度": 37.62923, "経度": 138.956199, "url": "https://www.iryou.teikyouseido.mhlw.go.jp/znk-web/juminkanja/S2430/initialize?prefCd=15&kikanCd=SISNX00038&kikanKbn=2", "url2": "https://www.tsuboi-naika.com", "内容": "坪井内科医院【2:診療所】【診療科目:内科_消化器内科】新潟県三条市本町３－６－１４" }, "geometry": { "type": "Point", "coordinates": [ 138.956199, 37.62923 ] } },
{ "type": "Feature", "properties": { "ID": "152SISNX00040", "正式名称": "といし整形外科クリニック", "機関区分": 2, "都道府県コード": 15, "市区町村コード": 204, "所在地": "新潟県三条市荒町２－１－４６", "緯度": 37.638296, "経度": 138.953637, "url": "https://www.iryou.teikyouseido.mhlw.go.jp/znk-web/juminkanja/S2430/initialize?prefCd=15&kikanCd=SISNX00040&kikanKbn=2", "url2": "https://www.toishi-seikei.com", "内容": "といし整形外科クリニック【2:診療所】【診療科目:整形外科_リハビリテーション科】新潟県三条市荒町２－１－４６" }, "geometry": { "type": "Point", "coordinates": [ 138.953637, 37.638296 ] } },
{ "type": "Feature", "properties": { "ID": "152SISNX00041", "正式名称": "どうや胃腸科", "機関区分": 2, "都道府県コード": 15, "市区町村コード": 204, "所在地": "新潟県三条市興野１－６－４６", "緯度": 37.633249, "経度": 138.968771, "url": "https://www.iryou.teikyouseido.mhlw.go.jp/znk-web/juminkanja/S2430/initialize?prefCd=15&kikanCd=SISNX00041&kikanKbn=2", "url2": null, "内容": "どうや胃腸科【2:診療所】【診療科目:内科_消化器内科_胃腸内科】新潟県三条市興野１－６－４６" }, "geometry": { "type": "Point", "coordinates": [ 138.968771, 37.633249 ] } },
{ "type": "Feature", "properties": { "ID": "152SISNX00046", "正式名称": "富永草野クリニック", "機関区分": 2, "都道府県コード": 15, "市区町村コード": 204, "所在地": "新潟県三条市興野２－１１－２８", "緯度": 37.633239, "経度": 138.97112, "url": "https://www.iryou.teikyouseido.mhlw.go.jp/znk-web/juminkanja/S2430/initialize?prefCd=15&kikanCd=SISNX00046&kikanKbn=2", "url2": "https://www.shihatsudo.or.jp/kusano_clinic/", "内容": "富永草野クリニック【2:診療所】【診療科目:内科_呼吸器内科_循環器内科_整形外科_形成外科_リウマチ科_リハビリテーション科】新潟県三条市興野２－１１－２８" }, "geometry": { "type": "Point", "coordinates": [ 138.97112, 37.633239 ] } },
{ "type": "Feature", "properties": { "ID": "152SISNX00047", "正式名称": "内科・消化器科わたなべ医院", "機関区分": 2, "都道府県コード": 15, "市区町村コード": 204, "所在地": "新潟県三条市西本成寺１－３８－４５", "緯度": 37.622798, "経度": 138.941943, "url": "https://www.iryou.teikyouseido.mhlw.go.jp/znk-web/juminkanja/S2430/initialize?prefCd=15&kikanCd=SISNX00047&kikanKbn=2", "url2": "https://www.watanabeclinic-sanjo.net", "内容": "内科・消化器科わたなべ医院【2:診療所】【診療科目:内科_消化器内科_胃腸内科】新潟県三条市西本成寺１－３８－４５" }, "geometry": { "type": "Point", "coordinates": [ 138.941943, 37.622798 ] } },
{ "type": "Feature", "properties": { "ID": "152SISNX00048", "正式名称": "内科・呼吸器内科　山口医院", "機関区分": 2, "都道府県コード": 15, "市区町村コード": 204, "所在地": "新潟県三条市東本成寺１２番１号", "緯度": 37.615144, "経度": 138.950291, "url": "https://www.iryou.teikyouseido.mhlw.go.jp/znk-web/juminkanja/S2430/initialize?prefCd=15&kikanCd=SISNX00048&kikanKbn=2", "url2": null, "内容": "内科・呼吸器内科　山口医院【2:診療所】【診療科目:内科_呼吸器内科】新潟県三条市東本成寺１２番１号" }, "geometry": { "type": "Point", "coordinates": [ 138.950291, 37.615144 ] } },
{ "type": "Feature", "properties": { "ID": "152SISNX00049", "正式名称": "中川内科医院", "機関区分": 2, "都道府県コード": 15, "市区町村コード": 204, "所在地": "新潟県三条市東三条２丁目２－１８", "緯度": 37.631324, "経度": 138.974752, "url": "https://www.iryou.teikyouseido.mhlw.go.jp/znk-web/juminkanja/S2430/initialize?prefCd=15&kikanCd=SISNX00049&kikanKbn=2", "url2": "https://www.nakagawa-naika.jp/", "内容": "中川内科医院【2:診療所】【診療科目:内科_糖尿病内科_内分泌内科】新潟県三条市東三条２丁目２－１８" }, "geometry": { "type": "Point", "coordinates": [ 138.974752, 37.631324 ] } },
{ "type": "Feature", "properties": { "ID": "152SISNX00050", "正式名称": "なかじま医院", "機関区分": 2, "都道府県コード": 15, "市区町村コード": 204, "所在地": "新潟県三条市新堀１３０５－１", "緯度": 37.586601, "経度": 138.921312, "url": "https://www.iryou.teikyouseido.mhlw.go.jp/znk-web/juminkanja/S2430/initialize?prefCd=15&kikanCd=SISNX00050&kikanKbn=2", "url2": "nakajimaiinn.info", "内容": "なかじま医院【2:診療所】【診療科目:内科_呼吸器内科_胃腸内科_小児科_アレルギー科】新潟県三条市新堀１３０５－１" }, "geometry": { "type": "Point", "coordinates": [ 138.921312, 37.586601 ] } },
{ "type": "Feature", "properties": { "ID": "152SISNX00052", "正式名称": "日戸医院", "機関区分": 2, "都道府県コード": 15, "市区町村コード": 204, "所在地": "新潟県三条市島田１－１－１９", "緯度": 37.629163, "経度": 138.948279, "url": "https://www.iryou.teikyouseido.mhlw.go.jp/znk-web/juminkanja/S2430/initialize?prefCd=15&kikanCd=SISNX00052&kikanKbn=2", "url2": null, "内容": "日戸医院【2:診療所】【診療科目:皮膚科】新潟県三条市島田１－１－１９" }, "geometry": { "type": "Point", "coordinates": [ 138.948279, 37.629163 ] } },
{ "type": "Feature", "properties": { "ID": "152SISNX00053", "正式名称": "馬場内科医院", "機関区分": 2, "都道府県コード": 15, "市区町村コード": 204, "所在地": "新潟県三条市東裏館２丁目１６－１２", "緯度": 37.637701, "経度": 138.959309, "url": "https://www.iryou.teikyouseido.mhlw.go.jp/znk-web/juminkanja/S2430/initialize?prefCd=15&kikanCd=SISNX00053&kikanKbn=2", "url2": null, "内容": "馬場内科医院【2:診療所】【診療科目:内科_消化器内科_胃腸内科】新潟県三条市東裏館２丁目１６－１２" }, "geometry": { "type": "Point", "coordinates": [ 138.959309, 37.637701 ] } },
{ "type": "Feature", "properties": { "ID": "152SISNX00054", "正式名称": "藤﨑医院", "機関区分": 2, "都道府県コード": 15, "市区町村コード": 204, "所在地": "新潟県三条市西裏館１丁目８番８号", "緯度": 37.634039, "経度": 138.95355, "url": "https://www.iryou.teikyouseido.mhlw.go.jp/znk-web/juminkanja/S2430/initialize?prefCd=15&kikanCd=SISNX00054&kikanKbn=2", "url2": "https://www.fujisakiiin.com/", "内容": "藤﨑医院【2:診療所】【診療科目:耳鼻いんこう科】新潟県三条市西裏館１丁目８番８号" }, "geometry": { "type": "Point", "coordinates": [ 138.95355, 37.634039 ] } },
{ "type": "Feature", "properties": { "ID": "152SISNX00055", "正式名称": "ふじみや耳鼻科クリニック", "機関区分": 2, "都道府県コード": 15, "市区町村コード": 204, "所在地": "新潟県三条市興野１－３－９", "緯度": 37.631899, "経度": 138.969118, "url": "https://www.iryou.teikyouseido.mhlw.go.jp/znk-web/juminkanja/S2430/initialize?prefCd=15&kikanCd=SISNX00055&kikanKbn=2", "url2": null, "内容": "ふじみや耳鼻科クリニック【2:診療所】【診療科目:耳鼻いんこう科】新潟県三条市興野１－３－９" }, "geometry": { "type": "Point", "coordinates": [ 138.969118, 37.631899 ] } },
{ "type": "Feature", "properties": { "ID": "152SISNX00056", "正式名称": "水野内科クリニック", "機関区分": 2, "都道府県コード": 15, "市区町村コード": 204, "所在地": "新潟県三条市月岡１丁目２３番４８号", "緯度": 37.613857, "経度": 138.969556, "url": "https://www.iryou.teikyouseido.mhlw.go.jp/znk-web/juminkanja/S2430/initialize?prefCd=15&kikanCd=SISNX00056&kikanKbn=2", "url2": "http://www.mizuno-clinic.com", "内容": "水野内科クリニック【2:診療所】【診療科目:内科_循環器内科】新潟県三条市月岡１丁目２３番４８号" }, "geometry": { "type": "Point", "coordinates": [ 138.969556, 37.613857 ] } },
{ "type": "Feature", "properties": { "ID": "152SISNX00057", "正式名称": "むとう医院", "機関区分": 2, "都道府県コード": 15, "市区町村コード": 204, "所在地": "新潟県三条市島田２丁目８番１２号", "緯度": 37.626165, "経度": 138.947394, "url": "https://www.iryou.teikyouseido.mhlw.go.jp/znk-web/juminkanja/S2430/initialize?prefCd=15&kikanCd=SISNX00057&kikanKbn=2", "url2": "http://muto-clinic.com", "内容": "むとう医院【2:診療所】【診療科目:内科_神経内科_アレルギー科】新潟県三条市島田２丁目８番１２号" }, "geometry": { "type": "Point", "coordinates": [ 138.947394, 37.626165 ] } },
{ "type": "Feature", "properties": { "ID": "152SISNX00058", "正式名称": "やまぐち内科クリニック", "機関区分": 2, "都道府県コード": 15, "市区町村コード": 204, "所在地": "新潟県三条市鶴田２－１－６－５", "緯度": 37.640882, "経度": 138.98375, "url": "https://www.iryou.teikyouseido.mhlw.go.jp/znk-web/juminkanja/S2430/initialize?prefCd=15&kikanCd=SISNX00058&kikanKbn=2", "url2": null, "内容": "やまぐち内科クリニック【2:診療所】【診療科目:内科_消化器内科_胃腸内科_アレルギー科】新潟県三条市鶴田２－１－６－５" }, "geometry": { "type": "Point", "coordinates": [ 138.98375, 37.640882 ] } },
{ "type": "Feature", "properties": { "ID": "152SISNX00060", "正式名称": "医療法人社団吉澤医院", "機関区分": 2, "都道府県コード": 15, "市区町村コード": 204, "所在地": "新潟県三条市西大崎１－９－２８", "緯度": 37.621983, "経度": 138.987731, "url": "https://www.iryou.teikyouseido.mhlw.go.jp/znk-web/juminkanja/S2430/initialize?prefCd=15&kikanCd=SISNX00060&kikanKbn=2", "url2": "http://yoshizawaacl.com/wp/wp-admin/", "内容": "医療法人社団吉澤医院【2:診療所】【診療科目:内科_呼吸器内科_アレルギー疾患内科_小児科_アレルギー科】新潟県三条市西大崎１－９－２８" }, "geometry": { "type": "Point", "coordinates": [ 138.987731, 37.621983 ] } },
{ "type": "Feature", "properties": { "ID": "152SISNX00061", "正式名称": "レディスクリニック石黒", "機関区分": 2, "都道府県コード": 15, "市区町村コード": 204, "所在地": "新潟県三条市荒町２丁目２５番３３号", "緯度": 37.643307, "経度": 138.955071, "url": "https://www.iryou.teikyouseido.mhlw.go.jp/znk-web/juminkanja/S2430/initialize?prefCd=15&kikanCd=SISNX00061&kikanKbn=2", "url2": "https://www.ishiguro.or.jp", "内容": "レディスクリニック石黒【2:診療所】【診療科目:小児科_産婦人科_産婦人科（生殖医療）】新潟県三条市荒町２丁目２５番３３号" }, "geometry": { "type": "Point", "coordinates": [ 138.955071, 37.643307 ] } },
{ "type": "Feature", "properties": { "ID": "152SISNX00062", "正式名称": "三条こどもクリニック", "機関区分": 2, "都道府県コード": 15, "市区町村コード": 204, "所在地": "新潟県三条市西本成寺２－４－２４", "緯度": 37.616759, "経度": 138.944011, "url": "https://www.iryou.teikyouseido.mhlw.go.jp/znk-web/juminkanja/S2430/initialize?prefCd=15&kikanCd=SISNX00062&kikanKbn=2", "url2": "https://www.yoyakuru.net/rs/sanjocc/web/", "内容": "三条こどもクリニック【2:診療所】【診療科目:小児科_アレルギー科】新潟県三条市西本成寺２－４－２４" }, "geometry": { "type": "Point", "coordinates": [ 138.944011, 37.616759 ] } },
{ "type": "Feature", "properties": { "ID": "152SISNX00063", "正式名称": "東三条まもる眼科", "機関区分": 2, "都道府県コード": 15, "市区町村コード": 204, "所在地": "新潟県三条市東三条１－１５－２３", "緯度": 37.629277, "経度": 138.970603, "url": "https://www.iryou.teikyouseido.mhlw.go.jp/znk-web/juminkanja/S2430/initialize?prefCd=15&kikanCd=SISNX00063&kikanKbn=2", "url2": null, "内容": "東三条まもる眼科【2:診療所】【診療科目:眼科】新潟県三条市東三条１－１５－２３" }, "geometry": { "type": "Point", "coordinates": [ 138.970603, 37.629277 ] } },
{ "type": "Feature", "properties": { "ID": "152SISNX00064", "正式名称": "たかおクリニック", "機関区分": 2, "都道府県コード": 15, "市区町村コード": 204, "所在地": "新潟県三条市東裏館２丁目２１番３６号㈱佐藤産業ビル３階", "緯度": 37.637169, "経度": 138.961143, "url": "https://www.iryou.teikyouseido.mhlw.go.jp/znk-web/juminkanja/S2430/initialize?prefCd=15&kikanCd=SISNX00064&kikanKbn=2", "url2": null, "内容": "たかおクリニック【2:診療所】【診療科目:内科_神経内科_精神科_心療内科】新潟県三条市東裏館２丁目２１番３６号㈱佐藤産業ビル３階" }, "geometry": { "type": "Point", "coordinates": [ 138.961143, 37.637169 ] } },
{ "type": "Feature", "properties": { "ID": "152SISNX00065", "正式名称": "ヒルズクリニック", "機関区分": 2, "都道府県コード": 15, "市区町村コード": 204, "所在地": "新潟県三条市月岡１ー２３ー４３", "緯度": 37.613807, "経度": 138.970242, "url": "https://www.iryou.teikyouseido.mhlw.go.jp/znk-web/juminkanja/S2430/initialize?prefCd=15&kikanCd=SISNX00065&kikanKbn=2", "url2": "http://www.hills-clinic.jp", "内容": "ヒルズクリニック【2:診療所】【診療科目:内科】新潟県三条市月岡１ー２３ー４３" }, "geometry": { "type": "Point", "coordinates": [ 138.970242, 37.613807 ] } },
{ "type": "Feature", "properties": { "ID": "152SISNX00067", "正式名称": "奥田皮膚科クリニック", "機関区分": 2, "都道府県コード": 15, "市区町村コード": 204, "所在地": "新潟県三条市鶴田２丁目１番１５号", "緯度": 37.640637, "経度": 138.98386, "url": "https://www.iryou.teikyouseido.mhlw.go.jp/znk-web/juminkanja/S2430/initialize?prefCd=15&kikanCd=SISNX00067&kikanKbn=2", "url2": null, "内容": "奥田皮膚科クリニック【2:診療所】【診療科目:皮膚科】新潟県三条市鶴田２丁目１番１５号" }, "geometry": { "type": "Point", "coordinates": [ 138.98386, 37.640637 ] } },
{ "type": "Feature", "properties": { "ID": "152SISNX00068", "正式名称": "さくらクリニック", "機関区分": 2, "都道府県コード": 15, "市区町村コード": 209, "所在地": "新潟県加茂市寿町９番１０号", "緯度": 37.659225, "経度": 139.045147, "url": "https://www.iryou.teikyouseido.mhlw.go.jp/znk-web/juminkanja/S2430/initialize?prefCd=15&kikanCd=SISNX00068&kikanKbn=2", "url2": "https://www.jojinkai.com/kamo/", "内容": "さくらクリニック【2:診療所】【診療科目:内科_人工透析内科】新潟県加茂市寿町９番１０号" }, "geometry": { "type": "Point", "coordinates": [ 139.045147, 37.659225 ] } },
{ "type": "Feature", "properties": { "ID": "152SISNX00069", "正式名称": "いからし小児科アレルギークリニック", "機関区分": 2, "都道府県コード": 15, "市区町村コード": 209, "所在地": "新潟県加茂市幸町２丁目９番２３号", "緯度": 37.666315, "経度": 139.040207, "url": "https://www.iryou.teikyouseido.mhlw.go.jp/znk-web/juminkanja/S2430/initialize?prefCd=15&kikanCd=SISNX00069&kikanKbn=2", "url2": "ikarashi-syounika.jp", "内容": "いからし小児科アレルギークリニック【2:診療所】【診療科目:小児科_アレルギー科】新潟県加茂市幸町２丁目９番２３号" }, "geometry": { "type": "Point", "coordinates": [ 139.040207, 37.666315 ] } },
{ "type": "Feature", "properties": { "ID": "152SISNX00071", "正式名称": "監物小児科医院", "機関区分": 2, "都道府県コード": 15, "市区町村コード": 209, "所在地": "新潟県加茂市旭町７－１１", "緯度": 37.661818, "経度": 139.04353, "url": "https://www.iryou.teikyouseido.mhlw.go.jp/znk-web/juminkanja/S2430/initialize?prefCd=15&kikanCd=SISNX00071&kikanKbn=2", "url2": null, "内容": "監物小児科医院【2:診療所】【診療科目:内科_小児科】新潟県加茂市旭町７－１１" }, "geometry": { "type": "Point", "coordinates": [ 139.04353, 37.661818 ] } },
{ "type": "Feature", "properties": { "ID": "152SISNX00072", "正式名称": "小池内科消化器科クリニック", "機関区分": 2, "都道府県コード": 15, "市区町村コード": 209, "所在地": "新潟県加茂市仲町１番３７号", "緯度": 37.658924, "経度": 139.05591, "url": "https://www.iryou.teikyouseido.mhlw.go.jp/znk-web/juminkanja/S2430/initialize?prefCd=15&kikanCd=SISNX00072&kikanKbn=2", "url2": "www//koike-clinic.com", "内容": "小池内科消化器科クリニック【2:診療所】【診療科目:内科_消化器内科_胃腸内科】新潟県加茂市仲町１番３７号" }, "geometry": { "type": "Point", "coordinates": [ 139.05591, 37.658924 ] } },
{ "type": "Feature", "properties": { "ID": "152SISNX00075", "正式名称": "徳友医院", "機関区分": 2, "都道府県コード": 15, "市区町村コード": 209, "所在地": "新潟県加茂市高須町１丁目６－１１", "緯度": 37.659147, "経度": 139.038402, "url": "https://www.iryou.teikyouseido.mhlw.go.jp/znk-web/juminkanja/S2430/initialize?prefCd=15&kikanCd=SISNX00075&kikanKbn=2", "url2": null, "内容": "徳友医院【2:診療所】【診療科目:内科_呼吸器内科_皮膚科】新潟県加茂市高須町１丁目６－１１" }, "geometry": { "type": "Point", "coordinates": [ 139.038402, 37.659147 ] } },
{ "type": "Feature", "properties": { "ID": "152SISNX00076", "正式名称": "ながば耳鼻咽喉科医院", "機関区分": 2, "都道府県コード": 15, "市区町村コード": 209, "所在地": "新潟県加茂市番田８－１６", "緯度": 37.661261, "経度": 139.049053, "url": "https://www.iryou.teikyouseido.mhlw.go.jp/znk-web/juminkanja/S2430/initialize?prefCd=15&kikanCd=SISNX00076&kikanKbn=2", "url2": null, "内容": "ながば耳鼻咽喉科医院【2:診療所】【診療科目:耳鼻いんこう科_アレルギー科】新潟県加茂市番田８－１６" }, "geometry": { "type": "Point", "coordinates": [ 139.049053, 37.661261 ] } },
{ "type": "Feature", "properties": { "ID": "152SISNX00077", "正式名称": "中村医院", "機関区分": 2, "都道府県コード": 15, "市区町村コード": 209, "所在地": "新潟県加茂市五番町３ー２９", "緯度": 37.65727, "経度": 139.060523, "url": "https://www.iryou.teikyouseido.mhlw.go.jp/znk-web/juminkanja/S2430/initialize?prefCd=15&kikanCd=SISNX00077&kikanKbn=2", "url2": null, "内容": "中村医院【2:診療所】【診療科目:内科_外科_消化器外科_胃腸外科_肛門外科】新潟県加茂市五番町３ー２９" }, "geometry": { "type": "Point", "coordinates": [ 139.060523, 37.65727 ] } },
{ "type": "Feature", "properties": { "ID": "152SISNX00078", "正式名称": "にのみや内科クリニック", "機関区分": 2, "都道府県コード": 15, "市区町村コード": 209, "所在地": "新潟県加茂市新栄町４番１号", "緯度": 37.664868, "経度": 139.039775, "url": "https://www.iryou.teikyouseido.mhlw.go.jp/znk-web/juminkanja/S2430/initialize?prefCd=15&kikanCd=SISNX00078&kikanKbn=2", "url2": "https://ninomiyanaikaclinic.jp", "内容": "にのみや内科クリニック【2:診療所】【診療科目:内科_糖尿病内科】新潟県加茂市新栄町４番１号" }, "geometry": { "type": "Point", "coordinates": [ 139.039775, 37.664868 ] } },
{ "type": "Feature", "properties": { "ID": "152SISNX00081", "正式名称": "堀内医院", "機関区分": 2, "都道府県コード": 15, "市区町村コード": 209, "所在地": "新潟県加茂市加茂新田８３５８", "緯度": 37.685428, "経度": 139.037289, "url": "https://www.iryou.teikyouseido.mhlw.go.jp/znk-web/juminkanja/S2430/initialize?prefCd=15&kikanCd=SISNX00081&kikanKbn=2", "url2": "www.horiuchi-cl.org/", "内容": "堀内医院【2:診療所】【診療科目:内科_整形外科_皮膚科_麻酔科】新潟県加茂市加茂新田８３５８" }, "geometry": { "type": "Point", "coordinates": [ 139.037289, 37.685428 ] } },
{ "type": "Feature", "properties": { "ID": "152SISNX00082", "正式名称": "松橋アイクリニック", "機関区分": 2, "都道府県コード": 15, "市区町村コード": 209, "所在地": "新潟県加茂市千刈１丁目６番１８号", "緯度": 37.664585, "経度": 139.050812, "url": "https://www.iryou.teikyouseido.mhlw.go.jp/znk-web/juminkanja/S2430/initialize?prefCd=15&kikanCd=SISNX00082&kikanKbn=2", "url2": null, "内容": "松橋アイクリニック【2:診療所】【診療科目:眼科】新潟県加茂市千刈１丁目６番１８号" }, "geometry": { "type": "Point", "coordinates": [ 139.050812, 37.664585 ] } },
{ "type": "Feature", "properties": { "ID": "152SISNX00083", "正式名称": "みながわ整形外科", "機関区分": 2, "都道府県コード": 15, "市区町村コード": 209, "所在地": "新潟県加茂市番田７－１１", "緯度": 37.661355, "経度": 139.048639, "url": "https://www.iryou.teikyouseido.mhlw.go.jp/znk-web/juminkanja/S2430/initialize?prefCd=15&kikanCd=SISNX00083&kikanKbn=2", "url2": null, "内容": "みながわ整形外科【2:診療所】【診療科目:整形外科】新潟県加茂市番田７－１１" }, "geometry": { "type": "Point", "coordinates": [ 139.048639, 37.661355 ] } },
{ "type": "Feature", "properties": { "ID": "152SISNX00084", "正式名称": "吉田内科医院", "機関区分": 2, "都道府県コード": 15, "市区町村コード": 209, "所在地": "新潟県加茂市柳町２丁目５番４号", "緯度": 37.656001, "経度": 139.037842, "url": "https://www.iryou.teikyouseido.mhlw.go.jp/znk-web/juminkanja/S2430/initialize?prefCd=15&kikanCd=SISNX00084&kikanKbn=2", "url2": null, "内容": "吉田内科医院【2:診療所】【診療科目:内科_消化器内科】新潟県加茂市柳町２丁目５番４号" }, "geometry": { "type": "Point", "coordinates": [ 139.037842, 37.656001 ] } },
{ "type": "Feature", "properties": { "ID": "152SISNX00085", "正式名称": "鷲塚内科医院", "機関区分": 2, "都道府県コード": 15, "市区町村コード": 209, "所在地": "新潟県加茂市穀町７番７号", "緯度": 37.659643, "経度": 139.052517, "url": "https://www.iryou.teikyouseido.mhlw.go.jp/znk-web/juminkanja/S2430/initialize?prefCd=15&kikanCd=SISNX00085&kikanKbn=2", "url2": null, "内容": "鷲塚内科医院【2:診療所】【診療科目:内科_循環器内科】新潟県加茂市穀町７番７号" }, "geometry": { "type": "Point", "coordinates": [ 139.052517, 37.659643 ] } },
{ "type": "Feature", "properties": { "ID": "152SISNX00087", "正式名称": "青山医院", "機関区分": 2, "都道府県コード": 15, "市区町村コード": 213, "所在地": "新潟県燕市杣木１４７０", "緯度": 37.666203, "経度": 138.919248, "url": "https://www.iryou.teikyouseido.mhlw.go.jp/znk-web/juminkanja/S2430/initialize?prefCd=15&kikanCd=SISNX00087&kikanKbn=2", "url2": null, "内容": "青山医院【2:診療所】【診療科目:内科_整形外科_皮膚科】新潟県燕市杣木１４７０" }, "geometry": { "type": "Point", "coordinates": [ 138.919248, 37.666203 ] } },
{ "type": "Feature", "properties": { "ID": "152SISNX00088", "正式名称": "荒木内科医院", "機関区分": 2, "都道府県コード": 15, "市区町村コード": 213, "所在地": "新潟県燕市東太田２８９１", "緯度": 37.673096, "経度": 138.882238, "url": "https://www.iryou.teikyouseido.mhlw.go.jp/znk-web/juminkanja/S2430/initialize?prefCd=15&kikanCd=SISNX00088&kikanKbn=2", "url2": null, "内容": "荒木内科医院【2:診療所】【診療科目:内科_消化器内科_胃腸内科】新潟県燕市東太田２８９１" }, "geometry": { "type": "Point", "coordinates": [ 138.882238, 37.673096 ] } },
{ "type": "Feature", "properties": { "ID": "152SISNX00090", "正式名称": "医療法人社団　石田医院", "機関区分": 2, "都道府県コード": 15, "市区町村コード": 213, "所在地": "新潟県燕市灰方７９０", "緯度": 37.685582, "経度": 138.935217, "url": "https://www.iryou.teikyouseido.mhlw.go.jp/znk-web/juminkanja/S2430/initialize?prefCd=15&kikanCd=SISNX00090&kikanKbn=2", "url2": null, "内容": "医療法人社団　石田医院【2:診療所】【診療科目:内科_呼吸器内科】新潟県燕市灰方７９０" }, "geometry": { "type": "Point", "coordinates": [ 138.935217, 37.685582 ] } },
{ "type": "Feature", "properties": { "ID": "152SISNX00091", "正式名称": "伊東こどもクリニック", "機関区分": 2, "都道府県コード": 15, "市区町村コード": 213, "所在地": "新潟県燕市吉田大保町２３－１１", "緯度": 37.688444, "経度": 138.883118, "url": "https://www.iryou.teikyouseido.mhlw.go.jp/znk-web/juminkanja/S2430/initialize?prefCd=15&kikanCd=SISNX00091&kikanKbn=2", "url2": null, "内容": "伊東こどもクリニック【2:診療所】【診療科目:小児科_アレルギー科】新潟県燕市吉田大保町２３－１１" }, "geometry": { "type": "Point", "coordinates": [ 138.883118, 37.688444 ] } },
{ "type": "Feature", "properties": { "ID": "152SISNX00092", "正式名称": "医療法人社団安藤医院", "機関区分": 2, "都道府県コード": 15, "市区町村コード": 213, "所在地": "新潟県燕市水道町４丁目３番４４号", "緯度": 37.659532, "経度": 138.914922, "url": "https://www.iryou.teikyouseido.mhlw.go.jp/znk-web/juminkanja/S2430/initialize?prefCd=15&kikanCd=SISNX00092&kikanKbn=2", "url2": null, "内容": "医療法人社団安藤医院【2:診療所】【診療科目:内科_泌尿器科】新潟県燕市水道町４丁目３番４４号" }, "geometry": { "type": "Point", "coordinates": [ 138.914922, 37.659532 ] } },
{ "type": "Feature", "properties": { "ID": "152SISNX00093", "正式名称": "岩﨑内科医院", "機関区分": 2, "都道府県コード": 15, "市区町村コード": 213, "所在地": "新潟県燕市小高８２８", "緯度": 37.664798, "経度": 138.941499, "url": "https://www.iryou.teikyouseido.mhlw.go.jp/znk-web/juminkanja/S2430/initialize?prefCd=15&kikanCd=SISNX00093&kikanKbn=2", "url2": "https://www.iwasakinaika2002.com/", "内容": "岩﨑内科医院【2:診療所】【診療科目:内科_消化器内科】新潟県燕市小高８２８" }, "geometry": { "type": "Point", "coordinates": [ 138.941499, 37.664798 ] } },
{ "type": "Feature", "properties": { "ID": "152SISNX00094", "正式名称": "いわぶち整形外科クリニック", "機関区分": 2, "都道府県コード": 15, "市区町村コード": 213, "所在地": "新潟県燕市吉田３４７８－１", "緯度": 37.694974, "経度": 138.88412, "url": "https://www.iryou.teikyouseido.mhlw.go.jp/znk-web/juminkanja/S2430/initialize?prefCd=15&kikanCd=SISNX00094&kikanKbn=2", "url2": null, "内容": "いわぶち整形外科クリニック【2:診療所】【診療科目:整形外科_リハビリテーション科】新潟県燕市吉田３４７８－１" }, "geometry": { "type": "Point", "coordinates": [ 138.88412, 37.694974 ] } },
{ "type": "Feature", "properties": { "ID": "152SISNX00095", "正式名称": "うえだクリニック", "機関区分": 2, "都道府県コード": 15, "市区町村コード": 213, "所在地": "新潟県燕市井土巻２丁目６０", "緯度": 37.654404, "経度": 138.930117, "url": "https://www.iryou.teikyouseido.mhlw.go.jp/znk-web/juminkanja/S2430/initialize?prefCd=15&kikanCd=SISNX00095&kikanKbn=2", "url2": "http://for-women.or.jp/ueda-clinic/", "内容": "うえだクリニック【2:診療所】【診療科目:産婦人科】新潟県燕市井土巻２丁目６０" }, "geometry": { "type": "Point", "coordinates": [ 138.930117, 37.654404 ] } },
{ "type": "Feature", "properties": { "ID": "152SISNX00096", "正式名称": "江口眼科医院", "機関区分": 2, "都道府県コード": 15, "市区町村コード": 213, "所在地": "新潟県燕市白山町２丁目４番２３号", "緯度": 37.665769, "経度": 138.923055, "url": "https://www.iryou.teikyouseido.mhlw.go.jp/znk-web/juminkanja/S2430/initialize?prefCd=15&kikanCd=SISNX00096&kikanKbn=2", "url2": null, "内容": "江口眼科医院【2:診療所】【診療科目:眼科】新潟県燕市白山町２丁目４番２３号" }, "geometry": { "type": "Point", "coordinates": [ 138.923055, 37.665769 ] } },
{ "type": "Feature", "properties": { "ID": "152SISNX00097", "正式名称": "えんどう内科クリニック", "機関区分": 2, "都道府県コード": 15, "市区町村コード": 213, "所在地": "新潟県燕市杣木１８２３－１", "緯度": 37.673274, "経度": 138.908999, "url": "https://www.iryou.teikyouseido.mhlw.go.jp/znk-web/juminkanja/S2430/initialize?prefCd=15&kikanCd=SISNX00097&kikanKbn=2", "url2": null, "内容": "えんどう内科クリニック【2:診療所】【診療科目:内科】新潟県燕市杣木１８２３－１" }, "geometry": { "type": "Point", "coordinates": [ 138.908999, 37.673274 ] } },
{ "type": "Feature", "properties": { "ID": "152SISNX00098", "正式名称": "小澤医院", "機関区分": 2, "都道府県コード": 15, "市区町村コード": 213, "所在地": "新潟県燕市秋葉町４丁目１１－４３", "緯度": 37.663511, "経度": 138.910703, "url": "https://www.iryou.teikyouseido.mhlw.go.jp/znk-web/juminkanja/S2430/initialize?prefCd=15&kikanCd=SISNX00098&kikanKbn=2", "url2": null, "内容": "小澤医院【2:診療所】【診療科目:内科_消化器内科_胃腸内科_外科】新潟県燕市秋葉町４丁目１１－４３" }, "geometry": { "type": "Point", "coordinates": [ 138.910703, 37.663511 ] } },
{ "type": "Feature", "properties": { "ID": "152SISNX00099", "正式名称": "おばらクリニック", "機関区分": 2, "都道府県コード": 15, "市区町村コード": 213, "所在地": "新潟県燕市地蔵堂本町２丁目６番６号", "緯度": 37.626588, "経度": 138.841108, "url": "https://www.iryou.teikyouseido.mhlw.go.jp/znk-web/juminkanja/S2430/initialize?prefCd=15&kikanCd=SISNX00099&kikanKbn=2", "url2": "https;//www.obara-clinic.net", "内容": "おばらクリニック【2:診療所】【診療科目:内科_小児科】新潟県燕市地蔵堂本町２丁目６番６号" }, "geometry": { "type": "Point", "coordinates": [ 138.841108, 37.626588 ] } },
{ "type": "Feature", "properties": { "ID": "152SISNX00100", "正式名称": "小柳医院", "機関区分": 2, "都道府県コード": 15, "市区町村コード": 213, "所在地": "新潟県燕市大曲２９９７", "緯度": 37.649301, "経度": 138.918388, "url": "https://www.iryou.teikyouseido.mhlw.go.jp/znk-web/juminkanja/S2430/initialize?prefCd=15&kikanCd=SISNX00100&kikanKbn=2", "url2": null, "内容": "小柳医院【2:診療所】【診療科目:内科_消化器内科_胃腸内科_外科_呼吸器外科_胃腸外科】新潟県燕市大曲２９９７" }, "geometry": { "type": "Point", "coordinates": [ 138.918388, 37.649301 ] } },
{ "type": "Feature", "properties": { "ID": "152SISNX00101", "正式名称": "菊川脳神経内科クリニック", "機関区分": 2, "都道府県コード": 15, "市区町村コード": 213, "所在地": "新潟県燕市杣木１４２８", "緯度": 37.664676, "経度": 138.918343, "url": "https://www.iryou.teikyouseido.mhlw.go.jp/znk-web/juminkanja/S2430/initialize?prefCd=15&kikanCd=SISNX00101&kikanKbn=2", "url2": null, "内容": "菊川脳神経内科クリニック【2:診療所】【診療科目:内科_脳神経内科】新潟県燕市杣木１４２８" }, "geometry": { "type": "Point", "coordinates": [ 138.918343, 37.664676 ] } },
{ "type": "Feature", "properties": { "ID": "152SISNX00102", "正式名称": "國定内科医院", "機関区分": 2, "都道府県コード": 15, "市区町村コード": 213, "所在地": "新潟県燕市杣木８１３", "緯度": 37.673744, "経度": 138.925808, "url": "https://www.iryou.teikyouseido.mhlw.go.jp/znk-web/juminkanja/S2430/initialize?prefCd=15&kikanCd=SISNX00102&kikanKbn=2", "url2": null, "内容": "國定内科医院【2:診療所】【診療科目:内科_呼吸器内科_循環器内科】新潟県燕市杣木８１３" }, "geometry": { "type": "Point", "coordinates": [ 138.925808, 37.673744 ] } },
{ "type": "Feature", "properties": { "ID": "152SISNX00103", "正式名称": "甲田内科クリニック", "機関区分": 2, "都道府県コード": 15, "市区町村コード": 213, "所在地": "新潟県燕市吉田３７４８", "緯度": 37.698415, "経度": 138.883497, "url": "https://www.iryou.teikyouseido.mhlw.go.jp/znk-web/juminkanja/S2430/initialize?prefCd=15&kikanCd=SISNX00103&kikanKbn=2", "url2": "https://www.asahi-net.or.jp/~WG8Y-KUD/KD/intro.html", "内容": "甲田内科クリニック【2:診療所】【診療科目:内科_循環器内科_腎臓内科_人工透析内科】新潟県燕市吉田３７４８" }, "geometry": { "type": "Point", "coordinates": [ 138.883497, 37.698415 ] } },
{ "type": "Feature", "properties": { "ID": "152SISNX00104", "正式名称": "後藤医院", "機関区分": 2, "都道府県コード": 15, "市区町村コード": 213, "所在地": "新潟県燕市吉田浜首町１２－３３", "緯度": 37.691443, "経度": 138.874573, "url": "https://www.iryou.teikyouseido.mhlw.go.jp/znk-web/juminkanja/S2430/initialize?prefCd=15&kikanCd=SISNX00104&kikanKbn=2", "url2": "https://gotoiin.com/", "内容": "後藤医院【2:診療所】【診療科目:内科_呼吸器内科_消化器内科】新潟県燕市吉田浜首町１２－３３" }, "geometry": { "type": "Point", "coordinates": [ 138.874573, 37.691443 ] } },
{ "type": "Feature", "properties": { "ID": "152SISNX00105", "正式名称": "ごとう内科消化器科クリニック", "機関区分": 2, "都道府県コード": 15, "市区町村コード": 213, "所在地": "新潟県燕市吉田神田町９－５", "緯度": 37.69086, "経度": 138.882314, "url": "https://www.iryou.teikyouseido.mhlw.go.jp/znk-web/juminkanja/S2430/initialize?prefCd=15&kikanCd=SISNX00105&kikanKbn=2", "url2": null, "内容": "ごとう内科消化器科クリニック【2:診療所】【診療科目:内科_消化器内科】新潟県燕市吉田神田町９－５" }, "geometry": { "type": "Point", "coordinates": [ 138.882314, 37.69086 ] } },
{ "type": "Feature", "properties": { "ID": "152SISNX00106", "正式名称": "齋藤医院", "機関区分": 2, "都道府県コード": 15, "市区町村コード": 213, "所在地": "新潟県燕市中央通１丁目１番３４号", "緯度": 37.664695, "経度": 138.930263, "url": "https://www.iryou.teikyouseido.mhlw.go.jp/znk-web/juminkanja/S2430/initialize?prefCd=15&kikanCd=SISNX00106&kikanKbn=2", "url2": null, "内容": "齋藤医院【2:診療所】【診療科目:内科_呼吸器内科_循環器内科_アレルギー科】新潟県燕市中央通１丁目１番３４号" }, "geometry": { "type": "Point", "coordinates": [ 138.930263, 37.664695 ] } },
{ "type": "Feature", "properties": { "ID": "152SISNX00107", "正式名称": "さいとう内科クリニック", "機関区分": 2, "都道府県コード": 15, "市区町村コード": 213, "所在地": "新潟県燕市吉田法花堂１６９６－４", "緯度": 37.680222, "経度": 138.884504, "url": "https://www.iryou.teikyouseido.mhlw.go.jp/znk-web/juminkanja/S2430/initialize?prefCd=15&kikanCd=SISNX00107&kikanKbn=2", "url2": "http://saito-1347.byoinnavi.jp/", "内容": "さいとう内科クリニック【2:診療所】【診療科目:内科_呼吸器内科_アレルギー科】新潟県燕市吉田法花堂１６９６－４" }, "geometry": { "type": "Point", "coordinates": [ 138.884504, 37.680222 ] } },
{ "type": "Feature", "properties": { "ID": "152SISNX00108", "正式名称": "坂井眼科医院", "機関区分": 2, "都道府県コード": 15, "市区町村コード": 213, "所在地": "新潟県燕市吉田法花堂１６３５－１", "緯度": 37.680937, "経度": 138.884798, "url": "https://www.iryou.teikyouseido.mhlw.go.jp/znk-web/juminkanja/S2430/initialize?prefCd=15&kikanCd=SISNX00108&kikanKbn=2", "url2": null, "内容": "坂井眼科医院【2:診療所】【診療科目:眼科】新潟県燕市吉田法花堂１６３５－１" }, "geometry": { "type": "Point", "coordinates": [ 138.884798, 37.680937 ] } },
{ "type": "Feature", "properties": { "ID": "152SISNX00109", "正式名称": "榊原医院", "機関区分": 2, "都道府県コード": 15, "市区町村コード": 213, "所在地": "新潟県燕市五千石３２４７", "緯度": 37.623351, "経度": 138.839432, "url": "https://www.iryou.teikyouseido.mhlw.go.jp/znk-web/juminkanja/S2430/initialize?prefCd=15&kikanCd=SISNX00109&kikanKbn=2", "url2": null, "内容": "榊原医院【2:診療所】【診療科目:内科_外科_乳腺外科_肛門外科】新潟県燕市五千石３２４７" }, "geometry": { "type": "Point", "coordinates": [ 138.839432, 37.623351 ] } },
{ "type": "Feature", "properties": { "ID": "152SISNX00110", "正式名称": "さかいファミリークリニック", "機関区分": 2, "都道府県コード": 15, "市区町村コード": 213, "所在地": "新潟県燕市柳山７７７－１", "緯度": 37.6362, "経度": 138.903767, "url": "https://www.iryou.teikyouseido.mhlw.go.jp/znk-web/juminkanja/S2430/initialize?prefCd=15&kikanCd=SISNX00110&kikanKbn=2", "url2": "https://sakai-family-clinic.com/", "内容": "さかいファミリークリニック【2:診療所】【診療科目:内科_リウマチ科】新潟県燕市柳山７７７－１" }, "geometry": { "type": "Point", "coordinates": [ 138.903767, 37.6362 ] } },
{ "type": "Feature", "properties": { "ID": "152SISNX00111", "正式名称": "佐藤眼科クリニック", "機関区分": 2, "都道府県コード": 15, "市区町村コード": 213, "所在地": "新潟県燕市分水桜町２丁目５番２号", "緯度": 37.627646, "経度": 138.83881, "url": "https://www.iryou.teikyouseido.mhlw.go.jp/znk-web/juminkanja/S2430/initialize?prefCd=15&kikanCd=SISNX00111&kikanKbn=2", "url2": null, "内容": "佐藤眼科クリニック【2:診療所】【診療科目:眼科】新潟県燕市分水桜町２丁目５番２号" }, "geometry": { "type": "Point", "coordinates": [ 138.83881, 37.627646 ] } },
{ "type": "Feature", "properties": { "ID": "152SISNX00112", "正式名称": "佐藤内科小児科医院", "機関区分": 2, "都道府県コード": 15, "市区町村コード": 213, "所在地": "新潟県燕市分水桜町２丁目４番２１号", "緯度": 37.627726, "経度": 138.838279, "url": "https://www.iryou.teikyouseido.mhlw.go.jp/znk-web/juminkanja/S2430/initialize?prefCd=15&kikanCd=SISNX00112&kikanKbn=2", "url2": "https://www.bunsui-satoclinic.jp", "内容": "佐藤内科小児科医院【2:診療所】【診療科目:内科_小児科】新潟県燕市分水桜町２丁目４番２１号" }, "geometry": { "type": "Point", "coordinates": [ 138.838279, 37.627726 ] } },
{ "type": "Feature", "properties": { "ID": "152SISNX00115", "正式名称": "小児科こでらクリニック", "機関区分": 2, "都道府県コード": 15, "市区町村コード": 213, "所在地": "新潟県燕市佐渡２４２－１", "緯度": 37.665321, "経度": 138.950082, "url": "https://www.iryou.teikyouseido.mhlw.go.jp/znk-web/juminkanja/S2430/initialize?prefCd=15&kikanCd=SISNX00115&kikanKbn=2", "url2": null, "内容": "小児科こでらクリニック【2:診療所】【診療科目:小児科_小児皮膚科_小児泌尿器科_新生児内科_アレルギー科】新潟県燕市佐渡２４２－１" }, "geometry": { "type": "Point", "coordinates": [ 138.950082, 37.665321 ] } },
{ "type": "Feature", "properties": { "ID": "152SISNX00116", "正式名称": "清野医院", "機関区分": 2, "都道府県コード": 15, "市区町村コード": 213, "所在地": "新潟県燕市地蔵堂本町三丁目４番６号", "緯度": 37.628488, "経度": 138.842726, "url": "https://www.iryou.teikyouseido.mhlw.go.jp/znk-web/juminkanja/S2430/initialize?prefCd=15&kikanCd=SISNX00116&kikanKbn=2", "url2": "https://www.seinoclinic.com/", "内容": "清野医院【2:診療所】【診療科目:内科_消化器内科_胃腸内科_肝臓内科_内視鏡内科】新潟県燕市地蔵堂本町三丁目４番６号" }, "geometry": { "type": "Point", "coordinates": [ 138.842726, 37.628488 ] } },
{ "type": "Feature", "properties": { "ID": "152SISNX00117", "正式名称": "たかだ小児科医院", "機関区分": 2, "都道府県コード": 15, "市区町村コード": 213, "所在地": "新潟県燕市吉田３５０５－１", "緯度": 37.695907, "経度": 138.884126, "url": "https://www.iryou.teikyouseido.mhlw.go.jp/znk-web/juminkanja/S2430/initialize?prefCd=15&kikanCd=SISNX00117&kikanKbn=2", "url2": null, "内容": "たかだ小児科医院【2:診療所】【診療科目:小児科】新潟県燕市吉田３５０５－１" }, "geometry": { "type": "Point", "coordinates": [ 138.884126, 37.695907 ] } },
{ "type": "Feature", "properties": { "ID": "152SISNX00120", "正式名称": "丹野神経内科クリニック", "機関区分": 2, "都道府県コード": 15, "市区町村コード": 213, "所在地": "新潟県燕市吉田２７５８－１　丹野神経内科クリニック", "緯度": 37.692427, "経度": 138.886934, "url": "https://www.iryou.teikyouseido.mhlw.go.jp/znk-web/juminkanja/S2430/initialize?prefCd=15&kikanCd=SISNX00120&kikanKbn=2", "url2": "https://tanno-nc.jp/guide/", "内容": "丹野神経内科クリニック【2:診療所】【診療科目:内科_神経内科】新潟県燕市吉田２７５８－１　丹野神経内科クリニック" }, "geometry": { "type": "Point", "coordinates": [ 138.886934, 37.692427 ] } },
{ "type": "Feature", "properties": { "ID": "152SISNX00124", "正式名称": "燕アイクリニック", "機関区分": 2, "都道府県コード": 15, "市区町村コード": 213, "所在地": "新潟県燕市井土巻２－２７", "緯度": 37.654575, "経度": 138.929394, "url": "https://www.iryou.teikyouseido.mhlw.go.jp/znk-web/juminkanja/S2430/initialize?prefCd=15&kikanCd=SISNX00124&kikanKbn=2", "url2": null, "内容": "燕アイクリニック【2:診療所】【診療科目:眼科】新潟県燕市井土巻２－２７" }, "geometry": { "type": "Point", "coordinates": [ 138.929394, 37.654575 ] } },
{ "type": "Feature", "properties": { "ID": "152SISNX00127", "正式名称": "燕市保健センター", "機関区分": 2, "都道府県コード": 15, "市区町村コード": 213, "所在地": "新潟県燕市吉田大保町２５番１５号", "緯度": 37.689156, "経度": 138.883065, "url": "https://www.iryou.teikyouseido.mhlw.go.jp/znk-web/juminkanja/S2430/initialize?prefCd=15&kikanCd=SISNX00127&kikanKbn=2", "url2": "https://www.city.tsubame.niigata.jp", "内容": "燕市保健センター【2:診療所】【診療科目:内科_小児科_小児歯科】新潟県燕市吉田大保町２５番１５号" }, "geometry": { "type": "Point", "coordinates": [ 138.883065, 37.689156 ] } },
{ "type": "Feature", "properties": { "ID": "152SISNX00129", "正式名称": "つばめ皮フ科", "機関区分": 2, "都道府県コード": 15, "市区町村コード": 213, "所在地": "新潟県燕市吉田３４５３－１", "緯度": 37.693926, "経度": 138.884432, "url": "https://www.iryou.teikyouseido.mhlw.go.jp/znk-web/juminkanja/S2430/initialize?prefCd=15&kikanCd=SISNX00129&kikanKbn=2", "url2": "www.tsubame-hifuka.jp", "内容": "つばめ皮フ科【2:診療所】【診療科目:皮膚科】新潟県燕市吉田３４５３－１" }, "geometry": { "type": "Point", "coordinates": [ 138.884432, 37.693926 ] } },
{ "type": "Feature", "properties": { "ID": "152SISNX00131", "正式名称": "富樫医院", "機関区分": 2, "都道府県コード": 15, "市区町村コード": 213, "所在地": "新潟県燕市秋葉町１－２－２３", "緯度": 37.662451, "経度": 138.922136, "url": "https://www.iryou.teikyouseido.mhlw.go.jp/znk-web/juminkanja/S2430/initialize?prefCd=15&kikanCd=SISNX00131&kikanKbn=2", "url2": null, "内容": "富樫医院【2:診療所】【診療科目:内科_精神科_心療内科】新潟県燕市秋葉町１－２－２３" }, "geometry": { "type": "Point", "coordinates": [ 138.922136, 37.662451 ] } },
{ "type": "Feature", "properties": { "ID": "152SISNX00140", "正式名称": "富永草野医院", "機関区分": 2, "都道府県コード": 15, "市区町村コード": 213, "所在地": "新潟県燕市富永２１６番地１", "緯度": 37.695957, "経度": 138.889671, "url": "https://www.iryou.teikyouseido.mhlw.go.jp/znk-web/juminkanja/S2430/initialize?prefCd=15&kikanCd=SISNX00140&kikanKbn=2", "url2": "https://www.shihatsudo.or.jp", "内容": "富永草野医院【2:診療所】【診療科目:内科_整形外科_リハビリテーション科】新潟県燕市富永２１６番地１" }, "geometry": { "type": "Point", "coordinates": [ 138.889671, 37.695957 ] } },
{ "type": "Feature", "properties": { "ID": "152SISNX00142", "正式名称": "にいじま耳鼻科医院", "機関区分": 2, "都道府県コード": 15, "市区町村コード": 213, "所在地": "新潟県燕市吉田本所７４番１", "緯度": 37.697029, "経度": 138.879531, "url": "https://www.iryou.teikyouseido.mhlw.go.jp/znk-web/juminkanja/S2430/initialize?prefCd=15&kikanCd=SISNX00142&kikanKbn=2", "url2": null, "内容": "にいじま耳鼻科医院【2:診療所】【診療科目:耳鼻いんこう科】新潟県燕市吉田本所７４番１" }, "geometry": { "type": "Point", "coordinates": [ 138.879531, 37.697029 ] } },
{ "type": "Feature", "properties": { "ID": "152SISNX00143", "正式名称": "のがみ眼科", "機関区分": 2, "都道府県コード": 15, "市区町村コード": 213, "所在地": "新潟県燕市吉田東町３４７３－２", "緯度": 37.69573, "経度": 138.881417, "url": "https://www.iryou.teikyouseido.mhlw.go.jp/znk-web/juminkanja/S2430/initialize?prefCd=15&kikanCd=SISNX00143&kikanKbn=2", "url2": null, "内容": "のがみ眼科【2:診療所】【診療科目:眼科】新潟県燕市吉田東町３４７３－２" }, "geometry": { "type": "Point", "coordinates": [ 138.881417, 37.69573 ] } },
{ "type": "Feature", "properties": { "ID": "152SISNX00147", "正式名称": "古川医院分院", "機関区分": 2, "都道府県コード": 15, "市区町村コード": 213, "所在地": "新潟県燕市宮町１番１０号", "緯度": 37.664739, "経度": 138.926423, "url": "https://www.iryou.teikyouseido.mhlw.go.jp/znk-web/juminkanja/S2430/initialize?prefCd=15&kikanCd=SISNX00147&kikanKbn=2", "url2": null, "内容": "古川医院分院【2:診療所】【診療科目:内科】新潟県燕市宮町１番１０号" }, "geometry": { "type": "Point", "coordinates": [ 138.926423, 37.664739 ] } },
{ "type": "Feature", "properties": { "ID": "152SISNX00149", "正式名称": "医療法人社団　本間医院", "機関区分": 2, "都道府県コード": 15, "市区町村コード": 213, "所在地": "新潟県燕市秋葉町４－１３－５３", "緯度": 37.6604, "経度": 138.916345, "url": "https://www.iryou.teikyouseido.mhlw.go.jp/znk-web/juminkanja/S2430/initialize?prefCd=15&kikanCd=SISNX00149&kikanKbn=2", "url2": null, "内容": "医療法人社団　本間医院【2:診療所】【診療科目:内科_消化器内科】新潟県燕市秋葉町４－１３－５３" }, "geometry": { "type": "Point", "coordinates": [ 138.916345, 37.6604 ] } },
{ "type": "Feature", "properties": { "ID": "152SISNX00150", "正式名称": "本間医院", "機関区分": 2, "都道府県コード": 15, "市区町村コード": 213, "所在地": "新潟県燕市地蔵堂本町２丁目５−１", "緯度": 37.626361, "経度": 138.842155, "url": "https://www.iryou.teikyouseido.mhlw.go.jp/znk-web/juminkanja/S2430/initialize?prefCd=15&kikanCd=SISNX00150&kikanKbn=2", "url2": null, "内容": "本間医院【2:診療所】【診療科目:内科_外科_整形外科_皮膚科】新潟県燕市地蔵堂本町２丁目５−１" }, "geometry": { "type": "Point", "coordinates": [ 138.842155, 37.626361 ] } },
{ "type": "Feature", "properties": { "ID": "152SISNX00151", "正式名称": "丸山生春医院", "機関区分": 2, "都道府県コード": 15, "市区町村コード": 213, "所在地": "新潟県燕市白山町１－３－２０", "緯度": 37.666008, "経度": 138.920427, "url": "https://www.iryou.teikyouseido.mhlw.go.jp/znk-web/juminkanja/S2430/initialize?prefCd=15&kikanCd=SISNX00151&kikanKbn=2", "url2": "https://maruyamaseisyun.com", "内容": "丸山生春医院【2:診療所】【診療科目:内科】新潟県燕市白山町１－３－２０" }, "geometry": { "type": "Point", "coordinates": [ 138.920427, 37.666008 ] } },
{ "type": "Feature", "properties": { "ID": "152SISNX00152", "正式名称": "水澤こどもクリニック", "機関区分": 2, "都道府県コード": 15, "市区町村コード": 213, "所在地": "新潟県燕市東太田６８６４－１", "緯度": 37.670645, "経度": 138.913878, "url": "https://www.iryou.teikyouseido.mhlw.go.jp/znk-web/juminkanja/S2430/initialize?prefCd=15&kikanCd=SISNX00152&kikanKbn=2", "url2": null, "内容": "水澤こどもクリニック【2:診療所】【診療科目:小児科】新潟県燕市東太田６８６４－１" }, "geometry": { "type": "Point", "coordinates": [ 138.913878, 37.670645 ] } },
{ "type": "Feature", "properties": { "ID": "152SISNX00153", "正式名称": "水澤内科医院", "機関区分": 2, "都道府県コード": 15, "市区町村コード": 213, "所在地": "新潟県燕市仲町６番１３号", "緯度": 37.662541, "経度": 138.924216, "url": "https://www.iryou.teikyouseido.mhlw.go.jp/znk-web/juminkanja/S2430/initialize?prefCd=15&kikanCd=SISNX00153&kikanKbn=2", "url2": null, "内容": "水澤内科医院【2:診療所】【診療科目:内科_呼吸器内科_アレルギー疾患内科】新潟県燕市仲町６番１３号" }, "geometry": { "type": "Point", "coordinates": [ 138.924216, 37.662541 ] } },
{ "type": "Feature", "properties": { "ID": "152SISNX00154", "正式名称": "医療法人社団宮島循環器内科", "機関区分": 2, "都道府県コード": 15, "市区町村コード": 213, "所在地": "新潟県燕市井土巻４丁目２７９", "緯度": 37.655306, "経度": 138.93976, "url": "https://www.iryou.teikyouseido.mhlw.go.jp/znk-web/juminkanja/S2430/initialize?prefCd=15&kikanCd=SISNX00154&kikanKbn=2", "url2": "https://www.miyajimajunkanki.com/", "内容": "医療法人社団宮島循環器内科【2:診療所】【診療科目:内科_循環器内科】新潟県燕市井土巻４丁目２７９" }, "geometry": { "type": "Point", "coordinates": [ 138.93976, 37.655306 ] } },
{ "type": "Feature", "properties": { "ID": "152SISNX00156", "正式名称": "湧井医院", "機関区分": 2, "都道府県コード": 15, "市区町村コード": 213, "所在地": "新潟県燕市吉田堤町３－１６", "緯度": 37.688328, "経度": 138.878222, "url": "https://www.iryou.teikyouseido.mhlw.go.jp/znk-web/juminkanja/S2430/initialize?prefCd=15&kikanCd=SISNX00156&kikanKbn=2", "url2": "https://www.wakui-clinic.com/", "内容": "湧井医院【2:診療所】【診療科目:内科】新潟県燕市吉田堤町３－１６" }, "geometry": { "type": "Point", "coordinates": [ 138.878222, 37.688328 ] } },
{ "type": "Feature", "properties": { "ID": "152SISNX00159", "正式名称": "須田医院", "機関区分": 2, "都道府県コード": 15, "市区町村コード": 361, "所在地": "新潟県南蒲原郡田上町羽生田丙１５１－１４", "緯度": 37.692949, "経度": 139.059104, "url": "https://www.iryou.teikyouseido.mhlw.go.jp/znk-web/juminkanja/S2430/initialize?prefCd=15&kikanCd=SISNX00159&kikanKbn=2", "url2": null, "内容": "須田医院【2:診療所】【診療科目:内科_脳神経外科】新潟県南蒲原郡田上町羽生田丙１５１－１４" }, "geometry": { "type": "Point", "coordinates": [ 139.059104, 37.692949 ] } },
{ "type": "Feature", "properties": { "ID": "152SISNX00160", "正式名称": "田上診療所", "機関区分": 2, "都道府県コード": 15, "市区町村コード": 361, "所在地": "新潟県南蒲原郡田上町田上丙１２２５番地", "緯度": 37.713102, "経度": 139.073072, "url": "https://www.iryou.teikyouseido.mhlw.go.jp/znk-web/juminkanja/S2430/initialize?prefCd=15&kikanCd=SISNX00160&kikanKbn=2", "url2": null, "内容": "田上診療所【2:診療所】【診療科目:内科_精神科】新潟県南蒲原郡田上町田上丙１２２５番地" }, "geometry": { "type": "Point", "coordinates": [ 139.073072, 37.713102 ] } },
{ "type": "Feature", "properties": { "ID": "152SISNX00162", "正式名称": "星野内科医院", "機関区分": 2, "都道府県コード": 15, "市区町村コード": 361, "所在地": "新潟県南蒲原郡田上町川船河甲１３３０－６", "緯度": 37.679824, "経度": 139.059979, "url": "https://www.iryou.teikyouseido.mhlw.go.jp/znk-web/juminkanja/S2430/initialize?prefCd=15&kikanCd=SISNX00162&kikanKbn=2", "url2": null, "内容": "星野内科医院【2:診療所】【診療科目:内科_呼吸器内科_アレルギー科】新潟県南蒲原郡田上町川船河甲１３３０－６" }, "geometry": { "type": "Point", "coordinates": [ 139.059979, 37.679824 ] } },
{ "type": "Feature", "properties": { "ID": "152SISNX00164", "正式名称": "堤内科医院", "機関区分": 2, "都道府県コード": 15, "市区町村コード": 342, "所在地": "新潟県西蒲原郡弥彦村矢作７３９５－１", "緯度": 37.69111, "経度": 138.857385, "url": "https://www.iryou.teikyouseido.mhlw.go.jp/znk-web/juminkanja/S2430/initialize?prefCd=15&kikanCd=SISNX00164&kikanKbn=2", "url2": null, "内容": "堤内科医院【2:診療所】【診療科目:内科_循環器内科_小児科_皮膚科】新潟県西蒲原郡弥彦村矢作７３９５－１" }, "geometry": { "type": "Point", "coordinates": [ 138.857385, 37.69111 ] } },
{ "type": "Feature", "properties": { "ID": "152SISNX00165", "正式名称": "医療法人社団　本間医院", "機関区分": 2, "都道府県コード": 15, "市区町村コード": 342, "所在地": "新潟県西蒲原郡弥彦村弥彦１０４３－５９", "緯度": 37.700084, "経度": 138.830903, "url": "https://www.iryou.teikyouseido.mhlw.go.jp/znk-web/juminkanja/S2430/initialize?prefCd=15&kikanCd=SISNX00165&kikanKbn=2", "url2": null, "内容": "医療法人社団　本間医院【2:診療所】【診療科目:内科】新潟県西蒲原郡弥彦村弥彦１０４３－５９" }, "geometry": { "type": "Point", "coordinates": [ 138.830903, 37.700084 ] } },
{ "type": "Feature", "properties": { "ID": "152SISNX00169", "正式名称": "えんどう整形外科クリニック", "機関区分": 2, "都道府県コード": 15, "市区町村コード": 213, "所在地": "新潟県燕市杣木８１５－１", "緯度": 37.674105, "経度": 138.926071, "url": "https://www.iryou.teikyouseido.mhlw.go.jp/znk-web/juminkanja/S2430/initialize?prefCd=15&kikanCd=SISNX00169&kikanKbn=2", "url2": null, "内容": "えんどう整形外科クリニック【2:診療所】【診療科目:整形外科】新潟県燕市杣木８１５－１" }, "geometry": { "type": "Point", "coordinates": [ 138.926071, 37.674105 ] } },
{ "type": "Feature", "properties": { "ID": "152SISNX00170", "正式名称": "新潟三条ささき内科・消化器内科クリニック", "機関区分": 2, "都道府県コード": 15, "市区町村コード": 204, "所在地": "新潟県三条市興野１－１８－１３", "緯度": 37.638402, "経度": 138.966917, "url": "https://www.iryou.teikyouseido.mhlw.go.jp/znk-web/juminkanja/S2430/initialize?prefCd=15&kikanCd=SISNX00170&kikanKbn=2", "url2": "https://www.niigata-sanjyo-sasaki-giclinic.com/", "内容": "新潟三条ささき内科・消化器内科クリニック【2:診療所】【診療科目:内科_消化器内科】新潟県三条市興野１－１８－１３" }, "geometry": { "type": "Point", "coordinates": [ 138.966917, 37.638402 ] } },
{ "type": "Feature", "properties": { "ID": "152SISNX00171", "正式名称": "からだこころ発達支援クリニック", "機関区分": 2, "都道府県コード": 15, "市区町村コード": 213, "所在地": "新潟県燕市吉田神田町１９番８号", "緯度": 37.693466, "経度": 138.883129, "url": "https://www.iryou.teikyouseido.mhlw.go.jp/znk-web/juminkanja/S2430/initialize?prefCd=15&kikanCd=SISNX00171&kikanKbn=2", "url2": null, "内容": "からだこころ発達支援クリニック【2:診療所】【診療科目:小児科_精神科_リハビリテーション科】新潟県燕市吉田神田町１９番８号" }, "geometry": { "type": "Point", "coordinates": [ 138.883129, 37.693466 ] } },
{ "type": "Feature", "properties": { "ID": "152SISNX00173", "正式名称": "燕三条すごろ脳脊髄クリニック", "機関区分": 2, "都道府県コード": 15, "市区町村コード": 204, "所在地": "新潟県三条市上須頃１５２５", "緯度": 37.64789, "経度": 138.933402, "url": "https://www.iryou.teikyouseido.mhlw.go.jp/znk-web/juminkanja/S2430/initialize?prefCd=15&kikanCd=SISNX00173&kikanKbn=2", "url2": null, "内容": "燕三条すごろ脳脊髄クリニック【2:診療所】【診療科目:内科_脳神経外科】新潟県三条市上須頃１５２５" }, "geometry": { "type": "Point", "coordinates": [ 138.933402, 37.64789 ] } },
{ "type": "Feature", "properties": { "ID": "152SISNX00200", "正式名称": "いたみと女性の野田医院県央", "機関区分": 2, "都道府県コード": 15, "市区町村コード": 204, "所在地": "新潟県三条市上須頃１５９７番地１", "緯度": 37.647924, "経度": 138.933248, "url": "https://www.iryou.teikyouseido.mhlw.go.jp/znk-web/juminkanja/S2430/initialize?prefCd=15&kikanCd=SISNX00200&kikanKbn=2", "url2": null, "内容": "いたみと女性の野田医院県央【2:診療所】【診療科目:内科_婦人科_麻酔科】新潟県三条市上須頃１５９７番地１" }, "geometry": { "type": "Point", "coordinates": [ 138.933248, 37.647924 ] } },
{ "type": "Feature", "properties": { "ID": "152SISNX00201", "正式名称": "一般社団法人　新潟県労働衛生医学協会　県央健診スクエア", "機関区分": 2, "都道府県コード": 15, "市区町村コード": 204, "所在地": "新潟県三条市上須頃４－１", "緯度": 37.639038, "経度": 138.94143, "url": "https://www.iryou.teikyouseido.mhlw.go.jp/znk-web/juminkanja/S2430/initialize?prefCd=15&kikanCd=SISNX00201&kikanKbn=2", "url2": null, "内容": "一般社団法人　新潟県労働衛生医学協会　県央健診スクエア【2:診療所】【診療科目:内科】新潟県三条市上須頃４－１" }, "geometry": { "type": "Point", "coordinates": [ 138.94143, 37.639038 ] } },
{ "type": "Feature", "properties": { "ID": "152SISNX00202", "正式名称": "燕三条すごろ眼科", "機関区分": 2, "都道府県コード": 15, "市区町村コード": 204, "所在地": "新潟県三条市上須頃１５９７番地１メディカルプラザ２１　１階", "緯度": 37.647832, "経度": 138.933533, "url": "https://www.iryou.teikyouseido.mhlw.go.jp/znk-web/juminkanja/S2430/initialize?prefCd=15&kikanCd=SISNX00202&kikanKbn=2", "url2": null, "内容": "燕三条すごろ眼科【2:診療所】【診療科目:眼科】新潟県三条市上須頃１５９７番地１メディカルプラザ２１　１階" }, "geometry": { "type": "Point", "coordinates": [ 138.933533, 37.647832 ] } },
{ "type": "Feature", "properties": { "ID": "152SISNX00203", "正式名称": "たけうち内科クリニック", "機関区分": 2, "都道府県コード": 15, "市区町村コード": 213, "所在地": "新潟県燕市南６－１１－１８", "緯度": 37.65647, "経度": 138.931408, "url": "https://www.iryou.teikyouseido.mhlw.go.jp/znk-web/juminkanja/S2430/initialize?prefCd=15&kikanCd=SISNX00203&kikanKbn=2", "url2": "https://t-naikaclinic.com/", "内容": "たけうち内科クリニック【2:診療所】【診療科目:内科_糖尿病・内分泌内科】新潟県燕市南６－１１－１８" }, "geometry": { "type": "Point", "coordinates": [ 138.931408, 37.65647 ] } },
{ "type": "Feature", "properties": { "ID": "152SISNX00204", "正式名称": "医療法人社団　古川医院", "機関区分": 2, "都道府県コード": 15, "市区町村コード": 213, "所在地": "新潟県燕市東太田７０１８番地１", "緯度": 37.672577, "経度": 138.910567, "url": "https://www.iryou.teikyouseido.mhlw.go.jp/znk-web/juminkanja/S2430/initialize?prefCd=15&kikanCd=SISNX00204&kikanKbn=2", "url2": "https://furukawa-med.com/", "内容": "医療法人社団　古川医院【2:診療所】【診療科目:内科_糖尿病内科_内分泌内科】新潟県燕市東太田７０１８番地１" }, "geometry": { "type": "Point", "coordinates": [ 138.910567, 37.672577 ] } },
{ "type": "Feature", "properties": { "ID": "152SISNX00205", "正式名称": "こころのケア三条クリニック", "機関区分": 2, "都道府県コード": 15, "市区町村コード": 204, "所在地": "新潟県三条市鶴田２－１－１０", "緯度": 37.640947, "経度": 138.984017, "url": "https://www.iryou.teikyouseido.mhlw.go.jp/znk-web/juminkanja/S2430/initialize?prefCd=15&kikanCd=SISNX00205&kikanKbn=2", "url2": "https://www.kokoro-sanjo.com/", "内容": "こころのケア三条クリニック【2:診療所】【診療科目:精神科_老年精神科_精神科】新潟県三条市鶴田２－１－１０" }, "geometry": { "type": "Point", "coordinates": [ 138.984017, 37.640947 ] } },
{ "type": "Feature", "properties": { "ID": "152SISNX00206", "正式名称": "医療法人社団恒佳会　たかだ産婦人科医院", "機関区分": 2, "都道府県コード": 15, "市区町村コード": 213, "所在地": "新潟県燕市吉田２７５０－１", "緯度": 37.691676, "経度": 138.887479, "url": "https://www.iryou.teikyouseido.mhlw.go.jp/znk-web/juminkanja/S2430/initialize?prefCd=15&kikanCd=SISNX00206&kikanKbn=2", "url2": "https://takada-obgy.com", "内容": "医療法人社団恒佳会　たかだ産婦人科医院【2:診療所】【診療科目:漢方内科_婦人科_妊婦健診，乳腺炎重症化予防ケア・指導】新潟県燕市吉田２７５０－１" }, "geometry": { "type": "Point", "coordinates": [ 138.887479, 37.691676 ] } },
{ "type": "Feature", "properties": { "ID": "152SISNX00208", "正式名称": "ささき耳鼻科クリニック", "機関区分": 2, "都道府県コード": 15, "市区町村コード": 213, "所在地": "新潟県燕市井土巻２ー３４７", "緯度": 37.651133, "経度": 138.9324, "url": "https://www.iryou.teikyouseido.mhlw.go.jp/znk-web/juminkanja/S2430/initialize?prefCd=15&kikanCd=SISNX00208&kikanKbn=2", "url2": "https://sasaki-ent.com/", "内容": "ささき耳鼻科クリニック【2:診療所】【診療科目:頭頸部外科_小児耳鼻いんこう科_耳鼻いんこう科_頭頸部・耳鼻いんこう科_アレルギー科】新潟県燕市井土巻２ー３４７" }, "geometry": { "type": "Point", "coordinates": [ 138.9324, 37.651133 ] } },
{ "type": "Feature", "properties": { "ID": "152SISNX00210", "正式名称": "としみ眼科医院", "機関区分": 2, "都道府県コード": 15, "市区町村コード": 204, "所在地": "新潟県三条市嘉坪川１－１－１２", "緯度": 37.638875, "経度": 138.972361, "url": "https://www.iryou.teikyouseido.mhlw.go.jp/znk-web/juminkanja/S2430/initialize?prefCd=15&kikanCd=SISNX00210&kikanKbn=2", "url2": null, "内容": "としみ眼科医院【2:診療所】【診療科目:眼科】新潟県三条市嘉坪川１－１－１２" }, "geometry": { "type": "Point", "coordinates": [ 138.972361, 37.638875 ] } },
{ "type": "Feature", "properties": { "ID": "152SITG00001", "正式名称": "新潟県糸魚川保健所", "機関区分": 2, "都道府県コード": 15, "市区町村コード": 216, "所在地": "新潟県糸魚川市南押上１－１５－１", "緯度": 37.045252, "経度": 137.879165, "url": "https://www.iryou.teikyouseido.mhlw.go.jp/znk-web/juminkanja/S2430/initialize?prefCd=15&kikanCd=SITG00001&kikanKbn=2", "url2": "https://www.pref.niigata.lg.jp/site/itoigawa-kenkou/", "内容": "新潟県糸魚川保健所【2:診療所】【診療科目:内科】新潟県糸魚川市南押上１－１５－１" }, "geometry": { "type": "Point", "coordinates": [ 137.879165, 37.045252 ] } },
{ "type": "Feature", "properties": { "ID": "152SITG00003", "正式名称": "特別養護老人ホームみやまの里", "機関区分": 2, "都道府県コード": 15, "市区町村コード": 216, "所在地": "新潟県糸魚川市大野１２９", "緯度": 37.026917, "経度": 137.861616, "url": "https://www.iryou.teikyouseido.mhlw.go.jp/znk-web/juminkanja/S2430/initialize?prefCd=15&kikanCd=SITG00003&kikanKbn=2", "url2": null, "内容": "特別養護老人ホームみやまの里【2:診療所】【診療科目:特別養護老人ホーム】新潟県糸魚川市大野１２９" }, "geometry": { "type": "Point", "coordinates": [ 137.861616, 37.026917 ] } },
{ "type": "Feature", "properties": { "ID": "152SITG00004", "正式名称": "小滝診療所", "機関区分": 2, "都道府県コード": 15, "市区町村コード": 216, "所在地": "新潟県糸魚川市小滝５２３１番地", "緯度": 36.937689, "経度": 137.848628, "url": "https://www.iryou.teikyouseido.mhlw.go.jp/znk-web/juminkanja/S2430/initialize?prefCd=15&kikanCd=SITG00004&kikanKbn=2", "url2": null, "内容": "小滝診療所【2:診療所】【診療科目:内科】新潟県糸魚川市小滝５２３１番地" }, "geometry": { "type": "Point", "coordinates": [ 137.848628, 36.937689 ] } },
{ "type": "Feature", "properties": { "ID": "152SITG00006", "正式名称": "平岩診療所", "機関区分": 2, "都道府県コード": 15, "市区町村コード": 216, "所在地": "新潟県糸魚川市山之坊２６９９番地１", "緯度": 36.890063, "経度": 137.861694, "url": "https://www.iryou.teikyouseido.mhlw.go.jp/znk-web/juminkanja/S2430/initialize?prefCd=15&kikanCd=SITG00006&kikanKbn=2", "url2": null, "内容": "平岩診療所【2:診療所】【診療科目:内科】新潟県糸魚川市山之坊２６９９番地１" }, "geometry": { "type": "Point", "coordinates": [ 137.861694, 36.890063 ] } },
{ "type": "Feature", "properties": { "ID": "152SITG00008", "正式名称": "糸魚川保健センター", "機関区分": 2, "都道府県コード": 15, "市区町村コード": 216, "所在地": "新潟県糸魚川市南寺町１丁目１番７号", "緯度": 37.043718, "経度": 137.865865, "url": "https://www.iryou.teikyouseido.mhlw.go.jp/znk-web/juminkanja/S2430/initialize?prefCd=15&kikanCd=SITG00008&kikanKbn=2", "url2": null, "内容": "糸魚川保健センター【2:診療所】【診療科目:内科_外科_小児科_歯科】新潟県糸魚川市南寺町１丁目１番７号" }, "geometry": { "type": "Point", "coordinates": [ 137.865865, 37.043718 ] } },
{ "type": "Feature", "properties": { "ID": "152SITG00009", "正式名称": "医療法人社団　喜修会　石田眼科糸魚川クリニック", "機関区分": 2, "都道府県コード": 15, "市区町村コード": 216, "所在地": "新潟県糸魚川市横町５－６－５２", "緯度": 37.043039, "経度": 137.847616, "url": "https://www.iryou.teikyouseido.mhlw.go.jp/znk-web/juminkanja/S2430/initialize?prefCd=15&kikanCd=SITG00009&kikanKbn=2", "url2": null, "内容": "医療法人社団　喜修会　石田眼科糸魚川クリニック【2:診療所】【診療科目:眼科】新潟県糸魚川市横町５－６－５２" }, "geometry": { "type": "Point", "coordinates": [ 137.847616, 37.043039 ] } },
{ "type": "Feature", "properties": { "ID": "152SITG00011", "正式名称": "根知診療所", "機関区分": 2, "都道府県コード": 15, "市区町村コード": 216, "所在地": "新潟県糸魚川市和泉３５６番地", "緯度": 36.952304, "経度": 137.895058, "url": "https://www.iryou.teikyouseido.mhlw.go.jp/znk-web/juminkanja/S2430/initialize?prefCd=15&kikanCd=SITG00011&kikanKbn=2", "url2": null, "内容": "根知診療所【2:診療所】【診療科目:内科】新潟県糸魚川市和泉３５６番地" }, "geometry": { "type": "Point", "coordinates": [ 137.895058, 36.952304 ] } },
{ "type": "Feature", "properties": { "ID": "152SITG00013", "正式名称": "特別養護老人ホームクレイドルやけやま", "機関区分": 2, "都道府県コード": 15, "市区町村コード": 216, "所在地": "新潟県糸魚川市梶屋敷９１５番地", "緯度": 37.049762, "経度": 137.915547, "url": "https://www.iryou.teikyouseido.mhlw.go.jp/znk-web/juminkanja/S2430/initialize?prefCd=15&kikanCd=SITG00013&kikanKbn=2", "url2": null, "内容": "特別養護老人ホームクレイドルやけやま【2:診療所】【診療科目:内科_特別養護老人ホーム内の診療所】新潟県糸魚川市梶屋敷９１５番地" }, "geometry": { "type": "Point", "coordinates": [ 137.915547, 37.049762 ] } },
{ "type": "Feature", "properties": { "ID": "152SITG00026", "正式名称": "医療法人高田西城会糸魚川診療所", "機関区分": 2, "都道府県コード": 15, "市区町村コード": 216, "所在地": "新潟県糸魚川市南寺町１丁目１番６号", "緯度": 37.043845, "経度": 137.865343, "url": "https://www.iryou.teikyouseido.mhlw.go.jp/znk-web/juminkanja/S2430/initialize?prefCd=15&kikanCd=SITG00026&kikanKbn=2", "url2": "http:/www.nishishiro-hp.or.jp", "内容": "医療法人高田西城会糸魚川診療所【2:診療所】【診療科目:精神科_老年精神科】新潟県糸魚川市南寺町１丁目１番６号" }, "geometry": { "type": "Point", "coordinates": [ 137.865343, 37.043845 ] } },
{ "type": "Feature", "properties": { "ID": "152SITG00032", "正式名称": "糸魚川市巡回診療所", "機関区分": 2, "都道府県コード": 15, "市区町村コード": 216, "所在地": "新潟県糸魚川市一の宮１丁目２番５号糸魚川市役所　１階　健康増進課", "緯度": 37.039029, "経度": 137.862655, "url": "https://www.iryou.teikyouseido.mhlw.go.jp/znk-web/juminkanja/S2430/initialize?prefCd=15&kikanCd=SITG00032&kikanKbn=2", "url2": null, "内容": "糸魚川市巡回診療所【2:診療所】【診療科目:内科_整形外科_小児科_産婦人科_歯科】新潟県糸魚川市一の宮１丁目２番５号糸魚川市役所　１階　健康増進課" }, "geometry": { "type": "Point", "coordinates": [ 137.862655, 37.039029 ] } },
{ "type": "Feature", "properties": { "ID": "152SITGX00002", "正式名称": "なかむらこどもクリニック", "機関区分": 2, "都道府県コード": 15, "市区町村コード": 216, "所在地": "新潟県糸魚川市横町２－３－６", "緯度": 37.043761, "経度": 137.852897, "url": "https://www.iryou.teikyouseido.mhlw.go.jp/znk-web/juminkanja/S2430/initialize?prefCd=15&kikanCd=SITGX00002&kikanKbn=2", "url2": "http://paa.jp/clinic/207201/", "内容": "なかむらこどもクリニック【2:診療所】【診療科目:小児科】新潟県糸魚川市横町２－３－６" }, "geometry": { "type": "Point", "coordinates": [ 137.852897, 37.043761 ] } },
{ "type": "Feature", "properties": { "ID": "152SITGX00005", "正式名称": "医療法人社団　安藤医院", "機関区分": 2, "都道府県コード": 15, "市区町村コード": 216, "所在地": "新潟県糸魚川市寺町１－６－１５", "緯度": 37.046259, "経度": 137.864174, "url": "https://www.iryou.teikyouseido.mhlw.go.jp/znk-web/juminkanja/S2430/initialize?prefCd=15&kikanCd=SITGX00005&kikanKbn=2", "url2": null, "内容": "医療法人社団　安藤医院【2:診療所】【診療科目:内科_消化器内科】新潟県糸魚川市寺町１－６－１５" }, "geometry": { "type": "Point", "coordinates": [ 137.864174, 37.046259 ] } },
{ "type": "Feature", "properties": { "ID": "152SITGX00007", "正式名称": "医療法人社団　原田医院", "機関区分": 2, "都道府県コード": 15, "市区町村コード": 216, "所在地": "新潟県糸魚川市横町３－２－３", "緯度": 37.042332, "経度": 137.8547, "url": "https://www.iryou.teikyouseido.mhlw.go.jp/znk-web/juminkanja/S2430/initialize?prefCd=15&kikanCd=SITGX00007&kikanKbn=2", "url2": null, "内容": "医療法人社団　原田医院【2:診療所】【診療科目:内科_消化器内科_小児科】新潟県糸魚川市横町３－２－３" }, "geometry": { "type": "Point", "coordinates": [ 137.8547, 37.042332 ] } },
{ "type": "Feature", "properties": { "ID": "152SITGX00010", "正式名称": "医療法人社団　長明会しまだ医院", "機関区分": 2, "都道府県コード": 15, "市区町村コード": 216, "所在地": "新潟県糸魚川市西谷内５３－５", "緯度": 37.041923, "経度": 137.920889, "url": "https://www.iryou.teikyouseido.mhlw.go.jp/znk-web/juminkanja/S2430/initialize?prefCd=15&kikanCd=SITGX00010&kikanKbn=2", "url2": null, "内容": "医療法人社団　長明会しまだ医院【2:診療所】【診療科目:内科_眼科】新潟県糸魚川市西谷内５３－５" }, "geometry": { "type": "Point", "coordinates": [ 137.920889, 37.041923 ] } },
{ "type": "Feature", "properties": { "ID": "152SITGX00012", "正式名称": "医療法人社団　ひまわり内科", "機関区分": 2, "都道府県コード": 15, "市区町村コード": 216, "所在地": "新潟県糸魚川市東寺町１－４－６", "緯度": 37.044185, "経度": 137.871661, "url": "https://www.iryou.teikyouseido.mhlw.go.jp/znk-web/juminkanja/S2430/initialize?prefCd=15&kikanCd=SITGX00012&kikanKbn=2", "url2": null, "内容": "医療法人社団　ひまわり内科【2:診療所】【診療科目:内科_消化器内科】新潟県糸魚川市東寺町１－４－６" }, "geometry": { "type": "Point", "coordinates": [ 137.871661, 37.044185 ] } },
{ "type": "Feature", "properties": { "ID": "152SITGX00015", "正式名称": "すずき医院", "機関区分": 2, "都道府県コード": 15, "市区町村コード": 216, "所在地": "新潟県糸魚川市南押上３－４－３７", "緯度": 37.044919, "経度": 137.880394, "url": "https://www.iryou.teikyouseido.mhlw.go.jp/znk-web/juminkanja/S2430/initialize?prefCd=15&kikanCd=SITGX00015&kikanKbn=2", "url2": null, "内容": "すずき医院【2:診療所】【診療科目:内科_消化器内科_胃腸内科_外科_肛門外科】新潟県糸魚川市南押上３－４－３７" }, "geometry": { "type": "Point", "coordinates": [ 137.880394, 37.044919 ] } },
{ "type": "Feature", "properties": { "ID": "152SITGX00016", "正式名称": "梅田クリニック", "機関区分": 2, "都道府県コード": 15, "市区町村コード": 216, "所在地": "新潟県糸魚川市一の宮１－１－３９", "緯度": 37.040118, "経度": 137.863126, "url": "https://www.iryou.teikyouseido.mhlw.go.jp/znk-web/juminkanja/S2430/initialize?prefCd=15&kikanCd=SITGX00016&kikanKbn=2", "url2": null, "内容": "梅田クリニック【2:診療所】【診療科目:内科_皮膚科_泌尿器科】新潟県糸魚川市一の宮１－１－３９" }, "geometry": { "type": "Point", "coordinates": [ 137.863126, 37.040118 ] } },
{ "type": "Feature", "properties": { "ID": "152SITGX00017", "正式名称": "能生国民健康保険診療所", "機関区分": 2, "都道府県コード": 15, "市区町村コード": 216, "所在地": "新潟県糸魚川市大沢４０１－２", "緯度": 37.081272, "経度": 138.028792, "url": "https://www.iryou.teikyouseido.mhlw.go.jp/znk-web/juminkanja/S2430/initialize?prefCd=15&kikanCd=SITGX00017&kikanKbn=2", "url2": null, "内容": "能生国民健康保険診療所【2:診療所】【診療科目:内科_外科】新潟県糸魚川市大沢４０１－２" }, "geometry": { "type": "Point", "coordinates": [ 138.028792, 37.081272 ] } },
{ "type": "Feature", "properties": { "ID": "152SITGX00020", "正式名称": "医療法人社団　真部外科医院", "機関区分": 2, "都道府県コード": 15, "市区町村コード": 216, "所在地": "新潟県糸魚川市能生６９０５", "緯度": 37.104194, "経度": 137.98992, "url": "https://www.iryou.teikyouseido.mhlw.go.jp/znk-web/juminkanja/S2430/initialize?prefCd=15&kikanCd=SITGX00020&kikanKbn=2", "url2": null, "内容": "医療法人社団　真部外科医院【2:診療所】【診療科目:内科_外科】新潟県糸魚川市能生６９０５" }, "geometry": { "type": "Point", "coordinates": [ 137.98992, 37.104194 ] } },
{ "type": "Feature", "properties": { "ID": "152SITGX00021", "正式名称": "医療法人社団　山本医院", "機関区分": 2, "都道府県コード": 15, "市区町村コード": 216, "所在地": "新潟県糸魚川市寺地２３２－１", "緯度": 37.024985, "経度": 137.799828, "url": "https://www.iryou.teikyouseido.mhlw.go.jp/znk-web/juminkanja/S2430/initialize?prefCd=15&kikanCd=SITGX00021&kikanKbn=2", "url2": null, "内容": "医療法人社団　山本医院【2:診療所】【診療科目:内科_小児科】新潟県糸魚川市寺地２３２－１" }, "geometry": { "type": "Point", "coordinates": [ 137.799828, 37.024985 ] } },
{ "type": "Feature", "properties": { "ID": "152SITGX00027", "正式名称": "医療法人社団ひめかわ　ひめかわ美野クリニック", "機関区分": 2, "都道府県コード": 15, "市区町村コード": 216, "所在地": "新潟県糸魚川市南寺町２丁目１０番３０号", "緯度": 37.042528, "経度": 137.867608, "url": "https://www.iryou.teikyouseido.mhlw.go.jp/znk-web/juminkanja/S2430/initialize?prefCd=15&kikanCd=SITGX00027&kikanKbn=2", "url2": null, "内容": "医療法人社団ひめかわ　ひめかわ美野クリニック【2:診療所】【診療科目:内科_脳神経外科_リハビリテーション科】新潟県糸魚川市南寺町２丁目１０番３０号" }, "geometry": { "type": "Point", "coordinates": [ 137.867608, 37.042528 ] } },
{ "type": "Feature", "properties": { "ID": "152SITGX00028", "正式名称": "さいとう内科クリニック", "機関区分": 2, "都道府県コード": 15, "市区町村コード": 216, "所在地": "新潟県糸魚川市上刈４－８－５", "緯度": 37.034369, "経度": 137.856872, "url": "https://www.iryou.teikyouseido.mhlw.go.jp/znk-web/juminkanja/S2430/initialize?prefCd=15&kikanCd=SITGX00028&kikanKbn=2", "url2": null, "内容": "さいとう内科クリニック【2:診療所】【診療科目:内科】新潟県糸魚川市上刈４－８－５" }, "geometry": { "type": "Point", "coordinates": [ 137.856872, 37.034369 ] } },
{ "type": "Feature", "properties": { "ID": "152SITGX00029", "正式名称": "瀬尾記念　谷ハートクリニック", "機関区分": 2, "都道府県コード": 15, "市区町村コード": 216, "所在地": "新潟県糸魚川市大町２－６－８", "緯度": 37.045569, "経度": 137.861815, "url": "https://www.iryou.teikyouseido.mhlw.go.jp/znk-web/juminkanja/S2430/initialize?prefCd=15&kikanCd=SITGX00029&kikanKbn=2", "url2": null, "内容": "瀬尾記念　谷ハートクリニック【2:診療所】【診療科目:内科_循環器内科】新潟県糸魚川市大町２－６－８" }, "geometry": { "type": "Point", "coordinates": [ 137.861815, 37.045569 ] } },
{ "type": "Feature", "properties": { "ID": "152SITGX00030", "正式名称": "医療法人社団わかば内科クリニック", "機関区分": 2, "都道府県コード": 15, "市区町村コード": 216, "所在地": "新潟県糸魚川市平牛２１２４", "緯度": 37.046716, "経度": 137.884609, "url": "https://www.iryou.teikyouseido.mhlw.go.jp/znk-web/juminkanja/S2430/initialize?prefCd=15&kikanCd=SITGX00030&kikanKbn=2", "url2": "http://wakabanaika.sakura.ne.jp", "内容": "医療法人社団わかば内科クリニック【2:診療所】【診療科目:内科_消化器内科】新潟県糸魚川市平牛２１２４" }, "geometry": { "type": "Point", "coordinates": [ 137.884609, 37.046716 ] } },
{ "type": "Feature", "properties": { "ID": "152SITGX00031", "正式名称": "医療法人社団　恵祐会糸魚川こどもクリニック", "機関区分": 2, "都道府県コード": 15, "市区町村コード": 216, "所在地": "新潟県糸魚川市南押上１－１６－３", "緯度": 37.044447, "経度": 137.877684, "url": "https://www.iryou.teikyouseido.mhlw.go.jp/znk-web/juminkanja/S2430/initialize?prefCd=15&kikanCd=SITGX00031&kikanKbn=2", "url2": "https://www.itoigawa-children-clinic.jp", "内容": "医療法人社団　恵祐会糸魚川こどもクリニック【2:診療所】【診療科目:内科_小児科_小児科（アレルギー科）】新潟県糸魚川市南押上１－１６－３" }, "geometry": { "type": "Point", "coordinates": [ 137.877684, 37.044447 ] } },
{ "type": "Feature", "properties": { "ID": "152SITGX00033", "正式名称": "アグリホームクリニック　いといがわ", "機関区分": 2, "都道府県コード": 15, "市区町村コード": 216, "所在地": "新潟県糸魚川市本町１２－３１", "緯度": 37.045912, "経度": 137.858406, "url": "https://www.iryou.teikyouseido.mhlw.go.jp/znk-web/juminkanja/S2430/initialize?prefCd=15&kikanCd=SITGX00033&kikanKbn=2", "url2": null, "内容": "アグリホームクリニック　いといがわ【2:診療所】【診療科目:内科_外科_精神科】新潟県糸魚川市本町１２－３１" }, "geometry": { "type": "Point", "coordinates": [ 137.858406, 37.045912 ] } },
{ "type": "Feature", "properties": { "ID": "152SITKX00002", "正式名称": "医療法人社団池田医院", "機関区分": 2, "都道府県コード": 15, "市区町村コード": 210, "所在地": "新潟県十日町市本町西１丁目３１４番地１", "緯度": 37.129091, "経度": 138.759224, "url": "https://www.iryou.teikyouseido.mhlw.go.jp/znk-web/juminkanja/S2430/initialize?prefCd=15&kikanCd=SITKX00002&kikanKbn=2", "url2": null, "内容": "医療法人社団池田医院【2:診療所】【診療科目:内科_小児科_リウマチ科】新潟県十日町市本町西１丁目３１４番地１" }, "geometry": { "type": "Point", "coordinates": [ 138.759224, 37.129091 ] } },
{ "type": "Feature", "properties": { "ID": "152SITKX00005", "正式名称": "新潟県厚生農業協同組合連合会小千谷総合病院十日町診療所", "機関区分": 2, "都道府県コード": 15, "市区町村コード": 210, "所在地": "新潟県十日町市泉町２９番地", "緯度": 37.133852, "経度": 138.756641, "url": "https://www.iryou.teikyouseido.mhlw.go.jp/znk-web/juminkanja/S2430/initialize?prefCd=15&kikanCd=SITKX00005&kikanKbn=2", "url2": null, "内容": "新潟県厚生農業協同組合連合会小千谷総合病院十日町診療所【2:診療所】【診療科目:内科】新潟県十日町市泉町２９番地" }, "geometry": { "type": "Point", "coordinates": [ 138.756641, 37.133852 ] } },
{ "type": "Feature", "properties": { "ID": "152SITKX00006", "正式名称": "医療法人社団山口医院", "機関区分": 2, "都道府県コード": 15, "市区町村コード": 210, "所在地": "新潟県十日町市袋町中２０８", "緯度": 37.131054, "経度": 138.758983, "url": "https://www.iryou.teikyouseido.mhlw.go.jp/znk-web/juminkanja/S2430/initialize?prefCd=15&kikanCd=SITKX00006&kikanKbn=2", "url2": "https://yiin.jp", "内容": "医療法人社団山口医院【2:診療所】【診療科目:内科_小児科】新潟県十日町市袋町中２０８" }, "geometry": { "type": "Point", "coordinates": [ 138.758983, 37.131054 ] } },
{ "type": "Feature", "properties": { "ID": "152SITKX00007", "正式名称": "医療法人社団山口医院", "機関区分": 2, "都道府県コード": 15, "市区町村コード": 210, "所在地": "新潟県十日町市下条３丁目５０９番地", "緯度": 37.196819, "経度": 138.778723, "url": "https://www.iryou.teikyouseido.mhlw.go.jp/znk-web/juminkanja/S2430/initialize?prefCd=15&kikanCd=SITKX00007&kikanKbn=2", "url2": "https://www.yamaguchiiin-gejo.com/", "内容": "医療法人社団山口医院【2:診療所】【診療科目:内科_消化器内科_小児科】新潟県十日町市下条３丁目５０９番地" }, "geometry": { "type": "Point", "coordinates": [ 138.778723, 37.196819 ] } },
{ "type": "Feature", "properties": { "ID": "152SITKX00009", "正式名称": "医療法人社団大坪医院", "機関区分": 2, "都道府県コード": 15, "市区町村コード": 210, "所在地": "新潟県十日町市四日町１７４３－１０", "緯度": 37.146483, "経度": 138.765707, "url": "https://www.iryou.teikyouseido.mhlw.go.jp/znk-web/juminkanja/S2430/initialize?prefCd=15&kikanCd=SITKX00009&kikanKbn=2", "url2": null, "内容": "医療法人社団大坪医院【2:診療所】【診療科目:内科_小児科】新潟県十日町市四日町１７４３－１０" }, "geometry": { "type": "Point", "coordinates": [ 138.765707, 37.146483 ] } },
{ "type": "Feature", "properties": { "ID": "152SITKX00011", "正式名称": "田中外科医院", "機関区分": 2, "都道府県コード": 15, "市区町村コード": 210, "所在地": "新潟県十日町市田中町本通り２７２番地３", "緯度": 37.135556, "経度": 138.762182, "url": "https://www.iryou.teikyouseido.mhlw.go.jp/znk-web/juminkanja/S2430/initialize?prefCd=15&kikanCd=SITKX00011&kikanKbn=2", "url2": "http://www.tiara.or.jp/~yoh_t/", "内容": "田中外科医院【2:診療所】【診療科目:内科_外科】新潟県十日町市田中町本通り２７２番地３" }, "geometry": { "type": "Point", "coordinates": [ 138.762182, 37.135556 ] } },
{ "type": "Feature", "properties": { "ID": "152SITKX00012", "正式名称": "たかき医院", "機関区分": 2, "都道府県コード": 15, "市区町村コード": 210, "所在地": "新潟県十日町市馬場丙１５５０－１", "緯度": 37.094401, "経度": 138.724556, "url": "https://www.iryou.teikyouseido.mhlw.go.jp/znk-web/juminkanja/S2430/initialize?prefCd=15&kikanCd=SITKX00012&kikanKbn=2", "url2": "http://www.takakiiin.com", "内容": "たかき医院【2:診療所】【診療科目:内科_小児科_産婦人科】新潟県十日町市馬場丙１５５０－１" }, "geometry": { "type": "Point", "coordinates": [ 138.724556, 37.094401 ] } },
{ "type": "Feature", "properties": { "ID": "152SITKX00013", "正式名称": "本町クリニック", "機関区分": 2, "都道府県コード": 15, "市区町村コード": 210, "所在地": "新潟県十日町市本町３丁目３６２番地プラザコアビル", "緯度": 37.132985, "経度": 138.761216, "url": "https://www.iryou.teikyouseido.mhlw.go.jp/znk-web/juminkanja/S2430/initialize?prefCd=15&kikanCd=SITKX00013&kikanKbn=2", "url2": null, "内容": "本町クリニック【2:診療所】【診療科目:内科_外科_皮膚科】新潟県十日町市本町３丁目３６２番地プラザコアビル" }, "geometry": { "type": "Point", "coordinates": [ 138.761216, 37.132985 ] } },
{ "type": "Feature", "properties": { "ID": "152SITKX00014", "正式名称": "医療法人社団　大渕内科クリニック", "機関区分": 2, "都道府県コード": 15, "市区町村コード": 210, "所在地": "新潟県十日町市中条甲１０９６－２", "緯度": 37.164458, "経度": 138.772731, "url": "https://www.iryou.teikyouseido.mhlw.go.jp/znk-web/juminkanja/S2430/initialize?prefCd=15&kikanCd=SITKX00014&kikanKbn=2", "url2": null, "内容": "医療法人社団　大渕内科クリニック【2:診療所】【診療科目:内科_小児科】新潟県十日町市中条甲１０９６－２" }, "geometry": { "type": "Point", "coordinates": [ 138.772731, 37.164458 ] } },
{ "type": "Feature", "properties": { "ID": "152SITKX00015", "正式名称": "せき整形外科", "機関区分": 2, "都道府県コード": 15, "市区町村コード": 210, "所在地": "新潟県十日町市四日町１３１８－２４", "緯度": 37.148409, "経度": 138.761921, "url": "https://www.iryou.teikyouseido.mhlw.go.jp/znk-web/juminkanja/S2430/initialize?prefCd=15&kikanCd=SITKX00015&kikanKbn=2", "url2": null, "内容": "せき整形外科【2:診療所】【診療科目:内科_整形外科_アレルギー科_リウマチ科_リハビリテーション科】新潟県十日町市四日町１３１８－２４" }, "geometry": { "type": "Point", "coordinates": [ 138.761921, 37.148409 ] } },
{ "type": "Feature", "properties": { "ID": "152SITKX00016", "正式名称": "医療法人社団庭野医院", "機関区分": 2, "都道府県コード": 15, "市区町村コード": 210, "所在地": "新潟県十日町市寿町４丁目３番地５", "緯度": 37.129248, "経度": 138.754118, "url": "https://www.iryou.teikyouseido.mhlw.go.jp/znk-web/juminkanja/S2430/initialize?prefCd=15&kikanCd=SITKX00016&kikanKbn=2", "url2": null, "内容": "医療法人社団庭野医院【2:診療所】【診療科目:内科_小児科】新潟県十日町市寿町４丁目３番地５" }, "geometry": { "type": "Point", "coordinates": [ 138.754118, 37.129248 ] } },
{ "type": "Feature", "properties": { "ID": "152SITKX00019", "正式名称": "十日町市国民健康保険川西診療所", "機関区分": 2, "都道府県コード": 15, "市区町村コード": 210, "所在地": "新潟県十日町市高原田２０１番地４", "緯度": 37.170353, "経度": 138.741761, "url": "https://www.iryou.teikyouseido.mhlw.go.jp/znk-web/juminkanja/S2430/initialize?prefCd=15&kikanCd=SITKX00019&kikanKbn=2", "url2": "https://www.city.tokamachi.lg.jp/kenko_fukushi/kenko_iryo/iryokikan/2190.html", "内容": "十日町市国民健康保険川西診療所【2:診療所】【診療科目:内科_循環器内科】新潟県十日町市高原田２０１番地４" }, "geometry": { "type": "Point", "coordinates": [ 138.741761, 37.170353 ] } },
{ "type": "Feature", "properties": { "ID": "152SITKX00021", "正式名称": "江口医院", "機関区分": 2, "都道府県コード": 15, "市区町村コード": 210, "所在地": "新潟県十日町市山野田３７６－４", "緯度": 37.157498, "経度": 138.740584, "url": "https://www.iryou.teikyouseido.mhlw.go.jp/znk-web/juminkanja/S2430/initialize?prefCd=15&kikanCd=SITKX00021&kikanKbn=2", "url2": null, "内容": "江口医院【2:診療所】【診療科目:内科_外科_精神科_神経科_心療内科_老年精神科_リハビリテーション科】新潟県十日町市山野田３７６－４" }, "geometry": { "type": "Point", "coordinates": [ 138.740584, 37.157498 ] } },
{ "type": "Feature", "properties": { "ID": "152SITKX00022", "正式名称": "富田医院", "機関区分": 2, "都道府県コード": 15, "市区町村コード": 210, "所在地": "新潟県十日町市上新井１１４５－２", "緯度": 37.158943, "経度": 138.738749, "url": "https://www.iryou.teikyouseido.mhlw.go.jp/znk-web/juminkanja/S2430/initialize?prefCd=15&kikanCd=SITKX00022&kikanKbn=2", "url2": "https://www.tomita-iin.jp/access.html", "内容": "富田医院【2:診療所】【診療科目:内科_消化器内科_外科_皮膚科_リハビリテーション科】新潟県十日町市上新井１１４５－２" }, "geometry": { "type": "Point", "coordinates": [ 138.738749, 37.158943 ] } },
{ "type": "Feature", "properties": { "ID": "152SITKX00025", "正式名称": "十日町市国民健康保険松之山診療所", "機関区分": 2, "都道府県コード": 15, "市区町村コード": 210, "所在地": "新潟県十日町市松之山１５９６番地１", "緯度": 37.086813, "経度": 138.608898, "url": "https://www.iryou.teikyouseido.mhlw.go.jp/znk-web/juminkanja/S2430/initialize?prefCd=15&kikanCd=SITKX00025&kikanKbn=2", "url2": "https://www.city.tokamachi.lg.jp/kenko_fukushi/kenko_iryo/iryokikan/2198.html", "内容": "十日町市国民健康保険松之山診療所【2:診療所】【診療科目:内科】新潟県十日町市松之山１５９６番地１" }, "geometry": { "type": "Point", "coordinates": [ 138.608898, 37.086813 ] } },
{ "type": "Feature", "properties": { "ID": "152SITKX00029", "正式名称": "医療法人社団恭清会　古藤医院", "機関区分": 2, "都道府県コード": 15, "市区町村コード": 482, "所在地": "新潟県中魚沼郡津南町外丸丁２２４９", "緯度": 37.022374, "経度": 138.639336, "url": "https://www.iryou.teikyouseido.mhlw.go.jp/znk-web/juminkanja/S2430/initialize?prefCd=15&kikanCd=SITKX00029&kikanKbn=2", "url2": null, "内容": "医療法人社団恭清会　古藤医院【2:診療所】【診療科目:内科_小児科】新潟県中魚沼郡津南町外丸丁２２４９" }, "geometry": { "type": "Point", "coordinates": [ 138.639336, 37.022374 ] } },
{ "type": "Feature", "properties": { "ID": "152SITKX00030", "正式名称": "医療法人社団恭清会　石川医院", "機関区分": 2, "都道府県コード": 15, "市区町村コード": 482, "所在地": "新潟県中魚沼郡津南町上郷宮野原８番地１", "緯度": 36.992263, "経度": 138.588893, "url": "https://www.iryou.teikyouseido.mhlw.go.jp/znk-web/juminkanja/S2430/initialize?prefCd=15&kikanCd=SITKX00030&kikanKbn=2", "url2": null, "内容": "医療法人社団恭清会　石川医院【2:診療所】【診療科目:内科_小児科】新潟県中魚沼郡津南町上郷宮野原８番地１" }, "geometry": { "type": "Point", "coordinates": [ 138.588893, 36.992263 ] } },
{ "type": "Feature", "properties": { "ID": "152SITKX00031", "正式名称": "あさだ皮フ科", "機関区分": 2, "都道府県コード": 15, "市区町村コード": 210, "所在地": "新潟県十日町市稲荷町３丁目５－９", "緯度": 37.13815, "経度": 138.756248, "url": "https://www.iryou.teikyouseido.mhlw.go.jp/znk-web/juminkanja/S2430/initialize?prefCd=15&kikanCd=SITKX00031&kikanKbn=2", "url2": null, "内容": "あさだ皮フ科【2:診療所】【診療科目:皮膚科_アレルギー科】新潟県十日町市稲荷町３丁目５－９" }, "geometry": { "type": "Point", "coordinates": [ 138.756248, 37.13815 ] } },
{ "type": "Feature", "properties": { "ID": "152SITKX00033", "正式名称": "医療法人おおふち眼科", "機関区分": 2, "都道府県コード": 15, "市区町村コード": 210, "所在地": "新潟県十日町市稲荷町三丁目南７ー２５おおふち眼科", "緯度": 37.136393, "経度": 138.755968, "url": "https://www.iryou.teikyouseido.mhlw.go.jp/znk-web/juminkanja/S2430/initialize?prefCd=15&kikanCd=SITKX00033&kikanKbn=2", "url2": "https://www.ofuchiganka.com/", "内容": "医療法人おおふち眼科【2:診療所】【診療科目:眼科】新潟県十日町市稲荷町三丁目南７ー２５おおふち眼科" }, "geometry": { "type": "Point", "coordinates": [ 138.755968, 37.136393 ] } },
{ "type": "Feature", "properties": { "ID": "152SITKX00040", "正式名称": "社会福祉法人清津福祉会　上村診療所", "機関区分": 2, "都道府県コード": 15, "市区町村コード": 210, "所在地": "新潟県十日町市田中ロ４６８番地１", "緯度": 37.054416, "経度": 138.696783, "url": "https://www.iryou.teikyouseido.mhlw.go.jp/znk-web/juminkanja/S2430/initialize?prefCd=15&kikanCd=SITKX00040&kikanKbn=2", "url2": "https://kamimurasinryoujyo.jimdofree.com/", "内容": "社会福祉法人清津福祉会　上村診療所【2:診療所】【診療科目:内科_外科_整形外科_耳鼻いんこう科】新潟県十日町市田中ロ４６８番地１" }, "geometry": { "type": "Point", "coordinates": [ 138.696783, 37.054416 ] } },
{ "type": "Feature", "properties": { "ID": "152SITKX00042", "正式名称": "メディカルフォレスト十日町中央クリニック", "機関区分": 2, "都道府県コード": 15, "市区町村コード": 210, "所在地": "新潟県十日町市稲荷町３丁目南１番９", "緯度": 37.135174, "経度": 138.754573, "url": "https://www.iryou.teikyouseido.mhlw.go.jp/znk-web/juminkanja/S2430/initialize?prefCd=15&kikanCd=SITKX00042&kikanKbn=2", "url2": "https://tokamachi-chuo-clinic.jp/", "内容": "メディカルフォレスト十日町中央クリニック【2:診療所】【診療科目:内科_外科_リハビリテーション科】新潟県十日町市稲荷町３丁目南１番９" }, "geometry": { "type": "Point", "coordinates": [ 138.754573, 37.135174 ] } },
{ "type": "Feature", "properties": { "ID": "152SITKX00043", "正式名称": "新潟県厚生農業協同組合連合会メンタルケア中条", "機関区分": 2, "都道府県コード": 15, "市区町村コード": 210, "所在地": "新潟県十日町市中条己２９３５番地１９", "緯度": 37.177702, "経度": 138.776188, "url": "https://www.iryou.teikyouseido.mhlw.go.jp/znk-web/juminkanja/S2430/initialize?prefCd=15&kikanCd=SITKX00043&kikanKbn=2", "url2": null, "内容": "新潟県厚生農業協同組合連合会メンタルケア中条【2:診療所】【診療科目:精神科】新潟県十日町市中条己２９３５番地１９" }, "geometry": { "type": "Point", "coordinates": [ 138.776188, 37.177702 ] } },
{ "type": "Feature", "properties": { "ID": "152SITKX00044", "正式名称": "十日町市休日一次救急診療センター", "機関区分": 2, "都道府県コード": 15, "市区町村コード": 210, "所在地": "新潟県十日町市高田町三丁目南４４２番地", "緯度": 37.131764, "経度": 138.752156, "url": "https://www.iryou.teikyouseido.mhlw.go.jp/znk-web/juminkanja/S2430/initialize?prefCd=15&kikanCd=SITKX00044&kikanKbn=2", "url2": null, "内容": "十日町市休日一次救急診療センター【2:診療所】【診療科目:内科_小児科】新潟県十日町市高田町三丁目南４４２番地" }, "geometry": { "type": "Point", "coordinates": [ 138.752156, 37.131764 ] } },
{ "type": "Feature", "properties": { "ID": "152SITKX00046", "正式名称": "村岡整形外科クリニック", "機関区分": 2, "都道府県コード": 15, "市区町村コード": 210, "所在地": "新潟県十日町市高田町三丁目西１０８ー１", "緯度": 37.133739, "経度": 138.751617, "url": "https://www.iryou.teikyouseido.mhlw.go.jp/znk-web/juminkanja/S2430/initialize?prefCd=15&kikanCd=SITKX00046&kikanKbn=2", "url2": null, "内容": "村岡整形外科クリニック【2:診療所】【診療科目:整形外科_リハビリテーション科】新潟県十日町市高田町三丁目西１０８ー１" }, "geometry": { "type": "Point", "coordinates": [ 138.751617, 37.133739 ] } },
{ "type": "Feature", "properties": { "ID": "152SITKX00047", "正式名称": "ほり内科クリニック", "機関区分": 2, "都道府県コード": 15, "市区町村コード": 210, "所在地": "新潟県十日町市山本町１丁目８０１－２", "緯度": 37.123228, "経度": 138.754214, "url": "https://www.iryou.teikyouseido.mhlw.go.jp/znk-web/juminkanja/S2430/initialize?prefCd=15&kikanCd=SITKX00047&kikanKbn=2", "url2": "https://horiclinic.jp/", "内容": "ほり内科クリニック【2:診療所】【診療科目:内科_呼吸器内科_小児科】新潟県十日町市山本町１丁目８０１－２" }, "geometry": { "type": "Point", "coordinates": [ 138.754214, 37.123228 ] } },
{ "type": "Feature", "properties": { "ID": "152SIUNX00003", "正式名称": "庭山医院", "機関区分": 2, "都道府県コード": 15, "市区町村コード": 225, "所在地": "新潟県魚沼市四日町１０１－２", "緯度": 37.235339, "経度": 138.956332, "url": "https://www.iryou.teikyouseido.mhlw.go.jp/znk-web/juminkanja/S2430/initialize?prefCd=15&kikanCd=SIUNX00003&kikanKbn=2", "url2": "http://www.niwayamahospital.com", "内容": "庭山医院【2:診療所】【診療科目:内科】新潟県魚沼市四日町１０１－２" }, "geometry": { "type": "Point", "coordinates": [ 138.956332, 37.235339 ] } },
{ "type": "Feature", "properties": { "ID": "152SIUNX00006", "正式名称": "廣川医院", "機関区分": 2, "都道府県コード": 15, "市区町村コード": 225, "所在地": "新潟県魚沼市小出島１２０９－７９", "緯度": 37.229727, "経度": 138.965819, "url": "https://www.iryou.teikyouseido.mhlw.go.jp/znk-web/juminkanja/S2430/initialize?prefCd=15&kikanCd=SIUNX00006&kikanKbn=2", "url2": "https://www.hirokawaiin.com", "内容": "廣川医院【2:診療所】【診療科目:耳鼻いんこう科】新潟県魚沼市小出島１２０９－７９" }, "geometry": { "type": "Point", "coordinates": [ 138.965819, 37.229727 ] } },
{ "type": "Feature", "properties": { "ID": "152SIUNX00009", "正式名称": "医療法人社団　宮医院", "機関区分": 2, "都道府県コード": 15, "市区町村コード": 225, "所在地": "新潟県魚沼市井口新田４３９－１", "緯度": 37.233046, "経度": 138.965283, "url": "https://www.iryou.teikyouseido.mhlw.go.jp/znk-web/juminkanja/S2430/initialize?prefCd=15&kikanCd=SIUNX00009&kikanKbn=2", "url2": null, "内容": "医療法人社団　宮医院【2:診療所】【診療科目:内科_小児科_アレルギー科】新潟県魚沼市井口新田４３９－１" }, "geometry": { "type": "Point", "coordinates": [ 138.965283, 37.233046 ] } },
{ "type": "Feature", "properties": { "ID": "152SIUNX00010", "正式名称": "魚沼市国民健康保険守門診療所", "機関区分": 2, "都道府県コード": 15, "市区町村コード": 225, "所在地": "新潟県魚沼市須原１２３７－１", "緯度": 37.317985, "経度": 139.017755, "url": "https://www.iryou.teikyouseido.mhlw.go.jp/znk-web/juminkanja/S2430/initialize?prefCd=15&kikanCd=SIUNX00010&kikanKbn=2", "url2": null, "内容": "魚沼市国民健康保険守門診療所【2:診療所】【診療科目:内科】新潟県魚沼市須原１２３７－１" }, "geometry": { "type": "Point", "coordinates": [ 139.017755, 37.317985 ] } },
{ "type": "Feature", "properties": { "ID": "152SIUNX00011", "正式名称": "かねもと外科内科医院", "機関区分": 2, "都道府県コード": 15, "市区町村コード": 225, "所在地": "新潟県魚沼市井口新田９４５－１", "緯度": 37.229025, "経度": 138.969904, "url": "https://www.iryou.teikyouseido.mhlw.go.jp/znk-web/juminkanja/S2430/initialize?prefCd=15&kikanCd=SIUNX00011&kikanKbn=2", "url2": null, "内容": "かねもと外科内科医院【2:診療所】【診療科目:内科_外科】新潟県魚沼市井口新田９４５－１" }, "geometry": { "type": "Point", "coordinates": [ 138.969904, 37.229025 ] } },
{ "type": "Feature", "properties": { "ID": "152SIUNX00016", "正式名称": "医療法人社団緑と清流の医療研究会　星内科医院", "機関区分": 2, "都道府県コード": 15, "市区町村コード": 225, "所在地": "新潟県魚沼市小出島字願成寺８１－１", "緯度": 37.231008, "経度": 138.965764, "url": "https://www.iryou.teikyouseido.mhlw.go.jp/znk-web/juminkanja/S2430/initialize?prefCd=15&kikanCd=SIUNX00016&kikanKbn=2", "url2": "https://www.hoshi.clinic", "内容": "医療法人社団緑と清流の医療研究会　星内科医院【2:診療所】【診療科目:内科_消化器内科_精神科_心療内科】新潟県魚沼市小出島字願成寺８１－１" }, "geometry": { "type": "Point", "coordinates": [ 138.965764, 37.231008 ] } },
{ "type": "Feature", "properties": { "ID": "152SIUNX00017", "正式名称": "たちばな皮ふ科クリニック", "機関区分": 2, "都道府県コード": 15, "市区町村コード": 225, "所在地": "新潟県魚沼市古新田１７９－１", "緯度": 37.220252, "経度": 138.965415, "url": "https://www.iryou.teikyouseido.mhlw.go.jp/znk-web/juminkanja/S2430/initialize?prefCd=15&kikanCd=SIUNX00017&kikanKbn=2", "url2": null, "内容": "たちばな皮ふ科クリニック【2:診療所】【診療科目:皮膚科】新潟県魚沼市古新田１７９－１" }, "geometry": { "type": "Point", "coordinates": [ 138.965415, 37.220252 ] } },
{ "type": "Feature", "properties": { "ID": "152SIUNX00018", "正式名称": "魚沼市国民健康保険入広瀬診療所", "機関区分": 2, "都道府県コード": 15, "市区町村コード": 225, "所在地": "新潟県魚沼市大栃山６３５番地１", "緯度": 37.355203, "経度": 139.06846, "url": "https://www.iryou.teikyouseido.mhlw.go.jp/znk-web/juminkanja/S2430/initialize?prefCd=15&kikanCd=SIUNX00018&kikanKbn=2", "url2": null, "内容": "魚沼市国民健康保険入広瀬診療所【2:診療所】【診療科目:内科】新潟県魚沼市大栃山６３５番地１" }, "geometry": { "type": "Point", "coordinates": [ 139.06846, 37.355203 ] } },
{ "type": "Feature", "properties": { "ID": "152SIUNX00019", "正式名称": "特別養護老人ホームうおの園診療所", "機関区分": 2, "都道府県コード": 15, "市区町村コード": 225, "所在地": "新潟県魚沼市原虫野４３８－４", "緯度": 37.214928, "経度": 138.961934, "url": "https://www.iryou.teikyouseido.mhlw.go.jp/znk-web/juminkanja/S2430/initialize?prefCd=15&kikanCd=SIUNX00019&kikanKbn=2", "url2": "https://www.uonofukushikai.or.jp/", "内容": "特別養護老人ホームうおの園診療所【2:診療所】【診療科目:内科_精神科】新潟県魚沼市原虫野４３８－４" }, "geometry": { "type": "Point", "coordinates": [ 138.961934, 37.214928 ] } },
{ "type": "Feature", "properties": { "ID": "152SIUNX00022", "正式名称": "うおぬま眼科", "機関区分": 2, "都道府県コード": 15, "市区町村コード": 225, "所在地": "新潟県魚沼市日渡新田字ヒワタリ８４番地１", "緯度": 37.237503, "経度": 138.961281, "url": "https://www.iryou.teikyouseido.mhlw.go.jp/znk-web/juminkanja/S2430/initialize?prefCd=15&kikanCd=SIUNX00022&kikanKbn=2", "url2": null, "内容": "うおぬま眼科【2:診療所】【診療科目:眼科】新潟県魚沼市日渡新田字ヒワタリ８４番地１" }, "geometry": { "type": "Point", "coordinates": [ 138.961281, 37.237503 ] } },
{ "type": "Feature", "properties": { "ID": "152SIUNX00023", "正式名称": "堀之内駅前小玉医院", "機関区分": 2, "都道府県コード": 15, "市区町村コード": 225, "所在地": "新潟県魚沼市堀之内３８７０－１", "緯度": 37.239423, "経度": 138.928306, "url": "https://www.iryou.teikyouseido.mhlw.go.jp/znk-web/juminkanja/S2430/initialize?prefCd=15&kikanCd=SIUNX00023&kikanKbn=2", "url2": null, "内容": "堀之内駅前小玉医院【2:診療所】【診療科目:内科_糖尿病・代謝内科_循環器内科】新潟県魚沼市堀之内３８７０－１" }, "geometry": { "type": "Point", "coordinates": [ 138.928306, 37.239423 ] } },
{ "type": "Feature", "properties": { "ID": "152SIUNX00024", "正式名称": "医療法人社団　上村医院", "機関区分": 2, "都道府県コード": 15, "市区町村コード": 225, "所在地": "新潟県魚沼市諏訪町１－１２", "緯度": 37.232459, "経度": 138.960014, "url": "https://www.iryou.teikyouseido.mhlw.go.jp/znk-web/juminkanja/S2430/initialize?prefCd=15&kikanCd=SIUNX00024&kikanKbn=2", "url2": "http://www.kamimura-iin.com/", "内容": "医療法人社団　上村医院【2:診療所】【診療科目:内科_糖尿病内科_消化器内科_内視鏡内科_小児科_泌尿器科】新潟県魚沼市諏訪町１－１２" }, "geometry": { "type": "Point", "coordinates": [ 138.960014, 37.232459 ] } },
{ "type": "Feature", "properties": { "ID": "152SIUNX00025", "正式名称": "魚沼市国民健康保険堀之内医療センター", "機関区分": 2, "都道府県コード": 15, "市区町村コード": 225, "所在地": "新潟県魚沼市堀之内４３１５", "緯度": 37.245217, "経度": 138.926404, "url": "https://www.iryou.teikyouseido.mhlw.go.jp/znk-web/juminkanja/S2430/initialize?prefCd=15&kikanCd=SIUNX00025&kikanKbn=2", "url2": "https://uonuma-medical.jp/horinouchi01", "内容": "魚沼市国民健康保険堀之内医療センター【2:診療所】【診療科目:内科_整形外科_リハビリテーション科】新潟県魚沼市堀之内４３１５" }, "geometry": { "type": "Point", "coordinates": [ 138.926404, 37.245217 ] } },
{ "type": "Feature", "properties": { "ID": "152SIUNX00026", "正式名称": "医療法人俊榮会　ふくじゅクリニック", "機関区分": 2, "都道府県コード": 15, "市区町村コード": 225, "所在地": "新潟県魚沼市田尻１６４－２", "緯度": 37.262229, "経度": 138.97296, "url": "https://www.iryou.teikyouseido.mhlw.go.jp/znk-web/juminkanja/S2430/initialize?prefCd=15&kikanCd=SIUNX00026&kikanKbn=2", "url2": "fukuju-cl.com", "内容": "医療法人俊榮会　ふくじゅクリニック【2:診療所】【診療科目:内科_整形外科】新潟県魚沼市田尻１６４－２" }, "geometry": { "type": "Point", "coordinates": [ 138.97296, 37.262229 ] } },
{ "type": "Feature", "properties": { "ID": "152SIUNX00028", "正式名称": "魚沼こどもクリニック", "機関区分": 2, "都道府県コード": 15, "市区町村コード": 225, "所在地": "新潟県魚沼市井口新田３２１－１", "緯度": 37.233087, "経度": 138.963192, "url": "https://www.iryou.teikyouseido.mhlw.go.jp/znk-web/juminkanja/S2430/initialize?prefCd=15&kikanCd=SIUNX00028&kikanKbn=2", "url2": "https://uonuma-kodomo.com/", "内容": "魚沼こどもクリニック【2:診療所】【診療科目:小児科_アレルギー科】新潟県魚沼市井口新田３２１－１" }, "geometry": { "type": "Point", "coordinates": [ 138.963192, 37.233087 ] } },
{ "type": "Feature", "properties": { "ID": "152SIUNX00029", "正式名称": "医療法人柏樹会　新潟　骨とスポーツのクリニック", "機関区分": 2, "都道府県コード": 15, "市区町村コード": 225, "所在地": "新潟県魚沼市中原字大塚８０番１", "緯度": 37.221619, "経度": 138.967845, "url": "https://www.iryou.teikyouseido.mhlw.go.jp/znk-web/juminkanja/S2430/initialize?prefCd=15&kikanCd=SIUNX00029&kikanKbn=2", "url2": "https://honespo.jp/", "内容": "医療法人柏樹会　新潟　骨とスポーツのクリニック【2:診療所】【診療科目:整形外科_リハビリテーション科】新潟県魚沼市中原字大塚８０番１" }, "geometry": { "type": "Point", "coordinates": [ 138.967845, 37.221619 ] } }
]
}
