{
"type": "FeatureCollection",
"name": "geo_15_訪問介護",
"crs": { "type": "name", "properties": { "name": "urn:ogc:def:crs:OGC:1.3:CRS84" } },
"features": [
{ "type": "Feature", "properties": { "内容": "訪問介護しあわせ【訪問介護】新潟県新潟市北区松浜みなと42番37号", "url2": "https://www.kaigokensaku.mhlw.go.jp/15/index.php?action_kouhyou_detail_004_kani=true&JigyosyoCd=1570114585-00&ServiceCd=110&Type=search" }, "geometry": { "type": "Point", "coordinates": [ 139.139724414611067, 37.961390475220085 ] } },
{ "type": "Feature", "properties": { "内容": "けあビジョンホーム新潟太郎代訪問介護【訪問介護】新潟県新潟市北区太郎代2874-3", "url2": "https://www.kaigokensaku.mhlw.go.jp/15/index.php?action_kouhyou_detail_004_kani=true&JigyosyoCd=1570115780-00&ServiceCd=110&Type=search" }, "geometry": { "type": "Point", "coordinates": [ 139.217848205899486, 37.979145963457086 ] } },
{ "type": "Feature", "properties": { "内容": "ヘルパーステーション五郎右衛門ノ家【訪問介護】新潟県新潟市北区松浜東町２－１０－１５", "url2": "https://www.kaigokensaku.mhlw.go.jp/15/index.php?action_kouhyou_detail_004_kani=true&JigyosyoCd=1570114643-00&ServiceCd=110&Type=search" }, "geometry": { "type": "Point", "coordinates": [ 139.152892899999983, 37.9544167 ] } },
{ "type": "Feature", "properties": { "内容": "訪問介護事業所なでしこケアセンター【訪問介護】新潟県新潟市北区北陽2丁目770-72", "url2": "https://www.kaigokensaku.mhlw.go.jp/15/index.php?action_kouhyou_detail_004_kani=true&JigyosyoCd=1570107704-00&ServiceCd=110&Type=search" }, "geometry": { "type": "Point", "coordinates": [ 139.18640476242669, 37.942902793228207 ] } },
{ "type": "Feature", "properties": { "内容": "訪問介護ゆずの花【訪問介護】新潟県新潟市北区木崎2960番地7", "url2": "https://www.kaigokensaku.mhlw.go.jp/15/index.php?action_kouhyou_detail_004_kani=true&JigyosyoCd=1570116580-00&ServiceCd=110&Type=search" }, "geometry": { "type": "Point", "coordinates": [ 139.1940103, 37.9420039 ] } },
{ "type": "Feature", "properties": { "内容": "株式会社　ねむの木介護支援センター【訪問介護】新潟県新潟市北区嘉山5丁目2番12号", "url2": "https://www.kaigokensaku.mhlw.go.jp/15/index.php?action_kouhyou_detail_004_kani=true&JigyosyoCd=1570106953-00&ServiceCd=110&Type=search" }, "geometry": { "type": "Point", "coordinates": [ 139.220509600000014, 37.906110499999983 ] } },
{ "type": "Feature", "properties": { "内容": "有限会社　まごころ介護支援センター【訪問介護】新潟県新潟市北区神谷内５４－２", "url2": "https://www.kaigokensaku.mhlw.go.jp/15/index.php?action_kouhyou_detail_004_kani=true&JigyosyoCd=1570101996-00&ServiceCd=110&Type=search" }, "geometry": { "type": "Point", "coordinates": [ 139.157862, 37.951878 ] } },
{ "type": "Feature", "properties": { "内容": "ヘルパーステーション　おやま【訪問介護】新潟県新潟市北区木崎1811-3", "url2": "https://www.kaigokensaku.mhlw.go.jp/15/index.php?action_kouhyou_detail_004_kani=true&JigyosyoCd=1570103497-00&ServiceCd=110&Type=search" }, "geometry": { "type": "Point", "coordinates": [ 139.172989599999937, 37.9322299 ] } },
{ "type": "Feature", "properties": { "内容": "社会福祉法人新潟市社会福祉協議会　北区訪問介護センター【訪問介護】新潟県新潟市北区東栄町１丁目１番３５号", "url2": "https://www.kaigokensaku.mhlw.go.jp/15/index.php?action_kouhyou_detail_004_kani=true&JigyosyoCd=1570105021-00&ServiceCd=110&Type=search" }, "geometry": { "type": "Point", "coordinates": [ 139.221138200000041, 37.9140408 ] } },
{ "type": "Feature", "properties": { "内容": "テクノワークス訪問介護【訪問介護】新潟市東区下木戸２丁目１５番７号２", "url2": "https://www.kaigokensaku.mhlw.go.jp/15/index.php?action_kouhyou_detail_004_kani=true&JigyosyoCd=1570102523-00&ServiceCd=110&Type=search" }, "geometry": { "type": "Point", "coordinates": [ 139.094082295716106, 37.926604636566431 ] } },
{ "type": "Feature", "properties": { "内容": "ヘルパーステーション河渡の郷【訪問介護】新潟県新潟市東区河渡2丁目4番65号", "url2": "https://www.kaigokensaku.mhlw.go.jp/15/index.php?action_kouhyou_detail_004_kani=true&JigyosyoCd=1570107167-00&ServiceCd=110&Type=search" }, "geometry": { "type": "Point", "coordinates": [ 139.098662, 37.9364232 ] } },
{ "type": "Feature", "properties": { "内容": "株式会社　エヌ介護サービス　新潟東センター【訪問介護】新潟県新潟市東区太平３丁目１４番地１１", "url2": "https://www.kaigokensaku.mhlw.go.jp/15/index.php?action_kouhyou_detail_004_kani=true&JigyosyoCd=1570107415-00&ServiceCd=110&Type=search" }, "geometry": { "type": "Point", "coordinates": [ 139.113385444458032, 37.944811963123854 ] } },
{ "type": "Feature", "properties": { "内容": "訪問介護セカンドライフ【訪問介護】新潟県新潟市東区下木戸1丁目１２番１６", "url2": "https://www.kaigokensaku.mhlw.go.jp/15/index.php?action_kouhyou_detail_004_kani=true&JigyosyoCd=1570110377-00&ServiceCd=110&Type=search" }, "geometry": { "type": "Point", "coordinates": [ 139.092367699999983, 37.9261935 ] } },
{ "type": "Feature", "properties": { "内容": "ヘルパーステーション守庵良寛上木戸【訪問介護】新潟県新潟市東区上木戸3丁目3番24号", "url2": "https://www.kaigokensaku.mhlw.go.jp/15/index.php?action_kouhyou_detail_004_kani=true&JigyosyoCd=1570113983-00&ServiceCd=110&Type=search" }, "geometry": { "type": "Point", "coordinates": [ 139.102393200000051, 37.9233356 ] } },
{ "type": "Feature", "properties": { "内容": "ヘルパーセンターハーツ【訪問介護】新潟県新潟市東区船江町2丁目23番22号", "url2": "https://www.kaigokensaku.mhlw.go.jp/15/index.php?action_kouhyou_detail_004_kani=true&JigyosyoCd=1570115590-00&ServiceCd=110&Type=search" }, "geometry": { "type": "Point", "coordinates": [ 139.104645779762279, 37.953826087288235 ] } },
{ "type": "Feature", "properties": { "内容": "ヘルパーセンターリ･バース【訪問介護】新潟県新潟市東区中山3丁目7番9号", "url2": "https://www.kaigokensaku.mhlw.go.jp/15/index.php?action_kouhyou_detail_004_kani=true&JigyosyoCd=1570115772-00&ServiceCd=110&Type=search" }, "geometry": { "type": "Point", "coordinates": [ 139.0874891932541, 37.917888247922079 ] } },
{ "type": "Feature", "properties": { "内容": "訪問介護ステーションケアの森東新潟【訪問介護】新潟県新潟市東区大形本町5丁目8番11号", "url2": "https://www.kaigokensaku.mhlw.go.jp/15/index.php?action_kouhyou_detail_004_kani=true&JigyosyoCd=1570116598-00&ServiceCd=110&Type=search" }, "geometry": { "type": "Point", "coordinates": [ 139.1227594, 37.921379 ] } },
{ "type": "Feature", "properties": { "内容": "ホームヘルプ春日和新潟東【訪問介護】新潟県新潟市東区津島屋3丁目193番地1ワールドステイ津島屋内", "url2": "https://www.kaigokensaku.mhlw.go.jp/15/index.php?action_kouhyou_detail_004_kani=true&JigyosyoCd=1570115798-00&ServiceCd=110&Type=search" }, "geometry": { "type": "Point", "coordinates": [ 139.129185296017454, 37.942059140387087 ] } },
{ "type": "Feature", "properties": { "内容": "医心館訪問介護ステーション新潟Ⅲ【訪問介護】新潟県新潟市東区はなみずき３丁目１番２３号", "url2": "https://www.kaigokensaku.mhlw.go.jp/15/index.php?action_kouhyou_detail_004_kani=true&JigyosyoCd=1570115822-00&ServiceCd=110&Type=search" }, "geometry": { "type": "Point", "coordinates": [ 139.1011316, 37.9140834 ] } },
{ "type": "Feature", "properties": { "内容": "ニチイケアセンター花かいどう【訪問介護】新潟県新潟市東区空港西１丁目４番２０号", "url2": "https://www.kaigokensaku.mhlw.go.jp/15/index.php?action_kouhyou_detail_004_kani=true&JigyosyoCd=1570115251-00&ServiceCd=110&Type=search" }, "geometry": { "type": "Point", "coordinates": [ 139.093611922090162, 37.947020132997615 ] } },
{ "type": "Feature", "properties": { "内容": "清篤苑ケアセンター【訪問介護】新潟県新潟市東区秋葉１丁目１９番３号", "url2": "https://www.kaigokensaku.mhlw.go.jp/15/index.php?action_kouhyou_detail_004_kani=true&JigyosyoCd=1570114676-00&ServiceCd=110&Type=search" }, "geometry": { "type": "Point", "coordinates": [ 139.0807744, 37.9386806 ] } },
{ "type": "Feature", "properties": { "内容": "学研ココファン新潟東ヘルパーセンター【訪問介護】新潟県新潟市東区牡丹山2丁目1番3号ココファン新潟東", "url2": "https://www.kaigokensaku.mhlw.go.jp/15/index.php?action_kouhyou_detail_004_kani=true&JigyosyoCd=1570115384-00&ServiceCd=110&Type=search" }, "geometry": { "type": "Point", "coordinates": [ 139.0896272, 37.9185889 ] } },
{ "type": "Feature", "properties": { "内容": "特定非営利活動法人いいすまいる【訪問介護】新潟県新潟市東区上木戸２丁目７番１３号", "url2": "https://www.kaigokensaku.mhlw.go.jp/15/index.php?action_kouhyou_detail_004_kani=true&JigyosyoCd=1570115897-00&ServiceCd=110&Type=search" }, "geometry": { "type": "Point", "coordinates": [ 139.106479400000012, 37.9238757 ] } },
{ "type": "Feature", "properties": { "内容": "ＳＯＭＰＯケア　新潟　訪問介護【訪問介護】新潟県新潟市東区紫竹5丁目26番1号２Ｆ", "url2": "https://www.kaigokensaku.mhlw.go.jp/15/index.php?action_kouhyou_detail_004_kani=true&JigyosyoCd=1570114403-00&ServiceCd=110&Type=search" }, "geometry": { "type": "Point", "coordinates": [ 139.081241835282583, 37.906219281136678 ] } },
{ "type": "Feature", "properties": { "内容": "ご近所ホーム訪問介護ステーション山木戸【訪問介護】新潟県新潟市東区山木戸5丁目11番4号", "url2": "https://www.kaigokensaku.mhlw.go.jp/15/index.php?action_kouhyou_detail_004_kani=true&JigyosyoCd=1570115970-00&ServiceCd=110&Type=search" }, "geometry": { "type": "Point", "coordinates": [ 139.087530500000014, 37.9188645 ] } },
{ "type": "Feature", "properties": { "内容": "訪問介護事業所章医館【訪問介護】新潟県新潟市東区中野山4丁目9番20号サービス付き高齢者向け住宅章医館", "url2": "https://www.kaigokensaku.mhlw.go.jp/15/index.php?action_kouhyou_detail_004_kani=true&JigyosyoCd=1570116473-00&ServiceCd=110&Type=search" }, "geometry": { "type": "Point", "coordinates": [ 139.1023925, 37.9027238 ] } },
{ "type": "Feature", "properties": { "内容": "はあとふるあたご訪問介護ステーション新潟東【訪問介護】新潟県新潟市東区木工新町1066番地1新潟光商事ビル2階", "url2": "https://www.kaigokensaku.mhlw.go.jp/15/index.php?action_kouhyou_detail_004_kani=true&JigyosyoCd=1570115335-00&ServiceCd=110&Type=search" }, "geometry": { "type": "Point", "coordinates": [ 139.1260366, 37.9350759 ] } },
{ "type": "Feature", "properties": { "内容": "訪問介護センターなじょも【訪問介護】新潟県新潟市東区上木戸5-2-1", "url2": "https://www.kaigokensaku.mhlw.go.jp/15/index.php?action_kouhyou_detail_004_kani=true&JigyosyoCd=1570111490-00&ServiceCd=110&Type=search" }, "geometry": { "type": "Point", "coordinates": [ 139.103216041139234, 37.920370273150994 ] } },
{ "type": "Feature", "properties": { "内容": "ケアサポートＳＫＹ【訪問介護】新潟県新潟市東区東明8丁目1番23号メゾン東山104号", "url2": "https://www.kaigokensaku.mhlw.go.jp/15/index.php?action_kouhyou_detail_004_kani=true&JigyosyoCd=1570115608-00&ServiceCd=110&Type=search" }, "geometry": { "type": "Point", "coordinates": [ 139.0848085, 37.89836480000001 ] } },
{ "type": "Feature", "properties": { "内容": "ヘルパーステーション　杜【訪問介護】新潟県新潟市東区中野山４－８－２５", "url2": "https://www.kaigokensaku.mhlw.go.jp/15/index.php?action_kouhyou_detail_004_kani=true&JigyosyoCd=1570108850-00&ServiceCd=110&Type=search" }, "geometry": { "type": "Point", "coordinates": [ 139.101443486508174, 37.902174007249592 ] } },
{ "type": "Feature", "properties": { "内容": "セコムケアセンター新潟【訪問介護】新潟県新潟市東区秋葉１丁目１番１５号", "url2": "https://www.kaigokensaku.mhlw.go.jp/15/index.php?action_kouhyou_detail_004_kani=true&JigyosyoCd=1570100527-00&ServiceCd=110&Type=search" }, "geometry": { "type": "Point", "coordinates": [ 139.079337959382627, 37.940027825201376 ] } },
{ "type": "Feature", "properties": { "内容": "ツクイ新潟山木戸東【訪問介護】新潟県新潟市東区山木戸4丁目12番32号", "url2": "https://www.kaigokensaku.mhlw.go.jp/15/index.php?action_kouhyou_detail_004_kani=true&JigyosyoCd=1570102218-00&ServiceCd=110&Type=search" }, "geometry": { "type": "Point", "coordinates": [ 139.0857974, 37.9219077 ] } },
{ "type": "Feature", "properties": { "内容": "有限会社きゃすと【訪問介護】新潟県新潟市東区有楽２－３－２", "url2": "https://www.kaigokensaku.mhlw.go.jp/15/index.php?action_kouhyou_detail_004_kani=true&JigyosyoCd=1570101897-00&ServiceCd=110&Type=search" }, "geometry": { "type": "Point", "coordinates": [ 139.108086400000047, 37.9385983 ] } },
{ "type": "Feature", "properties": { "内容": "まごころ介護支援センター木戸【訪問介護】新潟県新潟市東区上木戸４－７－１１", "url2": "https://www.kaigokensaku.mhlw.go.jp/15/index.php?action_kouhyou_detail_004_kani=true&JigyosyoCd=1570103190-00&ServiceCd=110&Type=search" }, "geometry": { "type": "Point", "coordinates": [ 139.101613, 37.9185943 ] } },
{ "type": "Feature", "properties": { "内容": "社会福祉法人　新潟市社会福祉協議会　東区訪問介護センター【訪問介護】新潟県新潟市東区下木戸1丁目4番1号東区役所内", "url2": "https://www.kaigokensaku.mhlw.go.jp/15/index.php?action_kouhyou_detail_004_kani=true&JigyosyoCd=1570104941-00&ServiceCd=110&Type=search" }, "geometry": { "type": "Point", "coordinates": [ 139.092696599999954, 37.9249935 ] } },
{ "type": "Feature", "properties": { "内容": "ホームケアサポート　GROW【訪問介護】新潟県新潟市東区竹尾2丁目1番15号", "url2": "https://www.kaigokensaku.mhlw.go.jp/15/index.php?action_kouhyou_detail_004_kani=true&JigyosyoCd=1570114809-00&ServiceCd=110&Type=search" }, "geometry": { "type": "Point", "coordinates": [ 139.08800890859834, 37.912096061408647 ] } },
{ "type": "Feature", "properties": { "内容": "テクノワークス訪問介護【訪問介護】新潟県新潟市東区下木戸２丁目１５番７号２", "url2": "https://www.kaigokensaku.mhlw.go.jp/15/index.php?action_kouhyou_detail_004_kani=true&JigyosyoCd=1570116655-00&ServiceCd=110&Type=search" }, "geometry": { "type": "Point", "coordinates": [ 139.0941564, 37.9264916 ] } },
{ "type": "Feature", "properties": { "内容": "サポートベース凛【訪問介護】新潟県新潟市東区大形本町5丁目6番43号", "url2": "https://www.kaigokensaku.mhlw.go.jp/15/index.php?action_kouhyou_detail_004_kani=true&JigyosyoCd=1570116572-00&ServiceCd=110&Type=search" }, "geometry": { "type": "Point", "coordinates": [ 139.122523799999982, 37.922047 ] } },
{ "type": "Feature", "properties": { "内容": "訪問介護事業所ケアププ新潟東【訪問介護】新潟県新潟市東区寺空港西2丁目19番27号", "url2": "https://www.kaigokensaku.mhlw.go.jp/15/index.php?action_kouhyou_detail_004_kani=true&JigyosyoCd=1570115723-00&ServiceCd=110&Type=search" }, "geometry": { "type": "Point", "coordinates": [ 139.099410468787994, 37.949069626513889 ] } },
{ "type": "Feature", "properties": { "内容": "ヘルパーステーションとやの【訪問介護】新潟県新潟市中央区小張木1丁目4番5号", "url2": "https://www.kaigokensaku.mhlw.go.jp/15/index.php?action_kouhyou_detail_004_kani=true&JigyosyoCd=1570108595-00&ServiceCd=110&Type=search" }, "geometry": { "type": "Point", "coordinates": [ 139.047090900000057, 37.887632099999983 ] } },
{ "type": "Feature", "properties": { "内容": "ヘルパーステーション和実【訪問介護】新潟県新潟市中央区文京町27番1号文京ドミトリー305号", "url2": "https://www.kaigokensaku.mhlw.go.jp/15/index.php?action_kouhyou_detail_004_kani=true&JigyosyoCd=1570109809-00&ServiceCd=110&Type=search" }, "geometry": { "type": "Point", "coordinates": [ 139.009278799999947, 37.9092202 ] } },
{ "type": "Feature", "properties": { "内容": "さわやかヘルパーステーション栗の木【訪問介護】新潟県新潟市中央区日の出２丁目２番４３号", "url2": "https://www.kaigokensaku.mhlw.go.jp/15/index.php?action_kouhyou_detail_004_kani=true&JigyosyoCd=1570110351-00&ServiceCd=110&Type=search" }, "geometry": { "type": "Point", "coordinates": [ 139.075572979167873, 37.919182263747295 ] } },
{ "type": "Feature", "properties": { "内容": "グレイス・ヘルパーステーション【訪問介護】新潟県新潟市中央区紫竹山6-2-26", "url2": "https://www.kaigokensaku.mhlw.go.jp/15/index.php?action_kouhyou_detail_004_kani=true&JigyosyoCd=1570113652-00&ServiceCd=110&Type=search" }, "geometry": { "type": "Point", "coordinates": [ 139.066288, 37.8979479 ] } },
{ "type": "Feature", "properties": { "内容": "ヘルパーセンターファースト･ステップ【訪問介護】新潟県新潟市中央区紫竹1丁目16番6号パーソンビル2F201", "url2": "https://www.kaigokensaku.mhlw.go.jp/15/index.php?action_kouhyou_detail_004_kani=true&JigyosyoCd=1570113785-00&ServiceCd=110&Type=search" }, "geometry": { "type": "Point", "coordinates": [ 139.07618279999997, 37.91011 ] } },
{ "type": "Feature", "properties": { "内容": "医心館訪問介護ステーション新潟【訪問介護】新潟県新潟市中央区女池上山2丁目13-32", "url2": "https://www.kaigokensaku.mhlw.go.jp/15/index.php?action_kouhyou_detail_004_kani=true&JigyosyoCd=1570114668-00&ServiceCd=110&Type=search" }, "geometry": { "type": "Point", "coordinates": [ 139.028606353485344, 37.8907966728895 ] } },
{ "type": "Feature", "properties": { "内容": "ニチイケアセンター古町【訪問介護】新潟県新潟市中央区寄居町697番地1マンション北陸106号", "url2": "https://www.kaigokensaku.mhlw.go.jp/15/index.php?action_kouhyou_detail_004_kani=true&JigyosyoCd=1570114981-00&ServiceCd=110&Type=search" }, "geometry": { "type": "Point", "coordinates": [ 139.040230899999983, 37.922972 ] } },
{ "type": "Feature", "properties": { "内容": "訪問介護ステーションねこの手【訪問介護】新潟県新潟市中央区弁天橋通1丁目36番17号", "url2": "https://www.kaigokensaku.mhlw.go.jp/15/index.php?action_kouhyou_detail_004_kani=true&JigyosyoCd=1570113348-00&ServiceCd=110&Type=search" }, "geometry": { "type": "Point", "coordinates": [ 139.072194839298959, 37.894594024765283 ] } },
{ "type": "Feature", "properties": { "内容": "医心館訪問介護ステーション新潟Ⅱ【訪問介護】新潟県新潟市中央区鐙西1丁目10番24号", "url2": "https://www.kaigokensaku.mhlw.go.jp/15/index.php?action_kouhyou_detail_004_kani=true&JigyosyoCd=1570115293-00&ServiceCd=110&Type=search" }, "geometry": { "type": "Point", "coordinates": [ 139.065285, 37.9021323 ] } },
{ "type": "Feature", "properties": { "内容": "ツクイ・サンフォレスト新潟山潟【訪問介護】新潟県新潟市中央区長潟1204番地１", "url2": "https://www.kaigokensaku.mhlw.go.jp/15/index.php?action_kouhyou_detail_004_kani=true&JigyosyoCd=1570115301-00&ServiceCd=110&Type=search" }, "geometry": { "type": "Point", "coordinates": [ 139.066294199999987, 37.8836343 ] } },
{ "type": "Feature", "properties": { "内容": "べすとらいふにいがた【訪問介護】新潟県新潟市中央区米山4丁目10-12ベストライフ新潟", "url2": "https://www.kaigokensaku.mhlw.go.jp/15/index.php?action_kouhyou_detail_004_kani=true&JigyosyoCd=1570116564-00&ServiceCd=110&Type=search" }, "geometry": { "type": "Point", "coordinates": [ 139.0596219, 37.9052578 ] } },
{ "type": "Feature", "properties": { "内容": "新潟紫竹山やわらぎ【訪問介護】新潟県新潟市中央区紫竹山5丁目9番16号", "url2": "https://www.kaigokensaku.mhlw.go.jp/15/index.php?action_kouhyou_detail_004_kani=true&JigyosyoCd=1570115988-00&ServiceCd=110&Type=search" }, "geometry": { "type": "Point", "coordinates": [ 139.0702193, 37.8994925 ] } },
{ "type": "Feature", "properties": { "内容": "浜浦みどり訪問介護ステーション【訪問介護】新潟県新潟市中央区浜浦町２丁目47番地2", "url2": "https://www.kaigokensaku.mhlw.go.jp/15/index.php?action_kouhyou_detail_004_kani=true&JigyosyoCd=1570116127-00&ServiceCd=110&Type=search" }, "geometry": { "type": "Point", "coordinates": [ 139.0066008, 37.908828199999967 ] } },
{ "type": "Feature", "properties": { "内容": "ヘルパーセンタージョイ【訪問介護】新潟県新潟市中央区女池北1丁目15番1号しんえい館2Ｆ", "url2": "https://www.kaigokensaku.mhlw.go.jp/15/index.php?action_kouhyou_detail_004_kani=true&JigyosyoCd=1570114684-00&ServiceCd=110&Type=search" }, "geometry": { "type": "Point", "coordinates": [ 139.0336499, 37.895167 ] } },
{ "type": "Feature", "properties": { "内容": "学研ココファン新潟関屋ヘルパーセンター【訪問介護】新潟県新潟市中央区有明大橋町３番３０号ココファン新潟関屋", "url2": "https://www.kaigokensaku.mhlw.go.jp/15/index.php?action_kouhyou_detail_004_kani=true&JigyosyoCd=1570115624-00&ServiceCd=110&Type=search" }, "geometry": { "type": "Point", "coordinates": [ 139.01197590000001, 37.9050424 ] } },
{ "type": "Feature", "properties": { "内容": "学研ココファン新潟本馬越ヘルパーセンター【訪問介護】新潟県新潟市中央区本馬越1丁目3番16号ココファン新潟本馬越", "url2": "https://www.kaigokensaku.mhlw.go.jp/15/index.php?action_kouhyou_detail_004_kani=true&JigyosyoCd=1570115830-00&ServiceCd=110&Type=search" }, "geometry": { "type": "Point", "coordinates": [ 139.074111730024725, 37.912221270906301 ] } },
{ "type": "Feature", "properties": { "内容": "学研ココファン新潟とやのヘルパーセンター【訪問介護】新潟県新潟市中央区鳥屋野南３丁目２５番１６号", "url2": "https://www.kaigokensaku.mhlw.go.jp/15/index.php?action_kouhyou_detail_004_kani=true&JigyosyoCd=1570116333-00&ServiceCd=110&Type=search" }, "geometry": { "type": "Point", "coordinates": [ 139.028915599999976, 37.8840195 ] } },
{ "type": "Feature", "properties": { "内容": "PDハウス新潟紫竹山ヘルパーステーション【訪問介護】新潟県新潟市中央区紫竹山１丁目２番１６号", "url2": "https://www.kaigokensaku.mhlw.go.jp/15/index.php?action_kouhyou_detail_004_kani=true&JigyosyoCd=1570116440-00&ServiceCd=110&Type=search" }, "geometry": { "type": "Point", "coordinates": [ 139.0649985, 37.9011675 ] } },
{ "type": "Feature", "properties": { "内容": "訪問介護ステーション悠ライフ新潟【訪問介護】新潟県新潟市中央区沼垂西３丁目8番６号", "url2": "https://www.kaigokensaku.mhlw.go.jp/15/index.php?action_kouhyou_detail_004_kani=true&JigyosyoCd=1570116226-00&ServiceCd=110&Type=search" }, "geometry": { "type": "Point", "coordinates": [ 139.0641473, 37.924698300000017 ] } },
{ "type": "Feature", "properties": { "内容": "ヘルパーステーションあいのわ【訪問介護】新潟県新潟市中央区姥ヶ山１丁目３－６", "url2": "https://www.kaigokensaku.mhlw.go.jp/15/index.php?action_kouhyou_detail_004_kani=true&JigyosyoCd=1570114882-00&ServiceCd=110&Type=search" }, "geometry": { "type": "Point", "coordinates": [ 139.072604063759826, 37.888139134542016 ] } },
{ "type": "Feature", "properties": { "内容": "ディライト訪問介護センター【訪問介護】新潟県新潟市中央区学校町通三番町5314-2Lcollection乙女坂1号室", "url2": "https://www.kaigokensaku.mhlw.go.jp/15/index.php?action_kouhyou_detail_004_kani=true&JigyosyoCd=1570116150-00&ServiceCd=110&Type=search" }, "geometry": { "type": "Point", "coordinates": [ 139.0305592, 37.9177925 ] } },
{ "type": "Feature", "properties": { "内容": "ロングライフ　介護サポート【訪問介護】新潟県新潟市中央区有明大橋町3番25号NIC有明ビル2階", "url2": "https://www.kaigokensaku.mhlw.go.jp/15/index.php?action_kouhyou_detail_004_kani=true&JigyosyoCd=1570109130-00&ServiceCd=110&Type=search" }, "geometry": { "type": "Point", "coordinates": [ 139.011532705101757, 37.904677666824611 ] } },
{ "type": "Feature", "properties": { "内容": "ウイング関屋訪問介護ステーション【訪問介護】新潟県新潟市中央区関屋田町１－６－２ＭＤ関屋ビル２階", "url2": "https://www.kaigokensaku.mhlw.go.jp/15/index.php?action_kouhyou_detail_004_kani=true&JigyosyoCd=1570109221-00&ServiceCd=110&Type=search" }, "geometry": { "type": "Point", "coordinates": [ 139.025971059524522, 37.915101803677288 ] } },
{ "type": "Feature", "properties": { "内容": "ヘルパーステーション　グッドスマイル【訪問介護】新潟県新潟市中央区出来島2丁目7番21号", "url2": "https://www.kaigokensaku.mhlw.go.jp/15/index.php?action_kouhyou_detail_004_kani=true&JigyosyoCd=1570111177-00&ServiceCd=110&Type=search" }, "geometry": { "type": "Point", "coordinates": [ 139.025060818096932, 37.900292668150392 ] } },
{ "type": "Feature", "properties": { "内容": "ヘルパーステーション　ほっと新潟【訪問介護】新潟県新潟市中央区附船町1丁目4417-17", "url2": "https://www.kaigokensaku.mhlw.go.jp/15/index.php?action_kouhyou_detail_004_kani=true&JigyosyoCd=1570101293-00&ServiceCd=110&Type=search" }, "geometry": { "type": "Point", "coordinates": [ 139.055840699999976, 37.9347433 ] } },
{ "type": "Feature", "properties": { "内容": "ひまわり訪問介護ステーション【訪問介護】新潟県新潟市中央区上所中1丁目10番24号", "url2": "https://www.kaigokensaku.mhlw.go.jp/15/index.php?action_kouhyou_detail_004_kani=true&JigyosyoCd=1570116168-00&ServiceCd=110&Type=search" }, "geometry": { "type": "Point", "coordinates": [ 139.0358459, 37.9062811 ] } },
{ "type": "Feature", "properties": { "内容": "学研ココファン新潟あぶみヘルパーセンター【訪問介護】新潟県新潟市中央区鐙3丁目１０番３６号ココファン新潟あぶみ", "url2": "https://www.kaigokensaku.mhlw.go.jp/15/index.php?action_kouhyou_detail_004_kani=true&JigyosyoCd=1570115533-00&ServiceCd=110&Type=search" }, "geometry": { "type": "Point", "coordinates": [ 139.072595799999988, 37.9050975 ] } },
{ "type": "Feature", "properties": { "内容": "出来島ケアプラザ【訪問介護】新潟県新潟市中央区出来島1丁目6番3号", "url2": "https://www.kaigokensaku.mhlw.go.jp/15/index.php?action_kouhyou_detail_004_kani=true&JigyosyoCd=1570112233-00&ServiceCd=110&Type=search" }, "geometry": { "type": "Point", "coordinates": [ 139.0237697, 37.9003854 ] } },
{ "type": "Feature", "properties": { "内容": "萬代やすらぎ　ヘルパーステーション【訪問介護】新潟県新潟市中央区東大通1-8-10", "url2": "https://www.kaigokensaku.mhlw.go.jp/15/index.php?action_kouhyou_detail_004_kani=true&JigyosyoCd=1570107423-00&ServiceCd=110&Type=search" }, "geometry": { "type": "Point", "coordinates": [ 139.062915987837528, 37.915669348194754 ] } },
{ "type": "Feature", "properties": { "内容": "ヘルパーステーションじゅのーび【訪問介護】新潟県新潟市中央区古町通５番町５８８番地１じゅのーび", "url2": "https://www.kaigokensaku.mhlw.go.jp/15/index.php?action_kouhyou_detail_004_kani=true&JigyosyoCd=1570108546-00&ServiceCd=110&Type=search" }, "geometry": { "type": "Point", "coordinates": [ 139.043887899999987, 37.9190713 ] } },
{ "type": "Feature", "properties": { "内容": "青山訪問介護ステーション【訪問介護】新潟県新潟市中央区文京町27番30号", "url2": "https://www.kaigokensaku.mhlw.go.jp/15/index.php?action_kouhyou_detail_004_kani=true&JigyosyoCd=1570106938-00&ServiceCd=110&Type=search" }, "geometry": { "type": "Point", "coordinates": [ 139.008517799999936, 37.908895200000011 ] } },
{ "type": "Feature", "properties": { "内容": "公益社団法人　新潟市シルバー人材センター【訪問介護】新潟県新潟市中央区上所１丁目１１番４号", "url2": "https://www.kaigokensaku.mhlw.go.jp/15/index.php?action_kouhyou_detail_004_kani=true&JigyosyoCd=1570102028-00&ServiceCd=110&Type=search" }, "geometry": { "type": "Point", "coordinates": [ 139.0416487, 37.9096821 ] } },
{ "type": "Feature", "properties": { "内容": "ニチイケアセンター新潟中央【訪問介護】新潟県新潟市中央区沼垂東6-9-3", "url2": "https://www.kaigokensaku.mhlw.go.jp/15/index.php?action_kouhyou_detail_004_kani=true&JigyosyoCd=1570101178-00&ServiceCd=110&Type=search" }, "geometry": { "type": "Point", "coordinates": [ 139.068504100000041, 37.9253784 ] } },
{ "type": "Feature", "properties": { "内容": "ニチイケアセンター新潟南【訪問介護】新潟県新潟市中央区鐙2-14-21", "url2": "https://www.kaigokensaku.mhlw.go.jp/15/index.php?action_kouhyou_detail_004_kani=true&JigyosyoCd=1570105161-00&ServiceCd=110&Type=search" }, "geometry": { "type": "Point", "coordinates": [ 139.069975, 37.9040391 ] } },
{ "type": "Feature", "properties": { "内容": "ツクイ新潟女池【訪問介護】新潟県新潟市中央区鳥屋野南3-2-5", "url2": "https://www.kaigokensaku.mhlw.go.jp/15/index.php?action_kouhyou_detail_004_kani=true&JigyosyoCd=1570100543-00&ServiceCd=110&Type=search" }, "geometry": { "type": "Point", "coordinates": [ 139.029757499999988, 37.8859216 ] } },
{ "type": "Feature", "properties": { "内容": "株式会社　エヌ介護サービス　新潟センター【訪問介護】新潟県新潟市中央区鳥屋野４６２番地２", "url2": "https://www.kaigokensaku.mhlw.go.jp/15/index.php?action_kouhyou_detail_004_kani=true&JigyosyoCd=1570101699-00&ServiceCd=110&Type=search" }, "geometry": { "type": "Point", "coordinates": [ 139.037922200000054, 37.88705430000001 ] } },
{ "type": "Feature", "properties": { "内容": "ALPHASさわやか苑鳥屋野ヘルパーステーション【訪問介護】新潟県新潟市中央区小張木3丁目9番79号", "url2": "https://www.kaigokensaku.mhlw.go.jp/15/index.php?action_kouhyou_detail_004_kani=true&JigyosyoCd=1570110864-00&ServiceCd=110&Type=search" }, "geometry": { "type": "Point", "coordinates": [ 139.042681413491891, 37.885642311330606 ] } },
{ "type": "Feature", "properties": { "内容": "訪問介護リベル　新潟駅南【訪問介護】新潟県新潟市中央区南笹口1丁目9番11号", "url2": "https://www.kaigokensaku.mhlw.go.jp/15/index.php?action_kouhyou_detail_004_kani=true&JigyosyoCd=1570116697-00&ServiceCd=110&Type=search" }, "geometry": { "type": "Point", "coordinates": [ 139.067121199999974, 37.909418700000082 ] } },
{ "type": "Feature", "properties": { "内容": "アースサポート新潟【訪問介護】新潟県新潟市中央区鐙一丁目4番28号", "url2": "https://www.kaigokensaku.mhlw.go.jp/15/index.php?action_kouhyou_detail_004_kani=true&JigyosyoCd=1570102556-00&ServiceCd=110&Type=search" }, "geometry": { "type": "Point", "coordinates": [ 139.066091899999947, 37.9041167 ] } },
{ "type": "Feature", "properties": { "内容": "社会福祉法人新潟市社会福祉協議会中央区訪問介護センター【訪問介護】新潟県新潟市中央区白山浦2丁目180番地3", "url2": "https://www.kaigokensaku.mhlw.go.jp/15/index.php?action_kouhyou_detail_004_kani=true&JigyosyoCd=1570104917-00&ServiceCd=110&Type=search" }, "geometry": { "type": "Point", "coordinates": [ 139.029731504938439, 37.914622113241634 ] } },
{ "type": "Feature", "properties": { "内容": "社会福祉法人新潟市社会福祉協議会　中央区第2訪問介護センター【訪問介護】新潟県新潟市中央区八千代1丁目3番1号新潟市総合福祉会館3F", "url2": "https://www.kaigokensaku.mhlw.go.jp/15/index.php?action_kouhyou_detail_004_kani=true&JigyosyoCd=1570104933-00&ServiceCd=110&Type=search" }, "geometry": { "type": "Point", "coordinates": [ 139.053608249754319, 37.913329230113682 ] } },
{ "type": "Feature", "properties": { "内容": "ツクイ新潟関屋【訪問介護】新潟県新潟市中央区堀割町2-37", "url2": "https://www.kaigokensaku.mhlw.go.jp/15/index.php?action_kouhyou_detail_004_kani=true&JigyosyoCd=1570102127-00&ServiceCd=110&Type=search" }, "geometry": { "type": "Point", "coordinates": [ 139.0097414, 37.9042812 ] } },
{ "type": "Feature", "properties": { "内容": "アレック北栄　新潟【訪問介護】新潟県新潟市中央区愛宕２丁目１０番地２", "url2": "https://www.kaigokensaku.mhlw.go.jp/15/index.php?action_kouhyou_detail_004_kani=true&JigyosyoCd=1570100980-00&ServiceCd=110&Type=search" }, "geometry": { "type": "Point", "coordinates": [ 139.02540369999997, 37.8867625 ] } },
{ "type": "Feature", "properties": { "内容": "有限会社　愛冨岡看護婦ケアホームヘルパー紹介所【訪問介護】新潟県新潟市中央区幸町12番11号", "url2": "https://www.kaigokensaku.mhlw.go.jp/15/index.php?action_kouhyou_detail_004_kani=true&JigyosyoCd=1570101343-00&ServiceCd=110&Type=search" }, "geometry": { "type": "Point", "coordinates": [ 139.046556690178249, 37.907771797900814 ] } },
{ "type": "Feature", "properties": { "内容": "訪問介護ステーションて～あん中央【訪問介護】新潟県新潟市中央区礎町通５ノ町２２６４高政ビル３Ｆ", "url2": "https://www.kaigokensaku.mhlw.go.jp/15/index.php?action_kouhyou_detail_004_kani=true&JigyosyoCd=1570106458-00&ServiceCd=110&Type=search" }, "geometry": { "type": "Point", "coordinates": [ 139.05266728465574, 37.923873116047154 ] } },
{ "type": "Feature", "properties": { "内容": "はあとふるあたご　訪問介護ステーション柳都大橋【訪問介護】新潟県新潟市中央区新島町通三ノ町2284番地", "url2": "https://www.kaigokensaku.mhlw.go.jp/15/index.php?action_kouhyou_detail_004_kani=true&JigyosyoCd=1570102630-00&ServiceCd=110&Type=search" }, "geometry": { "type": "Point", "coordinates": [ 139.052351616433526, 37.924698047643517 ] } },
{ "type": "Feature", "properties": { "内容": "訪問介護ステーション心音【訪問介護】新潟県新潟市中央区弁天橋通１丁目16番9号コーポM1階", "url2": "https://www.kaigokensaku.mhlw.go.jp/15/index.php?action_kouhyou_detail_004_kani=true&JigyosyoCd=1570115228-00&ServiceCd=110&Type=search" }, "geometry": { "type": "Point", "coordinates": [ 139.070539399999973, 37.8947319 ] } },
{ "type": "Feature", "properties": { "内容": "ヘルパーステーションはなことば新潟湖南【訪問介護】新潟県新潟市中央区湖南5-2有料老人ホームはなことば新潟館内", "url2": "https://www.kaigokensaku.mhlw.go.jp/15/index.php?action_kouhyou_detail_004_kani=true&JigyosyoCd=1570113835-00&ServiceCd=110&Type=search" }, "geometry": { "type": "Point", "coordinates": [ 139.039086399999974, 37.8784694 ] } },
{ "type": "Feature", "properties": { "内容": "訪問介護まつなみ【訪問介護】新潟県新潟市中央区関屋松波町2-144シニアハウス関屋松波町", "url2": "https://www.kaigokensaku.mhlw.go.jp/15/index.php?action_kouhyou_detail_004_kani=true&JigyosyoCd=1570116705-00&ServiceCd=110&Type=search" }, "geometry": { "type": "Point", "coordinates": [ 139.0217705, 37.9166913 ] } },
{ "type": "Feature", "properties": { "内容": "ヘルパーステーションはなことば新潟小張木【訪問介護】新潟県新潟市中央区小張木2-16-56有料老人ホーム　はなことば新潟2号館内", "url2": "https://www.kaigokensaku.mhlw.go.jp/15/index.php?action_kouhyou_detail_004_kani=true&JigyosyoCd=1570113595-00&ServiceCd=110&Type=search" }, "geometry": { "type": "Point", "coordinates": [ 139.040496130688467, 37.886387963688449 ] } },
{ "type": "Feature", "properties": { "内容": "ホームヘルプ春日和新潟【訪問介護】新潟県新潟市江南区曙町3丁目2番18号ワールドステイ新潟支社", "url2": "https://www.kaigokensaku.mhlw.go.jp/15/index.php?action_kouhyou_detail_004_kani=true&JigyosyoCd=1570109593-00&ServiceCd=110&Type=search" }, "geometry": { "type": "Point", "coordinates": [ 139.125059870674932, 37.860921940723344 ] } },
{ "type": "Feature", "properties": { "内容": "ニチイケアセンター新潟東【訪問介護】新潟県新潟市江南区横越川根町4－1－41", "url2": "https://www.kaigokensaku.mhlw.go.jp/15/index.php?action_kouhyou_detail_004_kani=true&JigyosyoCd=1570108108-00&ServiceCd=110&Type=search" }, "geometry": { "type": "Point", "coordinates": [ 139.135276800000014, 37.8585214 ] } },
{ "type": "Feature", "properties": { "内容": "アースサポート新潟江南【訪問介護】新潟県新潟市江南区萩曽根3丁目1番6号", "url2": "https://www.kaigokensaku.mhlw.go.jp/15/index.php?action_kouhyou_detail_004_kani=true&JigyosyoCd=1570113686-00&ServiceCd=110&Type=search" }, "geometry": { "type": "Point", "coordinates": [ 139.098381669497144, 37.868135787882395 ] } },
{ "type": "Feature", "properties": { "内容": "訪問介護ステーション　スマイルケアいなほ【訪問介護】新潟県新潟市江南区大淵1177番地", "url2": "https://www.kaigokensaku.mhlw.go.jp/15/index.php?action_kouhyou_detail_004_kani=true&JigyosyoCd=1570112852-00&ServiceCd=110&Type=search" }, "geometry": { "type": "Point", "coordinates": [ 139.148098600000026, 37.8953564 ] } },
{ "type": "Feature", "properties": { "内容": "学研ココファンガーデン新潟亀田ヘルパーセンター【訪問介護】新潟県新潟市江南区早通４丁目２番５号ココファンガーデン新潟亀田", "url2": "https://www.kaigokensaku.mhlw.go.jp/15/index.php?action_kouhyou_detail_004_kani=true&JigyosyoCd=1570115848-00&ServiceCd=110&Type=search" }, "geometry": { "type": "Point", "coordinates": [ 139.087177955721359, 37.859213120094317 ] } },
{ "type": "Feature", "properties": { "内容": "常陽会訪問介護ステーション【訪問介護】新潟県新潟市江南区亀田中島4-6-28", "url2": "https://www.kaigokensaku.mhlw.go.jp/15/index.php?action_kouhyou_detail_004_kani=true&JigyosyoCd=1570102846-00&ServiceCd=110&Type=search" }, "geometry": { "type": "Point", "coordinates": [ 139.100936899999965, 37.889397099999989 ] } },
{ "type": "Feature", "properties": { "内容": "江南ケアプラザ【訪問介護】新潟県新潟市江南区亀田中島2-5-17サービス付き高齢者向け住宅　リーシェ亀田中島　内", "url2": "https://www.kaigokensaku.mhlw.go.jp/15/index.php?action_kouhyou_detail_004_kani=true&JigyosyoCd=1570108033-00&ServiceCd=110&Type=search" }, "geometry": { "type": "Point", "coordinates": [ 139.104385005675567, 37.883646653805762 ] } },
{ "type": "Feature", "properties": { "内容": "ヘルパーステーション向陽の里【訪問介護】新潟県新潟市江南区亀田本町１-４-１４特別養護老人ホームかめだ本町の里", "url2": "https://www.kaigokensaku.mhlw.go.jp/15/index.php?action_kouhyou_detail_004_kani=true&JigyosyoCd=1570103539-00&ServiceCd=110&Type=search" }, "geometry": { "type": "Point", "coordinates": [ 139.107498, 37.8724601 ] } },
{ "type": "Feature", "properties": { "内容": "ヘルパーセンター　ギフト【訪問介護】新潟県新潟市江南区亀田中島3丁目4番18号", "url2": "https://www.kaigokensaku.mhlw.go.jp/15/index.php?action_kouhyou_detail_004_kani=true&JigyosyoCd=1570116200-00&ServiceCd=110&Type=search" }, "geometry": { "type": "Point", "coordinates": [ 139.101844, 37.8861483 ] } },
{ "type": "Feature", "properties": { "内容": "訪問介護ステーションリビングハウス荻川【訪問介護】新潟県新潟市秋葉区中野１丁目１９－３", "url2": "https://www.kaigokensaku.mhlw.go.jp/15/index.php?action_kouhyou_detail_004_kani=true&JigyosyoCd=1570109825-00&ServiceCd=110&Type=search" }, "geometry": { "type": "Point", "coordinates": [ 139.114259899999979, 37.8345459 ] } },
{ "type": "Feature", "properties": { "内容": "訪問介護事業所メディクオール秋葉【訪問介護】新潟県新潟市秋葉区新町１丁目５番１８号", "url2": "https://www.kaigokensaku.mhlw.go.jp/15/index.php?action_kouhyou_detail_004_kani=true&JigyosyoCd=1570114890-00&ServiceCd=110&Type=search" }, "geometry": { "type": "Point", "coordinates": [ 139.128809100000012, 37.7992876 ] } },
{ "type": "Feature", "properties": { "内容": "ヘルパーステーションあいおいの里【訪問介護】新潟県新潟市秋葉区覚路津1267-1あいおいの里三枚潟", "url2": "https://www.kaigokensaku.mhlw.go.jp/15/index.php?action_kouhyou_detail_004_kani=true&JigyosyoCd=1570114106-00&ServiceCd=110&Type=search" }, "geometry": { "type": "Point", "coordinates": [ 139.068781003013555, 37.817272852320016 ] } },
{ "type": "Feature", "properties": { "内容": "訪問介護すずらん【訪問介護】新潟県新潟市秋葉区中野５丁目２番２７号", "url2": "https://www.kaigokensaku.mhlw.go.jp/15/index.php?action_kouhyou_detail_004_kani=true&JigyosyoCd=1570109288-00&ServiceCd=110&Type=search" }, "geometry": { "type": "Point", "coordinates": [ 139.10573009999996, 37.8328597 ] } },
{ "type": "Feature", "properties": { "内容": "訪問生活介護事業所アネロ【訪問介護】新潟県新潟市秋葉区滝谷町4番26号", "url2": "https://www.kaigokensaku.mhlw.go.jp/15/index.php?action_kouhyou_detail_004_kani=true&JigyosyoCd=1570116028-00&ServiceCd=110&Type=search" }, "geometry": { "type": "Point", "coordinates": [ 139.144015640600628, 37.788111006224071 ] } },
{ "type": "Feature", "properties": { "内容": "アースサポート新潟秋葉【訪問介護】新潟県新潟市秋葉区善道町２丁目１３番５号", "url2": "https://www.kaigokensaku.mhlw.go.jp/15/index.php?action_kouhyou_detail_004_kani=true&JigyosyoCd=1570111698-00&ServiceCd=110&Type=search" }, "geometry": { "type": "Point", "coordinates": [ 139.126224500000035, 37.8042212 ] } },
{ "type": "Feature", "properties": { "内容": "ニチイケアセンターこすど【訪問介護】新潟県新潟市秋葉区新保1227番地17", "url2": "https://www.kaigokensaku.mhlw.go.jp/15/index.php?action_kouhyou_detail_004_kani=true&JigyosyoCd=1570115061-00&ServiceCd=110&Type=search" }, "geometry": { "type": "Point", "coordinates": [ 139.0772548, 37.7567265 ] } },
{ "type": "Feature", "properties": { "内容": "アレック北栄東金沢【訪問介護】新潟県新潟市秋葉区東金沢1690番地1", "url2": "https://www.kaigokensaku.mhlw.go.jp/15/index.php?action_kouhyou_detail_004_kani=true&JigyosyoCd=1570114171-00&ServiceCd=110&Type=search" }, "geometry": { "type": "Point", "coordinates": [ 139.143739699999969, 37.8023969 ] } },
{ "type": "Feature", "properties": { "内容": "ヘルパーステーションはさぎの里【訪問介護】新潟県新潟市秋葉区七日町2186-9", "url2": "https://www.kaigokensaku.mhlw.go.jp/15/index.php?action_kouhyou_detail_004_kani=true&JigyosyoCd=1570103422-00&ServiceCd=110&Type=search" }, "geometry": { "type": "Point", "coordinates": [ 139.144760063051507, 37.81685099657485 ] } },
{ "type": "Feature", "properties": { "内容": "ウェルケア新津訪問介護ステーション【訪問介護】新潟県新潟市秋葉区美幸町1丁目3番2号", "url2": "https://www.kaigokensaku.mhlw.go.jp/15/index.php?action_kouhyou_detail_004_kani=true&JigyosyoCd=1570109106-00&ServiceCd=110&Type=search" }, "geometry": { "type": "Point", "coordinates": [ 139.11777810000001, 37.7998659 ] } },
{ "type": "Feature", "properties": { "内容": "ヘルパーステーション　ほっと新津【訪問介護】新潟県新潟市秋葉区古田３丁目２番７号", "url2": "https://www.kaigokensaku.mhlw.go.jp/15/index.php?action_kouhyou_detail_004_kani=true&JigyosyoCd=1570103455-00&ServiceCd=110&Type=search" }, "geometry": { "type": "Point", "coordinates": [ 139.106783015344291, 37.794694868332037 ] } },
{ "type": "Feature", "properties": { "内容": "ニチイケアセンター新津【訪問介護】新潟県新潟市秋葉区新津本町3-7-38", "url2": "https://www.kaigokensaku.mhlw.go.jp/15/index.php?action_kouhyou_detail_004_kani=true&JigyosyoCd=1570103398-00&ServiceCd=110&Type=search" }, "geometry": { "type": "Point", "coordinates": [ 139.124437807825416, 37.796272580749054 ] } },
{ "type": "Feature", "properties": { "内容": "社会福祉法人新潟市社会福祉協議会秋葉区訪問介護センター【訪問介護】新潟県新潟市秋葉区日宝町６番１３号", "url2": "https://www.kaigokensaku.mhlw.go.jp/15/index.php?action_kouhyou_detail_004_kani=true&JigyosyoCd=1570105005-00&ServiceCd=110&Type=search" }, "geometry": { "type": "Point", "coordinates": [ 139.12808290000001, 37.796720956077841 ] } },
{ "type": "Feature", "properties": { "内容": "ニチイケアセンターかわぐち【訪問介護】新潟県新潟市秋葉区川口138-1", "url2": "https://www.kaigokensaku.mhlw.go.jp/15/index.php?action_kouhyou_detail_004_kani=true&JigyosyoCd=1570103406-00&ServiceCd=110&Type=search" }, "geometry": { "type": "Point", "coordinates": [ 139.117918791401678, 37.816571986581536 ] } },
{ "type": "Feature", "properties": { "内容": "アレック北栄　新津【訪問介護】新潟県新潟市秋葉区金沢町３－１－９", "url2": "https://www.kaigokensaku.mhlw.go.jp/15/index.php?action_kouhyou_detail_004_kani=true&JigyosyoCd=1570103414-00&ServiceCd=110&Type=search" }, "geometry": { "type": "Point", "coordinates": [ 139.136468299999933, 37.7971723 ] } },
{ "type": "Feature", "properties": { "内容": "ヘルパーステーション十季のあかり白根【訪問介護】新潟県新潟市南区下塩俵855-1住宅型有料老人ホーム十季のあかり白根", "url2": "https://www.kaigokensaku.mhlw.go.jp/15/index.php?action_kouhyou_detail_004_kani=true&JigyosyoCd=1570111664-00&ServiceCd=110&Type=search" }, "geometry": { "type": "Point", "coordinates": [ 139.017588431243894, 37.840342923644975 ] } },
{ "type": "Feature", "properties": { "内容": "訪問介護オードリー【訪問介護】新潟県新潟市南区大通黄金７丁目１４番地１４訪問介護オードリー", "url2": "https://www.kaigokensaku.mhlw.go.jp/15/index.php?action_kouhyou_detail_004_kani=true&JigyosyoCd=1570112241-00&ServiceCd=110&Type=search" }, "geometry": { "type": "Point", "coordinates": [ 139.02097749999993, 37.820509649156897 ] } },
{ "type": "Feature", "properties": { "内容": "ニチイケアセンターこがね【訪問介護】新潟県新潟市南区大通黄金3丁目1-18-201号", "url2": "https://www.kaigokensaku.mhlw.go.jp/15/index.php?action_kouhyou_detail_004_kani=true&JigyosyoCd=1570115079-00&ServiceCd=110&Type=search" }, "geometry": { "type": "Point", "coordinates": [ 139.0197114, 37.8251609 ] } },
{ "type": "Feature", "properties": { "内容": "ホームヘルプ春日和新潟南【訪問介護】新潟県新潟市南区白根1219番地2", "url2": "https://www.kaigokensaku.mhlw.go.jp/15/index.php?action_kouhyou_detail_004_kani=true&JigyosyoCd=1570115681-00&ServiceCd=110&Type=search" }, "geometry": { "type": "Point", "coordinates": [ 139.0187559, 37.7643275 ] } },
{ "type": "Feature", "properties": { "内容": "ニチイケアセンターしろね【訪問介護】新潟県新潟市南区親和町4-23", "url2": "https://www.kaigokensaku.mhlw.go.jp/15/index.php?action_kouhyou_detail_004_kani=true&JigyosyoCd=1570110427-00&ServiceCd=110&Type=search" }, "geometry": { "type": "Point", "coordinates": [ 139.018991, 37.7672233 ] } },
{ "type": "Feature", "properties": { "内容": "ヘルパーステーション翠風園【訪問介護】新潟県新潟市南区高井東2丁目13番33号", "url2": "https://www.kaigokensaku.mhlw.go.jp/15/index.php?action_kouhyou_detail_004_kani=true&JigyosyoCd=1570103471-00&ServiceCd=110&Type=search" }, "geometry": { "type": "Point", "coordinates": [ 139.018212299999959, 37.799838 ] } },
{ "type": "Feature", "properties": { "内容": "訪問介護事業所こころはす小針【訪問介護】新潟県新潟市西区小針４丁目３９ー２８", "url2": "https://www.kaigokensaku.mhlw.go.jp/15/index.php?action_kouhyou_detail_004_kani=true&JigyosyoCd=1570109775-00&ServiceCd=110&Type=search" }, "geometry": { "type": "Point", "coordinates": [ 138.99723419999998, 37.8830535 ] } },
{ "type": "Feature", "properties": { "内容": "訪問介護センター　リーベ善久【訪問介護】新潟県新潟市西区善久７３０－１", "url2": "https://www.kaigokensaku.mhlw.go.jp/15/index.php?action_kouhyou_detail_004_kani=true&JigyosyoCd=1570109171-00&ServiceCd=110&Type=search" }, "geometry": { "type": "Point", "coordinates": [ 139.0190007, 37.86262 ] } },
{ "type": "Feature", "properties": { "内容": "ヘルパーステーション笑【訪問介護】新潟県新潟市西区坂井東4丁目6番14号", "url2": "https://www.kaigokensaku.mhlw.go.jp/15/index.php?action_kouhyou_detail_004_kani=true&JigyosyoCd=1570114528-00&ServiceCd=110&Type=search" }, "geometry": { "type": "Point", "coordinates": [ 138.975647710219192, 37.86926690224437 ] } },
{ "type": "Feature", "properties": { "内容": "訪問介護事業所　ライフサポート満笑【訪問介護】新潟県新潟市西区五十嵐中島５丁目１９番２７号ミツクラ来夢館Ⅱ　３０６号", "url2": "https://www.kaigokensaku.mhlw.go.jp/15/index.php?action_kouhyou_detail_004_kani=true&JigyosyoCd=1570115707-00&ServiceCd=110&Type=search" }, "geometry": { "type": "Point", "coordinates": [ 138.915504199999987, 37.8473335 ] } },
{ "type": "Feature", "properties": { "内容": "ホームヘルプ春日和新潟西【訪問介護】新潟県新潟市西区寺地677-1", "url2": "https://www.kaigokensaku.mhlw.go.jp/15/index.php?action_kouhyou_detail_004_kani=true&JigyosyoCd=1570115129-00&ServiceCd=110&Type=search" }, "geometry": { "type": "Point", "coordinates": [ 139.0066522, 37.8806625 ] } },
{ "type": "Feature", "properties": { "内容": "アースサポート新潟西【訪問介護】新潟県新潟市西区坂井８３１番地３", "url2": "https://www.kaigokensaku.mhlw.go.jp/15/index.php?action_kouhyou_detail_004_kani=true&JigyosyoCd=1570110112-00&ServiceCd=110&Type=search" }, "geometry": { "type": "Point", "coordinates": [ 138.956780636912157, 37.867153719315191 ] } },
{ "type": "Feature", "properties": { "内容": "ヘルパーステーションボヌール寺尾【訪問介護】新潟県新潟市西区寺尾東3丁目14番46号住宅型有料老人ホーム　ボヌール寺尾", "url2": "https://www.kaigokensaku.mhlw.go.jp/15/index.php?action_kouhyou_detail_004_kani=true&JigyosyoCd=1570110989-00&ServiceCd=110&Type=search" }, "geometry": { "type": "Point", "coordinates": [ 138.9721346, 37.8746588 ] } },
{ "type": "Feature", "properties": { "内容": "千草の舎【訪問介護】新潟県新潟市西区大学南2丁目19-34-1", "url2": "https://www.kaigokensaku.mhlw.go.jp/15/index.php?action_kouhyou_detail_004_kani=true&JigyosyoCd=1570109304-00&ServiceCd=110&Type=search" }, "geometry": { "type": "Point", "coordinates": [ 138.94144664236444, 37.863735334552899 ] } },
{ "type": "Feature", "properties": { "内容": "訪問介護事業所なでしこケアセンターみずき野【訪問介護】新潟県新潟市西区みずき野6丁目5番1号", "url2": "https://www.kaigokensaku.mhlw.go.jp/15/index.php?action_kouhyou_detail_004_kani=true&JigyosyoCd=1570108926-00&ServiceCd=110&Type=search" }, "geometry": { "type": "Point", "coordinates": [ 138.897660800000011, 37.8191239 ] } },
{ "type": "Feature", "properties": { "内容": "訪問介護リベル　新潟大学前【訪問介護】新潟県新潟市西区坂井929番地サンクレスト新大303号室", "url2": "https://www.kaigokensaku.mhlw.go.jp/15/index.php?action_kouhyou_detail_004_kani=true&JigyosyoCd=1570116648-00&ServiceCd=110&Type=search" }, "geometry": { "type": "Point", "coordinates": [ 138.9596335, 37.8693109 ] } },
{ "type": "Feature", "properties": { "内容": "ヘルパーステーション　グッドスマイル新潟西【訪問介護】新潟県新潟市西区寺尾台3丁目14番1号1ロサブランカ103号室", "url2": "https://www.kaigokensaku.mhlw.go.jp/15/index.php?action_kouhyou_detail_004_kani=true&JigyosyoCd=1570116515-00&ServiceCd=110&Type=search" }, "geometry": { "type": "Point", "coordinates": [ 138.972380973016413, 37.882225037998914 ] } },
{ "type": "Feature", "properties": { "内容": "ときめきケアプラザ【訪問介護】新潟県新潟市西区山田3398-1サービス付き高齢者向け住宅　リーシェ黒埼山田　内", "url2": "https://www.kaigokensaku.mhlw.go.jp/15/index.php?action_kouhyou_detail_004_kani=true&JigyosyoCd=1570108538-00&ServiceCd=110&Type=search" }, "geometry": { "type": "Point", "coordinates": [ 139.011994093254089, 37.871163003905728 ] } },
{ "type": "Feature", "properties": { "内容": "訪問介護ステーションケアライフ【訪問介護】新潟県新潟市西区小針6丁目6番6号福舞ビル102", "url2": "https://www.kaigokensaku.mhlw.go.jp/15/index.php?action_kouhyou_detail_004_kani=true&JigyosyoCd=1570114023-00&ServiceCd=110&Type=search" }, "geometry": { "type": "Point", "coordinates": [ 138.992706699999985, 37.8847503 ] } },
{ "type": "Feature", "properties": { "内容": "介護センター　ほほえみ【訪問介護】新潟県新潟市西区新通2740番地", "url2": "https://www.kaigokensaku.mhlw.go.jp/15/index.php?action_kouhyou_detail_004_kani=true&JigyosyoCd=1570109155-00&ServiceCd=110&Type=search" }, "geometry": { "type": "Point", "coordinates": [ 138.95649987161687, 37.859733021443247 ] } },
{ "type": "Feature", "properties": { "内容": "ホームヘルプサービス　穂波の里【訪問介護】新潟県新潟市西区新通4727", "url2": "https://www.kaigokensaku.mhlw.go.jp/15/index.php?action_kouhyou_detail_004_kani=true&JigyosyoCd=1570100568-00&ServiceCd=110&Type=search" }, "geometry": { "type": "Point", "coordinates": [ 138.972382899999957, 37.8626072 ] } },
{ "type": "Feature", "properties": { "内容": "ニチイケアセンター内野【訪問介護】新潟県新潟市西区内野山手2丁目17番3号", "url2": "https://www.kaigokensaku.mhlw.go.jp/15/index.php?action_kouhyou_detail_004_kani=true&JigyosyoCd=1570101806-00&ServiceCd=110&Type=search" }, "geometry": { "type": "Point", "coordinates": [ 138.934425413400305, 37.857399590489777 ] } },
{ "type": "Feature", "properties": { "内容": "ヘルパーステーションあいご【訪問介護】新潟県新潟市西区青山8-2-32", "url2": "https://www.kaigokensaku.mhlw.go.jp/15/index.php?action_kouhyou_detail_004_kani=true&JigyosyoCd=1570100964-00&ServiceCd=110&Type=search" }, "geometry": { "type": "Point", "coordinates": [ 138.995252039881166, 37.898464152017681 ] } },
{ "type": "Feature", "properties": { "内容": "社会福祉法人新潟市社会福祉協議会　西区訪問介護センター【訪問介護】新潟県新潟市　西区　小針　5丁目7番5号", "url2": "https://www.kaigokensaku.mhlw.go.jp/15/index.php?action_kouhyou_detail_004_kani=true&JigyosyoCd=1570104966-00&ServiceCd=110&Type=search" }, "geometry": { "type": "Point", "coordinates": [ 138.995656272674523, 37.886880236752603 ] } },
{ "type": "Feature", "properties": { "内容": "株式会社　エヌ介護サービス　新潟西センター【訪問介護】新潟県新潟市西区寺尾前通２丁目１３番地7", "url2": "https://www.kaigokensaku.mhlw.go.jp/15/index.php?action_kouhyou_detail_004_kani=true&JigyosyoCd=1570105310-00&ServiceCd=110&Type=search" }, "geometry": { "type": "Point", "coordinates": [ 138.982970390182459, 37.879321102783663 ] } },
{ "type": "Feature", "properties": { "内容": "訪問介護ステーションて～あん【訪問介護】新潟県新潟市西区小新西３丁目１０番７号", "url2": "https://www.kaigokensaku.mhlw.go.jp/15/index.php?action_kouhyou_detail_004_kani=true&JigyosyoCd=1570102721-00&ServiceCd=110&Type=search" }, "geometry": { "type": "Point", "coordinates": [ 138.9916657, 37.8750403 ] } },
{ "type": "Feature", "properties": { "内容": "ニチイケアセンターこばり【訪問介護】新潟県新潟市西区小針4-33-1", "url2": "https://www.kaigokensaku.mhlw.go.jp/15/index.php?action_kouhyou_detail_004_kani=true&JigyosyoCd=1570102374-00&ServiceCd=110&Type=search" }, "geometry": { "type": "Point", "coordinates": [ 138.995668692221102, 37.883775589890689 ] } },
{ "type": "Feature", "properties": { "内容": "ソエルガーデン新潟西訪問介護【訪問介護】新潟県新潟市西区五十嵐中島3丁目1番19号", "url2": "https://www.kaigokensaku.mhlw.go.jp/15/index.php?action_kouhyou_detail_004_kani=true&JigyosyoCd=1570116721-00&ServiceCd=110&Type=search" }, "geometry": { "type": "Point", "coordinates": [ 138.923591027508536, 37.850211345706832 ] } },
{ "type": "Feature", "properties": { "内容": "ヘルパーステーションまき【訪問介護】新潟県新潟市西蒲区巻甲2908番地3", "url2": "https://www.kaigokensaku.mhlw.go.jp/15/index.php?action_kouhyou_detail_004_kani=true&JigyosyoCd=1570110336-00&ServiceCd=110&Type=search" }, "geometry": { "type": "Point", "coordinates": [ 138.88546049169787, 37.757035489643286 ] } },
{ "type": "Feature", "properties": { "内容": "アースサポート新潟西蒲【訪問介護】新潟県新潟市西蒲区巻甲3054-6コーポリーリン102", "url2": "https://www.kaigokensaku.mhlw.go.jp/15/index.php?action_kouhyou_detail_004_kani=true&JigyosyoCd=1570114270-00&ServiceCd=110&Type=search" }, "geometry": { "type": "Point", "coordinates": [ 138.889313733135168, 37.764514465506011 ] } },
{ "type": "Feature", "properties": { "内容": "訪問介護事業所　こころはす西蒲【訪問介護】新潟県新潟市西蒲区善光寺900番地有料老人ホーム　こころはす西蒲", "url2": "https://www.kaigokensaku.mhlw.go.jp/15/index.php?action_kouhyou_detail_004_kani=true&JigyosyoCd=1570112795-00&ServiceCd=110&Type=search" }, "geometry": { "type": "Point", "coordinates": [ 138.922477134840392, 37.801093402593331 ] } },
{ "type": "Feature", "properties": { "内容": "ヘルパーステーション悠々の杜岩室【訪問介護】新潟県新潟市西蒲区石瀬１１００番地", "url2": "https://www.kaigokensaku.mhlw.go.jp/15/index.php?action_kouhyou_detail_004_kani=true&JigyosyoCd=1570112191-00&ServiceCd=110&Type=search" }, "geometry": { "type": "Point", "coordinates": [ 138.840153800000053, 37.7247169 ] } },
{ "type": "Feature", "properties": { "内容": "ヘルパーステーションつばき【訪問介護】新潟県新潟市西蒲区下和納3569番地サンシャイン28B-105号室", "url2": "https://www.kaigokensaku.mhlw.go.jp/15/index.php?action_kouhyou_detail_004_kani=true&JigyosyoCd=1570116630-00&ServiceCd=110&Type=search" }, "geometry": { "type": "Point", "coordinates": [ 138.8926219, 37.7354349 ] } },
{ "type": "Feature", "properties": { "内容": "ニチイケアセンター巻【訪問介護】新潟県新潟市西蒲区巻甲422", "url2": "https://www.kaigokensaku.mhlw.go.jp/15/index.php?action_kouhyou_detail_004_kani=true&JigyosyoCd=1570105542-00&ServiceCd=110&Type=search" }, "geometry": { "type": "Point", "coordinates": [ 138.883205914372212, 37.758110013352429 ] } },
{ "type": "Feature", "properties": { "内容": "ニチイケアセンター岩室【訪問介護】新潟県新潟市西蒲区和納1401-11", "url2": "https://www.kaigokensaku.mhlw.go.jp/15/index.php?action_kouhyou_detail_004_kani=true&JigyosyoCd=1570115053-00&ServiceCd=110&Type=search" }, "geometry": { "type": "Point", "coordinates": [ 138.880784900000037, 37.72334630000001 ] } },
{ "type": "Feature", "properties": { "内容": "訪問介護　ふたば【訪問介護】新潟県新潟市西蒲区升潟2828番地", "url2": "https://www.kaigokensaku.mhlw.go.jp/15/index.php?action_kouhyou_detail_004_kani=true&JigyosyoCd=1570115699-00&ServiceCd=110&Type=search" }, "geometry": { "type": "Point", "coordinates": [ 138.9375995, 37.8067366 ] } },
{ "type": "Feature", "properties": { "内容": "ヘルパーステーションり・ぷらすLife【訪問介護】新潟県新潟市西蒲区越前浜6731番地", "url2": "https://www.kaigokensaku.mhlw.go.jp/15/index.php?action_kouhyou_detail_004_kani=true&JigyosyoCd=1570115525-00&ServiceCd=110&Type=search" }, "geometry": { "type": "Point", "coordinates": [ 138.849158, 37.816050499999982 ] } },
{ "type": "Feature", "properties": { "内容": "ホームヘルプステーション優友【訪問介護】新潟県新潟市西蒲区熊谷1053番地１", "url2": "https://www.kaigokensaku.mhlw.go.jp/15/index.php?action_kouhyou_detail_004_kani=true&JigyosyoCd=1570106680-00&ServiceCd=110&Type=search" }, "geometry": { "type": "Point", "coordinates": [ 138.971993800000092, 37.769495700000014 ] } },
{ "type": "Feature", "properties": { "内容": "ヘルパーステーション　まるっとまき【訪問介護】新潟県新潟市西蒲区巻甲5465-4", "url2": "https://www.kaigokensaku.mhlw.go.jp/15/index.php?action_kouhyou_detail_004_kani=true&JigyosyoCd=1570105534-00&ServiceCd=110&Type=search" }, "geometry": { "type": "Point", "coordinates": [ 138.898347044399117, 37.754453658846352 ] } },
{ "type": "Feature", "properties": { "内容": "株式会社　エヌ介護サービス　長岡センター【訪問介護】新潟県長岡市中島5丁目6-29", "url2": "https://www.kaigokensaku.mhlw.go.jp/15/index.php?action_kouhyou_detail_004_kani=true&JigyosyoCd=1570200301-00&ServiceCd=110&Type=search" }, "geometry": { "type": "Point", "coordinates": [ 138.847810600000031, 37.4544169 ] } },
{ "type": "Feature", "properties": { "内容": "グッドタイムサポート・長岡【訪問介護】新潟県長岡市下々条2丁目1373-1グッドタイムホーム・長岡", "url2": "https://www.kaigokensaku.mhlw.go.jp/15/index.php?action_kouhyou_detail_004_kani=true&JigyosyoCd=1570203867-00&ServiceCd=110&Type=search" }, "geometry": { "type": "Point", "coordinates": [ 138.8634537, 37.4846623 ] } },
{ "type": "Feature", "properties": { "内容": "中越介護支援センター株式会社【訪問介護】新潟県長岡市三ッ郷屋2丁目1-11", "url2": "https://www.kaigokensaku.mhlw.go.jp/15/index.php?action_kouhyou_detail_004_kani=true&JigyosyoCd=1570200228-00&ServiceCd=110&Type=search" }, "geometry": { "type": "Point", "coordinates": [ 138.816642099999967, 37.447655800000014 ] } },
{ "type": "Feature", "properties": { "内容": "訪問介護ステーションみつごうや【訪問介護】新潟県長岡市三ツ郷屋町２９３番地１１", "url2": "https://www.kaigokensaku.mhlw.go.jp/15/index.php?action_kouhyou_detail_004_kani=true&JigyosyoCd=1570200848-00&ServiceCd=110&Type=search" }, "geometry": { "type": "Point", "coordinates": [ 138.814783594360961, 37.44999074740663 ] } },
{ "type": "Feature", "properties": { "内容": "軽費老人ホーム（ケアハウス）ケアハウスわらび園訪問介護【訪問介護】新潟県長岡市浦３０６０軽費老人ホーム（ケアハウス）ケアハウスわらび園", "url2": "https://www.kaigokensaku.mhlw.go.jp/15/index.php?action_kouhyou_detail_004_kani=true&JigyosyoCd=1570201481-00&ServiceCd=110&Type=search" }, "geometry": { "type": "Point", "coordinates": [ 138.804131899999987, 37.3886346 ] } },
{ "type": "Feature", "properties": { "内容": "栃尾タクシー有限会社介護福祉事業部【訪問介護】新潟県長岡市栃尾大町2-13", "url2": "https://www.kaigokensaku.mhlw.go.jp/15/index.php?action_kouhyou_detail_004_kani=true&JigyosyoCd=1570202109-00&ServiceCd=110&Type=search" }, "geometry": { "type": "Point", "coordinates": [ 138.9923168, 37.4759613 ] } },
{ "type": "Feature", "properties": { "内容": "こぶし２４時間ケアサービスステーション美沢【訪問介護】新潟県長岡市美沢４丁目２１１番地６サポートセンター美沢", "url2": "https://www.kaigokensaku.mhlw.go.jp/15/index.php?action_kouhyou_detail_004_kani=true&JigyosyoCd=1570203248-00&ServiceCd=110&Type=search" }, "geometry": { "type": "Point", "coordinates": [ 138.863764700000047, 37.443274 ] } },
{ "type": "Feature", "properties": { "内容": "介護老人保健施設　桃李園【訪問介護】新潟県長岡市西津町４６３０番地", "url2": "https://www.kaigokensaku.mhlw.go.jp/15/index.php?action_kouhyou_detail_004_kani=true&JigyosyoCd=1570200517-00&ServiceCd=110&Type=search" }, "geometry": { "type": "Point", "coordinates": [ 138.772453, 37.4265689 ] } },
{ "type": "Feature", "properties": { "内容": "特別養護老人ホームこしじの里【訪問介護】新潟県長岡市不動沢２２１９番地５", "url2": "https://www.kaigokensaku.mhlw.go.jp/15/index.php?action_kouhyou_detail_004_kani=true&JigyosyoCd=1570201473-00&ServiceCd=110&Type=search" }, "geometry": { "type": "Point", "coordinates": [ 138.7460658, 37.3710029 ] } },
{ "type": "Feature", "properties": { "内容": "ホームヘルプステーション福住【訪問介護】新潟県長岡市福住１丁目７番２１号", "url2": "https://www.kaigokensaku.mhlw.go.jp/15/index.php?action_kouhyou_detail_004_kani=true&JigyosyoCd=1570201788-00&ServiceCd=110&Type=search" }, "geometry": { "type": "Point", "coordinates": [ 138.857168099999967, 37.4502315 ] } },
{ "type": "Feature", "properties": { "内容": "こぶし２４時間ケアサービスステーション喜多町【訪問介護】新潟県長岡市喜多町2900番地", "url2": "https://www.kaigokensaku.mhlw.go.jp/15/index.php?action_kouhyou_detail_004_kani=true&JigyosyoCd=1570203669-00&ServiceCd=110&Type=search" }, "geometry": { "type": "Point", "coordinates": [ 138.805223299999966, 37.4530009 ] } },
{ "type": "Feature", "properties": { "内容": "長岡市社会福祉協議会　訪問介護とちお【訪問介護】新潟県長岡市上樫出3034番地長岡市社会福祉協議会　栃尾支所", "url2": "https://www.kaigokensaku.mhlw.go.jp/15/index.php?action_kouhyou_detail_004_kani=true&JigyosyoCd=1570201937-00&ServiceCd=110&Type=search" }, "geometry": { "type": "Point", "coordinates": [ 139.015470989474977, 37.486804606447123 ] } },
{ "type": "Feature", "properties": { "内容": "てまり訪問介護ステーション【訪問介護】新潟県長岡市平1-3-60", "url2": "https://www.kaigokensaku.mhlw.go.jp/15/index.php?action_kouhyou_detail_004_kani=true&JigyosyoCd=1570202117-00&ServiceCd=110&Type=search" }, "geometry": { "type": "Point", "coordinates": [ 139.004985, 37.4714871 ] } },
{ "type": "Feature", "properties": { "内容": "アレック北栄長岡【訪問介護】長岡市雨池町44番地5", "url2": "https://www.kaigokensaku.mhlw.go.jp/15/index.php?action_kouhyou_detail_004_kani=true&JigyosyoCd=1570200236-00&ServiceCd=110&Type=search" }, "geometry": { "type": "Point", "coordinates": [ 138.8173825, 37.4679284 ] } },
{ "type": "Feature", "properties": { "内容": "ニチイケアセンター長岡【訪問介護】新潟県長岡市喜多町1107-1", "url2": "https://www.kaigokensaku.mhlw.go.jp/15/index.php?action_kouhyou_detail_004_kani=true&JigyosyoCd=1570200491-00&ServiceCd=110&Type=search" }, "geometry": { "type": "Point", "coordinates": [ 138.8086846, 37.4494556 ] } },
{ "type": "Feature", "properties": { "内容": "にじの手かいご【訪問介護】長岡市千歳1-3-27", "url2": "https://www.kaigokensaku.mhlw.go.jp/15/index.php?action_kouhyou_detail_004_kani=true&JigyosyoCd=1570200913-00&ServiceCd=110&Type=search" }, "geometry": { "type": "Point", "coordinates": [ 138.84602540000003, 37.4353525 ] } },
{ "type": "Feature", "properties": { "内容": "ホームヘルプステーション　縄文の杜関原【訪問介護】新潟県長岡市関原町1丁目１０７２番地１", "url2": "https://www.kaigokensaku.mhlw.go.jp/15/index.php?action_kouhyou_detail_004_kani=true&JigyosyoCd=1570201119-00&ServiceCd=110&Type=search" }, "geometry": { "type": "Point", "coordinates": [ 138.774801799999977, 37.452246600000016 ] } },
{ "type": "Feature", "properties": { "内容": "在宅介護サービス・カネコ有限会社【訪問介護】長岡市浦5041-4", "url2": "https://www.kaigokensaku.mhlw.go.jp/15/index.php?action_kouhyou_detail_004_kani=true&JigyosyoCd=1570201507-00&ServiceCd=110&Type=search" }, "geometry": { "type": "Point", "coordinates": [ 138.799993500000028, 37.3883734 ] } },
{ "type": "Feature", "properties": { "内容": "介護老人保健施設てらどまり　訪問介護事業所【訪問介護】新潟県長岡市寺泊下桐850番地1", "url2": "https://www.kaigokensaku.mhlw.go.jp/15/index.php?action_kouhyou_detail_004_kani=true&JigyosyoCd=1570202059-00&ServiceCd=110&Type=search" }, "geometry": { "type": "Point", "coordinates": [ 138.809714500000041, 37.6120385 ] } },
{ "type": "Feature", "properties": { "内容": "アースサポート長岡【訪問介護】新潟県長岡市山田3丁目3番19号片桐ビル1階", "url2": "https://www.kaigokensaku.mhlw.go.jp/15/index.php?action_kouhyou_detail_004_kani=true&JigyosyoCd=1570202901-00&ServiceCd=110&Type=search" }, "geometry": { "type": "Point", "coordinates": [ 138.839067399999976, 37.4469787 ] } },
{ "type": "Feature", "properties": { "内容": "ホームヘルプステーションまきやま【訪問介護】新潟県長岡市槇山1592番地-1", "url2": "https://www.kaigokensaku.mhlw.go.jp/15/index.php?action_kouhyou_detail_004_kani=true&JigyosyoCd=1570203255-00&ServiceCd=110&Type=search" }, "geometry": { "type": "Point", "coordinates": [ 138.836777100000063, 37.4808634 ] } },
{ "type": "Feature", "properties": { "内容": "こぶし２４時間ケアサービスステーション三和【訪問介護】新潟県長岡市三和3-138-2サポートセンター三和", "url2": "https://www.kaigokensaku.mhlw.go.jp/15/index.php?action_kouhyou_detail_004_kani=true&JigyosyoCd=1570203784-00&ServiceCd=110&Type=search" }, "geometry": { "type": "Point", "coordinates": [ 138.836919, 37.4324256 ] } },
{ "type": "Feature", "properties": { "内容": "ツクイ長岡三和【訪問介護】長岡市三和２丁目１０－１７", "url2": "https://www.kaigokensaku.mhlw.go.jp/15/index.php?action_kouhyou_detail_004_kani=true&JigyosyoCd=1570200194-00&ServiceCd=110&Type=search" }, "geometry": { "type": "Point", "coordinates": [ 138.8415149, 37.4349941 ] } },
{ "type": "Feature", "properties": { "内容": "長岡市社会福祉協議会　訪問介護ながおか【訪問介護】長岡市水道町3丁目5番30号", "url2": "https://www.kaigokensaku.mhlw.go.jp/15/index.php?action_kouhyou_detail_004_kani=true&JigyosyoCd=1570200293-00&ServiceCd=110&Type=search" }, "geometry": { "type": "Point", "coordinates": [ 138.846761577896132, 37.457170941794061 ] } },
{ "type": "Feature", "properties": { "内容": "ケアセンターＢＥ【訪問介護】新潟県長岡市今朝白１丁目１６番１５号", "url2": "https://www.kaigokensaku.mhlw.go.jp/15/index.php?action_kouhyou_detail_004_kani=true&JigyosyoCd=1570201374-00&ServiceCd=110&Type=search" }, "geometry": { "type": "Point", "coordinates": [ 138.861059756646824, 37.447796858848079 ] } },
{ "type": "Feature", "properties": { "内容": "こぶし24時間ケアサービスステーション【訪問介護】長岡市信濃２丁目６番１８号", "url2": "https://www.kaigokensaku.mhlw.go.jp/15/index.php?action_kouhyou_detail_004_kani=true&JigyosyoCd=1570201853-00&ServiceCd=110&Type=search" }, "geometry": { "type": "Point", "coordinates": [ 138.837825699999939, 37.4506449 ] } },
{ "type": "Feature", "properties": { "内容": "ALPHASさわやか苑長倉ヘルパーステーション【訪問介護】長岡市長倉4丁目101番地", "url2": "https://www.kaigokensaku.mhlw.go.jp/15/index.php?action_kouhyou_detail_004_kani=true&JigyosyoCd=1570202968-00&ServiceCd=110&Type=search" }, "geometry": { "type": "Point", "coordinates": [ 138.868975399999954, 37.437791400000016 ] } },
{ "type": "Feature", "properties": { "内容": "相互の家訪問介護事業所【訪問介護】新潟県長岡市今朝白３丁目３番２号相互の家＠今朝白", "url2": "https://www.kaigokensaku.mhlw.go.jp/15/index.php?action_kouhyou_detail_004_kani=true&JigyosyoCd=1570203545-00&ServiceCd=110&Type=search" }, "geometry": { "type": "Point", "coordinates": [ 138.86156866317242, 37.449743159646687 ] } },
{ "type": "Feature", "properties": { "内容": "長岡市社会福祉協議会訪問介護かわぐち【訪問介護】新潟県長岡市西川口１１６８", "url2": "https://www.kaigokensaku.mhlw.go.jp/15/index.php?action_kouhyou_detail_004_kani=true&JigyosyoCd=1575700115-00&ServiceCd=110&Type=search" }, "geometry": { "type": "Point", "coordinates": [ 138.861147499999987, 37.2650419 ] } },
{ "type": "Feature", "properties": { "内容": "ホームヘルプステーションいろは【訪問介護】新潟県長岡市与板町蔦都683番地", "url2": "https://www.kaigokensaku.mhlw.go.jp/15/index.php?action_kouhyou_detail_004_kani=true&JigyosyoCd=1570202075-00&ServiceCd=110&Type=search" }, "geometry": { "type": "Point", "coordinates": [ 138.824295321287536, 37.525487143001321 ] } },
{ "type": "Feature", "properties": { "内容": "わくわく長岡【訪問介護】新潟県長岡市城岡2-7-18", "url2": "https://www.kaigokensaku.mhlw.go.jp/15/index.php?action_kouhyou_detail_004_kani=true&JigyosyoCd=1570203628-00&ServiceCd=110&Type=search" }, "geometry": { "type": "Point", "coordinates": [ 138.862023714680504, 37.472872639745674 ] } },
{ "type": "Feature", "properties": { "内容": "あさひガーデン長岡水道町【訪問介護】新潟県長岡市水道町2丁目6-16あさひガーデン長岡水道町", "url2": "https://www.kaigokensaku.mhlw.go.jp/15/index.php?action_kouhyou_detail_004_kani=true&JigyosyoCd=1570203966-00&ServiceCd=110&Type=search" }, "geometry": { "type": "Point", "coordinates": [ 138.843637199999989, 37.4559536 ] } },
{ "type": "Feature", "properties": { "内容": "やさしい手　長岡訪問介護事業所【訪問介護】新潟県長岡市中島７－１－８", "url2": "https://www.kaigokensaku.mhlw.go.jp/15/index.php?action_kouhyou_detail_004_kani=true&JigyosyoCd=1570203990-00&ServiceCd=110&Type=search" }, "geometry": { "type": "Point", "coordinates": [ 138.851022, 37.4577397 ] } },
{ "type": "Feature", "properties": { "内容": "ニチイケアセンター長岡末広【訪問介護】新潟県長岡市末広1丁目1番7号", "url2": "https://www.kaigokensaku.mhlw.go.jp/15/index.php?action_kouhyou_detail_004_kani=true&JigyosyoCd=1570203313-00&ServiceCd=110&Type=search" }, "geometry": { "type": "Point", "coordinates": [ 138.855137099999979, 37.430635 ] } },
{ "type": "Feature", "properties": { "内容": "ALPHASさわやか苑旭岡　旭岡　ヘルパーステーション【訪問介護】新潟県長岡市旭岡2丁目207番地シルバーハウスさわやか苑旭岡", "url2": "https://www.kaigokensaku.mhlw.go.jp/15/index.php?action_kouhyou_detail_004_kani=true&JigyosyoCd=1570204014-00&ServiceCd=110&Type=search" }, "geometry": { "type": "Point", "coordinates": [ 138.8569874, 37.426078 ] } },
{ "type": "Feature", "properties": { "内容": "ヘルパーステーションおひさま【訪問介護】新潟県長岡市泉1-7-22", "url2": "https://www.kaigokensaku.mhlw.go.jp/15/index.php?action_kouhyou_detail_004_kani=true&JigyosyoCd=1570200962-00&ServiceCd=110&Type=search" }, "geometry": { "type": "Point", "coordinates": [ 138.854461247746258, 37.464667721558591 ] } },
{ "type": "Feature", "properties": { "内容": "メッツ川崎ヘルパーステーション【訪問介護】新潟県長岡市川崎２丁目２４７８番地１", "url2": "https://www.kaigokensaku.mhlw.go.jp/15/index.php?action_kouhyou_detail_004_kani=true&JigyosyoCd=1570202984-00&ServiceCd=110&Type=search" }, "geometry": { "type": "Point", "coordinates": [ 138.867589, 37.4515592 ] } },
{ "type": "Feature", "properties": { "内容": "ニチイケアセンター長岡江陽【訪問介護】新潟県長岡市江陽2丁目11番4号ライフデザインビル2階", "url2": "https://www.kaigokensaku.mhlw.go.jp/15/index.php?action_kouhyou_detail_004_kani=true&JigyosyoCd=1570203883-00&ServiceCd=110&Type=search" }, "geometry": { "type": "Point", "coordinates": [ 138.837936900000017, 37.478921799999981 ] } },
{ "type": "Feature", "properties": { "内容": "ダイラス訪問介護【訪問介護】新潟県長岡市関原南5丁目4964番地", "url2": "https://www.kaigokensaku.mhlw.go.jp/15/index.php?action_kouhyou_detail_004_kani=true&JigyosyoCd=1570204048-00&ServiceCd=110&Type=search" }, "geometry": { "type": "Point", "coordinates": [ 138.772583700000013, 37.4466931 ] } },
{ "type": "Feature", "properties": { "内容": "ＳＯＭＰＯケア　三条　訪問介護【訪問介護】三条市月岡3-1-20　皆川ビル1F", "url2": "https://www.kaigokensaku.mhlw.go.jp/15/index.php?action_kouhyou_detail_004_kani=true&JigyosyoCd=1570401321-00&ServiceCd=110&Type=search" }, "geometry": { "type": "Point", "coordinates": [ 138.975130210758948, 37.613260202728497 ] } },
{ "type": "Feature", "properties": { "内容": "三条市ホームヘルプサービス【訪問介護】三条市南四日町３丁目７番３８－５", "url2": "https://www.kaigokensaku.mhlw.go.jp/15/index.php?action_kouhyou_detail_004_kani=true&JigyosyoCd=1570400190-00&ServiceCd=110&Type=search" }, "geometry": { "type": "Point", "coordinates": [ 138.955874546032646, 37.61580528544448 ] } },
{ "type": "Feature", "properties": { "内容": "ツクイ三条【訪問介護】新潟県三条市東三条１－１１－１１", "url2": "https://www.kaigokensaku.mhlw.go.jp/15/index.php?action_kouhyou_detail_004_kani=true&JigyosyoCd=1570400430-00&ServiceCd=110&Type=search" }, "geometry": { "type": "Point", "coordinates": [ 138.971927199999982, 37.6305302 ] } },
{ "type": "Feature", "properties": { "内容": "有限会社　三条看護婦家政婦紹介所ハイデイ【訪問介護】新潟県三条市井栗１丁目２８番１０号", "url2": "https://www.kaigokensaku.mhlw.go.jp/15/index.php?action_kouhyou_detail_004_kani=true&JigyosyoCd=1570400588-00&ServiceCd=110&Type=search" }, "geometry": { "type": "Point", "coordinates": [ 138.9996569, 37.6459679 ] } },
{ "type": "Feature", "properties": { "内容": "ヘルパーステーション　サンホーム【訪問介護】三条市曲渕3丁目3番7号ケアハウス　サンホーム内", "url2": "https://www.kaigokensaku.mhlw.go.jp/15/index.php?action_kouhyou_detail_004_kani=true&JigyosyoCd=1570400638-00&ServiceCd=110&Type=search" }, "geometry": { "type": "Point", "coordinates": [ 138.963250600000038, 37.6170232 ] } },
{ "type": "Feature", "properties": { "内容": "ヘルパーステーションにこにこ【訪問介護】新潟県三条市西潟3-25", "url2": "https://www.kaigokensaku.mhlw.go.jp/15/index.php?action_kouhyou_detail_004_kani=true&JigyosyoCd=1570400919-00&ServiceCd=110&Type=search" }, "geometry": { "type": "Point", "coordinates": [ 138.995602100000042, 37.6423072 ] } },
{ "type": "Feature", "properties": { "内容": "ヘルパーステーションさんじょう社協【訪問介護】新潟県三条市東本成寺２番１号三条市総合福祉センター", "url2": "https://www.kaigokensaku.mhlw.go.jp/15/index.php?action_kouhyou_detail_004_kani=true&JigyosyoCd=1570400976-00&ServiceCd=110&Type=search" }, "geometry": { "type": "Point", "coordinates": [ 138.9533156, 37.6125678 ] } },
{ "type": "Feature", "properties": { "内容": "ヘルパーステーションさかえの里【訪問介護】新潟県三条市福島新田丁1481番地1", "url2": "https://www.kaigokensaku.mhlw.go.jp/15/index.php?action_kouhyou_detail_004_kani=true&JigyosyoCd=1570401065-00&ServiceCd=110&Type=search" }, "geometry": { "type": "Point", "coordinates": [ 138.91852, 37.5876031 ] } },
{ "type": "Feature", "properties": { "内容": "ホームヘルパーステーションうらだての里【訪問介護】三条市田島2丁目22-16-3", "url2": "https://www.kaigokensaku.mhlw.go.jp/15/index.php?action_kouhyou_detail_004_kani=true&JigyosyoCd=1570400281-00&ServiceCd=110&Type=search" }, "geometry": { "type": "Point", "coordinates": [ 138.972117336217735, 37.624509024231344 ] } },
{ "type": "Feature", "properties": { "内容": "日の丸観光タクシー株式会社　介護福祉事業部【訪問介護】新潟県三条市東三条１丁目6番１４号", "url2": "https://www.kaigokensaku.mhlw.go.jp/15/index.php?action_kouhyou_detail_004_kani=true&JigyosyoCd=1570400497-00&ServiceCd=110&Type=search" }, "geometry": { "type": "Point", "coordinates": [ 138.973374299999932, 37.630680200000043 ] } },
{ "type": "Feature", "properties": { "内容": "特定非営利活動法人　地域たすけあいネットワーク【訪問介護】三条市本町6丁目3番76号", "url2": "https://www.kaigokensaku.mhlw.go.jp/15/index.php?action_kouhyou_detail_004_kani=true&JigyosyoCd=1570400620-00&ServiceCd=110&Type=search" }, "geometry": { "type": "Point", "coordinates": [ 138.950548700000013, 37.6318682 ] } },
{ "type": "Feature", "properties": { "内容": "ALPHASさわやか苑三条東ヘルパーステーション【訪問介護】新潟県三条市北入蔵2-7-14", "url2": "https://www.kaigokensaku.mhlw.go.jp/15/index.php?action_kouhyou_detail_004_kani=true&JigyosyoCd=1570401776-00&ServiceCd=110&Type=search" }, "geometry": { "type": "Point", "coordinates": [ 138.985495300000025, 37.6356854 ] } },
{ "type": "Feature", "properties": { "内容": "ヘルパーステーションひまたみ【訪問介護】新潟県三条市本町６丁目14番4号", "url2": "https://www.kaigokensaku.mhlw.go.jp/15/index.php?action_kouhyou_detail_004_kani=true&JigyosyoCd=1570401958-00&ServiceCd=110&Type=search" }, "geometry": { "type": "Point", "coordinates": [ 138.9499668, 37.6346606 ] } },
{ "type": "Feature", "properties": { "内容": "ニチイケアセンターいしがみ【訪問介護】新潟県三条市石上２丁目１番２５号", "url2": "https://www.kaigokensaku.mhlw.go.jp/15/index.php?action_kouhyou_detail_004_kani=true&JigyosyoCd=1570400604-00&ServiceCd=110&Type=search" }, "geometry": { "type": "Point", "coordinates": [ 138.951867600000014, 37.6430613 ] } },
{ "type": "Feature", "properties": { "内容": "(公益社団法人）三条市シルバー人材センター【訪問介護】新潟県三条市旭町２－６－１１", "url2": "https://www.kaigokensaku.mhlw.go.jp/15/index.php?action_kouhyou_detail_004_kani=true&JigyosyoCd=1570400901-00&ServiceCd=110&Type=search" }, "geometry": { "type": "Point", "coordinates": [ 138.962175099999968, 37.636068 ] } },
{ "type": "Feature", "properties": { "内容": "訪問介護ステーションみるら【訪問介護】新潟県三条市新光町29番54号", "url2": "https://www.kaigokensaku.mhlw.go.jp/15/index.php?action_kouhyou_detail_004_kani=true&JigyosyoCd=1570401263-00&ServiceCd=110&Type=search" }, "geometry": { "type": "Point", "coordinates": [ 138.962810900000022, 37.6440837 ] } },
{ "type": "Feature", "properties": { "内容": "リーブルライフサポートステーション【訪問介護】三条市今井野新田962-3", "url2": "https://www.kaigokensaku.mhlw.go.jp/15/index.php?action_kouhyou_detail_004_kani=true&JigyosyoCd=1570401412-00&ServiceCd=110&Type=search" }, "geometry": { "type": "Point", "coordinates": [ 138.9388308, 37.6256547 ] } },
{ "type": "Feature", "properties": { "内容": "あさひケアステーション【訪問介護】新潟県三条市直江町2-5-48", "url2": "https://www.kaigokensaku.mhlw.go.jp/15/index.php?action_kouhyou_detail_004_kani=true&JigyosyoCd=1570401677-00&ServiceCd=110&Type=search" }, "geometry": { "type": "Point", "coordinates": [ 138.9374783, 37.6243048 ] } },
{ "type": "Feature", "properties": { "内容": "エミテラス【訪問介護】新潟県三条市西裏館２丁目７番１３号", "url2": "https://www.kaigokensaku.mhlw.go.jp/15/index.php?action_kouhyou_detail_004_kani=true&JigyosyoCd=1570401917-00&ServiceCd=110&Type=search" }, "geometry": { "type": "Point", "coordinates": [ 138.954067194442729, 37.636700102797406 ] } },
{ "type": "Feature", "properties": { "内容": "柏崎市社会福祉協議会訪問介護事業所【訪問介護】柏崎市扇町3-37扇町介護保険事業センター", "url2": "https://www.kaigokensaku.mhlw.go.jp/15/index.php?action_kouhyou_detail_004_kani=true&JigyosyoCd=1570500205-00&ServiceCd=110&Type=search" }, "geometry": { "type": "Point", "coordinates": [ 138.5708184, 37.3655538 ] } },
{ "type": "Feature", "properties": { "内容": "エフビー訪問介護かしわざき【訪問介護】新潟県柏崎市北半田2丁目2番27号ケアライフ柏崎", "url2": "https://www.kaigokensaku.mhlw.go.jp/15/index.php?action_kouhyou_detail_004_kani=true&JigyosyoCd=1570501260-00&ServiceCd=110&Type=search" }, "geometry": { "type": "Point", "coordinates": [ 138.576307743516509, 37.364840674372978 ] } },
{ "type": "Feature", "properties": { "内容": "SOMPOケア　柏崎松波　訪問介護【訪問介護】新潟県柏崎市松波２丁目４番２０号", "url2": "https://www.kaigokensaku.mhlw.go.jp/15/index.php?action_kouhyou_detail_004_kani=true&JigyosyoCd=1570501385-00&ServiceCd=110&Type=search" }, "geometry": { "type": "Point", "coordinates": [ 138.573959100000025, 37.391244900000032 ] } },
{ "type": "Feature", "properties": { "内容": "いろどり訪問介護【訪問介護】新潟県柏崎市西港町11番31号", "url2": "https://www.kaigokensaku.mhlw.go.jp/15/index.php?action_kouhyou_detail_004_kani=true&JigyosyoCd=1570501419-00&ServiceCd=110&Type=search" }, "geometry": { "type": "Point", "coordinates": [ 138.546901242852755, 37.370457052577521 ] } },
{ "type": "Feature", "properties": { "内容": "えちご中越農業協同組合　訪問介護事業所【訪問介護】新潟県柏崎市大字曽地102番地", "url2": "https://www.kaigokensaku.mhlw.go.jp/15/index.php?action_kouhyou_detail_004_kani=true&JigyosyoCd=1570500247-00&ServiceCd=110&Type=search" }, "geometry": { "type": "Point", "coordinates": [ 138.63564329999997, 37.4034304 ] } },
{ "type": "Feature", "properties": { "内容": "訪問介護の桜寿【訪問介護】新潟県柏崎市日石町1-12", "url2": "https://www.kaigokensaku.mhlw.go.jp/15/index.php?action_kouhyou_detail_004_kani=true&JigyosyoCd=1570501310-00&ServiceCd=110&Type=search" }, "geometry": { "type": "Point", "coordinates": [ 138.55758953327063, 37.364355089362959 ] } },
{ "type": "Feature", "properties": { "内容": "公益社団法人　柏崎市シルバー人材センター【訪問介護】新潟県柏崎市田塚三丁目１１番３０号", "url2": "https://www.kaigokensaku.mhlw.go.jp/15/index.php?action_kouhyou_detail_004_kani=true&JigyosyoCd=1570500239-00&ServiceCd=110&Type=search" }, "geometry": { "type": "Point", "coordinates": [ 138.580981100000031, 37.3672512 ] } },
{ "type": "Feature", "properties": { "内容": "ヘルパーステーションこまめ【訪問介護】新潟県柏崎市半田2-6-19セイワビル202", "url2": "https://www.kaigokensaku.mhlw.go.jp/15/index.php?action_kouhyou_detail_004_kani=true&JigyosyoCd=1570501401-00&ServiceCd=110&Type=search" }, "geometry": { "type": "Point", "coordinates": [ 138.578015599999986, 37.3573045 ] } },
{ "type": "Feature", "properties": { "内容": "ALPHASさわやか苑柏崎春日ヘルパーステーション【訪問介護】新潟県柏崎市春日1丁目2番51号", "url2": "https://www.kaigokensaku.mhlw.go.jp/15/index.php?action_kouhyou_detail_004_kani=true&JigyosyoCd=1570500908-00&ServiceCd=110&Type=search" }, "geometry": { "type": "Point", "coordinates": [ 138.569421, 37.3790743 ] } },
{ "type": "Feature", "properties": { "内容": "訪問介護もとすわ【訪問介護】新潟県柏崎市松波２丁目５番２５号", "url2": "https://www.kaigokensaku.mhlw.go.jp/15/index.php?action_kouhyou_detail_004_kani=true&JigyosyoCd=1570501492-00&ServiceCd=110&Type=search" }, "geometry": { "type": "Point", "coordinates": [ 138.574684799999972, 37.3920014 ] } },
{ "type": "Feature", "properties": { "内容": "やさしい手柏崎訪問介護事業所【訪問介護】新潟県柏崎市田中13－14", "url2": "https://www.kaigokensaku.mhlw.go.jp/15/index.php?action_kouhyou_detail_004_kani=true&JigyosyoCd=1570501518-00&ServiceCd=110&Type=search" }, "geometry": { "type": "Point", "coordinates": [ 138.5671159, 37.3610789 ] } },
{ "type": "Feature", "properties": { "内容": "あたごヘルパーステーション柏崎【訪問介護】新潟県柏崎市大字茨目1522番地1", "url2": "https://www.kaigokensaku.mhlw.go.jp/15/index.php?action_kouhyou_detail_004_kani=true&JigyosyoCd=1570501542-00&ServiceCd=110&Type=search" }, "geometry": { "type": "Point", "coordinates": [ 138.5829489, 37.3566942 ] } },
{ "type": "Feature", "properties": { "内容": "訪問介護ステーションきぼう【訪問介護】新潟県柏崎市城東2-1-40", "url2": "https://www.kaigokensaku.mhlw.go.jp/15/index.php?action_kouhyou_detail_004_kani=true&JigyosyoCd=1570501583-00&ServiceCd=110&Type=search" }, "geometry": { "type": "Point", "coordinates": [ 138.557808599999987, 37.354332 ] } },
{ "type": "Feature", "properties": { "内容": "ヘルパーステーションはなことば柏崎【訪問介護】新潟県柏崎市松美2-5-38有料老人ホームはなことば柏崎2号館内", "url2": "https://www.kaigokensaku.mhlw.go.jp/15/index.php?action_kouhyou_detail_004_kani=true&JigyosyoCd=1570501344-00&ServiceCd=110&Type=search" }, "geometry": { "type": "Point", "coordinates": [ 138.577463599999987, 37.3773929 ] } },
{ "type": "Feature", "properties": { "内容": "ニチイケアセンター柏崎長浜【訪問介護】新潟県柏崎市長浜町6-43西江ビル202号室", "url2": "https://www.kaigokensaku.mhlw.go.jp/15/index.php?action_kouhyou_detail_004_kani=true&JigyosyoCd=1570501484-00&ServiceCd=110&Type=search" }, "geometry": { "type": "Point", "coordinates": [ 138.5770662, 37.3702019 ] } },
{ "type": "Feature", "properties": { "内容": "株式会社エヌ介護サービス新発田センター【訪問介護】新潟県新発田市大手町1丁目14番16号", "url2": "https://www.kaigokensaku.mhlw.go.jp/15/index.php?action_kouhyou_detail_004_kani=true&JigyosyoCd=1570600443-00&ServiceCd=110&Type=search" }, "geometry": { "type": "Point", "coordinates": [ 139.324435932618712, 37.949653434444443 ] } },
{ "type": "Feature", "properties": { "内容": "ツクイ新発田【訪問介護】新潟県新発田市新富町2丁目6-20タートル新富1F", "url2": "https://www.kaigokensaku.mhlw.go.jp/15/index.php?action_kouhyou_detail_004_kani=true&JigyosyoCd=1570600179-00&ServiceCd=110&Type=search" }, "geometry": { "type": "Point", "coordinates": [ 139.341925700000047, 37.9565281 ] } },
{ "type": "Feature", "properties": { "内容": "ＳＯＭＰＯケア　新発田　訪問介護【訪問介護】新潟県新発田市住吉町四丁目１４番３３号", "url2": "https://www.kaigokensaku.mhlw.go.jp/15/index.php?action_kouhyou_detail_004_kani=true&JigyosyoCd=1570601706-00&ServiceCd=110&Type=search" }, "geometry": { "type": "Point", "coordinates": [ 139.314122099999963, 37.9431609 ] } },
{ "type": "Feature", "properties": { "内容": "ベルセゾン新発田ホームヘルパーステーション【訪問介護】新発田市下石川７１３ベルセゾン新発田", "url2": "https://www.kaigokensaku.mhlw.go.jp/15/index.php?action_kouhyou_detail_004_kani=true&JigyosyoCd=1570600229-00&ServiceCd=110&Type=search" }, "geometry": { "type": "Point", "coordinates": [ 139.410429780567199, 37.966050867668429 ] } },
{ "type": "Feature", "properties": { "内容": "ヘルパーステーションコンフィ陽だまり苑【訪問介護】新潟県新発田市諏訪町１丁目１０番３８号", "url2": "https://www.kaigokensaku.mhlw.go.jp/15/index.php?action_kouhyou_detail_004_kani=true&JigyosyoCd=1570601433-00&ServiceCd=110&Type=search" }, "geometry": { "type": "Point", "coordinates": [ 139.333980900000029, 37.9434978 ] } },
{ "type": "Feature", "properties": { "内容": "ホームヘルプ春日和新発田【訪問介護】新潟県新発田市荒町字妻ノ神甲272番1", "url2": "https://www.kaigokensaku.mhlw.go.jp/15/index.php?action_kouhyou_detail_004_kani=true&JigyosyoCd=1570601789-00&ServiceCd=110&Type=search" }, "geometry": { "type": "Point", "coordinates": [ 139.33097625301744, 37.937846721229967 ] } },
{ "type": "Feature", "properties": { "内容": "ニチイケアセンター　新発田【訪問介護】新潟県新発田市富塚町3-4-27", "url2": "https://www.kaigokensaku.mhlw.go.jp/15/index.php?action_kouhyou_detail_004_kani=true&JigyosyoCd=1570600112-00&ServiceCd=110&Type=search" }, "geometry": { "type": "Point", "coordinates": [ 139.293960700000071, 37.9511282 ] } },
{ "type": "Feature", "properties": { "内容": "ホームヘルプサービスしうんじ【訪問介護】新発田市真野原外3331番地2", "url2": "https://www.kaigokensaku.mhlw.go.jp/15/index.php?action_kouhyou_detail_004_kani=true&JigyosyoCd=1570600765-00&ServiceCd=110&Type=search" }, "geometry": { "type": "Point", "coordinates": [ 139.318080099999946, 38.018142900000015 ] } },
{ "type": "Feature", "properties": { "内容": "ヘルパーステーションとようら【訪問介護】新潟県新発田市荒町甲1611番地51", "url2": "https://www.kaigokensaku.mhlw.go.jp/15/index.php?action_kouhyou_detail_004_kani=true&JigyosyoCd=1570601508-00&ServiceCd=110&Type=search" }, "geometry": { "type": "Point", "coordinates": [ 139.322803960730397, 37.936832701683741 ] } },
{ "type": "Feature", "properties": { "内容": "ハイハイネット中越【訪問介護】新潟県小千谷市桜町５１４５番地１", "url2": "https://www.kaigokensaku.mhlw.go.jp/15/index.php?action_kouhyou_detail_004_kani=true&JigyosyoCd=1570800449-00&ServiceCd=110&Type=search" }, "geometry": { "type": "Point", "coordinates": [ 138.780957155837086, 37.313356937951617 ] } },
{ "type": "Feature", "properties": { "内容": "小粟田の里ヘルパーステーションりぼん【訪問介護】新潟県小千谷市大字小粟田2732番地7", "url2": "https://www.kaigokensaku.mhlw.go.jp/15/index.php?action_kouhyou_detail_004_kani=true&JigyosyoCd=1570800332-00&ServiceCd=110&Type=search" }, "geometry": { "type": "Point", "coordinates": [ 138.795703799999956, 37.3403908 ] } },
{ "type": "Feature", "properties": { "内容": "ALPHASさわやか苑小千谷　ヘルパーステーション【訪問介護】新潟県小千谷市本町1丁目6番13号", "url2": "https://www.kaigokensaku.mhlw.go.jp/15/index.php?action_kouhyou_detail_004_kani=true&JigyosyoCd=1570800548-00&ServiceCd=110&Type=search" }, "geometry": { "type": "Point", "coordinates": [ 138.799777150401297, 37.310394933449317 ] } },
{ "type": "Feature", "properties": { "内容": "ヘルパーステーションサンラックおぢや【訪問介護】新潟県小千谷市大字桜町５１４０番地小千谷市総合福祉センター", "url2": "https://www.kaigokensaku.mhlw.go.jp/15/index.php?action_kouhyou_detail_004_kani=true&JigyosyoCd=1570800084-00&ServiceCd=110&Type=search" }, "geometry": { "type": "Point", "coordinates": [ 138.781706900000017, 37.3134192 ] } },
{ "type": "Feature", "properties": { "内容": "ヘルパーステーション中子の森【訪問介護】小千谷市大字薭生乙１４６０－１", "url2": "https://www.kaigokensaku.mhlw.go.jp/15/index.php?action_kouhyou_detail_004_kani=true&JigyosyoCd=1570800290-00&ServiceCd=110&Type=search" }, "geometry": { "type": "Point", "coordinates": [ 138.807409300000018, 37.306997699999989 ] } },
{ "type": "Feature", "properties": { "内容": "ニチイケアセンターおぢや【訪問介護】新潟県小千谷市本町1丁目３－１新栄ビル1階", "url2": "https://www.kaigokensaku.mhlw.go.jp/15/index.php?action_kouhyou_detail_004_kani=true&JigyosyoCd=1570800571-00&ServiceCd=110&Type=search" }, "geometry": { "type": "Point", "coordinates": [ 138.800435, 37.3110056 ] } },
{ "type": "Feature", "properties": { "内容": "訪問介護　ダイキョウ【訪問介護】新潟県加茂市学校町7番18号", "url2": "https://www.kaigokensaku.mhlw.go.jp/15/index.php?action_kouhyou_detail_004_kani=true&JigyosyoCd=1570900355-00&ServiceCd=110&Type=search" }, "geometry": { "type": "Point", "coordinates": [ 139.055103, 37.6715796 ] } },
{ "type": "Feature", "properties": { "内容": "ＳＯＭＰＯケア　加茂　訪問介護【訪問介護】新潟県加茂市幸町1丁目15番28号", "url2": "https://www.kaigokensaku.mhlw.go.jp/15/index.php?action_kouhyou_detail_004_kani=true&JigyosyoCd=1570900264-00&ServiceCd=110&Type=search" }, "geometry": { "type": "Point", "coordinates": [ 139.043978299999907, 37.6646137 ] } },
{ "type": "Feature", "properties": { "内容": "ヘルパーステーション加茂【訪問介護】新潟県加茂市石川２丁目２４７３番地１", "url2": "https://www.kaigokensaku.mhlw.go.jp/15/index.php?action_kouhyou_detail_004_kani=true&JigyosyoCd=1570900348-00&ServiceCd=110&Type=search" }, "geometry": { "type": "Point", "coordinates": [ 139.044420839159386, 37.670430077218413 ] } },
{ "type": "Feature", "properties": { "内容": "スマイルケア訪問介護事業部【訪問介護】新潟県加茂市陣ヶ峰13番37号", "url2": "https://www.kaigokensaku.mhlw.go.jp/15/index.php?action_kouhyou_detail_004_kani=true&JigyosyoCd=1570900280-00&ServiceCd=110&Type=search" }, "geometry": { "type": "Point", "coordinates": [ 139.05206932407296, 37.669687609118405 ] } },
{ "type": "Feature", "properties": { "内容": "ヘルパーセンターコロネットとおかまち【訪問介護】新潟県十日町市高田町2丁目279番地21", "url2": "https://www.kaigokensaku.mhlw.go.jp/15/index.php?action_kouhyou_detail_004_kani=true&JigyosyoCd=1571001070-00&ServiceCd=110&Type=search" }, "geometry": { "type": "Point", "coordinates": [ 138.756151899999963, 37.1316317 ] } },
{ "type": "Feature", "properties": { "内容": "ヘルパーステーション十日町【訪問介護】新潟県十日町市山野田３７０－１", "url2": "https://www.kaigokensaku.mhlw.go.jp/15/index.php?action_kouhyou_detail_004_kani=true&JigyosyoCd=1571000478-00&ServiceCd=110&Type=search" }, "geometry": { "type": "Point", "coordinates": [ 138.740147, 37.157469400000011 ] } },
{ "type": "Feature", "properties": { "内容": "十交介護センター【訪問介護】新潟県十日町市本町２丁目２２０番地", "url2": "https://www.kaigokensaku.mhlw.go.jp/15/index.php?action_kouhyou_detail_004_kani=true&JigyosyoCd=1571000353-00&ServiceCd=110&Type=search" }, "geometry": { "type": "Point", "coordinates": [ 138.760490504368562, 37.131531001164717 ] } },
{ "type": "Feature", "properties": { "内容": "老人デイサービスセンターやまびこ【訪問介護】新潟県十日町市寿町1丁目1番地12", "url2": "https://www.kaigokensaku.mhlw.go.jp/15/index.php?action_kouhyou_detail_004_kani=true&JigyosyoCd=1571000205-00&ServiceCd=110&Type=search" }, "geometry": { "type": "Point", "coordinates": [ 138.753244689507369, 37.126140055021011 ] } },
{ "type": "Feature", "properties": { "内容": "株式会社　クリーンセキュリテイー【訪問介護】十日町市本町2丁目4番地1アップルとおかまち2階", "url2": "https://www.kaigokensaku.mhlw.go.jp/15/index.php?action_kouhyou_detail_004_kani=true&JigyosyoCd=1571000247-00&ServiceCd=110&Type=search" }, "geometry": { "type": "Point", "coordinates": [ 138.760238407934594, 37.129983938351216 ] } },
{ "type": "Feature", "properties": { "内容": "社会福祉法人　十日町市社会福祉協議会　松之山訪問介護事業所【訪問介護】新潟県十日町市松之山１５９６番地１松之山診療所３階", "url2": "https://www.kaigokensaku.mhlw.go.jp/15/index.php?action_kouhyou_detail_004_kani=true&JigyosyoCd=1571000411-00&ServiceCd=110&Type=search" }, "geometry": { "type": "Point", "coordinates": [ 138.608949763229361, 37.086883603612094 ] } },
{ "type": "Feature", "properties": { "内容": "ほのぼの園ヘルパーステーション【訪問介護】十日町市松代3559-6", "url2": "https://www.kaigokensaku.mhlw.go.jp/15/index.php?action_kouhyou_detail_004_kani=true&JigyosyoCd=1571000619-00&ServiceCd=110&Type=search" }, "geometry": { "type": "Point", "coordinates": [ 138.612765810423241, 37.135492119890394 ] } },
{ "type": "Feature", "properties": { "内容": "ヘルパーステーションなえば【訪問介護】新潟県十日町市四日町1332番地健康倶楽部十日町", "url2": "https://www.kaigokensaku.mhlw.go.jp/15/index.php?action_kouhyou_detail_004_kani=true&JigyosyoCd=1571000742-00&ServiceCd=110&Type=search" }, "geometry": { "type": "Point", "coordinates": [ 138.761806871905463, 37.14907798410249 ] } },
{ "type": "Feature", "properties": { "内容": "社会福祉法人　十日町市社会福祉協議会　十日町訪問介護事業所【訪問介護】新潟県十日町市本町２丁目２２６番地１", "url2": "https://www.kaigokensaku.mhlw.go.jp/15/index.php?action_kouhyou_detail_004_kani=true&JigyosyoCd=1571000429-00&ServiceCd=110&Type=search" }, "geometry": { "type": "Point", "coordinates": [ 138.76055980000001, 37.1320427 ] } },
{ "type": "Feature", "properties": { "内容": "ソラコ【訪問介護】新潟県十日町市新座甲620番地5　2階", "url2": "https://www.kaigokensaku.mhlw.go.jp/15/index.php?action_kouhyou_detail_004_kani=true&JigyosyoCd=1571001294-00&ServiceCd=110&Type=search" }, "geometry": { "type": "Point", "coordinates": [ 138.765498340998192, 37.146455404356225 ] } },
{ "type": "Feature", "properties": { "内容": "たんぽぽ介護センター【訪問介護】新潟県見附市学校町1-5-25", "url2": "https://www.kaigokensaku.mhlw.go.jp/15/index.php?action_kouhyou_detail_004_kani=true&JigyosyoCd=1571100252-00&ServiceCd=110&Type=search" }, "geometry": { "type": "Point", "coordinates": [ 138.920012854631068, 37.532596833147664 ] } },
{ "type": "Feature", "properties": { "内容": "ホームヘルプ春日和見附【訪問介護】新潟県見附市本町４丁目２番３３号", "url2": "https://www.kaigokensaku.mhlw.go.jp/15/index.php?action_kouhyou_detail_004_kani=true&JigyosyoCd=1570800530-00&ServiceCd=110&Type=search" }, "geometry": { "type": "Point", "coordinates": [ 138.924969546176186, 37.529939707246683 ] } },
{ "type": "Feature", "properties": { "内容": "ふるまい訪問介護【訪問介護】見附市新幸町７－１１ふるまい訪問介護", "url2": "https://www.kaigokensaku.mhlw.go.jp/15/index.php?action_kouhyou_detail_004_kani=true&JigyosyoCd=1571100062-00&ServiceCd=110&Type=search" }, "geometry": { "type": "Point", "coordinates": [ 138.892798047798351, 37.539143523691642 ] } },
{ "type": "Feature", "properties": { "内容": "訪問介護ステーションみつけ【訪問介護】新潟県見附市庄川町852-1", "url2": "https://www.kaigokensaku.mhlw.go.jp/15/index.php?action_kouhyou_detail_004_kani=true&JigyosyoCd=1571100641-00&ServiceCd=110&Type=search" }, "geometry": { "type": "Point", "coordinates": [ 138.9397162, 37.5231105 ] } },
{ "type": "Feature", "properties": { "内容": "ケアセンターこまち【訪問介護】見附市市野坪町1230－2トミサビル東側３F", "url2": "https://www.kaigokensaku.mhlw.go.jp/15/index.php?action_kouhyou_detail_004_kani=true&JigyosyoCd=1571100435-00&ServiceCd=110&Type=search" }, "geometry": { "type": "Point", "coordinates": [ 138.910297300000025, 37.531179 ] } },
{ "type": "Feature", "properties": { "内容": "ヘルパーステーション　古志乃里【訪問介護】新潟県見附市緑町20番１号", "url2": "https://www.kaigokensaku.mhlw.go.jp/15/index.php?action_kouhyou_detail_004_kani=true&JigyosyoCd=1571100203-00&ServiceCd=110&Type=search" }, "geometry": { "type": "Point", "coordinates": [ 138.91931059999996, 37.512652 ] } },
{ "type": "Feature", "properties": { "内容": "ヘルパーステーションさわやか苑見附柳橋【訪問介護】新潟県見附市柳橋町295番地2", "url2": "https://www.kaigokensaku.mhlw.go.jp/15/index.php?action_kouhyou_detail_004_kani=true&JigyosyoCd=1571100542-00&ServiceCd=110&Type=search" }, "geometry": { "type": "Point", "coordinates": [ 138.898898199999962, 37.5428551 ] } },
{ "type": "Feature", "properties": { "内容": "ケアパートナーよろこび【訪問介護】新潟県村上市九日市98番地1", "url2": "https://www.kaigokensaku.mhlw.go.jp/15/index.php?action_kouhyou_detail_004_kani=true&JigyosyoCd=1571201118-00&ServiceCd=110&Type=search" }, "geometry": { "type": "Point", "coordinates": [ 139.45966239328456, 38.17881130645975 ] } },
{ "type": "Feature", "properties": { "内容": "有限会社　村上シルバーかんきち堂【訪問介護】新潟県村上市泉町9番25号", "url2": "https://www.kaigokensaku.mhlw.go.jp/15/index.php?action_kouhyou_detail_004_kani=true&JigyosyoCd=1571200128-00&ServiceCd=110&Type=search" }, "geometry": { "type": "Point", "coordinates": [ 139.475641389155044, 38.228181812944072 ] } },
{ "type": "Feature", "properties": { "内容": "村上市社会福祉協議会　ヘルパーステーションさんぽく【訪問介護】新潟県村上市勝木862番地1", "url2": "https://www.kaigokensaku.mhlw.go.jp/15/index.php?action_kouhyou_detail_004_kani=true&JigyosyoCd=1571200813-00&ServiceCd=110&Type=search" }, "geometry": { "type": "Point", "coordinates": [ 139.521367599999962, 38.4912288 ] } },
{ "type": "Feature", "properties": { "内容": "株式会社慎鍋【訪問介護】新潟県村上市山居町２丁目５番４４号", "url2": "https://www.kaigokensaku.mhlw.go.jp/15/index.php?action_kouhyou_detail_004_kani=true&JigyosyoCd=1571200151-00&ServiceCd=110&Type=search" }, "geometry": { "type": "Point", "coordinates": [ 139.466686799999934, 38.2150272 ] } },
{ "type": "Feature", "properties": { "内容": "ケアサービス　まごの手【訪問介護】村上市塩町12番19号", "url2": "https://www.kaigokensaku.mhlw.go.jp/15/index.php?action_kouhyou_detail_004_kani=true&JigyosyoCd=1571200219-00&ServiceCd=110&Type=search" }, "geometry": { "type": "Point", "coordinates": [ 139.473829600000045, 38.2272533 ] } },
{ "type": "Feature", "properties": { "内容": "想いやりサポートみちしるべ【訪問介護】新潟県村上市下鍛冶屋字村下509番地5", "url2": "https://www.kaigokensaku.mhlw.go.jp/15/index.php?action_kouhyou_detail_004_kani=true&JigyosyoCd=1571201258-00&ServiceCd=110&Type=search" }, "geometry": { "type": "Point", "coordinates": [ 139.450631014155618, 38.112244349669375 ] } },
{ "type": "Feature", "properties": { "内容": "村上市社会福祉協議会ヘルパーステーションむらかみ【訪問介護】新潟県村上市下相川３１６番地２", "url2": "https://www.kaigokensaku.mhlw.go.jp/15/index.php?action_kouhyou_detail_004_kani=true&JigyosyoCd=1571200037-00&ServiceCd=110&Type=search" }, "geometry": { "type": "Point", "coordinates": [ 139.503793946795071, 38.226243060691033 ] } },
{ "type": "Feature", "properties": { "内容": "ヘルパーステーションゆめ【訪問介護】新潟県村上市瀬波中町11-6", "url2": "https://www.kaigokensaku.mhlw.go.jp/15/index.php?action_kouhyou_detail_004_kani=true&JigyosyoCd=1571200185-00&ServiceCd=110&Type=search" }, "geometry": { "type": "Point", "coordinates": [ 139.452734299999946, 38.230319 ] } },
{ "type": "Feature", "properties": { "内容": "ツクイ　村上飯野【訪問介護】村上市飯野2-8-20", "url2": "https://www.kaigokensaku.mhlw.go.jp/15/index.php?action_kouhyou_detail_004_kani=true&JigyosyoCd=1571200227-00&ServiceCd=110&Type=search" }, "geometry": { "type": "Point", "coordinates": [ 139.471922, 38.2206432 ] } },
{ "type": "Feature", "properties": { "内容": "山北徳新会介護センター【訪問介護】村上市勝木1340-1", "url2": "https://www.kaigokensaku.mhlw.go.jp/15/index.php?action_kouhyou_detail_004_kani=true&JigyosyoCd=1571200516-00&ServiceCd=110&Type=search" }, "geometry": { "type": "Point", "coordinates": [ 139.516442899999987, 38.4905512 ] } },
{ "type": "Feature", "properties": { "内容": "ヘルパーステーションひまわり【訪問介護】新潟県村上市猿沢2220", "url2": "https://www.kaigokensaku.mhlw.go.jp/15/index.php?action_kouhyou_detail_004_kani=true&JigyosyoCd=1571200680-00&ServiceCd=110&Type=search" }, "geometry": { "type": "Point", "coordinates": [ 139.526811899999984, 38.2862686 ] } },
{ "type": "Feature", "properties": { "内容": "村上市社会福祉協議会　ヘルパーステーションあさひ【訪問介護】新潟県村上市岩沢５６１１番地村上市役所朝日支所１階", "url2": "https://www.kaigokensaku.mhlw.go.jp/15/index.php?action_kouhyou_detail_004_kani=true&JigyosyoCd=1571200847-00&ServiceCd=110&Type=search" }, "geometry": { "type": "Point", "coordinates": [ 139.538521, 38.268524810537272 ] } },
{ "type": "Feature", "properties": { "内容": "ヘルパーステーションさかまち【訪問介護】新潟県村上市坂町１８６０番地27", "url2": "https://www.kaigokensaku.mhlw.go.jp/15/index.php?action_kouhyou_detail_004_kani=true&JigyosyoCd=1571201233-00&ServiceCd=110&Type=search" }, "geometry": { "type": "Point", "coordinates": [ 139.445833634918245, 38.117600090424922 ] } },
{ "type": "Feature", "properties": { "内容": "ヘルパーステーションあおぞら【訪問介護】新潟県村上市坂町2465番地1角中第二ビルマンションA-2", "url2": "https://www.kaigokensaku.mhlw.go.jp/15/index.php?action_kouhyou_detail_004_kani=true&JigyosyoCd=1571201068-00&ServiceCd=110&Type=search" }, "geometry": { "type": "Point", "coordinates": [ 139.44728179629513, 38.119803343062571 ] } },
{ "type": "Feature", "properties": { "内容": "ヘルパーステーションぽらいと【訪問介護】新潟県村上市瀬波温泉２丁目３番２８号", "url2": "https://www.kaigokensaku.mhlw.go.jp/15/index.php?action_kouhyou_detail_004_kani=true&JigyosyoCd=1571201241-00&ServiceCd=110&Type=search" }, "geometry": { "type": "Point", "coordinates": [ 139.4433009, 38.2153376 ] } },
{ "type": "Feature", "properties": { "内容": "ニチイケアセンター燕西【訪問介護】新潟県燕市新興野12番18号新興野㈱ﾕﾆｵﾝ総業貸事務所1階E号室", "url2": "https://www.kaigokensaku.mhlw.go.jp/15/index.php?action_kouhyou_detail_004_kani=true&JigyosyoCd=1571301116-00&ServiceCd=110&Type=search" }, "geometry": { "type": "Point", "coordinates": [ 138.856633399999964, 37.6276172 ] } },
{ "type": "Feature", "properties": { "内容": "有限会社　介護サービスみどり園　訪問介護事業所【訪問介護】新潟県燕市杣木３００２－８", "url2": "https://www.kaigokensaku.mhlw.go.jp/15/index.php?action_kouhyou_detail_004_kani=true&JigyosyoCd=1571300233-00&ServiceCd=110&Type=search" }, "geometry": { "type": "Point", "coordinates": [ 138.902146600000037, 37.676083 ] } },
{ "type": "Feature", "properties": { "内容": "社会福祉法人燕市社会福祉協議会　介護サービス室【訪問介護】新潟県燕市吉田日之出町1番1号", "url2": "https://www.kaigokensaku.mhlw.go.jp/15/index.php?action_kouhyou_detail_004_kani=true&JigyosyoCd=1571300647-00&ServiceCd=110&Type=search" }, "geometry": { "type": "Point", "coordinates": [ 138.879749, 37.6855392 ] } },
{ "type": "Feature", "properties": { "内容": "株式会社中央タクシー　介護福祉事業部【訪問介護】燕市道金663番地", "url2": "https://www.kaigokensaku.mhlw.go.jp/15/index.php?action_kouhyou_detail_004_kani=true&JigyosyoCd=1571300191-00&ServiceCd=110&Type=search" }, "geometry": { "type": "Point", "coordinates": [ 138.908273, 37.6369857 ] } },
{ "type": "Feature", "properties": { "内容": "介護老人保健施設　ぶんすい　ヘルパーステーション【訪問介護】新潟県燕市笈ヶ島104-5介護老人保健施設ぶんすい", "url2": "https://www.kaigokensaku.mhlw.go.jp/15/index.php?action_kouhyou_detail_004_kani=true&JigyosyoCd=1571300530-00&ServiceCd=110&Type=search" }, "geometry": { "type": "Point", "coordinates": [ 138.847096299999947, 37.6197971 ] } },
{ "type": "Feature", "properties": { "内容": "ヘルパーステーション光【訪問介護】燕市井土巻2－280キャメロット10棟102号", "url2": "https://www.kaigokensaku.mhlw.go.jp/15/index.php?action_kouhyou_detail_004_kani=true&JigyosyoCd=1571300860-00&ServiceCd=110&Type=search" }, "geometry": { "type": "Point", "coordinates": [ 138.931240570569543, 37.651986920471565 ] } },
{ "type": "Feature", "properties": { "内容": "ＡＬＰＨＡＳさわやか苑燕　ヘルパーステーション【訪問介護】新潟県新潟市燕市東太田2863-2エステート7　１階", "url2": "https://www.kaigokensaku.mhlw.go.jp/15/index.php?action_kouhyou_detail_004_kani=true&JigyosyoCd=1571301157-00&ServiceCd=110&Type=search" }, "geometry": { "type": "Point", "coordinates": [ 138.916064799999987, 37.6702965 ] } },
{ "type": "Feature", "properties": { "内容": "ホームヘルプサービスひまわりの園【訪問介護】新潟県燕市吉田大保町25番15号ひまわりの園相談センター", "url2": "https://www.kaigokensaku.mhlw.go.jp/15/index.php?action_kouhyou_detail_004_kani=true&JigyosyoCd=1571300365-00&ServiceCd=110&Type=search" }, "geometry": { "type": "Point", "coordinates": [ 138.883412300000032, 37.6890361 ] } },
{ "type": "Feature", "properties": { "内容": "介護サービスひろはた【訪問介護】新潟県糸魚川市横町４丁目８番１９号", "url2": "https://www.kaigokensaku.mhlw.go.jp/15/index.php?action_kouhyou_detail_004_kani=true&JigyosyoCd=1571500675-00&ServiceCd=110&Type=search" }, "geometry": { "type": "Point", "coordinates": [ 137.847139800000036, 37.0371784 ] } },
{ "type": "Feature", "properties": { "内容": "ライフケアおれんじ【訪問介護】新潟県糸魚川市中央2-3-35ウェルピット内２階", "url2": "https://www.kaigokensaku.mhlw.go.jp/15/index.php?action_kouhyou_detail_004_kani=true&JigyosyoCd=1571500683-00&ServiceCd=110&Type=search" }, "geometry": { "type": "Point", "coordinates": [ 137.861241652642036, 37.040301275502003 ] } },
{ "type": "Feature", "properties": { "内容": "あ・うんの心ホームヘルパーステーション【訪問介護】新潟県糸魚川市大野７３", "url2": "https://www.kaigokensaku.mhlw.go.jp/15/index.php?action_kouhyou_detail_004_kani=true&JigyosyoCd=1571500238-00&ServiceCd=110&Type=search" }, "geometry": { "type": "Point", "coordinates": [ 137.8607945, 37.0262991 ] } },
{ "type": "Feature", "properties": { "内容": "訪問介護おしあげ【訪問介護】新潟県糸魚川市南押上1丁目3番11号スローライフおしあげ", "url2": "https://www.kaigokensaku.mhlw.go.jp/15/index.php?action_kouhyou_detail_004_kani=true&JigyosyoCd=1571500329-00&ServiceCd=110&Type=search" }, "geometry": { "type": "Point", "coordinates": [ 137.877768686508148, 37.047259641729035 ] } },
{ "type": "Feature", "properties": { "内容": "訪問介護事業所おうみ【訪問介護】糸魚川市大字田海５６００番地", "url2": "https://www.kaigokensaku.mhlw.go.jp/15/index.php?action_kouhyou_detail_004_kani=true&JigyosyoCd=1571500626-00&ServiceCd=110&Type=search" }, "geometry": { "type": "Point", "coordinates": [ 137.820934, 37.0291763 ] } },
{ "type": "Feature", "properties": { "内容": "糸魚川市社会福祉協議会　介護センターにじ【訪問介護】糸魚川市押上2-9-65", "url2": "https://www.kaigokensaku.mhlw.go.jp/15/index.php?action_kouhyou_detail_004_kani=true&JigyosyoCd=1571500444-00&ServiceCd=110&Type=search" }, "geometry": { "type": "Point", "coordinates": [ 137.882408100000021, 37.0500133 ] } },
{ "type": "Feature", "properties": { "内容": "訪問介護事業所　みどり【訪問介護】新潟県糸魚川市一の宮２丁目８番１９号", "url2": "https://www.kaigokensaku.mhlw.go.jp/15/index.php?action_kouhyou_detail_004_kani=true&JigyosyoCd=1571500766-00&ServiceCd=110&Type=search" }, "geometry": { "type": "Point", "coordinates": [ 137.86843680378874, 37.039555972594975 ] } },
{ "type": "Feature", "properties": { "内容": "ヘルパーステーション北条【訪問介護】新潟県妙高市大字北条５８５番地1", "url2": "https://www.kaigokensaku.mhlw.go.jp/15/index.php?action_kouhyou_detail_004_kani=true&JigyosyoCd=1571600277-00&ServiceCd=110&Type=search" }, "geometry": { "type": "Point", "coordinates": [ 138.274636699999974, 37.0350513 ] } },
{ "type": "Feature", "properties": { "内容": "妙高みこころの家　みこころ訪問介護事業所【訪問介護】新潟県妙高市大字田切字西原２１８番地３７妙高みこころの家", "url2": "https://www.kaigokensaku.mhlw.go.jp/15/index.php?action_kouhyou_detail_004_kani=true&JigyosyoCd=1571600632-00&ServiceCd=110&Type=search" }, "geometry": { "type": "Point", "coordinates": [ 138.182188548249627, 36.887238776037776 ] } },
{ "type": "Feature", "properties": { "内容": "(株)てるてるぼうず訪問介護事業部【訪問介護】新潟県妙高市柳井田町４丁目1４番１号", "url2": "https://www.kaigokensaku.mhlw.go.jp/15/index.php?action_kouhyou_detail_004_kani=true&JigyosyoCd=1571600210-00&ServiceCd=110&Type=search" }, "geometry": { "type": "Point", "coordinates": [ 138.258265199999983, 37.057907 ] } },
{ "type": "Feature", "properties": { "内容": "妙高市社会福祉協議会　訪問介護事業所【訪問介護】新潟県妙高市朝日町1-10-3", "url2": "https://www.kaigokensaku.mhlw.go.jp/15/index.php?action_kouhyou_detail_004_kani=true&JigyosyoCd=1571600046-00&ServiceCd=110&Type=search" }, "geometry": { "type": "Point", "coordinates": [ 138.253511850015229, 37.027609300607331 ] } },
{ "type": "Feature", "properties": { "内容": "ヘルパーステーション新井【訪問介護】新潟県妙高市高柳2丁目6番2号", "url2": "https://www.kaigokensaku.mhlw.go.jp/15/index.php?action_kouhyou_detail_004_kani=true&JigyosyoCd=1571600301-00&ServiceCd=110&Type=search" }, "geometry": { "type": "Point", "coordinates": [ 138.263704700000062, 37.0325707 ] } },
{ "type": "Feature", "properties": { "内容": "さくらメディカル株式会社　あらい訪問介護事業所【訪問介護】新潟県妙高市朝日町1-10-3", "url2": "https://www.kaigokensaku.mhlw.go.jp/15/index.php?action_kouhyou_detail_004_kani=true&JigyosyoCd=1571600772-00&ServiceCd=110&Type=search" }, "geometry": { "type": "Point", "coordinates": [ 138.253080728836068, 37.027292717290656 ] } },
{ "type": "Feature", "properties": { "内容": "妙高の里ヘルパーステーション【訪問介護】新潟県妙高市大字葎生531-1", "url2": "https://www.kaigokensaku.mhlw.go.jp/15/index.php?action_kouhyou_detail_004_kani=true&JigyosyoCd=1571600830-00&ServiceCd=110&Type=search" }, "geometry": { "type": "Point", "coordinates": [ 138.2261852, 36.9318206 ] } },
{ "type": "Feature", "properties": { "内容": "ニチイケアセンター五泉【訪問介護】五泉市吉沢1-6-20", "url2": "https://www.kaigokensaku.mhlw.go.jp/15/index.php?action_kouhyou_detail_004_kani=true&JigyosyoCd=1571700267-00&ServiceCd=110&Type=search" }, "geometry": { "type": "Point", "coordinates": [ 139.180115099999966, 37.7375366 ] } },
{ "type": "Feature", "properties": { "内容": "ニチイケアセンター村松【訪問介護】新潟県五泉市村松甲2958番地3", "url2": "https://www.kaigokensaku.mhlw.go.jp/15/index.php?action_kouhyou_detail_004_kani=true&JigyosyoCd=1571700671-00&ServiceCd=110&Type=search" }, "geometry": { "type": "Point", "coordinates": [ 139.186480699999947, 37.6955747 ] } },
{ "type": "Feature", "properties": { "内容": "五泉社協ヘルパーステーション【訪問介護】五泉市愛宕甲7211番地1五泉市村松デイサービスセンター", "url2": "https://www.kaigokensaku.mhlw.go.jp/15/index.php?action_kouhyou_detail_004_kani=true&JigyosyoCd=1571700333-00&ServiceCd=110&Type=search" }, "geometry": { "type": "Point", "coordinates": [ 139.1921582, 37.6875256 ] } },
{ "type": "Feature", "properties": { "内容": "ケアステーション　こんぺいとう【訪問介護】新潟県五泉市宮町４番１０号", "url2": "https://www.kaigokensaku.mhlw.go.jp/15/index.php?action_kouhyou_detail_004_kani=true&JigyosyoCd=1571700622-00&ServiceCd=110&Type=search" }, "geometry": { "type": "Point", "coordinates": [ 139.173801700000013, 37.7430609 ] } },
{ "type": "Feature", "properties": { "内容": "渡辺プロ【訪問介護】新潟県五泉市横町1丁目4番7号", "url2": "https://www.kaigokensaku.mhlw.go.jp/15/index.php?action_kouhyou_detail_004_kani=true&JigyosyoCd=1571700820-00&ServiceCd=110&Type=search" }, "geometry": { "type": "Point", "coordinates": [ 139.173931971952413, 37.736889148062801 ] } },
{ "type": "Feature", "properties": { "内容": "新潟かがやき農業協同組合　訪問介護センター【訪問介護】五泉市旭町7番8号", "url2": "https://www.kaigokensaku.mhlw.go.jp/15/index.php?action_kouhyou_detail_004_kani=true&JigyosyoCd=1571700523-00&ServiceCd=110&Type=search" }, "geometry": { "type": "Point", "coordinates": [ 139.1811593, 37.7464355 ] } },
{ "type": "Feature", "properties": { "内容": "やさしい手東城訪問介護事業所【訪問介護】新潟県上越市東城町２丁目３番７７号やさしえ東城", "url2": "https://www.kaigokensaku.mhlw.go.jp/15/index.php?action_kouhyou_detail_004_kani=true&JigyosyoCd=1570304004-00&ServiceCd=110&Type=search" }, "geometry": { "type": "Point", "coordinates": [ 138.262845980812074, 37.107360593434095 ] } },
{ "type": "Feature", "properties": { "内容": "ツクイ上越つちはし【訪問介護】上越市土橋８２８－２", "url2": "https://www.kaigokensaku.mhlw.go.jp/15/index.php?action_kouhyou_detail_004_kani=true&JigyosyoCd=1570300267-00&ServiceCd=110&Type=search" }, "geometry": { "type": "Point", "coordinates": [ 138.2438383, 37.1334997 ] } },
{ "type": "Feature", "properties": { "内容": "ホームケアプラス訪問介護事業所【訪問介護】新潟県上越市中田原80-28", "url2": "https://www.kaigokensaku.mhlw.go.jp/15/index.php?action_kouhyou_detail_004_kani=true&JigyosyoCd=1570303006-00&ServiceCd=110&Type=search" }, "geometry": { "type": "Point", "coordinates": [ 138.234295017707865, 37.094736564187201 ] } },
{ "type": "Feature", "properties": { "内容": "エフビー訪問介護かすが【訪問介護】新潟県上越市木田2丁目16番50号ケアライフ春日", "url2": "https://www.kaigokensaku.mhlw.go.jp/15/index.php?action_kouhyou_detail_004_kani=true&JigyosyoCd=1570303535-00&ServiceCd=110&Type=search" }, "geometry": { "type": "Point", "coordinates": [ 138.243490599999973, 37.14474 ] } },
{ "type": "Feature", "properties": { "内容": "ヘルパーステーション府中会【訪問介護】新潟県上越市東雲町2丁目11番6号", "url2": "https://www.kaigokensaku.mhlw.go.jp/15/index.php?action_kouhyou_detail_004_kani=true&JigyosyoCd=1570303618-00&ServiceCd=110&Type=search" }, "geometry": { "type": "Point", "coordinates": [ 138.240901, 37.1686898 ] } },
{ "type": "Feature", "properties": { "内容": "医心館訪問介護ステーション上越Ⅱ【訪問介護】新潟県上越市上源入646番2", "url2": "https://www.kaigokensaku.mhlw.go.jp/15/index.php?action_kouhyou_detail_004_kani=true&JigyosyoCd=1570304202-00&ServiceCd=110&Type=search" }, "geometry": { "type": "Point", "coordinates": [ 138.25638570000001, 37.1594093 ] } },
{ "type": "Feature", "properties": { "内容": "訪問介護だいにち【訪問介護】新潟県上越市大字大日34番地5株式会社リボーン　本社", "url2": "https://www.kaigokensaku.mhlw.go.jp/15/index.php?action_kouhyou_detail_004_kani=true&JigyosyoCd=1570300093-00&ServiceCd=110&Type=search" }, "geometry": { "type": "Point", "coordinates": [ 138.264577799999984, 37.1322755 ] } },
{ "type": "Feature", "properties": { "内容": "ヘルパーステーション上越【訪問介護】新潟県上越市木田新田1丁目1番3号", "url2": "https://www.kaigokensaku.mhlw.go.jp/15/index.php?action_kouhyou_detail_004_kani=true&JigyosyoCd=1570300457-00&ServiceCd=110&Type=search" }, "geometry": { "type": "Point", "coordinates": [ 138.238836434826709, 37.139570944616175 ] } },
{ "type": "Feature", "properties": { "内容": "特別養護老人ホームよねやまの里【訪問介護】新潟県上越市柿崎区柿崎６４１４－１", "url2": "https://www.kaigokensaku.mhlw.go.jp/15/index.php?action_kouhyou_detail_004_kani=true&JigyosyoCd=1570301430-00&ServiceCd=110&Type=search" }, "geometry": { "type": "Point", "coordinates": [ 138.393884699999944, 37.2778513 ] } },
{ "type": "Feature", "properties": { "内容": "ヘルパーステーション上越北【訪問介護】新潟県上越市頸城区百間町６１５番地２", "url2": "https://www.kaigokensaku.mhlw.go.jp/15/index.php?action_kouhyou_detail_004_kani=true&JigyosyoCd=1570301687-00&ServiceCd=110&Type=search" }, "geometry": { "type": "Point", "coordinates": [ 138.331201299999947, 37.1867598 ] } },
{ "type": "Feature", "properties": { "内容": "ヘルパーステーション上越南【訪問介護】新潟県上越市清里区岡野町1618番地", "url2": "https://www.kaigokensaku.mhlw.go.jp/15/index.php?action_kouhyou_detail_004_kani=true&JigyosyoCd=1570301729-00&ServiceCd=110&Type=search" }, "geometry": { "type": "Point", "coordinates": [ 138.331692540991895, 37.078991532575728 ] } },
{ "type": "Feature", "properties": { "内容": "アースサポート上越【訪問介護】新潟県上越市とよば127番", "url2": "https://www.kaigokensaku.mhlw.go.jp/15/index.php?action_kouhyou_detail_004_kani=true&JigyosyoCd=1570303105-00&ServiceCd=110&Type=search" }, "geometry": { "type": "Point", "coordinates": [ 138.273934215827239, 37.103919630137526 ] } },
{ "type": "Feature", "properties": { "内容": "ヘルパーステーション柿崎【訪問介護】新潟県上越市柿崎区柿崎558番地1かきざき福祉センター", "url2": "https://www.kaigokensaku.mhlw.go.jp/15/index.php?action_kouhyou_detail_004_kani=true&JigyosyoCd=1570303469-00&ServiceCd=110&Type=search" }, "geometry": { "type": "Point", "coordinates": [ 138.3882853, 37.2754512 ] } },
{ "type": "Feature", "properties": { "内容": "医心館訪問介護ステーション上越【訪問介護】新潟県上越市下門前1698番", "url2": "https://www.kaigokensaku.mhlw.go.jp/15/index.php?action_kouhyou_detail_004_kani=true&JigyosyoCd=1570304020-00&ServiceCd=110&Type=search" }, "geometry": { "type": "Point", "coordinates": [ 138.2578205, 37.1554177 ] } },
{ "type": "Feature", "properties": { "内容": "めぐみ【訪問介護】新潟県上越市西城町1-1-20", "url2": "https://www.kaigokensaku.mhlw.go.jp/15/index.php?action_kouhyou_detail_004_kani=true&JigyosyoCd=1570300911-00&ServiceCd=110&Type=search" }, "geometry": { "type": "Point", "coordinates": [ 138.2511829, 37.1155248 ] } },
{ "type": "Feature", "properties": { "内容": "訪問介護きらめき【訪問介護】新潟県上越市下門前２２７６番地ロングライフきらめき", "url2": "https://www.kaigokensaku.mhlw.go.jp/15/index.php?action_kouhyou_detail_004_kani=true&JigyosyoCd=1570303626-00&ServiceCd=110&Type=search" }, "geometry": { "type": "Point", "coordinates": [ 138.251130800000027, 37.1617687 ] } },
{ "type": "Feature", "properties": { "内容": "さくらメディカル株式会社　高田訪問介護事業所【訪問介護】新潟県上越市鴨島2-1-9", "url2": "https://www.kaigokensaku.mhlw.go.jp/15/index.php?action_kouhyou_detail_004_kani=true&JigyosyoCd=1570300143-00&ServiceCd=110&Type=search" }, "geometry": { "type": "Point", "coordinates": [ 138.269592500000044, 37.1112396 ] } },
{ "type": "Feature", "properties": { "内容": "まちなか訪問介護サンクス【訪問介護】新潟県上越市寺町３－１０－１５", "url2": "https://www.kaigokensaku.mhlw.go.jp/15/index.php?action_kouhyou_detail_004_kani=true&JigyosyoCd=1570302826-00&ServiceCd=110&Type=search" }, "geometry": { "type": "Point", "coordinates": [ 138.2417587, 37.1177768 ] } },
{ "type": "Feature", "properties": { "内容": "さくらメディカル株式会社　本町訪問介護事業所【訪問介護】新潟県上越市本町3丁目1-13", "url2": "https://www.kaigokensaku.mhlw.go.jp/15/index.php?action_kouhyou_detail_004_kani=true&JigyosyoCd=1570304129-00&ServiceCd=110&Type=search" }, "geometry": { "type": "Point", "coordinates": [ 138.244200799999959, 37.1098401 ] } },
{ "type": "Feature", "properties": { "内容": "さくらメディカル株式会社　直江津訪問介護事業所【訪問介護】新潟県上越市西本町3-8-12", "url2": "https://www.kaigokensaku.mhlw.go.jp/15/index.php?action_kouhyou_detail_004_kani=true&JigyosyoCd=1570302644-00&ServiceCd=110&Type=search" }, "geometry": { "type": "Point", "coordinates": [ 138.237325080412376, 37.171314322928389 ] } },
{ "type": "Feature", "properties": { "内容": "ニチイケアセンター上越たかだ【訪問介護】新潟県上越市北城町4丁目13番8号北城センタービル1階南", "url2": "https://www.kaigokensaku.mhlw.go.jp/15/index.php?action_kouhyou_detail_004_kani=true&JigyosyoCd=1570303931-00&ServiceCd=110&Type=search" }, "geometry": { "type": "Point", "coordinates": [ 138.257792200000011, 37.1180265 ] } },
{ "type": "Feature", "properties": { "内容": "ヘルパーステーション安塚【訪問介護】新潟県上越市安塚区安塚2549-5", "url2": "https://www.kaigokensaku.mhlw.go.jp/15/index.php?action_kouhyou_detail_004_kani=true&JigyosyoCd=1570301737-00&ServiceCd=110&Type=search" }, "geometry": { "type": "Point", "coordinates": [ 138.443562499999985, 37.1282424 ] } },
{ "type": "Feature", "properties": { "内容": "ニチイケアセンター柿崎【訪問介護】新潟県上越市柿崎区柿崎675番地5スペース・ビュー2F", "url2": "https://www.kaigokensaku.mhlw.go.jp/15/index.php?action_kouhyou_detail_004_kani=true&JigyosyoCd=1570303436-00&ServiceCd=110&Type=search" }, "geometry": { "type": "Point", "coordinates": [ 138.391576432084946, 37.273342660198047 ] } },
{ "type": "Feature", "properties": { "内容": "ニチイケアセンター直江津【訪問介護】上越市五智新町1-24", "url2": "https://www.kaigokensaku.mhlw.go.jp/15/index.php?action_kouhyou_detail_004_kani=true&JigyosyoCd=1570300382-00&ServiceCd=110&Type=search" }, "geometry": { "type": "Point", "coordinates": [ 138.231110299999955, 37.1673702 ] } },
{ "type": "Feature", "properties": { "内容": "やさしい手上越訪問介護事業所【訪問介護】新潟県上越市木田１－１－１５", "url2": "https://www.kaigokensaku.mhlw.go.jp/15/index.php?action_kouhyou_detail_004_kani=true&JigyosyoCd=1570303188-00&ServiceCd=110&Type=search" }, "geometry": { "type": "Point", "coordinates": [ 138.235616735581971, 37.143020666098643 ] } },
{ "type": "Feature", "properties": { "内容": "ケアサービス絆【訪問介護】新潟県上越市大字今泉1310番地2", "url2": "https://www.kaigokensaku.mhlw.go.jp/15/index.php?action_kouhyou_detail_004_kani=true&JigyosyoCd=1570303485-00&ServiceCd=110&Type=search" }, "geometry": { "type": "Point", "coordinates": [ 138.248154611639421, 37.093033625698602 ] } },
{ "type": "Feature", "properties": { "内容": "あおい訪問介護事業所【訪問介護】新潟県上越市春日山町3丁目18-57ケインズビルⅡ2階", "url2": "https://www.kaigokensaku.mhlw.go.jp/15/index.php?action_kouhyou_detail_004_kani=true&JigyosyoCd=1570304160-00&ServiceCd=110&Type=search" }, "geometry": { "type": "Point", "coordinates": [ 138.230356570579914, 37.147668052354966 ] } },
{ "type": "Feature", "properties": { "内容": "あたごヘルパーステーション高田【訪問介護】新潟県上越市大貫３丁目３番１２号", "url2": "https://www.kaigokensaku.mhlw.go.jp/15/index.php?action_kouhyou_detail_004_kani=true&JigyosyoCd=1570304210-00&ServiceCd=110&Type=search" }, "geometry": { "type": "Point", "coordinates": [ 138.2346475, 37.1118266 ] } },
{ "type": "Feature", "properties": { "内容": "アクア上越訪問介護【訪問介護】新潟県上越市中田原122番地1", "url2": "https://www.kaigokensaku.mhlw.go.jp/15/index.php?action_kouhyou_detail_004_kani=true&JigyosyoCd=1570304269-00&ServiceCd=110&Type=search" }, "geometry": { "type": "Point", "coordinates": [ 138.238350234828204, 37.096068438326803 ] } },
{ "type": "Feature", "properties": { "内容": "ヘルパーステーションきずな【訪問介護】新潟県上越市木田３丁目８番４４号", "url2": "https://www.kaigokensaku.mhlw.go.jp/15/index.php?action_kouhyou_detail_004_kani=true&JigyosyoCd=1570303295-00&ServiceCd=110&Type=search" }, "geometry": { "type": "Point", "coordinates": [ 138.2425278, 37.1395048 ] } },
{ "type": "Feature", "properties": { "内容": "ケアセンターウィング　訪問介護ステーション【訪問介護】新潟県阿賀野市岡山町１番２８号", "url2": "https://www.kaigokensaku.mhlw.go.jp/15/index.php?action_kouhyou_detail_004_kani=true&JigyosyoCd=1572100046-00&ServiceCd=110&Type=search" }, "geometry": { "type": "Point", "coordinates": [ 139.222027900000057, 37.8347787 ] } },
{ "type": "Feature", "properties": { "内容": "阿賀野市社協ヘルパーステーションぬくもり【訪問介護】阿賀野市稲荷町11番地10号", "url2": "https://www.kaigokensaku.mhlw.go.jp/15/index.php?action_kouhyou_detail_004_kani=true&JigyosyoCd=1572100277-00&ServiceCd=110&Type=search" }, "geometry": { "type": "Point", "coordinates": [ 139.215881500000023, 37.8325733 ] } },
{ "type": "Feature", "properties": { "内容": "ヘルパーステーションにじいろ【訪問介護】新潟県阿賀野市保田4439番地", "url2": "https://www.kaigokensaku.mhlw.go.jp/15/index.php?action_kouhyou_detail_004_kani=true&JigyosyoCd=1572100970-00&ServiceCd=110&Type=search" }, "geometry": { "type": "Point", "coordinates": [ 139.237968099999989, 37.7719888 ] } },
{ "type": "Feature", "properties": { "内容": "ヘルパーステーションてまり【訪問介護】新潟県阿賀野市庄ケ宮173番地2", "url2": "https://www.kaigokensaku.mhlw.go.jp/15/index.php?action_kouhyou_detail_004_kani=true&JigyosyoCd=1572101010-00&ServiceCd=110&Type=search" }, "geometry": { "type": "Point", "coordinates": [ 139.231186076196281, 37.819063756441693 ] } },
{ "type": "Feature", "properties": { "内容": "介護サービスセンターふれあい館【訪問介護】新潟県佐渡市千種58番地1", "url2": "https://www.kaigokensaku.mhlw.go.jp/15/index.php?action_kouhyou_detail_004_kani=true&JigyosyoCd=1572200853-00&ServiceCd=110&Type=search" }, "geometry": { "type": "Point", "coordinates": [ 138.364543057008376, 38.021614010433765 ] } },
{ "type": "Feature", "properties": { "内容": "けあビジョンホーム佐渡訪問介護【訪問介護】新潟県佐渡市吉井本郷576-6けあビジョンホーム佐渡訪問介護", "url2": "https://www.kaigokensaku.mhlw.go.jp/15/index.php?action_kouhyou_detail_004_kani=true&JigyosyoCd=1572201349-00&ServiceCd=110&Type=search" }, "geometry": { "type": "Point", "coordinates": [ 138.392861392486168, 38.053614763652007 ] } },
{ "type": "Feature", "properties": { "内容": "ツクイ佐渡中央【訪問介護】新潟県佐渡市泉918-1", "url2": "https://www.kaigokensaku.mhlw.go.jp/15/index.php?action_kouhyou_detail_004_kani=true&JigyosyoCd=1572200069-00&ServiceCd=110&Type=search" }, "geometry": { "type": "Point", "coordinates": [ 138.350239692782651, 38.012756009625718 ] } },
{ "type": "Feature", "properties": { "内容": "社協ヘルパーステーションまごころ【訪問介護】新潟県佐渡市畑野甲５３１番地２", "url2": "https://www.kaigokensaku.mhlw.go.jp/15/index.php?action_kouhyou_detail_004_kani=true&JigyosyoCd=1572200713-00&ServiceCd=110&Type=search" }, "geometry": { "type": "Point", "coordinates": [ 138.395911863697052, 37.990882662467264 ] } },
{ "type": "Feature", "properties": { "内容": "老介護ときヘルパーステーション【訪問介護】新潟県佐渡市下長木４６６番地１", "url2": "https://www.kaigokensaku.mhlw.go.jp/15/index.php?action_kouhyou_detail_004_kani=true&JigyosyoCd=1572200077-00&ServiceCd=110&Type=search" }, "geometry": { "type": "Point", "coordinates": [ 138.331635399999982, 38.0091664 ] } },
{ "type": "Feature", "properties": { "内容": "ヘルパーステーションひなた【訪問介護】新潟県佐渡市青野334番地8", "url2": "https://www.kaigokensaku.mhlw.go.jp/15/index.php?action_kouhyou_detail_004_kani=true&JigyosyoCd=1572201372-00&ServiceCd=110&Type=search" }, "geometry": { "type": "Point", "coordinates": [ 138.303872840475464, 38.01548906439659 ] } },
{ "type": "Feature", "properties": { "内容": "ヘルパーステーションコスモス【訪問介護】新潟県魚沼市新保352", "url2": "https://www.kaigokensaku.mhlw.go.jp/15/index.php?action_kouhyou_detail_004_kani=true&JigyosyoCd=1572300034-00&ServiceCd=110&Type=search" }, "geometry": { "type": "Point", "coordinates": [ 138.9729625, 37.2440574 ] } },
{ "type": "Feature", "properties": { "内容": "魚沼社協訪問介護事業所【訪問介護】魚沼市今泉1477番地１", "url2": "https://www.kaigokensaku.mhlw.go.jp/15/index.php?action_kouhyou_detail_004_kani=true&JigyosyoCd=1572300455-00&ServiceCd=110&Type=search" }, "geometry": { "type": "Point", "coordinates": [ 138.975823414173703, 37.257098710465918 ] } },
{ "type": "Feature", "properties": { "内容": "ホームヘルプ春日和魚沼【訪問介護】新潟県魚沼市諏訪町1番地12MeCS上村ビル", "url2": "https://www.kaigokensaku.mhlw.go.jp/15/index.php?action_kouhyou_detail_004_kani=true&JigyosyoCd=1572300760-00&ServiceCd=110&Type=search" }, "geometry": { "type": "Point", "coordinates": [ 138.9600144, 37.2324594 ] } },
{ "type": "Feature", "properties": { "内容": "鈴懸おはようヘルプ【訪問介護】新潟県南魚沼市浦佐５１４２－１", "url2": "https://www.kaigokensaku.mhlw.go.jp/15/index.php?action_kouhyou_detail_004_kani=true&JigyosyoCd=1572400024-00&ServiceCd=110&Type=search" }, "geometry": { "type": "Point", "coordinates": [ 138.935349500000029, 37.1667772 ] } },
{ "type": "Feature", "properties": { "内容": "南魚沼市社会福祉協議会訪問介護事業所【訪問介護】新潟県南魚沼市泉甲154-1", "url2": "https://www.kaigokensaku.mhlw.go.jp/15/index.php?action_kouhyou_detail_004_kani=true&JigyosyoCd=1572400487-00&ServiceCd=110&Type=search" }, "geometry": { "type": "Point", "coordinates": [ 138.918711499999972, 37.0950249 ] } },
{ "type": "Feature", "properties": { "内容": "南魚沼市訪問介護事業所【訪問介護】新潟県南魚沼市東泉田898番地1", "url2": "https://www.kaigokensaku.mhlw.go.jp/15/index.php?action_kouhyou_detail_004_kani=true&JigyosyoCd=1572401261-00&ServiceCd=110&Type=search" }, "geometry": { "type": "Point", "coordinates": [ 138.876649050140486, 37.052806312213882 ] } },
{ "type": "Feature", "properties": { "内容": "社会福祉法人　胎内市社会福祉協議会【訪問介護】新潟県胎内市西本町11番11号「ほっとHOT・中条」内", "url2": "https://www.kaigokensaku.mhlw.go.jp/15/index.php?action_kouhyou_detail_004_kani=true&JigyosyoCd=1572500187-00&ServiceCd=110&Type=search" }, "geometry": { "type": "Point", "coordinates": [ 139.395349058860774, 38.052696586162767 ] } },
{ "type": "Feature", "properties": { "内容": "ヘルパーステーションなかじょう【訪問介護】胎内市十二天91-1", "url2": "https://www.kaigokensaku.mhlw.go.jp/15/index.php?action_kouhyou_detail_004_kani=true&JigyosyoCd=1572500088-00&ServiceCd=110&Type=search" }, "geometry": { "type": "Point", "coordinates": [ 139.409145250633713, 38.091878165091963 ] } },
{ "type": "Feature", "properties": { "内容": "ＳＯＭＰＯケア　聖籠　訪問介護【訪問介護】新潟県北蒲原郡聖籠町大字諏訪山1559番地30", "url2": "https://www.kaigokensaku.mhlw.go.jp/15/index.php?action_kouhyou_detail_004_kani=true&JigyosyoCd=1575001191-00&ServiceCd=110&Type=search" }, "geometry": { "type": "Point", "coordinates": [ 139.272160163862623, 37.972001773863454 ] } },
{ "type": "Feature", "properties": { "内容": "訪問介護センターはまなす【訪問介護】新潟県北蒲原郡聖籠町大字蓮潟２２４９番地特別養護老人ホームはすがた園内", "url2": "https://www.kaigokensaku.mhlw.go.jp/15/index.php?action_kouhyou_detail_004_kani=true&JigyosyoCd=1575001134-00&ServiceCd=110&Type=search" }, "geometry": { "type": "Point", "coordinates": [ 139.265826964495886, 37.978831202372973 ] } },
{ "type": "Feature", "properties": { "内容": "社会福祉法人　弥彦村社会福祉協議会【訪問介護】新潟県西蒲原郡弥彦村大字矢作4622番地", "url2": "https://www.kaigokensaku.mhlw.go.jp/15/index.php?action_kouhyou_detail_004_kani=true&JigyosyoCd=1575200389-00&ServiceCd=110&Type=search" }, "geometry": { "type": "Point", "coordinates": [ 138.855140500000061, 37.6978369 ] } },
{ "type": "Feature", "properties": { "内容": "社会福祉法人田上町社会福祉協議会【訪問介護】新潟県南蒲原郡田上町大字原ヶ崎新田3071番地", "url2": "https://www.kaigokensaku.mhlw.go.jp/15/index.php?action_kouhyou_detail_004_kani=true&JigyosyoCd=1575300064-00&ServiceCd=110&Type=search" }, "geometry": { "type": "Point", "coordinates": [ 139.057651399999941, 37.6982541 ] } },
{ "type": "Feature", "properties": { "内容": "訪問介護事業所　とうかん福祉サービス【訪問介護】東蒲原郡阿賀町九島５５２５番地ケアセンター　どんぐり", "url2": "https://www.kaigokensaku.mhlw.go.jp/15/index.php?action_kouhyou_detail_004_kani=true&JigyosyoCd=1575400112-00&ServiceCd=110&Type=search" }, "geometry": { "type": "Point", "coordinates": [ 139.469638329562713, 37.643087976196647 ] } },
{ "type": "Feature", "properties": { "内容": "ヘルパーステーション　大輪【訪問介護】東蒲原郡阿賀町平堀１８５５番地", "url2": "https://www.kaigokensaku.mhlw.go.jp/15/index.php?action_kouhyou_detail_004_kani=true&JigyosyoCd=1575400294-00&ServiceCd=110&Type=search" }, "geometry": { "type": "Point", "coordinates": [ 139.4689376, 37.6702196 ] } },
{ "type": "Feature", "properties": { "内容": "御山リンドウ訪問介護サービス【訪問介護】新潟県東蒲原郡阿賀町あが野南4324番地22", "url2": "https://www.kaigokensaku.mhlw.go.jp/15/index.php?action_kouhyou_detail_004_kani=true&JigyosyoCd=1575400401-00&ServiceCd=110&Type=search" }, "geometry": { "type": "Point", "coordinates": [ 139.368134924675758, 37.711459936817946 ] } },
{ "type": "Feature", "properties": { "内容": "ヘルパーステーションハピネス【訪問介護】新潟県三島郡出雲崎町大字上中条15-2", "url2": "https://www.kaigokensaku.mhlw.go.jp/15/index.php?action_kouhyou_detail_004_kani=true&JigyosyoCd=1575500549-00&ServiceCd=110&Type=search" }, "geometry": { "type": "Point", "coordinates": [ 138.714515, 37.5462109 ] } },
{ "type": "Feature", "properties": { "内容": "湯沢町社会福祉協議会訪問介護事業所【訪問介護】新潟県南魚沼郡湯沢町大字湯沢２８７７番地１　湯沢町総合福祉センター内", "url2": "https://www.kaigokensaku.mhlw.go.jp/15/index.php?action_kouhyou_detail_004_kani=true&JigyosyoCd=1575800287-00&ServiceCd=110&Type=search" }, "geometry": { "type": "Point", "coordinates": [ 138.813186216502345, 36.938659810655331 ] } },
{ "type": "Feature", "properties": { "内容": "津南町在宅介護支援センター【訪問介護】新潟県中魚沼郡津南町大字下船渡丁２６８２番地３", "url2": "https://www.kaigokensaku.mhlw.go.jp/15/index.php?action_kouhyou_detail_004_kani=true&JigyosyoCd=1575900061-00&ServiceCd=110&Type=search" }, "geometry": { "type": "Point", "coordinates": [ 138.649105700000064, 37.0154851 ] } },
{ "type": "Feature", "properties": { "内容": "ももの木ヘルパーステーションきらら【訪問介護】新潟県刈羽郡刈羽村大字刈羽1365番地2刈羽村高齢者福祉複合施設きらら内", "url2": "https://www.kaigokensaku.mhlw.go.jp/15/index.php?action_kouhyou_detail_004_kani=true&JigyosyoCd=1576000317-00&ServiceCd=110&Type=search" }, "geometry": { "type": "Point", "coordinates": [ 138.617828700000018, 37.4254552 ] } },
{ "type": "Feature", "properties": { "内容": "社会福祉法人　関川村社会福祉協議会【訪問介護】新潟県岩船郡関川村大字上関522番地38", "url2": "https://www.kaigokensaku.mhlw.go.jp/15/index.php?action_kouhyou_detail_004_kani=true&JigyosyoCd=1576400178-00&ServiceCd=110&Type=search" }, "geometry": { "type": "Point", "coordinates": [ 139.567379530204647, 38.089251791536896 ] } }
]
}
