{
"type": "FeatureCollection",
"name": "geo_15_3",
"crs": { "type": "name", "properties": { "name": "urn:ogc:def:crs:OGC:1.3:CRS84" } },
"features": [
{ "type": "Feature", "properties": { "ID": "1531530135647", "正式名称": "岡崎歯科医院", "機関区分": 3, "都道府県コード": 15, "市区町村コード": 103, "所在地": "新潟県新潟市中央区西堀前通４番町７３５番地１岡崎ビル２階", "緯度": 37.91871, "経度": 139.042346, "url": "https://www.iryou.teikyouseido.mhlw.go.jp/znk-web/juminkanja/S2430/initialize?prefCd=15&kikanCd=1530135647&kikanKbn=3", "url2": "https://www.okazaki-dent.com/", "内容": "岡崎歯科医院【3:歯科】新潟県新潟市中央区西堀前通４番町７３５番地１岡崎ビル２階" }, "geometry": { "type": "Point", "coordinates": [ 139.042346, 37.91871 ] } },
{ "type": "Feature", "properties": { "ID": "1537130187", "正式名称": "豊栄インター歯科", "機関区分": 3, "都道府県コード": 15, "市区町村コード": 101, "所在地": "新潟県新潟市北区かぶとやま２－３－３", "緯度": 37.930318, "経度": 139.217312, "url": "https://www.iryou.teikyouseido.mhlw.go.jp/znk-web/juminkanja/S2430/initialize?prefCd=15&kikanCd=7130187&kikanKbn=3", "url2": null, "内容": "豊栄インター歯科【3:歯科】新潟県新潟市北区かぶとやま２－３－３" }, "geometry": { "type": "Point", "coordinates": [ 139.217312, 37.930318 ] } },
{ "type": "Feature", "properties": { "ID": "153DECX00485", "正式名称": "アイル歯科医院", "機関区分": 3, "都道府県コード": 15, "市区町村コード": 102, "所在地": "新潟県新潟市東区空港西二丁目１６ー２３", "緯度": 37.947374, "経度": 139.098929, "url": "https://www.iryou.teikyouseido.mhlw.go.jp/znk-web/juminkanja/S2430/initialize?prefCd=15&kikanCd=DECX00485&kikanKbn=3", "url2": null, "内容": "アイル歯科医院【3:歯科】新潟県新潟市東区空港西二丁目１６ー２３" }, "geometry": { "type": "Point", "coordinates": [ 139.098929, 37.947374 ] } },
{ "type": "Feature", "properties": { "ID": "153DEJTX00001", "正式名称": "五十嵐歯科医院", "機関区分": 3, "都道府県コード": 15, "市区町村コード": 222, "所在地": "新潟県上越市大潟区渋柿浜１６０", "緯度": 37.217983, "経度": 138.309463, "url": "https://www.iryou.teikyouseido.mhlw.go.jp/znk-web/juminkanja/S2430/initialize?prefCd=15&kikanCd=DEJTX00001&kikanKbn=3", "url2": null, "内容": "五十嵐歯科医院【3:歯科】新潟県上越市大潟区渋柿浜１６０" }, "geometry": { "type": "Point", "coordinates": [ 138.309463, 37.217983 ] } },
{ "type": "Feature", "properties": { "ID": "153DEJTX00003", "正式名称": "丸田歯科医院", "機関区分": 3, "都道府県コード": 15, "市区町村コード": 222, "所在地": "新潟県上越市五智１－４－１３", "緯度": 37.170195, "経度": 138.232905, "url": "https://www.iryou.teikyouseido.mhlw.go.jp/znk-web/juminkanja/S2430/initialize?prefCd=15&kikanCd=DEJTX00003&kikanKbn=3", "url2": null, "内容": "丸田歯科医院【3:歯科】新潟県上越市五智１－４－１３" }, "geometry": { "type": "Point", "coordinates": [ 138.232905, 37.170195 ] } },
{ "type": "Feature", "properties": { "ID": "153DEJTX00004", "正式名称": "小菅歯科医院", "機関区分": 3, "都道府県コード": 15, "市区町村コード": 222, "所在地": "新潟県上越市浦川原区有島１２番地", "緯度": 37.158316, "経度": 138.42474, "url": "https://www.iryou.teikyouseido.mhlw.go.jp/znk-web/juminkanja/S2430/initialize?prefCd=15&kikanCd=DEJTX00004&kikanKbn=3", "url2": null, "内容": "小菅歯科医院【3:歯科】新潟県上越市浦川原区有島１２番地" }, "geometry": { "type": "Point", "coordinates": [ 138.42474, 37.158316 ] } },
{ "type": "Feature", "properties": { "ID": "153DEJTX00006", "正式名称": "山崎歯科医院", "機関区分": 3, "都道府県コード": 15, "市区町村コード": 222, "所在地": "新潟県上越市中郷区江口４４３－２", "緯度": 36.949376, "経度": 138.214297, "url": "https://www.iryou.teikyouseido.mhlw.go.jp/znk-web/juminkanja/S2430/initialize?prefCd=15&kikanCd=DEJTX00006&kikanKbn=3", "url2": null, "内容": "山崎歯科医院【3:歯科】新潟県上越市中郷区江口４４３－２" }, "geometry": { "type": "Point", "coordinates": [ 138.214297, 36.949376 ] } },
{ "type": "Feature", "properties": { "ID": "153DEJTX00007", "正式名称": "中嶋歯科医院", "機関区分": 3, "都道府県コード": 15, "市区町村コード": 222, "所在地": "新潟県上越市本町４丁目３番１８号", "緯度": 37.111492, "経度": 138.244744, "url": "https://www.iryou.teikyouseido.mhlw.go.jp/znk-web/juminkanja/S2430/initialize?prefCd=15&kikanCd=DEJTX00007&kikanKbn=3", "url2": null, "内容": "中嶋歯科医院【3:歯科】新潟県上越市本町４丁目３番１８号" }, "geometry": { "type": "Point", "coordinates": [ 138.244744, 37.111492 ] } },
{ "type": "Feature", "properties": { "ID": "153DEJTX00008", "正式名称": "古館歯科医院", "機関区分": 3, "都道府県コード": 15, "市区町村コード": 222, "所在地": "新潟県上越市南城町１−９−１８", "緯度": 37.101522, "経度": 138.250304, "url": "https://www.iryou.teikyouseido.mhlw.go.jp/znk-web/juminkanja/S2430/initialize?prefCd=15&kikanCd=DEJTX00008&kikanKbn=3", "url2": null, "内容": "古館歯科医院【3:歯科】新潟県上越市南城町１−９−１８" }, "geometry": { "type": "Point", "coordinates": [ 138.250304, 37.101522 ] } },
{ "type": "Feature", "properties": { "ID": "153DEJTX00009", "正式名称": "医療法人社団　佐藤歯科医院", "機関区分": 3, "都道府県コード": 15, "市区町村コード": 222, "所在地": "新潟県上越市本町６−２−１", "緯度": 37.115523, "経度": 138.245319, "url": "https://www.iryou.teikyouseido.mhlw.go.jp/znk-web/juminkanja/S2430/initialize?prefCd=15&kikanCd=DEJTX00009&kikanKbn=3", "url2": "https://sato-shikaiin-joetsu.com/", "内容": "医療法人社団　佐藤歯科医院【3:歯科】新潟県上越市本町６−２−１" }, "geometry": { "type": "Point", "coordinates": [ 138.245319, 37.115523 ] } },
{ "type": "Feature", "properties": { "ID": "153DEJTX00010", "正式名称": "須藤歯科医院", "機関区分": 3, "都道府県コード": 15, "市区町村コード": 222, "所在地": "新潟県上越市西本町４丁目６番１５号", "緯度": 37.173574, "経度": 138.240229, "url": "https://www.iryou.teikyouseido.mhlw.go.jp/znk-web/juminkanja/S2430/initialize?prefCd=15&kikanCd=DEJTX00010&kikanKbn=3", "url2": null, "内容": "須藤歯科医院【3:歯科】新潟県上越市西本町４丁目６番１５号" }, "geometry": { "type": "Point", "coordinates": [ 138.240229, 37.173574 ] } },
{ "type": "Feature", "properties": { "ID": "153DEJTX00011", "正式名称": "永井歯科医院", "機関区分": 3, "都道府県コード": 15, "市区町村コード": 222, "所在地": "新潟県上越市南本町２丁目６番３４号", "緯度": 37.098947, "経度": 138.250687, "url": "https://www.iryou.teikyouseido.mhlw.go.jp/znk-web/juminkanja/S2430/initialize?prefCd=15&kikanCd=DEJTX00011&kikanKbn=3", "url2": null, "内容": "永井歯科医院【3:歯科】新潟県上越市南本町２丁目６番３４号" }, "geometry": { "type": "Point", "coordinates": [ 138.250687, 37.098947 ] } },
{ "type": "Feature", "properties": { "ID": "153DEJTX00012", "正式名称": "神岡歯科医院", "機関区分": 3, "都道府県コード": 15, "市区町村コード": 222, "所在地": "新潟県上越市西城町３－１－１４", "緯度": 37.115576, "経度": 138.247103, "url": "https://www.iryou.teikyouseido.mhlw.go.jp/znk-web/juminkanja/S2430/initialize?prefCd=15&kikanCd=DEJTX00012&kikanKbn=3", "url2": "https://kamioka-dc.jp", "内容": "神岡歯科医院【3:歯科】新潟県上越市西城町３－１－１４" }, "geometry": { "type": "Point", "coordinates": [ 138.247103, 37.115576 ] } },
{ "type": "Feature", "properties": { "ID": "153DEJTX00013", "正式名称": "小林歯科医院", "機関区分": 3, "都道府県コード": 15, "市区町村コード": 222, "所在地": "新潟県上越市中央１－１８－１１", "緯度": 37.173904, "経度": 138.24516, "url": "https://www.iryou.teikyouseido.mhlw.go.jp/znk-web/juminkanja/S2430/initialize?prefCd=15&kikanCd=DEJTX00013&kikanKbn=3", "url2": null, "内容": "小林歯科医院【3:歯科】新潟県上越市中央１－１８－１１" }, "geometry": { "type": "Point", "coordinates": [ 138.24516, 37.173904 ] } },
{ "type": "Feature", "properties": { "ID": "153DEJTX00014", "正式名称": "三上歯科医院", "機関区分": 3, "都道府県コード": 15, "市区町村コード": 222, "所在地": "新潟県上越市仲町２－３－１２", "緯度": 37.107935, "経度": 138.242236, "url": "https://www.iryou.teikyouseido.mhlw.go.jp/znk-web/juminkanja/S2430/initialize?prefCd=15&kikanCd=DEJTX00014&kikanKbn=3", "url2": null, "内容": "三上歯科医院【3:歯科】新潟県上越市仲町２－３－１２" }, "geometry": { "type": "Point", "coordinates": [ 138.242236, 37.107935 ] } },
{ "type": "Feature", "properties": { "ID": "153DEJTX00015", "正式名称": "藤戸歯科", "機関区分": 3, "都道府県コード": 15, "市区町村コード": 222, "所在地": "新潟県上越市春日新田１ー１９ー４", "緯度": 37.172052, "経度": 138.255378, "url": "https://www.iryou.teikyouseido.mhlw.go.jp/znk-web/juminkanja/S2430/initialize?prefCd=15&kikanCd=DEJTX00015&kikanKbn=3", "url2": "https://www.fujitosika.com/", "内容": "藤戸歯科【3:歯科】新潟県上越市春日新田１ー１９ー４" }, "geometry": { "type": "Point", "coordinates": [ 138.255378, 37.172052 ] } },
{ "type": "Feature", "properties": { "ID": "153DEJTX00016", "正式名称": "小山歯科医院", "機関区分": 3, "都道府県コード": 15, "市区町村コード": 222, "所在地": "新潟県上越市大潟区潟町８５", "緯度": 37.234057, "経度": 138.332903, "url": "https://www.iryou.teikyouseido.mhlw.go.jp/znk-web/juminkanja/S2430/initialize?prefCd=15&kikanCd=DEJTX00016&kikanKbn=3", "url2": null, "内容": "小山歯科医院【3:歯科】新潟県上越市大潟区潟町８５" }, "geometry": { "type": "Point", "coordinates": [ 138.332903, 37.234057 ] } },
{ "type": "Feature", "properties": { "ID": "153DEJTX00017", "正式名称": "長谷川歯科医院", "機関区分": 3, "都道府県コード": 15, "市区町村コード": 222, "所在地": "新潟県上越市大和１－７－６", "緯度": 37.079353, "経度": 138.252676, "url": "https://www.iryou.teikyouseido.mhlw.go.jp/znk-web/juminkanja/S2430/initialize?prefCd=15&kikanCd=DEJTX00017&kikanKbn=3", "url2": null, "内容": "長谷川歯科医院【3:歯科】新潟県上越市大和１－７－６" }, "geometry": { "type": "Point", "coordinates": [ 138.252676, 37.079353 ] } },
{ "type": "Feature", "properties": { "ID": "153DEJTX00018", "正式名称": "小林歯科医院", "機関区分": 3, "都道府県コード": 15, "市区町村コード": 222, "所在地": "新潟県上越市本町１―５―２", "緯度": 37.102638, "経度": 138.243136, "url": "https://www.iryou.teikyouseido.mhlw.go.jp/znk-web/juminkanja/S2430/initialize?prefCd=15&kikanCd=DEJTX00018&kikanKbn=3", "url2": null, "内容": "小林歯科医院【3:歯科】新潟県上越市本町１―５―２" }, "geometry": { "type": "Point", "coordinates": [ 138.243136, 37.102638 ] } },
{ "type": "Feature", "properties": { "ID": "153DEJTX00019", "正式名称": "くびき歯科医院", "機関区分": 3, "都道府県コード": 15, "市区町村コード": 222, "所在地": "新潟県上越市頸城区百間町７２５", "緯度": 37.186919, "経度": 138.326286, "url": "https://www.iryou.teikyouseido.mhlw.go.jp/znk-web/juminkanja/S2430/initialize?prefCd=15&kikanCd=DEJTX00019&kikanKbn=3", "url2": null, "内容": "くびき歯科医院【3:歯科】新潟県上越市頸城区百間町７２５" }, "geometry": { "type": "Point", "coordinates": [ 138.326286, 37.186919 ] } },
{ "type": "Feature", "properties": { "ID": "153DEJTX00020", "正式名称": "つばめ歯科医院", "機関区分": 3, "都道府県コード": 15, "市区町村コード": 222, "所在地": "新潟県上越市大豆２丁目４－１２つばめ歯科医院", "緯度": 37.155071, "経度": 138.224562, "url": "https://www.iryou.teikyouseido.mhlw.go.jp/znk-web/juminkanja/S2430/initialize?prefCd=15&kikanCd=DEJTX00020&kikanKbn=3", "url2": "https://tsubame-dc.littlestar.jp/", "内容": "つばめ歯科医院【3:歯科】新潟県上越市大豆２丁目４－１２つばめ歯科医院" }, "geometry": { "type": "Point", "coordinates": [ 138.224562, 37.155071 ] } },
{ "type": "Feature", "properties": { "ID": "153DEJTX00021", "正式名称": "さかもと歯科医院", "機関区分": 3, "都道府県コード": 15, "市区町村コード": 222, "所在地": "新潟県上越市北城町１－３－２８", "緯度": 37.114998, "経度": 138.262474, "url": "https://www.iryou.teikyouseido.mhlw.go.jp/znk-web/juminkanja/S2430/initialize?prefCd=15&kikanCd=DEJTX00021&kikanKbn=3", "url2": "https://sakadent.jpn.org/", "内容": "さかもと歯科医院【3:歯科】新潟県上越市北城町１－３－２８" }, "geometry": { "type": "Point", "coordinates": [ 138.262474, 37.114998 ] } },
{ "type": "Feature", "properties": { "ID": "153DEJTX00022", "正式名称": "佐藤歯科医院", "機関区分": 3, "都道府県コード": 15, "市区町村コード": 222, "所在地": "新潟県上越市板倉区針４２０－２１", "緯度": 37.05419, "経度": 138.291839, "url": "https://www.iryou.teikyouseido.mhlw.go.jp/znk-web/juminkanja/S2430/initialize?prefCd=15&kikanCd=DEJTX00022&kikanKbn=3", "url2": null, "内容": "佐藤歯科医院【3:歯科】新潟県上越市板倉区針４２０－２１" }, "geometry": { "type": "Point", "coordinates": [ 138.291839, 37.05419 ] } },
{ "type": "Feature", "properties": { "ID": "153DEJTX00023", "正式名称": "ながの歯科医院", "機関区分": 3, "都道府県コード": 15, "市区町村コード": 217, "所在地": "新潟県妙高市諏訪町２丁目６ー３１", "緯度": 37.025925, "経度": 138.258249, "url": "https://www.iryou.teikyouseido.mhlw.go.jp/znk-web/juminkanja/S2430/initialize?prefCd=15&kikanCd=DEJTX00023&kikanKbn=3", "url2": null, "内容": "ながの歯科医院【3:歯科】新潟県妙高市諏訪町２丁目６ー３１" }, "geometry": { "type": "Point", "coordinates": [ 138.258249, 37.025925 ] } },
{ "type": "Feature", "properties": { "ID": "153DEJTX00024", "正式名称": "よしだ歯科医院", "機関区分": 3, "都道府県コード": 15, "市区町村コード": 222, "所在地": "新潟県上越市栄町２丁目１－１９", "緯度": 37.164529, "経度": 138.242144, "url": "https://www.iryou.teikyouseido.mhlw.go.jp/znk-web/juminkanja/S2430/initialize?prefCd=15&kikanCd=DEJTX00024&kikanKbn=3", "url2": null, "内容": "よしだ歯科医院【3:歯科】新潟県上越市栄町２丁目１－１９" }, "geometry": { "type": "Point", "coordinates": [ 138.242144, 37.164529 ] } },
{ "type": "Feature", "properties": { "ID": "153DEJTX00025", "正式名称": "廣瀬歯科クリニック", "機関区分": 3, "都道府県コード": 15, "市区町村コード": 217, "所在地": "新潟県妙高市田町１丁目５番１２号", "緯度": 37.022091, "経度": 138.253339, "url": "https://www.iryou.teikyouseido.mhlw.go.jp/znk-web/juminkanja/S2430/initialize?prefCd=15&kikanCd=DEJTX00025&kikanKbn=3", "url2": null, "内容": "廣瀬歯科クリニック【3:歯科】新潟県妙高市田町１丁目５番１２号" }, "geometry": { "type": "Point", "coordinates": [ 138.253339, 37.022091 ] } },
{ "type": "Feature", "properties": { "ID": "153DEJTX00026", "正式名称": "小島歯科医院", "機関区分": 3, "都道府県コード": 15, "市区町村コード": 217, "所在地": "新潟県妙高市関山２１２３－１", "緯度": 36.935305, "経度": 138.223348, "url": "https://www.iryou.teikyouseido.mhlw.go.jp/znk-web/juminkanja/S2430/initialize?prefCd=15&kikanCd=DEJTX00026&kikanKbn=3", "url2": null, "内容": "小島歯科医院【3:歯科】新潟県妙高市関山２１２３－１" }, "geometry": { "type": "Point", "coordinates": [ 138.223348, 36.935305 ] } },
{ "type": "Feature", "properties": { "ID": "153DEJTX00027", "正式名称": "戸野目歯科医院", "機関区分": 3, "都道府県コード": 15, "市区町村コード": 222, "所在地": "新潟県上越市平成町１９", "緯度": 37.120271, "経度": 138.278137, "url": "https://www.iryou.teikyouseido.mhlw.go.jp/znk-web/juminkanja/S2430/initialize?prefCd=15&kikanCd=DEJTX00027&kikanKbn=3", "url2": null, "内容": "戸野目歯科医院【3:歯科】新潟県上越市平成町１９" }, "geometry": { "type": "Point", "coordinates": [ 138.278137, 37.120271 ] } },
{ "type": "Feature", "properties": { "ID": "153DEJTX00028", "正式名称": "中村歯科医院", "機関区分": 3, "都道府県コード": 15, "市区町村コード": 222, "所在地": "新潟県上越市中央１丁目２６番２３号", "緯度": 37.175855, "経度": 138.246978, "url": "https://www.iryou.teikyouseido.mhlw.go.jp/znk-web/juminkanja/S2430/initialize?prefCd=15&kikanCd=DEJTX00028&kikanKbn=3", "url2": null, "内容": "中村歯科医院【3:歯科】新潟県上越市中央１丁目２６番２３号" }, "geometry": { "type": "Point", "coordinates": [ 138.246978, 37.175855 ] } },
{ "type": "Feature", "properties": { "ID": "153DEJTX00029", "正式名称": "大塚歯科医院", "機関区分": 3, "都道府県コード": 15, "市区町村コード": 222, "所在地": "新潟県上越市鴨島１－２－７", "緯度": 37.112713, "経度": 138.273544, "url": "https://www.iryou.teikyouseido.mhlw.go.jp/znk-web/juminkanja/S2430/initialize?prefCd=15&kikanCd=DEJTX00029&kikanKbn=3", "url2": null, "内容": "大塚歯科医院【3:歯科】新潟県上越市鴨島１－２－７" }, "geometry": { "type": "Point", "coordinates": [ 138.273544, 37.112713 ] } },
{ "type": "Feature", "properties": { "ID": "153DEJTX00030", "正式名称": "山口歯科医院", "機関区分": 3, "都道府県コード": 15, "市区町村コード": 217, "所在地": "新潟県妙高市姫川原９２６－４", "緯度": 37.005373, "経度": 138.260958, "url": "https://www.iryou.teikyouseido.mhlw.go.jp/znk-web/juminkanja/S2430/initialize?prefCd=15&kikanCd=DEJTX00030&kikanKbn=3", "url2": null, "内容": "山口歯科医院【3:歯科】新潟県妙高市姫川原９２６－４" }, "geometry": { "type": "Point", "coordinates": [ 138.260958, 37.005373 ] } },
{ "type": "Feature", "properties": { "ID": "153DEJTX00031", "正式名称": "医療法人徳真会　松村歯科上越診療所", "機関区分": 3, "都道府県コード": 15, "市区町村コード": 222, "所在地": "新潟県上越市春日野１丁目４番１７号", "緯度": 37.148658, "経度": 138.228523, "url": "https://www.iryou.teikyouseido.mhlw.go.jp/znk-web/juminkanja/S2430/initialize?prefCd=15&kikanCd=DEJTX00031&kikanKbn=3", "url2": "https://www.tokushinkai.or.jp/", "内容": "医療法人徳真会　松村歯科上越診療所【3:歯科】新潟県上越市春日野１丁目４番１７号" }, "geometry": { "type": "Point", "coordinates": [ 138.228523, 37.148658 ] } },
{ "type": "Feature", "properties": { "ID": "153DEJTX00032", "正式名称": "クラーク歯科医院", "機関区分": 3, "都道府県コード": 15, "市区町村コード": 222, "所在地": "新潟県上越市春日野１－１４－１１", "緯度": 37.15145, "経度": 138.228325, "url": "https://www.iryou.teikyouseido.mhlw.go.jp/znk-web/juminkanja/S2430/initialize?prefCd=15&kikanCd=DEJTX00032&kikanKbn=3", "url2": null, "内容": "クラーク歯科医院【3:歯科】新潟県上越市春日野１－１４－１１" }, "geometry": { "type": "Point", "coordinates": [ 138.228325, 37.15145 ] } },
{ "type": "Feature", "properties": { "ID": "153DEJTX00033", "正式名称": "さとう歯科クリニック", "機関区分": 3, "都道府県コード": 15, "市区町村コード": 222, "所在地": "新潟県上越市南本町３－６－１０", "緯度": 37.101136, "経度": 138.247996, "url": "https://www.iryou.teikyouseido.mhlw.go.jp/znk-web/juminkanja/S2430/initialize?prefCd=15&kikanCd=DEJTX00033&kikanKbn=3", "url2": null, "内容": "さとう歯科クリニック【3:歯科】新潟県上越市南本町３－６－１０" }, "geometry": { "type": "Point", "coordinates": [ 138.247996, 37.101136 ] } },
{ "type": "Feature", "properties": { "ID": "153DEJTX00034", "正式名称": "池田歯科医院", "機関区分": 3, "都道府県コード": 15, "市区町村コード": 222, "所在地": "新潟県上越市飯７４４－２", "緯度": 37.122572, "経度": 138.231927, "url": "https://www.iryou.teikyouseido.mhlw.go.jp/znk-web/juminkanja/S2430/initialize?prefCd=15&kikanCd=DEJTX00034&kikanKbn=3", "url2": "ii-ikeda.ci-hp.jp", "内容": "池田歯科医院【3:歯科】新潟県上越市飯７４４－２" }, "geometry": { "type": "Point", "coordinates": [ 138.231927, 37.122572 ] } },
{ "type": "Feature", "properties": { "ID": "153DEJTX00035", "正式名称": "わくい歯科クリニック", "機関区分": 3, "都道府県コード": 15, "市区町村コード": 217, "所在地": "新潟県妙高市柳井田町２ー１２ー１", "緯度": 37.053572, "経度": 138.259289, "url": "https://www.iryou.teikyouseido.mhlw.go.jp/znk-web/juminkanja/S2430/initialize?prefCd=15&kikanCd=DEJTX00035&kikanKbn=3", "url2": null, "内容": "わくい歯科クリニック【3:歯科】新潟県妙高市柳井田町２ー１２ー１" }, "geometry": { "type": "Point", "coordinates": [ 138.259289, 37.053572 ] } },
{ "type": "Feature", "properties": { "ID": "153DEJTX00036", "正式名称": "ひまわり歯科医院", "機関区分": 3, "都道府県コード": 15, "市区町村コード": 222, "所在地": "新潟県上越市福田７３９－８", "緯度": 37.172246, "経度": 138.275613, "url": "https://www.iryou.teikyouseido.mhlw.go.jp/znk-web/juminkanja/S2430/initialize?prefCd=15&kikanCd=DEJTX00036&kikanKbn=3", "url2": null, "内容": "ひまわり歯科医院【3:歯科】新潟県上越市福田７３９－８" }, "geometry": { "type": "Point", "coordinates": [ 138.275613, 37.172246 ] } },
{ "type": "Feature", "properties": { "ID": "153DEJTX00037", "正式名称": "山田歯科医院", "機関区分": 3, "都道府県コード": 15, "市区町村コード": 222, "所在地": "新潟県上越市頸城区舟津２２", "緯度": 37.187985, "経度": 138.324916, "url": "https://www.iryou.teikyouseido.mhlw.go.jp/znk-web/juminkanja/S2430/initialize?prefCd=15&kikanCd=DEJTX00037&kikanKbn=3", "url2": null, "内容": "山田歯科医院【3:歯科】新潟県上越市頸城区舟津２２" }, "geometry": { "type": "Point", "coordinates": [ 138.324916, 37.187985 ] } },
{ "type": "Feature", "properties": { "ID": "153DEJTX00038", "正式名称": "浜歯科医院", "機関区分": 3, "都道府県コード": 15, "市区町村コード": 222, "所在地": "新潟県上越市昭和町２丁目１２番３号", "緯度": 37.121652, "経度": 138.236949, "url": "https://www.iryou.teikyouseido.mhlw.go.jp/znk-web/juminkanja/S2430/initialize?prefCd=15&kikanCd=DEJTX00038&kikanKbn=3", "url2": "hamadentalclinic.com", "内容": "浜歯科医院【3:歯科】新潟県上越市昭和町２丁目１２番３号" }, "geometry": { "type": "Point", "coordinates": [ 138.236949, 37.121652 ] } },
{ "type": "Feature", "properties": { "ID": "153DEJTX00039", "正式名称": "赤川歯科クリニック", "機関区分": 3, "都道府県コード": 15, "市区町村コード": 222, "所在地": "新潟県上越市高土町１－４－１６", "緯度": 37.123389, "経度": 138.253548, "url": "https://www.iryou.teikyouseido.mhlw.go.jp/znk-web/juminkanja/S2430/initialize?prefCd=15&kikanCd=DEJTX00039&kikanKbn=3", "url2": "http://www.akagawa-dental.com", "内容": "赤川歯科クリニック【3:歯科】新潟県上越市高土町１－４－１６" }, "geometry": { "type": "Point", "coordinates": [ 138.253548, 37.123389 ] } },
{ "type": "Feature", "properties": { "ID": "153DEJTX00040", "正式名称": "たいき歯科医院", "機関区分": 3, "都道府県コード": 15, "市区町村コード": 222, "所在地": "新潟県上越市藤野新田１１８３", "緯度": 37.151244, "経度": 138.256027, "url": "https://www.iryou.teikyouseido.mhlw.go.jp/znk-web/juminkanja/S2430/initialize?prefCd=15&kikanCd=DEJTX00040&kikanKbn=3", "url2": "www.taikidental.com", "内容": "たいき歯科医院【3:歯科】新潟県上越市藤野新田１１８３" }, "geometry": { "type": "Point", "coordinates": [ 138.256027, 37.151244 ] } },
{ "type": "Feature", "properties": { "ID": "153DEJTX00041", "正式名称": "うちやま歯科医院", "機関区分": 3, "都道府県コード": 15, "市区町村コード": 217, "所在地": "新潟県妙高市栗原二丁目５番４号", "緯度": 37.042462, "経度": 138.261114, "url": "https://www.iryou.teikyouseido.mhlw.go.jp/znk-web/juminkanja/S2430/initialize?prefCd=15&kikanCd=DEJTX00041&kikanKbn=3", "url2": null, "内容": "うちやま歯科医院【3:歯科】新潟県妙高市栗原二丁目５番４号" }, "geometry": { "type": "Point", "coordinates": [ 138.261114, 37.042462 ] } },
{ "type": "Feature", "properties": { "ID": "153DEJTX00042", "正式名称": "飯原歯科医院", "機関区分": 3, "都道府県コード": 15, "市区町村コード": 222, "所在地": "新潟県上越市安塚区安塚９４２－２", "緯度": 37.131566, "経度": 138.445491, "url": "https://www.iryou.teikyouseido.mhlw.go.jp/znk-web/juminkanja/S2430/initialize?prefCd=15&kikanCd=DEJTX00042&kikanKbn=3", "url2": null, "内容": "飯原歯科医院【3:歯科】新潟県上越市安塚区安塚９４２－２" }, "geometry": { "type": "Point", "coordinates": [ 138.445491, 37.131566 ] } },
{ "type": "Feature", "properties": { "ID": "153DEJTX00043", "正式名称": "下黒川歯科医院", "機関区分": 3, "都道府県コード": 15, "市区町村コード": 222, "所在地": "新潟県上越市柿崎区柳ケ崎１２１－１下黒川歯科医院", "緯度": 37.257182, "経度": 138.404554, "url": "https://www.iryou.teikyouseido.mhlw.go.jp/znk-web/juminkanja/S2430/initialize?prefCd=15&kikanCd=DEJTX00043&kikanKbn=3", "url2": null, "内容": "下黒川歯科医院【3:歯科】新潟県上越市柿崎区柳ケ崎１２１－１下黒川歯科医院" }, "geometry": { "type": "Point", "coordinates": [ 138.404554, 37.257182 ] } },
{ "type": "Feature", "properties": { "ID": "153DEJTX00044", "正式名称": "丸田歯科医院", "機関区分": 3, "都道府県コード": 15, "市区町村コード": 222, "所在地": "新潟県上越市浦川原区顕聖寺２１９", "緯度": 37.158171, "経度": 138.422237, "url": "https://www.iryou.teikyouseido.mhlw.go.jp/znk-web/juminkanja/S2430/initialize?prefCd=15&kikanCd=DEJTX00044&kikanKbn=3", "url2": null, "内容": "丸田歯科医院【3:歯科】新潟県上越市浦川原区顕聖寺２１９" }, "geometry": { "type": "Point", "coordinates": [ 138.422237, 37.158171 ] } },
{ "type": "Feature", "properties": { "ID": "153DEJTX00045", "正式名称": "相馬歯科医院", "機関区分": 3, "都道府県コード": 15, "市区町村コード": 222, "所在地": "新潟県上越市黒井１８８７", "緯度": 37.192699, "経度": 138.270755, "url": "https://www.iryou.teikyouseido.mhlw.go.jp/znk-web/juminkanja/S2430/initialize?prefCd=15&kikanCd=DEJTX00045&kikanKbn=3", "url2": null, "内容": "相馬歯科医院【3:歯科】新潟県上越市黒井１８８７" }, "geometry": { "type": "Point", "coordinates": [ 138.270755, 37.192699 ] } },
{ "type": "Feature", "properties": { "ID": "153DEJTX00046", "正式名称": "ゆう歯科クリニック", "機関区分": 3, "都道府県コード": 15, "市区町村コード": 222, "所在地": "新潟県上越市子安１３６４", "緯度": 37.107595, "経度": 138.274717, "url": "https://www.iryou.teikyouseido.mhlw.go.jp/znk-web/juminkanja/S2430/initialize?prefCd=15&kikanCd=DEJTX00046&kikanKbn=3", "url2": null, "内容": "ゆう歯科クリニック【3:歯科】新潟県上越市子安１３６４" }, "geometry": { "type": "Point", "coordinates": [ 138.274717, 37.107595 ] } },
{ "type": "Feature", "properties": { "ID": "153DEJTX00048", "正式名称": "加藤歯科クリニック", "機関区分": 3, "都道府県コード": 15, "市区町村コード": 222, "所在地": "新潟県上越市西田中２２７", "緯度": 37.064402, "経度": 138.258163, "url": "https://www.iryou.teikyouseido.mhlw.go.jp/znk-web/juminkanja/S2430/initialize?prefCd=15&kikanCd=DEJTX00048&kikanKbn=3", "url2": null, "内容": "加藤歯科クリニック【3:歯科】新潟県上越市西田中２２７" }, "geometry": { "type": "Point", "coordinates": [ 138.258163, 37.064402 ] } },
{ "type": "Feature", "properties": { "ID": "153DEJTX00049", "正式名称": "横尾歯科医院", "機関区分": 3, "都道府県コード": 15, "市区町村コード": 217, "所在地": "新潟県妙高市東雲町６－１４", "緯度": 37.028147, "経度": 138.252577, "url": "https://www.iryou.teikyouseido.mhlw.go.jp/znk-web/juminkanja/S2430/initialize?prefCd=15&kikanCd=DEJTX00049&kikanKbn=3", "url2": null, "内容": "横尾歯科医院【3:歯科】新潟県妙高市東雲町６－１４" }, "geometry": { "type": "Point", "coordinates": [ 138.252577, 37.028147 ] } },
{ "type": "Feature", "properties": { "ID": "153DEJTX00050", "正式名称": "三和ファミリー歯科医院", "機関区分": 3, "都道府県コード": 15, "市区町村コード": 222, "所在地": "新潟県上越市三和区川浦２２４６", "緯度": 37.108454, "経度": 138.338548, "url": "https://www.iryou.teikyouseido.mhlw.go.jp/znk-web/juminkanja/S2430/initialize?prefCd=15&kikanCd=DEJTX00050&kikanKbn=3", "url2": null, "内容": "三和ファミリー歯科医院【3:歯科】新潟県上越市三和区川浦２２４６" }, "geometry": { "type": "Point", "coordinates": [ 138.338548, 37.108454 ] } },
{ "type": "Feature", "properties": { "ID": "153DEJTX00051", "正式名称": "小林歯科クリニック", "機関区分": 3, "都道府県コード": 15, "市区町村コード": 222, "所在地": "新潟県上越市大貫４丁目６－１４", "緯度": 37.114745, "経度": 138.232525, "url": "https://www.iryou.teikyouseido.mhlw.go.jp/znk-web/juminkanja/S2430/initialize?prefCd=15&kikanCd=DEJTX00051&kikanKbn=3", "url2": "www.iryou-hiroba.com/detail/index.php", "内容": "小林歯科クリニック【3:歯科】新潟県上越市大貫４丁目６－１４" }, "geometry": { "type": "Point", "coordinates": [ 138.232525, 37.114745 ] } },
{ "type": "Feature", "properties": { "ID": "153DEJTX00052", "正式名称": "東雲くろだ歯科医院", "機関区分": 3, "都道府県コード": 15, "市区町村コード": 222, "所在地": "新潟県上越市東雲町２－９－１７", "緯度": 37.166719, "経度": 138.241066, "url": "https://www.iryou.teikyouseido.mhlw.go.jp/znk-web/juminkanja/S2430/initialize?prefCd=15&kikanCd=DEJTX00052&kikanKbn=3", "url2": null, "内容": "東雲くろだ歯科医院【3:歯科】新潟県上越市東雲町２－９－１７" }, "geometry": { "type": "Point", "coordinates": [ 138.241066, 37.166719 ] } },
{ "type": "Feature", "properties": { "ID": "153DEJTX00053", "正式名称": "原矯正歯科", "機関区分": 3, "都道府県コード": 15, "市区町村コード": 222, "所在地": "新潟県上越市大手町５－４５", "緯度": 37.10863, "経度": 138.248136, "url": "https://www.iryou.teikyouseido.mhlw.go.jp/znk-web/juminkanja/S2430/initialize?prefCd=15&kikanCd=DEJTX00053&kikanKbn=3", "url2": null, "内容": "原矯正歯科【3:歯科】新潟県上越市大手町５－４５" }, "geometry": { "type": "Point", "coordinates": [ 138.248136, 37.10863 ] } },
{ "type": "Feature", "properties": { "ID": "153DEJTX00054", "正式名称": "大島村歯科診療所", "機関区分": 3, "都道府県コード": 15, "市区町村コード": 222, "所在地": "新潟県上越市大島区岡３３８８番地９", "緯度": 37.153974, "経度": 138.512861, "url": "https://www.iryou.teikyouseido.mhlw.go.jp/znk-web/juminkanja/S2430/initialize?prefCd=15&kikanCd=DEJTX00054&kikanKbn=3", "url2": null, "内容": "大島村歯科診療所【3:歯科】新潟県上越市大島区岡３３８８番地９" }, "geometry": { "type": "Point", "coordinates": [ 138.512861, 37.153974 ] } },
{ "type": "Feature", "properties": { "ID": "153DEJTX00055", "正式名称": "清里歯科診療所", "機関区分": 3, "都道府県コード": 15, "市区町村コード": 222, "所在地": "新潟県上越市清里区岡野町１６２３", "緯度": 37.079209, "経度": 138.331924, "url": "https://www.iryou.teikyouseido.mhlw.go.jp/znk-web/juminkanja/S2430/initialize?prefCd=15&kikanCd=DEJTX00055&kikanKbn=3", "url2": null, "内容": "清里歯科診療所【3:歯科】新潟県上越市清里区岡野町１６２３" }, "geometry": { "type": "Point", "coordinates": [ 138.331924, 37.079209 ] } },
{ "type": "Feature", "properties": { "ID": "153DEJTX00056", "正式名称": "羽尾歯科医院春日山", "機関区分": 3, "都道府県コード": 15, "市区町村コード": 222, "所在地": "新潟県上越市春日山町３丁目１８の４１", "緯度": 37.147033, "経度": 138.228758, "url": "https://www.iryou.teikyouseido.mhlw.go.jp/znk-web/juminkanja/S2430/initialize?prefCd=15&kikanCd=DEJTX00056&kikanKbn=3", "url2": "https://www.hao-dental.com/", "内容": "羽尾歯科医院春日山【3:歯科】新潟県上越市春日山町３丁目１８の４１" }, "geometry": { "type": "Point", "coordinates": [ 138.228758, 37.147033 ] } },
{ "type": "Feature", "properties": { "ID": "153DEJTX00057", "正式名称": "犀浜デンタルクリニック", "機関区分": 3, "都道府県コード": 15, "市区町村コード": 222, "所在地": "新潟県上越市大潟区下小船津浜１１５３−４", "緯度": 37.22369, "経度": 138.319833, "url": "https://www.iryou.teikyouseido.mhlw.go.jp/znk-web/juminkanja/S2430/initialize?prefCd=15&kikanCd=DEJTX00057&kikanKbn=3", "url2": null, "内容": "犀浜デンタルクリニック【3:歯科】新潟県上越市大潟区下小船津浜１１５３−４" }, "geometry": { "type": "Point", "coordinates": [ 138.319833, 37.22369 ] } },
{ "type": "Feature", "properties": { "ID": "153DEJTX00059", "正式名称": "安江たなか歯科医院", "機関区分": 3, "都道府県コード": 15, "市区町村コード": 222, "所在地": "新潟県上越市安江２ー５６１ー６", "緯度": 37.169999, "経度": 138.261096, "url": "https://www.iryou.teikyouseido.mhlw.go.jp/znk-web/juminkanja/S2430/initialize?prefCd=15&kikanCd=DEJTX00059&kikanKbn=3", "url2": null, "内容": "安江たなか歯科医院【3:歯科】新潟県上越市安江２ー５６１ー６" }, "geometry": { "type": "Point", "coordinates": [ 138.261096, 37.169999 ] } },
{ "type": "Feature", "properties": { "ID": "153DEJTX00060", "正式名称": "五智歯科クリニック", "機関区分": 3, "都道府県コード": 15, "市区町村コード": 222, "所在地": "新潟県上越市五智１ー１３ー１０", "緯度": 37.16944, "経度": 138.235435, "url": "https://www.iryou.teikyouseido.mhlw.go.jp/znk-web/juminkanja/S2430/initialize?prefCd=15&kikanCd=DEJTX00060&kikanKbn=3", "url2": null, "内容": "五智歯科クリニック【3:歯科】新潟県上越市五智１ー１３ー１０" }, "geometry": { "type": "Point", "coordinates": [ 138.235435, 37.16944 ] } },
{ "type": "Feature", "properties": { "ID": "153DEJTX00061", "正式名称": "すずき歯科医院", "機関区分": 3, "都道府県コード": 15, "市区町村コード": 222, "所在地": "新潟県上越市五智１ー１５―２５平屋", "緯度": 37.168717, "経度": 138.234659, "url": "https://www.iryou.teikyouseido.mhlw.go.jp/znk-web/juminkanja/S2430/initialize?prefCd=15&kikanCd=DEJTX00061&kikanKbn=3", "url2": null, "内容": "すずき歯科医院【3:歯科】新潟県上越市五智１ー１５―２５平屋" }, "geometry": { "type": "Point", "coordinates": [ 138.234659, 37.168717 ] } },
{ "type": "Feature", "properties": { "ID": "153DEJTX00062", "正式名称": "水野歯科クリニック", "機関区分": 3, "都道府県コード": 15, "市区町村コード": 222, "所在地": "新潟県上越市本町５丁目３番２３号", "緯度": 37.113552, "経度": 138.245039, "url": "https://www.iryou.teikyouseido.mhlw.go.jp/znk-web/juminkanja/S2430/initialize?prefCd=15&kikanCd=DEJTX00062&kikanKbn=3", "url2": null, "内容": "水野歯科クリニック【3:歯科】新潟県上越市本町５丁目３番２３号" }, "geometry": { "type": "Point", "coordinates": [ 138.245039, 37.113552 ] } },
{ "type": "Feature", "properties": { "ID": "153DEJTX00063", "正式名称": "さくら歯科", "機関区分": 3, "都道府県コード": 15, "市区町村コード": 222, "所在地": "新潟県上越市板倉区稲増１５１ー６１", "緯度": 37.075145, "経度": 138.28473, "url": "https://www.iryou.teikyouseido.mhlw.go.jp/znk-web/juminkanja/S2430/initialize?prefCd=15&kikanCd=DEJTX00063&kikanKbn=3", "url2": null, "内容": "さくら歯科【3:歯科】新潟県上越市板倉区稲増１５１ー６１" }, "geometry": { "type": "Point", "coordinates": [ 138.28473, 37.075145 ] } },
{ "type": "Feature", "properties": { "ID": "153DEJTX00064", "正式名称": "青山歯科医院", "機関区分": 3, "都道府県コード": 15, "市区町村コード": 222, "所在地": "新潟県上越市春日野１丁目４番１０号", "緯度": 37.148171, "経度": 138.229223, "url": "https://www.iryou.teikyouseido.mhlw.go.jp/znk-web/juminkanja/S2430/initialize?prefCd=15&kikanCd=DEJTX00064&kikanKbn=3", "url2": "http://www.aoyama-shika.jp", "内容": "青山歯科医院【3:歯科】新潟県上越市春日野１丁目４番１０号" }, "geometry": { "type": "Point", "coordinates": [ 138.229223, 37.148171 ] } },
{ "type": "Feature", "properties": { "ID": "153DEJTX00066", "正式名称": "池田歯科医院", "機関区分": 3, "都道府県コード": 15, "市区町村コード": 217, "所在地": "新潟県妙高市中町４－１０", "緯度": 37.025608, "経度": 138.251592, "url": "https://www.iryou.teikyouseido.mhlw.go.jp/znk-web/juminkanja/S2430/initialize?prefCd=15&kikanCd=DEJTX00066&kikanKbn=3", "url2": null, "内容": "池田歯科医院【3:歯科】新潟県妙高市中町４－１０" }, "geometry": { "type": "Point", "coordinates": [ 138.251592, 37.025608 ] } },
{ "type": "Feature", "properties": { "ID": "153DEJTX00067", "正式名称": "土肥歯科医院", "機関区分": 3, "都道府県コード": 15, "市区町村コード": 222, "所在地": "新潟県上越市中央３－１５－５", "緯度": 37.178303, "経度": 138.245829, "url": "https://www.iryou.teikyouseido.mhlw.go.jp/znk-web/juminkanja/S2430/initialize?prefCd=15&kikanCd=DEJTX00067&kikanKbn=3", "url2": null, "内容": "土肥歯科医院【3:歯科】新潟県上越市中央３－１５－５" }, "geometry": { "type": "Point", "coordinates": [ 138.245829, 37.178303 ] } },
{ "type": "Feature", "properties": { "ID": "153DEJTX00068", "正式名称": "医療法人社団　和久井歯科医院", "機関区分": 3, "都道府県コード": 15, "市区町村コード": 222, "所在地": "新潟県上越市北本町２－３－３", "緯度": 37.120653, "経度": 138.244433, "url": "https://www.iryou.teikyouseido.mhlw.go.jp/znk-web/juminkanja/S2430/initialize?prefCd=15&kikanCd=DEJTX00068&kikanKbn=3", "url2": null, "内容": "医療法人社団　和久井歯科医院【3:歯科】新潟県上越市北本町２－３－３" }, "geometry": { "type": "Point", "coordinates": [ 138.244433, 37.120653 ] } },
{ "type": "Feature", "properties": { "ID": "153DEJTX00069", "正式名称": "医療法人　かるがも歯科・矯正歯科", "機関区分": 3, "都道府県コード": 15, "市区町村コード": 222, "所在地": "新潟県上越市木田新田２－１４８", "緯度": 37.138924, "経度": 138.236616, "url": "https://www.iryou.teikyouseido.mhlw.go.jp/znk-web/juminkanja/S2430/initialize?prefCd=15&kikanCd=DEJTX00069&kikanKbn=3", "url2": null, "内容": "医療法人　かるがも歯科・矯正歯科【3:歯科】新潟県上越市木田新田２－１４８" }, "geometry": { "type": "Point", "coordinates": [ 138.236616, 37.138924 ] } },
{ "type": "Feature", "properties": { "ID": "153DEJTX00070", "正式名称": "医療法人厚徳会　まつむら歯科高田診療所", "機関区分": 3, "都道府県コード": 15, "市区町村コード": 222, "所在地": "新潟県上越市北城町３丁目１番３０号", "緯度": 37.117549, "経度": 138.25161, "url": "https://www.iryou.teikyouseido.mhlw.go.jp/znk-web/juminkanja/S2430/initialize?prefCd=15&kikanCd=DEJTX00070&kikanKbn=3", "url2": "https://www.tokushinkai.or.jp/takada/", "内容": "医療法人厚徳会　まつむら歯科高田診療所【3:歯科】新潟県上越市北城町３丁目１番３０号" }, "geometry": { "type": "Point", "coordinates": [ 138.25161, 37.117549 ] } },
{ "type": "Feature", "properties": { "ID": "153DEJTX00071", "正式名称": "三折堂いがらし歯科医院", "機関区分": 3, "都道府県コード": 15, "市区町村コード": 222, "所在地": "新潟県上越市三和区錦２８９ー４", "緯度": 37.137754, "経度": 138.339933, "url": "https://www.iryou.teikyouseido.mhlw.go.jp/znk-web/juminkanja/S2430/initialize?prefCd=15&kikanCd=DEJTX00071&kikanKbn=3", "url2": null, "内容": "三折堂いがらし歯科医院【3:歯科】新潟県上越市三和区錦２８９ー４" }, "geometry": { "type": "Point", "coordinates": [ 138.339933, 37.137754 ] } },
{ "type": "Feature", "properties": { "ID": "153DEJTX00072", "正式名称": "名立歯科診療所", "機関区分": 3, "都道府県コード": 15, "市区町村コード": 222, "所在地": "新潟県上越市名立区名立大町１９６", "緯度": 37.162574, "経度": 138.088989, "url": "https://www.iryou.teikyouseido.mhlw.go.jp/znk-web/juminkanja/S2430/initialize?prefCd=15&kikanCd=DEJTX00072&kikanKbn=3", "url2": null, "内容": "名立歯科診療所【3:歯科】新潟県上越市名立区名立大町１９６" }, "geometry": { "type": "Point", "coordinates": [ 138.088989, 37.162574 ] } },
{ "type": "Feature", "properties": { "ID": "153DEJTX00073", "正式名称": "いわふね歯科クリニック", "機関区分": 3, "都道府県コード": 15, "市区町村コード": 222, "所在地": "新潟県上越市中田原１６０ー４２", "緯度": 37.092023, "経度": 138.232437, "url": "https://www.iryou.teikyouseido.mhlw.go.jp/znk-web/juminkanja/S2430/initialize?prefCd=15&kikanCd=DEJTX00073&kikanKbn=3", "url2": "https://www.iwafune-dental.com", "内容": "いわふね歯科クリニック【3:歯科】新潟県上越市中田原１６０ー４２" }, "geometry": { "type": "Point", "coordinates": [ 138.232437, 37.092023 ] } },
{ "type": "Feature", "properties": { "ID": "153DEJTX00074", "正式名称": "田嶋歯科医院", "機関区分": 3, "都道府県コード": 15, "市区町村コード": 222, "所在地": "新潟県上越市中通町８－２３", "緯度": 37.096981, "経度": 138.241347, "url": "https://www.iryou.teikyouseido.mhlw.go.jp/znk-web/juminkanja/S2430/initialize?prefCd=15&kikanCd=DEJTX00074&kikanKbn=3", "url2": null, "内容": "田嶋歯科医院【3:歯科】新潟県上越市中通町８－２３" }, "geometry": { "type": "Point", "coordinates": [ 138.241347, 37.096981 ] } },
{ "type": "Feature", "properties": { "ID": "153DEJTX00075", "正式名称": "谷口歯科クリニック", "機関区分": 3, "都道府県コード": 15, "市区町村コード": 217, "所在地": "新潟県妙高市白山町４－５－６", "緯度": 37.020849, "経度": 138.2465, "url": "https://www.iryou.teikyouseido.mhlw.go.jp/znk-web/juminkanja/S2430/initialize?prefCd=15&kikanCd=DEJTX00075&kikanKbn=3", "url2": null, "内容": "谷口歯科クリニック【3:歯科】新潟県妙高市白山町４－５－６" }, "geometry": { "type": "Point", "coordinates": [ 138.2465, 37.020849 ] } },
{ "type": "Feature", "properties": { "ID": "153DEJTX00076", "正式名称": "増村歯科医院", "機関区分": 3, "都道府県コード": 15, "市区町村コード": 217, "所在地": "新潟県妙高市東雲町４－５", "緯度": 37.029105, "経度": 138.253824, "url": "https://www.iryou.teikyouseido.mhlw.go.jp/znk-web/juminkanja/S2430/initialize?prefCd=15&kikanCd=DEJTX00076&kikanKbn=3", "url2": null, "内容": "増村歯科医院【3:歯科】新潟県妙高市東雲町４－５" }, "geometry": { "type": "Point", "coordinates": [ 138.253824, 37.029105 ] } },
{ "type": "Feature", "properties": { "ID": "153DEJTX00077", "正式名称": "しろデンタルクリニック", "機関区分": 3, "都道府県コード": 15, "市区町村コード": 222, "所在地": "新潟県上越市大町４－３－３３", "緯度": 37.114556, "経度": 138.246301, "url": "https://www.iryou.teikyouseido.mhlw.go.jp/znk-web/juminkanja/S2430/initialize?prefCd=15&kikanCd=DEJTX00077&kikanKbn=3", "url2": null, "内容": "しろデンタルクリニック【3:歯科】新潟県上越市大町４－３－３３" }, "geometry": { "type": "Point", "coordinates": [ 138.246301, 37.114556 ] } },
{ "type": "Feature", "properties": { "ID": "153DEJTX00078", "正式名称": "スマイル歯科クリニック", "機関区分": 3, "都道府県コード": 15, "市区町村コード": 222, "所在地": "新潟県上越市東城町３丁目８番２５号", "緯度": 37.108887, "経度": 138.260608, "url": "https://www.iryou.teikyouseido.mhlw.go.jp/znk-web/juminkanja/S2430/initialize?prefCd=15&kikanCd=DEJTX00078&kikanKbn=3", "url2": "http://smile-dentalclinic.jp", "内容": "スマイル歯科クリニック【3:歯科】新潟県上越市東城町３丁目８番２５号" }, "geometry": { "type": "Point", "coordinates": [ 138.260608, 37.108887 ] } },
{ "type": "Feature", "properties": { "ID": "153DEJTX00079", "正式名称": "中島歯科医院", "機関区分": 3, "都道府県コード": 15, "市区町村コード": 222, "所在地": "新潟県上越市大潟区潟町６９６－４", "緯度": 37.232498, "経度": 138.334834, "url": "https://www.iryou.teikyouseido.mhlw.go.jp/znk-web/juminkanja/S2430/initialize?prefCd=15&kikanCd=DEJTX00079&kikanKbn=3", "url2": null, "内容": "中島歯科医院【3:歯科】新潟県上越市大潟区潟町６９６－４" }, "geometry": { "type": "Point", "coordinates": [ 138.334834, 37.232498 ] } },
{ "type": "Feature", "properties": { "ID": "153DEJTX00081", "正式名称": "きたしろ歯科診療所", "機関区分": 3, "都道府県コード": 15, "市区町村コード": 222, "所在地": "新潟県上越市東本町５－２－５９", "緯度": 37.118939, "経度": 138.262425, "url": "https://www.iryou.teikyouseido.mhlw.go.jp/znk-web/juminkanja/S2430/initialize?prefCd=15&kikanCd=DEJTX00081&kikanKbn=3", "url2": "http://www.kitashiro-dental-office.com/", "内容": "きたしろ歯科診療所【3:歯科】新潟県上越市東本町５－２－５９" }, "geometry": { "type": "Point", "coordinates": [ 138.262425, 37.118939 ] } },
{ "type": "Feature", "properties": { "ID": "153DEJTX00082", "正式名称": "小嶋歯科医院", "機関区分": 3, "都道府県コード": 15, "市区町村コード": 217, "所在地": "新潟県妙高市大字関川１０－１３", "緯度": 36.87155, "経度": 138.210536, "url": "https://www.iryou.teikyouseido.mhlw.go.jp/znk-web/juminkanja/S2430/initialize?prefCd=15&kikanCd=DEJTX00082&kikanKbn=3", "url2": null, "内容": "小嶋歯科医院【3:歯科】新潟県妙高市大字関川１０－１３" }, "geometry": { "type": "Point", "coordinates": [ 138.210536, 36.87155 ] } },
{ "type": "Feature", "properties": { "ID": "153DEJTX00083", "正式名称": "水野歯科医院", "機関区分": 3, "都道府県コード": 15, "市区町村コード": 222, "所在地": "新潟県上越市板倉区針１１６５－８", "緯度": 37.049019, "経度": 138.29775, "url": "https://www.iryou.teikyouseido.mhlw.go.jp/znk-web/juminkanja/S2430/initialize?prefCd=15&kikanCd=DEJTX00083&kikanKbn=3", "url2": null, "内容": "水野歯科医院【3:歯科】新潟県上越市板倉区針１１６５－８" }, "geometry": { "type": "Point", "coordinates": [ 138.29775, 37.049019 ] } },
{ "type": "Feature", "properties": { "ID": "153DEJTX00084", "正式名称": "医療法人社団木村歯科クリニック", "機関区分": 3, "都道府県コード": 15, "市区町村コード": 222, "所在地": "新潟県上越市木田１丁目１番１１号", "緯度": 37.146943, "経度": 138.237076, "url": "https://www.iryou.teikyouseido.mhlw.go.jp/znk-web/juminkanja/S2430/initialize?prefCd=15&kikanCd=DEJTX00084&kikanKbn=3", "url2": "https://www.kimura-dental-c.com/", "内容": "医療法人社団木村歯科クリニック【3:歯科】新潟県上越市木田１丁目１番１１号" }, "geometry": { "type": "Point", "coordinates": [ 138.237076, 37.146943 ] } },
{ "type": "Feature", "properties": { "ID": "153DEJTX00085", "正式名称": "小出歯科医院", "機関区分": 3, "都道府県コード": 15, "市区町村コード": 222, "所在地": "新潟県上越市柿崎区柿崎６１０８ー１", "緯度": 37.277891, "経度": 138.387434, "url": "https://www.iryou.teikyouseido.mhlw.go.jp/znk-web/juminkanja/S2430/initialize?prefCd=15&kikanCd=DEJTX00085&kikanKbn=3", "url2": null, "内容": "小出歯科医院【3:歯科】新潟県上越市柿崎区柿崎６１０８ー１" }, "geometry": { "type": "Point", "coordinates": [ 138.387434, 37.277891 ] } },
{ "type": "Feature", "properties": { "ID": "153DEJTX00086", "正式名称": "大山歯科医院", "機関区分": 3, "都道府県コード": 15, "市区町村コード": 222, "所在地": "新潟県上越市大潟区犀潟８３５", "緯度": 37.207385, "経度": 138.303788, "url": "https://www.iryou.teikyouseido.mhlw.go.jp/znk-web/juminkanja/S2430/initialize?prefCd=15&kikanCd=DEJTX00086&kikanKbn=3", "url2": null, "内容": "大山歯科医院【3:歯科】新潟県上越市大潟区犀潟８３５" }, "geometry": { "type": "Point", "coordinates": [ 138.303788, 37.207385 ] } },
{ "type": "Feature", "properties": { "ID": "153DEJTX00087", "正式名称": "太田歯科医院", "機関区分": 3, "都道府県コード": 15, "市区町村コード": 222, "所在地": "新潟県上越市大町４－３－３４", "緯度": 37.1147, "経度": 138.246233, "url": "https://www.iryou.teikyouseido.mhlw.go.jp/znk-web/juminkanja/S2430/initialize?prefCd=15&kikanCd=DEJTX00087&kikanKbn=3", "url2": null, "内容": "太田歯科医院【3:歯科】新潟県上越市大町４－３－３４" }, "geometry": { "type": "Point", "coordinates": [ 138.246233, 37.1147 ] } },
{ "type": "Feature", "properties": { "ID": "153DEJTX00089", "正式名称": "万代歯科クリニック", "機関区分": 3, "都道府県コード": 15, "市区町村コード": 222, "所在地": "新潟県上越市新光町２丁目２番地５号", "緯度": 37.150797, "経度": 138.239099, "url": "https://www.iryou.teikyouseido.mhlw.go.jp/znk-web/juminkanja/S2430/initialize?prefCd=15&kikanCd=DEJTX00089&kikanKbn=3", "url2": null, "内容": "万代歯科クリニック【3:歯科】新潟県上越市新光町２丁目２番地５号" }, "geometry": { "type": "Point", "coordinates": [ 138.239099, 37.150797 ] } },
{ "type": "Feature", "properties": { "ID": "153DEJTX00090", "正式名称": "平野歯科医院", "機関区分": 3, "都道府県コード": 15, "市区町村コード": 222, "所在地": "新潟県上越市港町２－５－２", "緯度": 37.179723, "経度": 138.254634, "url": "https://www.iryou.teikyouseido.mhlw.go.jp/znk-web/juminkanja/S2430/initialize?prefCd=15&kikanCd=DEJTX00090&kikanKbn=3", "url2": null, "内容": "平野歯科医院【3:歯科】新潟県上越市港町２－５－２" }, "geometry": { "type": "Point", "coordinates": [ 138.254634, 37.179723 ] } },
{ "type": "Feature", "properties": { "ID": "153DEJTX00091", "正式名称": "折笠歯科医院", "機関区分": 3, "都道府県コード": 15, "市区町村コード": 222, "所在地": "新潟県上越市大学前３３", "緯度": 37.136921, "経度": 138.228999, "url": "https://www.iryou.teikyouseido.mhlw.go.jp/znk-web/juminkanja/S2430/initialize?prefCd=15&kikanCd=DEJTX00091&kikanKbn=3", "url2": null, "内容": "折笠歯科医院【3:歯科】新潟県上越市大学前３３" }, "geometry": { "type": "Point", "coordinates": [ 138.228999, 37.136921 ] } },
{ "type": "Feature", "properties": { "ID": "153DEJTX00092", "正式名称": "あおき歯科・矯正歯科クリニック", "機関区分": 3, "都道府県コード": 15, "市区町村コード": 222, "所在地": "新潟県上越市下門前１８０５", "緯度": 37.157468, "経度": 138.250896, "url": "https://www.iryou.teikyouseido.mhlw.go.jp/znk-web/juminkanja/S2430/initialize?prefCd=15&kikanCd=DEJTX00092&kikanKbn=3", "url2": "aoki-shika.com", "内容": "あおき歯科・矯正歯科クリニック【3:歯科】新潟県上越市下門前１８０５" }, "geometry": { "type": "Point", "coordinates": [ 138.250896, 37.157468 ] } },
{ "type": "Feature", "properties": { "ID": "153DEJTX00093", "正式名称": "医療法人社団ハート歯科クリニック", "機関区分": 3, "都道府県コード": 15, "市区町村コード": 222, "所在地": "新潟県上越市西城町１丁目４番３１", "緯度": 37.114722, "経度": 138.253997, "url": "https://www.iryou.teikyouseido.mhlw.go.jp/znk-web/juminkanja/S2430/initialize?prefCd=15&kikanCd=DEJTX00093&kikanKbn=3", "url2": "http://www.heart-dc.info", "内容": "医療法人社団ハート歯科クリニック【3:歯科】新潟県上越市西城町１丁目４番３１" }, "geometry": { "type": "Point", "coordinates": [ 138.253997, 37.114722 ] } },
{ "type": "Feature", "properties": { "ID": "153DEJTX00094", "正式名称": "南川歯科クリニック", "機関区分": 3, "都道府県コード": 15, "市区町村コード": 222, "所在地": "新潟県上越市頸城区下吉２２８－２６", "緯度": 37.182697, "経度": 138.279326, "url": "https://www.iryou.teikyouseido.mhlw.go.jp/znk-web/juminkanja/S2430/initialize?prefCd=15&kikanCd=DEJTX00094&kikanKbn=3", "url2": "https://minamigawa-dc-joetsu.jp/", "内容": "南川歯科クリニック【3:歯科】新潟県上越市頸城区下吉２２８－２６" }, "geometry": { "type": "Point", "coordinates": [ 138.279326, 37.182697 ] } },
{ "type": "Feature", "properties": { "ID": "153DEJTX00095", "正式名称": "八木歯科医院", "機関区分": 3, "都道府県コード": 15, "市区町村コード": 222, "所在地": "新潟県上越市吉川区原之町２０３７－３", "緯度": 37.225616, "経度": 138.402738, "url": "https://www.iryou.teikyouseido.mhlw.go.jp/znk-web/juminkanja/S2430/initialize?prefCd=15&kikanCd=DEJTX00095&kikanKbn=3", "url2": null, "内容": "八木歯科医院【3:歯科】新潟県上越市吉川区原之町２０３７－３" }, "geometry": { "type": "Point", "coordinates": [ 138.402738, 37.225616 ] } },
{ "type": "Feature", "properties": { "ID": "153DEJTX00096", "正式名称": "おおしま歯科クリニック", "機関区分": 3, "都道府県コード": 15, "市区町村コード": 222, "所在地": "新潟県上越市国府１－２４－１０", "緯度": 37.160793, "経度": 138.227685, "url": "https://www.iryou.teikyouseido.mhlw.go.jp/znk-web/juminkanja/S2430/initialize?prefCd=15&kikanCd=DEJTX00096&kikanKbn=3", "url2": null, "内容": "おおしま歯科クリニック【3:歯科】新潟県上越市国府１－２４－１０" }, "geometry": { "type": "Point", "coordinates": [ 138.227685, 37.160793 ] } },
{ "type": "Feature", "properties": { "ID": "153DEJTX00097", "正式名称": "あおの歯科診療所", "機関区分": 3, "都道府県コード": 15, "市区町村コード": 222, "所在地": "新潟県上越市青野２４３ー１", "緯度": 37.165472, "経度": 138.345338, "url": "https://www.iryou.teikyouseido.mhlw.go.jp/znk-web/juminkanja/S2430/initialize?prefCd=15&kikanCd=DEJTX00097&kikanKbn=3", "url2": "http://aonoshika.cihp2.jp/", "内容": "あおの歯科診療所【3:歯科】新潟県上越市青野２４３ー１" }, "geometry": { "type": "Point", "coordinates": [ 138.345338, 37.165472 ] } },
{ "type": "Feature", "properties": { "ID": "153DEJTX00098", "正式名称": "くすのき歯科クリニック", "機関区分": 3, "都道府県コード": 15, "市区町村コード": 222, "所在地": "新潟県上越市下荒浜４２３－１", "緯度": 37.194485, "経度": 138.28375, "url": "https://www.iryou.teikyouseido.mhlw.go.jp/znk-web/juminkanja/S2430/initialize?prefCd=15&kikanCd=DEJTX00098&kikanKbn=3", "url2": null, "内容": "くすのき歯科クリニック【3:歯科】新潟県上越市下荒浜４２３－１" }, "geometry": { "type": "Point", "coordinates": [ 138.28375, 37.194485 ] } },
{ "type": "Feature", "properties": { "ID": "153DEJTX00099", "正式名称": "医療法人社団　楡井歯科医院", "機関区分": 3, "都道府県コード": 15, "市区町村コード": 222, "所在地": "新潟県上越市柿崎区柿崎６５５６", "緯度": 37.2806, "経度": 138.390962, "url": "https://www.iryou.teikyouseido.mhlw.go.jp/znk-web/juminkanja/S2430/initialize?prefCd=15&kikanCd=DEJTX00099&kikanKbn=3", "url2": "http://nirei-dent.com/", "内容": "医療法人社団　楡井歯科医院【3:歯科】新潟県上越市柿崎区柿崎６５５６" }, "geometry": { "type": "Point", "coordinates": [ 138.390962, 37.2806 ] } },
{ "type": "Feature", "properties": { "ID": "153DEJTX00100", "正式名称": "一般社団法人上越歯科医師会　上越休日歯科・障がい者歯科診療センター", "機関区分": 3, "都道府県コード": 15, "市区町村コード": 222, "所在地": "新潟県上越市新光町１－８－１１", "緯度": 37.150583, "経度": 138.236851, "url": "https://www.iryou.teikyouseido.mhlw.go.jp/znk-web/juminkanja/S2430/initialize?prefCd=15&kikanCd=DEJTX00100&kikanKbn=3", "url2": null, "内容": "一般社団法人上越歯科医師会　上越休日歯科・障がい者歯科診療センター【3:歯科】新潟県上越市新光町１－８－１１" }, "geometry": { "type": "Point", "coordinates": [ 138.236851, 37.150583 ] } },
{ "type": "Feature", "properties": { "ID": "153DEJTX00101", "正式名称": "わたなべ歯科", "機関区分": 3, "都道府県コード": 15, "市区町村コード": 222, "所在地": "新潟県上越市土橋２７７１", "緯度": 37.130156, "経度": 138.241664, "url": "https://www.iryou.teikyouseido.mhlw.go.jp/znk-web/juminkanja/S2430/initialize?prefCd=15&kikanCd=DEJTX00101&kikanKbn=3", "url2": null, "内容": "わたなべ歯科【3:歯科】新潟県上越市土橋２７７１" }, "geometry": { "type": "Point", "coordinates": [ 138.241664, 37.130156 ] } },
{ "type": "Feature", "properties": { "ID": "153DEJTX00102", "正式名称": "デンタルオフィスＫ", "機関区分": 3, "都道府県コード": 15, "市区町村コード": 222, "所在地": "新潟県上越市上源入６３４－４", "緯度": 37.159967, "経度": 138.256177, "url": "https://www.iryou.teikyouseido.mhlw.go.jp/znk-web/juminkanja/S2430/initialize?prefCd=15&kikanCd=DEJTX00102&kikanKbn=3", "url2": null, "内容": "デンタルオフィスＫ【3:歯科】新潟県上越市上源入６３４－４" }, "geometry": { "type": "Point", "coordinates": [ 138.256177, 37.159967 ] } },
{ "type": "Feature", "properties": { "ID": "153DEJTX00103", "正式名称": "星野歯科医院", "機関区分": 3, "都道府県コード": 15, "市区町村コード": 222, "所在地": "新潟県上越市柿崎区上下浜４９６", "緯度": 37.254086, "経度": 138.360739, "url": "https://www.iryou.teikyouseido.mhlw.go.jp/znk-web/juminkanja/S2430/initialize?prefCd=15&kikanCd=DEJTX00103&kikanKbn=3", "url2": "https://hoshino-dentalclinic.com/", "内容": "星野歯科医院【3:歯科】新潟県上越市柿崎区上下浜４９６" }, "geometry": { "type": "Point", "coordinates": [ 138.360739, 37.254086 ] } },
{ "type": "Feature", "properties": { "ID": "153DEJTX00104", "正式名称": "畑歯科医院", "機関区分": 3, "都道府県コード": 15, "市区町村コード": 222, "所在地": "新潟県上越市とよば１０７　イル・クオーレとよば１階", "緯度": 37.10449, "経度": 138.272548, "url": "https://www.iryou.teikyouseido.mhlw.go.jp/znk-web/juminkanja/S2430/initialize?prefCd=15&kikanCd=DEJTX00104&kikanKbn=3", "url2": null, "内容": "畑歯科医院【3:歯科】新潟県上越市とよば１０７　イル・クオーレとよば１階" }, "geometry": { "type": "Point", "coordinates": [ 138.272548, 37.10449 ] } },
{ "type": "Feature", "properties": { "ID": "153DEJTX00105", "正式名称": "櫻井歯科医院", "機関区分": 3, "都道府県コード": 15, "市区町村コード": 222, "所在地": "新潟県上越市大和１ー１ー４", "緯度": 37.082256, "経度": 138.251374, "url": "https://www.iryou.teikyouseido.mhlw.go.jp/znk-web/juminkanja/S2430/initialize?prefCd=15&kikanCd=DEJTX00105&kikanKbn=3", "url2": "www.sakuraishika.com", "内容": "櫻井歯科医院【3:歯科】新潟県上越市大和１ー１ー４" }, "geometry": { "type": "Point", "coordinates": [ 138.251374, 37.082256 ] } },
{ "type": "Feature", "properties": { "ID": "153DEJTX00107", "正式名称": "おおてまち歯科医院", "機関区分": 3, "都道府県コード": 15, "市区町村コード": 222, "所在地": "新潟県上越市大手町３番地２６号", "緯度": 37.109156, "経度": 138.248891, "url": "https://www.iryou.teikyouseido.mhlw.go.jp/znk-web/juminkanja/S2430/initialize?prefCd=15&kikanCd=DEJTX00107&kikanKbn=3", "url2": "https://otemachi-dc.jp", "内容": "おおてまち歯科医院【3:歯科】新潟県上越市大手町３番地２６号" }, "geometry": { "type": "Point", "coordinates": [ 138.248891, 37.109156 ] } },
{ "type": "Feature", "properties": { "ID": "153DEKZX00001", "正式名称": "井比歯科医院", "機関区分": 3, "都道府県コード": 15, "市区町村コード": 205, "所在地": "新潟県柏崎市小倉町７－８", "緯度": 37.371817, "経度": 138.564325, "url": "https://www.iryou.teikyouseido.mhlw.go.jp/znk-web/juminkanja/S2430/initialize?prefCd=15&kikanCd=DEKZX00001&kikanKbn=3", "url2": null, "内容": "井比歯科医院【3:歯科】新潟県柏崎市小倉町７－８" }, "geometry": { "type": "Point", "coordinates": [ 138.564325, 37.371817 ] } },
{ "type": "Feature", "properties": { "ID": "153DEKZX00002", "正式名称": "岡島歯科医院", "機関区分": 3, "都道府県コード": 15, "市区町村コード": 205, "所在地": "新潟県柏崎市東本町２丁目７番５５号", "緯度": 37.370179, "経度": 138.55787, "url": "https://www.iryou.teikyouseido.mhlw.go.jp/znk-web/juminkanja/S2430/initialize?prefCd=15&kikanCd=DEKZX00002&kikanKbn=3", "url2": null, "内容": "岡島歯科医院【3:歯科】新潟県柏崎市東本町２丁目７番５５号" }, "geometry": { "type": "Point", "coordinates": [ 138.55787, 37.370179 ] } },
{ "type": "Feature", "properties": { "ID": "153DEKZX00003", "正式名称": "静雅堂歯科医院", "機関区分": 3, "都道府県コード": 15, "市区町村コード": 205, "所在地": "新潟県柏崎市西本町二丁目７番４号", "緯度": 37.309289, "経度": 138.795403, "url": "https://www.iryou.teikyouseido.mhlw.go.jp/znk-web/juminkanja/S2430/initialize?prefCd=15&kikanCd=DEKZX00003&kikanKbn=3", "url2": null, "内容": "静雅堂歯科医院【3:歯科】新潟県柏崎市西本町二丁目７番４号" }, "geometry": { "type": "Point", "coordinates": [ 138.795403, 37.309289 ] } },
{ "type": "Feature", "properties": { "ID": "153DEKZX00004", "正式名称": "大塚歯科医院", "機関区分": 3, "都道府県コード": 15, "市区町村コード": 205, "所在地": "新潟県柏崎市米山台４－１－７", "緯度": 37.353975, "経度": 138.539464, "url": "https://www.iryou.teikyouseido.mhlw.go.jp/znk-web/juminkanja/S2430/initialize?prefCd=15&kikanCd=DEKZX00004&kikanKbn=3", "url2": null, "内容": "大塚歯科医院【3:歯科】新潟県柏崎市米山台４－１－７" }, "geometry": { "type": "Point", "coordinates": [ 138.539464, 37.353975 ] } },
{ "type": "Feature", "properties": { "ID": "153DEKZX00005", "正式名称": "勝海歯科医院", "機関区分": 3, "都道府県コード": 15, "市区町村コード": 205, "所在地": "新潟県柏崎市諏訪町１２－４", "緯度": 37.372861, "経度": 138.561851, "url": "https://www.iryou.teikyouseido.mhlw.go.jp/znk-web/juminkanja/S2430/initialize?prefCd=15&kikanCd=DEKZX00005&kikanKbn=3", "url2": null, "内容": "勝海歯科医院【3:歯科】新潟県柏崎市諏訪町１２－４" }, "geometry": { "type": "Point", "coordinates": [ 138.561851, 37.372861 ] } },
{ "type": "Feature", "properties": { "ID": "153DEKZX00007", "正式名称": "医療法人社団阿部歯科医院", "機関区分": 3, "都道府県コード": 15, "市区町村コード": 205, "所在地": "新潟県柏崎市日吉町１－２", "緯度": 37.369366, "経度": 138.571344, "url": "https://www.iryou.teikyouseido.mhlw.go.jp/znk-web/juminkanja/S2430/initialize?prefCd=15&kikanCd=DEKZX00007&kikanKbn=3", "url2": null, "内容": "医療法人社団阿部歯科医院【3:歯科】新潟県柏崎市日吉町１－２" }, "geometry": { "type": "Point", "coordinates": [ 138.571344, 37.369366 ] } },
{ "type": "Feature", "properties": { "ID": "153DEKZX00008", "正式名称": "医療法人社団北沢歯科医院　きたざわ歯科（かみあわせ研究所）", "機関区分": 3, "都道府県コード": 15, "市区町村コード": 205, "所在地": "新潟県柏崎市幸町１－７", "緯度": 37.362042, "経度": 138.55715, "url": "https://www.iryou.teikyouseido.mhlw.go.jp/znk-web/juminkanja/S2430/initialize?prefCd=15&kikanCd=DEKZX00008&kikanKbn=3", "url2": "https://kamiawase-kitazawa.com/", "内容": "医療法人社団北沢歯科医院　きたざわ歯科（かみあわせ研究所）【3:歯科】新潟県柏崎市幸町１－７" }, "geometry": { "type": "Point", "coordinates": [ 138.55715, 37.362042 ] } },
{ "type": "Feature", "properties": { "ID": "153DEKZX00009", "正式名称": "刈羽村歯科診療所", "機関区分": 3, "都道府県コード": 15, "市区町村コード": 504, "所在地": "新潟県刈羽郡刈羽村大字刈羽１０２６", "緯度": 37.424236, "経度": 138.618316, "url": "https://www.iryou.teikyouseido.mhlw.go.jp/znk-web/juminkanja/S2430/initialize?prefCd=15&kikanCd=DEKZX00009&kikanKbn=3", "url2": null, "内容": "刈羽村歯科診療所【3:歯科】新潟県刈羽郡刈羽村大字刈羽１０２６" }, "geometry": { "type": "Point", "coordinates": [ 138.618316, 37.424236 ] } },
{ "type": "Feature", "properties": { "ID": "153DEKZX00010", "正式名称": "柏崎歯科休日急患診療所", "機関区分": 3, "都道府県コード": 15, "市区町村コード": 205, "所在地": "新潟県柏崎市栄町１８番３号　柏崎市健康管理センター内", "緯度": 37.375108, "経度": 138.554976, "url": "https://www.iryou.teikyouseido.mhlw.go.jp/znk-web/juminkanja/S2430/initialize?prefCd=15&kikanCd=DEKZX00010&kikanKbn=3", "url2": "https://www.city.kashiwazaki.lg.jp/soshikiichiran/fukushihokembu/kokuhoiryoka/3/7/6140.html", "内容": "柏崎歯科休日急患診療所【3:歯科】新潟県柏崎市栄町１８番３号　柏崎市健康管理センター内" }, "geometry": { "type": "Point", "coordinates": [ 138.554976, 37.375108 ] } },
{ "type": "Feature", "properties": { "ID": "153DEKZX00011", "正式名称": "医療法人社団　高橋歯科医院", "機関区分": 3, "都道府県コード": 15, "市区町村コード": 205, "所在地": "新潟県柏崎市中央町８－１３", "緯度": 37.37353, "経度": 138.558162, "url": "https://www.iryou.teikyouseido.mhlw.go.jp/znk-web/juminkanja/S2430/initialize?prefCd=15&kikanCd=DEKZX00011&kikanKbn=3", "url2": "https://takahashi-dc.org/", "内容": "医療法人社団　高橋歯科医院【3:歯科】新潟県柏崎市中央町８－１３" }, "geometry": { "type": "Point", "coordinates": [ 138.558162, 37.37353 ] } },
{ "type": "Feature", "properties": { "ID": "153DEKZX00013", "正式名称": "医療法人社団　新沢歯科医院", "機関区分": 3, "都道府県コード": 15, "市区町村コード": 205, "所在地": "新潟県柏崎市穂波町２番地２号", "緯度": 37.359935, "経度": 138.556291, "url": "https://www.iryou.teikyouseido.mhlw.go.jp/znk-web/juminkanja/S2430/initialize?prefCd=15&kikanCd=DEKZX00013&kikanKbn=3", "url2": null, "内容": "医療法人社団　新沢歯科医院【3:歯科】新潟県柏崎市穂波町２番地２号" }, "geometry": { "type": "Point", "coordinates": [ 138.556291, 37.359935 ] } },
{ "type": "Feature", "properties": { "ID": "153DEKZX00014", "正式名称": "安田歯科", "機関区分": 3, "都道府県コード": 15, "市区町村コード": 205, "所在地": "新潟県柏崎市安田１９２１－２", "緯度": 37.348916, "経度": 138.606592, "url": "https://www.iryou.teikyouseido.mhlw.go.jp/znk-web/juminkanja/S2430/initialize?prefCd=15&kikanCd=DEKZX00014&kikanKbn=3", "url2": null, "内容": "安田歯科【3:歯科】新潟県柏崎市安田１９２１－２" }, "geometry": { "type": "Point", "coordinates": [ 138.606592, 37.348916 ] } },
{ "type": "Feature", "properties": { "ID": "153DEKZX00015", "正式名称": "医療法人社団　いしかわ歯科", "機関区分": 3, "都道府県コード": 15, "市区町村コード": 205, "所在地": "新潟県柏崎市東長浜町８番４５号", "緯度": 37.370261, "経度": 138.578092, "url": "https://www.iryou.teikyouseido.mhlw.go.jp/znk-web/juminkanja/S2430/initialize?prefCd=15&kikanCd=DEKZX00015&kikanKbn=3", "url2": null, "内容": "医療法人社団　いしかわ歯科【3:歯科】新潟県柏崎市東長浜町８番４５号" }, "geometry": { "type": "Point", "coordinates": [ 138.578092, 37.370261 ] } },
{ "type": "Feature", "properties": { "ID": "153DEKZX00017", "正式名称": "医療法人社団前川歯科医院まえかわ歯科クリニック", "機関区分": 3, "都道府県コード": 15, "市区町村コード": 205, "所在地": "新潟県柏崎市鏡町７－１２", "緯度": 37.367893, "経度": 138.559399, "url": "https://www.iryou.teikyouseido.mhlw.go.jp/znk-web/juminkanja/S2430/initialize?prefCd=15&kikanCd=DEKZX00017&kikanKbn=3", "url2": "http://www.maekawa-dental.jp", "内容": "医療法人社団前川歯科医院まえかわ歯科クリニック【3:歯科】新潟県柏崎市鏡町７－１２" }, "geometry": { "type": "Point", "coordinates": [ 138.559399, 37.367893 ] } },
{ "type": "Feature", "properties": { "ID": "153DEKZX00018", "正式名称": "ひまわり歯科医院", "機関区分": 3, "都道府県コード": 15, "市区町村コード": 205, "所在地": "新潟県柏崎市西山町西山２０６－１１", "緯度": 37.449713, "経度": 138.642578, "url": "https://www.iryou.teikyouseido.mhlw.go.jp/znk-web/juminkanja/S2430/initialize?prefCd=15&kikanCd=DEKZX00018&kikanKbn=3", "url2": null, "内容": "ひまわり歯科医院【3:歯科】新潟県柏崎市西山町西山２０６－１１" }, "geometry": { "type": "Point", "coordinates": [ 138.642578, 37.449713 ] } },
{ "type": "Feature", "properties": { "ID": "153DEKZX00019", "正式名称": "医療法人社団　高野会　まつなみ歯科", "機関区分": 3, "都道府県コード": 15, "市区町村コード": 205, "所在地": "新潟県柏崎市松波１－１９－４３", "緯度": 37.390556, "経度": 138.571368, "url": "https://www.iryou.teikyouseido.mhlw.go.jp/znk-web/juminkanja/S2430/initialize?prefCd=15&kikanCd=DEKZX00019&kikanKbn=3", "url2": null, "内容": "医療法人社団　高野会　まつなみ歯科【3:歯科】新潟県柏崎市松波１－１９－４３" }, "geometry": { "type": "Point", "coordinates": [ 138.571368, 37.390556 ] } },
{ "type": "Feature", "properties": { "ID": "153DEKZX00020", "正式名称": "ばんば歯科クリニック", "機関区分": 3, "都道府県コード": 15, "市区町村コード": 205, "所在地": "新潟県柏崎市松美１－１－３１", "緯度": 37.373825, "経度": 138.574311, "url": "https://www.iryou.teikyouseido.mhlw.go.jp/znk-web/juminkanja/S2430/initialize?prefCd=15&kikanCd=DEKZX00020&kikanKbn=3", "url2": null, "内容": "ばんば歯科クリニック【3:歯科】新潟県柏崎市松美１－１－３１" }, "geometry": { "type": "Point", "coordinates": [ 138.574311, 37.373825 ] } },
{ "type": "Feature", "properties": { "ID": "153DEKZX00021", "正式名称": "登内歯科医院", "機関区分": 3, "都道府県コード": 15, "市区町村コード": 205, "所在地": "新潟県柏崎市田中２３－７", "緯度": 37.358517, "経度": 138.566525, "url": "https://www.iryou.teikyouseido.mhlw.go.jp/znk-web/juminkanja/S2430/initialize?prefCd=15&kikanCd=DEKZX00021&kikanKbn=3", "url2": null, "内容": "登内歯科医院【3:歯科】新潟県柏崎市田中２３－７" }, "geometry": { "type": "Point", "coordinates": [ 138.566525, 37.358517 ] } },
{ "type": "Feature", "properties": { "ID": "153DEKZX00022", "正式名称": "平田歯科医院", "機関区分": 3, "都道府県コード": 15, "市区町村コード": 205, "所在地": "新潟県柏崎市藤元町９－２", "緯度": 37.380718, "経度": 138.577048, "url": "https://www.iryou.teikyouseido.mhlw.go.jp/znk-web/juminkanja/S2430/initialize?prefCd=15&kikanCd=DEKZX00022&kikanKbn=3", "url2": "https://www.hiratashika.info/", "内容": "平田歯科医院【3:歯科】新潟県柏崎市藤元町９－２" }, "geometry": { "type": "Point", "coordinates": [ 138.577048, 37.380718 ] } },
{ "type": "Feature", "properties": { "ID": "153DEKZX00023", "正式名称": "医療法人社団祐志会　久代歯科医院", "機関区分": 3, "都道府県コード": 15, "市区町村コード": 205, "所在地": "新潟県柏崎市藤元町１３番４号", "緯度": 37.378318, "経度": 138.577424, "url": "https://www.iryou.teikyouseido.mhlw.go.jp/znk-web/juminkanja/S2430/initialize?prefCd=15&kikanCd=DEKZX00023&kikanKbn=3", "url2": null, "内容": "医療法人社団祐志会　久代歯科医院【3:歯科】新潟県柏崎市藤元町１３番４号" }, "geometry": { "type": "Point", "coordinates": [ 138.577424, 37.378318 ] } },
{ "type": "Feature", "properties": { "ID": "153DEKZX00024", "正式名称": "山川歯科医院", "機関区分": 3, "都道府県コード": 15, "市区町村コード": 205, "所在地": "新潟県柏崎市諏訪町５番２２号", "緯度": 37.372406, "経度": 138.561011, "url": "https://www.iryou.teikyouseido.mhlw.go.jp/znk-web/juminkanja/S2430/initialize?prefCd=15&kikanCd=DEKZX00024&kikanKbn=3", "url2": "yamakawashika.com", "内容": "山川歯科医院【3:歯科】新潟県柏崎市諏訪町５番２２号" }, "geometry": { "type": "Point", "coordinates": [ 138.561011, 37.372406 ] } },
{ "type": "Feature", "properties": { "ID": "153DEKZX00025", "正式名称": "ほほえみ歯科医院", "機関区分": 3, "都道府県コード": 15, "市区町村コード": 205, "所在地": "新潟県柏崎市春日１－１－１０", "緯度": 37.377682, "経度": 138.568662, "url": "https://www.iryou.teikyouseido.mhlw.go.jp/znk-web/juminkanja/S2430/initialize?prefCd=15&kikanCd=DEKZX00025&kikanKbn=3", "url2": null, "内容": "ほほえみ歯科医院【3:歯科】新潟県柏崎市春日１－１－１０" }, "geometry": { "type": "Point", "coordinates": [ 138.568662, 37.377682 ] } },
{ "type": "Feature", "properties": { "ID": "153DEKZX00027", "正式名称": "せきや歯科医院", "機関区分": 3, "都道府県コード": 15, "市区町村コード": 205, "所在地": "新潟県柏崎市常盤台２２‐１８", "緯度": 37.356863, "経度": 138.548328, "url": "https://www.iryou.teikyouseido.mhlw.go.jp/znk-web/juminkanja/S2430/initialize?prefCd=15&kikanCd=DEKZX00027&kikanKbn=3", "url2": null, "内容": "せきや歯科医院【3:歯科】新潟県柏崎市常盤台２２‐１８" }, "geometry": { "type": "Point", "coordinates": [ 138.548328, 37.356863 ] } },
{ "type": "Feature", "properties": { "ID": "153DEKZX00028", "正式名称": "医療法人社団　犬井歯科クリニック", "機関区分": 3, "都道府県コード": 15, "市区町村コード": 205, "所在地": "新潟県柏崎市岩上１０ー３０", "緯度": 37.358343, "経度": 138.570749, "url": "https://www.iryou.teikyouseido.mhlw.go.jp/znk-web/juminkanja/S2430/initialize?prefCd=15&kikanCd=DEKZX00028&kikanKbn=3", "url2": "ni-inuidc.jp", "内容": "医療法人社団　犬井歯科クリニック【3:歯科】新潟県柏崎市岩上１０ー３０" }, "geometry": { "type": "Point", "coordinates": [ 138.570749, 37.358343 ] } },
{ "type": "Feature", "properties": { "ID": "153DEKZX00029", "正式名称": "ホワイト歯科", "機関区分": 3, "都道府県コード": 15, "市区町村コード": 205, "所在地": "新潟県柏崎市半田２－６－１１", "緯度": 37.35702, "経度": 138.577744, "url": "https://www.iryou.teikyouseido.mhlw.go.jp/znk-web/juminkanja/S2430/initialize?prefCd=15&kikanCd=DEKZX00029&kikanKbn=3", "url2": null, "内容": "ホワイト歯科【3:歯科】新潟県柏崎市半田２－６－１１" }, "geometry": { "type": "Point", "coordinates": [ 138.577744, 37.35702 ] } },
{ "type": "Feature", "properties": { "ID": "153DEKZX00030", "正式名称": "山本歯科医院", "機関区分": 3, "都道府県コード": 15, "市区町村コード": 205, "所在地": "新潟県柏崎市土合６５９番地", "緯度": 37.393728, "経度": 138.599514, "url": "https://www.iryou.teikyouseido.mhlw.go.jp/znk-web/juminkanja/S2430/initialize?prefCd=15&kikanCd=DEKZX00030&kikanKbn=3", "url2": null, "内容": "山本歯科医院【3:歯科】新潟県柏崎市土合６５９番地" }, "geometry": { "type": "Point", "coordinates": [ 138.599514, 37.393728 ] } },
{ "type": "Feature", "properties": { "ID": "153DEKZX00031", "正式名称": "医療法人厚徳会　まつむら歯科柏崎診療所", "機関区分": 3, "都道府県コード": 15, "市区町村コード": 205, "所在地": "新潟県柏崎市松美２丁目２番３８号", "緯度": 37.375508, "経度": 138.579036, "url": "https://www.iryou.teikyouseido.mhlw.go.jp/znk-web/juminkanja/S2430/initialize?prefCd=15&kikanCd=DEKZX00031&kikanKbn=3", "url2": "https://www.tokushinkai.or.jp/kashiwazaki/", "内容": "医療法人厚徳会　まつむら歯科柏崎診療所【3:歯科】新潟県柏崎市松美２丁目２番３８号" }, "geometry": { "type": "Point", "coordinates": [ 138.579036, 37.375508 ] } },
{ "type": "Feature", "properties": { "ID": "153DEKZX00032", "正式名称": "ながおか歯科ミュ", "機関区分": 3, "都道府県コード": 15, "市区町村コード": 205, "所在地": "新潟県柏崎市西山町坂田５３６９－２", "緯度": 37.453659, "経度": 138.661913, "url": "https://www.iryou.teikyouseido.mhlw.go.jp/znk-web/juminkanja/S2430/initialize?prefCd=15&kikanCd=DEKZX00032&kikanKbn=3", "url2": null, "内容": "ながおか歯科ミュ【3:歯科】新潟県柏崎市西山町坂田５３６９－２" }, "geometry": { "type": "Point", "coordinates": [ 138.661913, 37.453659 ] } },
{ "type": "Feature", "properties": { "ID": "153DEKZX00033", "正式名称": "クオリス歯科医院", "機関区分": 3, "都道府県コード": 15, "市区町村コード": 205, "所在地": "新潟県柏崎市大字安田２０６０－１", "緯度": 37.347127, "経度": 138.609813, "url": "https://www.iryou.teikyouseido.mhlw.go.jp/znk-web/juminkanja/S2430/initialize?prefCd=15&kikanCd=DEKZX00033&kikanKbn=3", "url2": null, "内容": "クオリス歯科医院【3:歯科】新潟県柏崎市大字安田２０６０－１" }, "geometry": { "type": "Point", "coordinates": [ 138.609813, 37.347127 ] } },
{ "type": "Feature", "properties": { "ID": "153DEKZX00034", "正式名称": "ながおか歯科ユウ", "機関区分": 3, "都道府県コード": 15, "市区町村コード": 205, "所在地": "新潟県柏崎市大字加納５８９８", "緯度": 37.332965, "経度": 138.619893, "url": "https://www.iryou.teikyouseido.mhlw.go.jp/znk-web/juminkanja/S2430/initialize?prefCd=15&kikanCd=DEKZX00034&kikanKbn=3", "url2": null, "内容": "ながおか歯科ユウ【3:歯科】新潟県柏崎市大字加納５８９８" }, "geometry": { "type": "Point", "coordinates": [ 138.619893, 37.332965 ] } },
{ "type": "Feature", "properties": { "ID": "153DEKZX00035", "正式名称": "おだ歯科クリニック", "機関区分": 3, "都道府県コード": 15, "市区町村コード": 205, "所在地": "新潟県柏崎市北半田２丁目５－１３", "緯度": 37.363449, "経度": 138.576107, "url": "https://www.iryou.teikyouseido.mhlw.go.jp/znk-web/juminkanja/S2430/initialize?prefCd=15&kikanCd=DEKZX00035&kikanKbn=3", "url2": null, "内容": "おだ歯科クリニック【3:歯科】新潟県柏崎市北半田２丁目５－１３" }, "geometry": { "type": "Point", "coordinates": [ 138.576107, 37.363449 ] } },
{ "type": "Feature", "properties": { "ID": "153DEKZX00036", "正式名称": "柏崎市国民健康保険高柳歯科診療所", "機関区分": 3, "都道府県コード": 15, "市区町村コード": 205, "所在地": "新潟県柏崎市高柳町岡野町１８４９番地１", "緯度": 37.224141, "経度": 138.638953, "url": "https://www.iryou.teikyouseido.mhlw.go.jp/znk-web/juminkanja/S2430/initialize?prefCd=15&kikanCd=DEKZX00036&kikanKbn=3", "url2": null, "内容": "柏崎市国民健康保険高柳歯科診療所【3:歯科】新潟県柏崎市高柳町岡野町１８４９番地１" }, "geometry": { "type": "Point", "coordinates": [ 138.638953, 37.224141 ] } },
{ "type": "Feature", "properties": { "ID": "153DEKZX00037", "正式名称": "駅南歯科", "機関区分": 3, "都道府県コード": 15, "市区町村コード": 205, "所在地": "新潟県柏崎市幸町２－４", "緯度": 37.362437, "経度": 138.556991, "url": "https://www.iryou.teikyouseido.mhlw.go.jp/znk-web/juminkanja/S2430/initialize?prefCd=15&kikanCd=DEKZX00037&kikanKbn=3", "url2": null, "内容": "駅南歯科【3:歯科】新潟県柏崎市幸町２－４" }, "geometry": { "type": "Point", "coordinates": [ 138.556991, 37.362437 ] } },
{ "type": "Feature", "properties": { "ID": "153DEMNX00002", "正式名称": "腰越歯科医院", "機関区分": 3, "都道府県コード": 15, "市区町村コード": 461, "所在地": "新潟県南魚沼郡湯沢町神立１９６ー６", "緯度": 36.936459, "経度": 138.815596, "url": "https://www.iryou.teikyouseido.mhlw.go.jp/znk-web/juminkanja/S2430/initialize?prefCd=15&kikanCd=DEMNX00002&kikanKbn=3", "url2": null, "内容": "腰越歯科医院【3:歯科】新潟県南魚沼郡湯沢町神立１９６ー６" }, "geometry": { "type": "Point", "coordinates": [ 138.815596, 36.936459 ] } },
{ "type": "Feature", "properties": { "ID": "153DEMNX00003", "正式名称": "斉藤デンタルクリニック", "機関区分": 3, "都道府県コード": 15, "市区町村コード": 461, "所在地": "新潟県南魚沼郡湯沢町湯沢２５１１－３－１０４号", "緯度": 36.936715, "経度": 138.807147, "url": "https://www.iryou.teikyouseido.mhlw.go.jp/znk-web/juminkanja/S2430/initialize?prefCd=15&kikanCd=DEMNX00003&kikanKbn=3", "url2": null, "内容": "斉藤デンタルクリニック【3:歯科】新潟県南魚沼郡湯沢町湯沢２５１１－３－１０４号" }, "geometry": { "type": "Point", "coordinates": [ 138.807147, 36.936715 ] } },
{ "type": "Feature", "properties": { "ID": "153DEMNX00005", "正式名称": "齊藤歯科医院", "機関区分": 3, "都道府県コード": 15, "市区町村コード": 226, "所在地": "新潟県南魚沼市塩沢１４０７", "緯度": 37.038611, "経度": 138.848102, "url": "https://www.iryou.teikyouseido.mhlw.go.jp/znk-web/juminkanja/S2430/initialize?prefCd=15&kikanCd=DEMNX00005&kikanKbn=3", "url2": null, "内容": "齊藤歯科医院【3:歯科】新潟県南魚沼市塩沢１４０７" }, "geometry": { "type": "Point", "coordinates": [ 138.848102, 37.038611 ] } },
{ "type": "Feature", "properties": { "ID": "153DEMNX00006", "正式名称": "髙橋デンタルクリニック", "機関区分": 3, "都道府県コード": 15, "市区町村コード": 226, "所在地": "新潟県南魚沼市早川２６０番地２", "緯度": 37.024375, "経度": 138.871817, "url": "https://www.iryou.teikyouseido.mhlw.go.jp/znk-web/juminkanja/S2430/initialize?prefCd=15&kikanCd=DEMNX00006&kikanKbn=3", "url2": null, "内容": "髙橋デンタルクリニック【3:歯科】新潟県南魚沼市早川２６０番地２" }, "geometry": { "type": "Point", "coordinates": [ 138.871817, 37.024375 ] } },
{ "type": "Feature", "properties": { "ID": "153DEMNX00007", "正式名称": "五日町病院附属歯科診療所", "機関区分": 3, "都道府県コード": 15, "市区町村コード": 226, "所在地": "新潟県南魚沼市五日町２３２４番地", "緯度": 37.12462, "経度": 138.903388, "url": "https://www.iryou.teikyouseido.mhlw.go.jp/znk-web/juminkanja/S2430/initialize?prefCd=15&kikanCd=DEMNX00007&kikanKbn=3", "url2": "https://itukamatihp.com/", "内容": "五日町病院附属歯科診療所【3:歯科】新潟県南魚沼市五日町２３２４番地" }, "geometry": { "type": "Point", "coordinates": [ 138.903388, 37.12462 ] } },
{ "type": "Feature", "properties": { "ID": "153DEMNX00008", "正式名称": "小嶋歯科医院", "機関区分": 3, "都道府県コード": 15, "市区町村コード": 226, "所在地": "新潟県南魚沼市六日町１２３番地１６", "緯度": 37.065439, "経度": 138.877622, "url": "https://www.iryou.teikyouseido.mhlw.go.jp/znk-web/juminkanja/S2430/initialize?prefCd=15&kikanCd=DEMNX00008&kikanKbn=3", "url2": null, "内容": "小嶋歯科医院【3:歯科】新潟県南魚沼市六日町１２３番地１６" }, "geometry": { "type": "Point", "coordinates": [ 138.877622, 37.065439 ] } },
{ "type": "Feature", "properties": { "ID": "153DEMNX00011", "正式名称": "中澤歯科医院", "機関区分": 3, "都道府県コード": 15, "市区町村コード": 226, "所在地": "新潟県南魚沼市五日町５７５－３", "緯度": 37.117555, "経度": 138.903961, "url": "https://www.iryou.teikyouseido.mhlw.go.jp/znk-web/juminkanja/S2430/initialize?prefCd=15&kikanCd=DEMNX00011&kikanKbn=3", "url2": null, "内容": "中澤歯科医院【3:歯科】新潟県南魚沼市五日町５７５－３" }, "geometry": { "type": "Point", "coordinates": [ 138.903961, 37.117555 ] } },
{ "type": "Feature", "properties": { "ID": "153DEMNX00012", "正式名称": "中島歯科医院", "機関区分": 3, "都道府県コード": 15, "市区町村コード": 226, "所在地": "新潟県南魚沼市六日町２７９２", "緯度": 37.067161, "経度": 138.872503, "url": "https://www.iryou.teikyouseido.mhlw.go.jp/znk-web/juminkanja/S2430/initialize?prefCd=15&kikanCd=DEMNX00012&kikanKbn=3", "url2": null, "内容": "中島歯科医院【3:歯科】新潟県南魚沼市六日町２７９２" }, "geometry": { "type": "Point", "coordinates": [ 138.872503, 37.067161 ] } },
{ "type": "Feature", "properties": { "ID": "153DEMNX00014", "正式名称": "さわた歯科医院", "機関区分": 3, "都道府県コード": 15, "市区町村コード": 226, "所在地": "新潟県南魚沼市浦佐１１３７ＵＳビル１Ｆ", "緯度": 37.168059, "経度": 138.924873, "url": "https://www.iryou.teikyouseido.mhlw.go.jp/znk-web/juminkanja/S2430/initialize?prefCd=15&kikanCd=DEMNX00014&kikanKbn=3", "url2": null, "内容": "さわた歯科医院【3:歯科】新潟県南魚沼市浦佐１１３７ＵＳビル１Ｆ" }, "geometry": { "type": "Point", "coordinates": [ 138.924873, 37.168059 ] } },
{ "type": "Feature", "properties": { "ID": "153DEMNX00016", "正式名称": "ながおか歯科ピア", "機関区分": 3, "都道府県コード": 15, "市区町村コード": 226, "所在地": "新潟県南魚沼市美佐島１８７３－１", "緯度": 37.084581, "経度": 138.887442, "url": "https://www.iryou.teikyouseido.mhlw.go.jp/znk-web/juminkanja/S2430/initialize?prefCd=15&kikanCd=DEMNX00016&kikanKbn=3", "url2": null, "内容": "ながおか歯科ピア【3:歯科】新潟県南魚沼市美佐島１８７３－１" }, "geometry": { "type": "Point", "coordinates": [ 138.887442, 37.084581 ] } },
{ "type": "Feature", "properties": { "ID": "153DEMNX00017", "正式名称": "医療法人社団わがた歯科医院", "機関区分": 3, "都道府県コード": 15, "市区町村コード": 226, "所在地": "新潟県南魚沼市六日町８９２番地４８", "緯度": 37.058347, "経度": 138.875627, "url": "https://www.iryou.teikyouseido.mhlw.go.jp/znk-web/juminkanja/S2430/initialize?prefCd=15&kikanCd=DEMNX00017&kikanKbn=3", "url2": "https://wagata.jp", "内容": "医療法人社団わがた歯科医院【3:歯科】新潟県南魚沼市六日町８９２番地４８" }, "geometry": { "type": "Point", "coordinates": [ 138.875627, 37.058347 ] } },
{ "type": "Feature", "properties": { "ID": "153DEMNX00018", "正式名称": "はっとり歯科医院", "機関区分": 3, "都道府県コード": 15, "市区町村コード": 226, "所在地": "新潟県南魚沼市一村尾１６２５－１", "緯度": 37.150822, "経度": 138.911848, "url": "https://www.iryou.teikyouseido.mhlw.go.jp/znk-web/juminkanja/S2430/initialize?prefCd=15&kikanCd=DEMNX00018&kikanKbn=3", "url2": null, "内容": "はっとり歯科医院【3:歯科】新潟県南魚沼市一村尾１６２５－１" }, "geometry": { "type": "Point", "coordinates": [ 138.911848, 37.150822 ] } },
{ "type": "Feature", "properties": { "ID": "153DEMNX00019", "正式名称": "なかむら歯科クリニック", "機関区分": 3, "都道府県コード": 15, "市区町村コード": 226, "所在地": "新潟県南魚沼市六日町７９０−１２カミムラビル１階", "緯度": 37.059653, "経度": 138.873314, "url": "https://www.iryou.teikyouseido.mhlw.go.jp/znk-web/juminkanja/S2430/initialize?prefCd=15&kikanCd=DEMNX00019&kikanKbn=3", "url2": "https://www.nakamura-dentalclinic.com", "内容": "なかむら歯科クリニック【3:歯科】新潟県南魚沼市六日町７９０−１２カミムラビル１階" }, "geometry": { "type": "Point", "coordinates": [ 138.873314, 37.059653 ] } },
{ "type": "Feature", "properties": { "ID": "153DEMNX00020", "正式名称": "うおぬま矯正歯科クリニック", "機関区分": 3, "都道府県コード": 15, "市区町村コード": 226, "所在地": "新潟県南魚沼市浦佐９１８ー１", "緯度": 37.165042, "経度": 138.924966, "url": "https://www.iryou.teikyouseido.mhlw.go.jp/znk-web/juminkanja/S2430/initialize?prefCd=15&kikanCd=DEMNX00020&kikanKbn=3", "url2": "https://uonuma-ortho.com/", "内容": "うおぬま矯正歯科クリニック【3:歯科】新潟県南魚沼市浦佐９１８ー１" }, "geometry": { "type": "Point", "coordinates": [ 138.924966, 37.165042 ] } },
{ "type": "Feature", "properties": { "ID": "153DEMRX00001", "正式名称": "佐久間歯科医院", "機関区分": 3, "都道府県コード": 15, "市区町村コード": 212, "所在地": "新潟県村上市岩船上町４－３０", "緯度": 38.190145, "経度": 139.437491, "url": "https://www.iryou.teikyouseido.mhlw.go.jp/znk-web/juminkanja/S2430/initialize?prefCd=15&kikanCd=DEMRX00001&kikanKbn=3", "url2": "http://sakumashika.com/", "内容": "佐久間歯科医院【3:歯科】新潟県村上市岩船上町４－３０" }, "geometry": { "type": "Point", "coordinates": [ 139.437491, 38.190145 ] } },
{ "type": "Feature", "properties": { "ID": "153DEMRX00004", "正式名称": "高原歯科医院", "機関区分": 3, "都道府県コード": 15, "市区町村コード": 212, "所在地": "新潟県村上市塩町１－１５", "緯度": 38.226427, "経度": 139.477528, "url": "https://www.iryou.teikyouseido.mhlw.go.jp/znk-web/juminkanja/S2430/initialize?prefCd=15&kikanCd=DEMRX00004&kikanKbn=3", "url2": null, "内容": "高原歯科医院【3:歯科】新潟県村上市塩町１－１５" }, "geometry": { "type": "Point", "coordinates": [ 139.477528, 38.226427 ] } },
{ "type": "Feature", "properties": { "ID": "153DEMRX00006", "正式名称": "村井歯科医院", "機関区分": 3, "都道府県コード": 15, "市区町村コード": 212, "所在地": "新潟県村上市松山", "緯度": 38.215971, "経度": 139.455987, "url": "https://www.iryou.teikyouseido.mhlw.go.jp/znk-web/juminkanja/S2430/initialize?prefCd=15&kikanCd=DEMRX00006&kikanKbn=3", "url2": null, "内容": "村井歯科医院【3:歯科】新潟県村上市松山" }, "geometry": { "type": "Point", "coordinates": [ 139.455987, 38.215971 ] } },
{ "type": "Feature", "properties": { "ID": "153DEMRX00007", "正式名称": "医療法人社団　佐久間歯科医院　緑町歯科クリニック", "機関区分": 3, "都道府県コード": 15, "市区町村コード": 212, "所在地": "新潟県村上市緑町４ー２ー７３", "緯度": 38.218885, "経度": 139.458073, "url": "https://www.iryou.teikyouseido.mhlw.go.jp/znk-web/juminkanja/S2430/initialize?prefCd=15&kikanCd=DEMRX00007&kikanKbn=3", "url2": "https://www.midorimachi-dc.com/", "内容": "医療法人社団　佐久間歯科医院　緑町歯科クリニック【3:歯科】新潟県村上市緑町４ー２ー７３" }, "geometry": { "type": "Point", "coordinates": [ 139.458073, 38.218885 ] } },
{ "type": "Feature", "properties": { "ID": "153DEMRX00009", "正式名称": "中野歯科医院", "機関区分": 3, "都道府県コード": 15, "市区町村コード": 212, "所在地": "新潟県村上市飯野３ー１０ー１１", "緯度": 38.220475, "経度": 139.469913, "url": "https://www.iryou.teikyouseido.mhlw.go.jp/znk-web/juminkanja/S2430/initialize?prefCd=15&kikanCd=DEMRX00009&kikanKbn=3", "url2": null, "内容": "中野歯科医院【3:歯科】新潟県村上市飯野３ー１０ー１１" }, "geometry": { "type": "Point", "coordinates": [ 139.469913, 38.220475 ] } },
{ "type": "Feature", "properties": { "ID": "153DEMRX00010", "正式名称": "いいの歯科医院", "機関区分": 3, "都道府県コード": 15, "市区町村コード": 212, "所在地": "新潟県村上市飯野２－５－６", "緯度": 38.22146, "経度": 139.474179, "url": "https://www.iryou.teikyouseido.mhlw.go.jp/znk-web/juminkanja/S2430/initialize?prefCd=15&kikanCd=DEMRX00010&kikanKbn=3", "url2": null, "内容": "いいの歯科医院【3:歯科】新潟県村上市飯野２－５－６" }, "geometry": { "type": "Point", "coordinates": [ 139.474179, 38.22146 ] } },
{ "type": "Feature", "properties": { "ID": "153DEMRX00011", "正式名称": "新町歯科医院", "機関区分": 3, "都道府県コード": 15, "市区町村コード": 212, "所在地": "新潟県村上市新町２－４６", "緯度": 38.225769, "経度": 139.484312, "url": "https://www.iryou.teikyouseido.mhlw.go.jp/znk-web/juminkanja/S2430/initialize?prefCd=15&kikanCd=DEMRX00011&kikanKbn=3", "url2": null, "内容": "新町歯科医院【3:歯科】新潟県村上市新町２－４６" }, "geometry": { "type": "Point", "coordinates": [ 139.484312, 38.225769 ] } },
{ "type": "Feature", "properties": { "ID": "153DEMRX00012", "正式名称": "医療法人社団丹田会　丹田矯正歯科", "機関区分": 3, "都道府県コード": 15, "市区町村コード": 212, "所在地": "新潟県村上市田端町１０ー８　清水屋ビル２階", "緯度": 38.220863, "経度": 139.465359, "url": "https://www.iryou.teikyouseido.mhlw.go.jp/znk-web/juminkanja/S2430/initialize?prefCd=15&kikanCd=DEMRX00012&kikanKbn=3", "url2": "https://itp.ne.jp/info/150144827000000899/", "内容": "医療法人社団丹田会　丹田矯正歯科【3:歯科】新潟県村上市田端町１０ー８　清水屋ビル２階" }, "geometry": { "type": "Point", "coordinates": [ 139.465359, 38.220863 ] } },
{ "type": "Feature", "properties": { "ID": "153DEMRX00013", "正式名称": "ふじかわ歯科", "機関区分": 3, "都道府県コード": 15, "市区町村コード": 212, "所在地": "新潟県村上市仲間町５１８番地７０", "緯度": 38.215831, "経度": 139.485008, "url": "https://www.iryou.teikyouseido.mhlw.go.jp/znk-web/juminkanja/S2430/initialize?prefCd=15&kikanCd=DEMRX00013&kikanKbn=3", "url2": null, "内容": "ふじかわ歯科【3:歯科】新潟県村上市仲間町５１８番地７０" }, "geometry": { "type": "Point", "coordinates": [ 139.485008, 38.215831 ] } },
{ "type": "Feature", "properties": { "ID": "153DEMRX00014", "正式名称": "医療法人社団　幸仁会　さとう歯科クリニック", "機関区分": 3, "都道府県コード": 15, "市区町村コード": 212, "所在地": "新潟県村上市田端町８ー１０", "緯度": 38.219145, "経度": 139.465145, "url": "https://www.iryou.teikyouseido.mhlw.go.jp/znk-web/juminkanja/S2430/initialize?prefCd=15&kikanCd=DEMRX00014&kikanKbn=3", "url2": null, "内容": "医療法人社団　幸仁会　さとう歯科クリニック【3:歯科】新潟県村上市田端町８ー１０" }, "geometry": { "type": "Point", "coordinates": [ 139.465145, 38.219145 ] } },
{ "type": "Feature", "properties": { "ID": "153DEMRX00015", "正式名称": "いわふね歯科クリニック", "機関区分": 3, "都道府県コード": 15, "市区町村コード": 212, "所在地": "新潟県村上市岩船上町１番１６号", "緯度": 38.192566, "経度": 139.438047, "url": "https://www.iryou.teikyouseido.mhlw.go.jp/znk-web/juminkanja/S2430/initialize?prefCd=15&kikanCd=DEMRX00015&kikanKbn=3", "url2": null, "内容": "いわふね歯科クリニック【3:歯科】新潟県村上市岩船上町１番１６号" }, "geometry": { "type": "Point", "coordinates": [ 139.438047, 38.192566 ] } },
{ "type": "Feature", "properties": { "ID": "153DEMRX00016", "正式名称": "まきの歯科医院", "機関区分": 3, "都道府県コード": 15, "市区町村コード": 212, "所在地": "新潟県村上市新町１５ー１５", "緯度": 38.223509, "経度": 139.492533, "url": "https://www.iryou.teikyouseido.mhlw.go.jp/znk-web/juminkanja/S2430/initialize?prefCd=15&kikanCd=DEMRX00016&kikanKbn=3", "url2": null, "内容": "まきの歯科医院【3:歯科】新潟県村上市新町１５ー１５" }, "geometry": { "type": "Point", "coordinates": [ 139.492533, 38.223509 ] } },
{ "type": "Feature", "properties": { "ID": "153DEMRX00017", "正式名称": "渡辺歯科医院", "機関区分": 3, "都道府県コード": 15, "市区町村コード": 212, "所在地": "新潟県村上市羽黒町１１番１５号", "緯度": 38.217117, "経度": 139.474369, "url": "https://www.iryou.teikyouseido.mhlw.go.jp/znk-web/juminkanja/S2430/initialize?prefCd=15&kikanCd=DEMRX00017&kikanKbn=3", "url2": null, "内容": "渡辺歯科医院【3:歯科】新潟県村上市羽黒町１１番１５号" }, "geometry": { "type": "Point", "coordinates": [ 139.474369, 38.217117 ] } },
{ "type": "Feature", "properties": { "ID": "153DEMRX00018", "正式名称": "お城山歯科クリニック", "機関区分": 3, "都道府県コード": 15, "市区町村コード": 212, "所在地": "新潟県村上市新町９－８６", "緯度": 38.224031, "経度": 139.489585, "url": "https://www.iryou.teikyouseido.mhlw.go.jp/znk-web/juminkanja/S2430/initialize?prefCd=15&kikanCd=DEMRX00018&kikanKbn=3", "url2": null, "内容": "お城山歯科クリニック【3:歯科】新潟県村上市新町９－８６" }, "geometry": { "type": "Point", "coordinates": [ 139.489585, 38.224031 ] } },
{ "type": "Feature", "properties": { "ID": "153DEMRX00019", "正式名称": "前川歯科クリニック", "機関区分": 3, "都道府県コード": 15, "市区町村コード": 212, "所在地": "新潟県村上市羽ヶ榎１８５", "緯度": 38.122416, "経度": 139.449982, "url": "https://www.iryou.teikyouseido.mhlw.go.jp/znk-web/juminkanja/S2430/initialize?prefCd=15&kikanCd=DEMRX00019&kikanKbn=3", "url2": null, "内容": "前川歯科クリニック【3:歯科】新潟県村上市羽ヶ榎１８５" }, "geometry": { "type": "Point", "coordinates": [ 139.449982, 38.122416 ] } },
{ "type": "Feature", "properties": { "ID": "153DEMRX00020", "正式名称": "加藤歯科クリニック", "機関区分": 3, "都道府県コード": 15, "市区町村コード": 212, "所在地": "新潟県村上市山口４６８－１加藤歯科クリニック", "緯度": 38.12381, "経度": 139.442412, "url": "https://www.iryou.teikyouseido.mhlw.go.jp/znk-web/juminkanja/S2430/initialize?prefCd=15&kikanCd=DEMRX00020&kikanKbn=3", "url2": null, "内容": "加藤歯科クリニック【3:歯科】新潟県村上市山口４６８－１加藤歯科クリニック" }, "geometry": { "type": "Point", "coordinates": [ 139.442412, 38.12381 ] } },
{ "type": "Feature", "properties": { "ID": "153DEMRX00021", "正式名称": "鈴木歯科医院", "機関区分": 3, "都道府県コード": 15, "市区町村コード": 212, "所在地": "新潟県村上市長政２５３", "緯度": 38.103443, "経度": 139.427144, "url": "https://www.iryou.teikyouseido.mhlw.go.jp/znk-web/juminkanja/S2430/initialize?prefCd=15&kikanCd=DEMRX00021&kikanKbn=3", "url2": null, "内容": "鈴木歯科医院【3:歯科】新潟県村上市長政２５３" }, "geometry": { "type": "Point", "coordinates": [ 139.427144, 38.103443 ] } },
{ "type": "Feature", "properties": { "ID": "153DEMRX00022", "正式名称": "藤原歯科診療所", "機関区分": 3, "都道府県コード": 15, "市区町村コード": 212, "所在地": "新潟県村上市岩船駅前３０－８", "緯度": 38.184089, "経度": 139.457205, "url": "https://www.iryou.teikyouseido.mhlw.go.jp/znk-web/juminkanja/S2430/initialize?prefCd=15&kikanCd=DEMRX00022&kikanKbn=3", "url2": null, "内容": "藤原歯科診療所【3:歯科】新潟県村上市岩船駅前３０－８" }, "geometry": { "type": "Point", "coordinates": [ 139.457205, 38.184089 ] } },
{ "type": "Feature", "properties": { "ID": "153DEMRX00023", "正式名称": "医療法人社団　さくらい歯科クリニック", "機関区分": 3, "都道府県コード": 15, "市区町村コード": 212, "所在地": "新潟県村上市北新保５７１－５５", "緯度": 38.1589, "経度": 139.429198, "url": "https://www.iryou.teikyouseido.mhlw.go.jp/znk-web/juminkanja/S2430/initialize?prefCd=15&kikanCd=DEMRX00023&kikanKbn=3", "url2": null, "内容": "医療法人社団　さくらい歯科クリニック【3:歯科】新潟県村上市北新保５７１－５５" }, "geometry": { "type": "Point", "coordinates": [ 139.429198, 38.1589 ] } },
{ "type": "Feature", "properties": { "ID": "153DEMRX00024", "正式名称": "あさひ歯科医院", "機関区分": 3, "都道府県コード": 15, "市区町村コード": 212, "所在地": "新潟県村上市岩沢５５６４－１", "緯度": 38.269447, "経度": 139.537571, "url": "https://www.iryou.teikyouseido.mhlw.go.jp/znk-web/juminkanja/S2430/initialize?prefCd=15&kikanCd=DEMRX00024&kikanKbn=3", "url2": null, "内容": "あさひ歯科医院【3:歯科】新潟県村上市岩沢５５６４－１" }, "geometry": { "type": "Point", "coordinates": [ 139.537571, 38.269447 ] } },
{ "type": "Feature", "properties": { "ID": "153DEMRX00025", "正式名称": "エクセレント歯科クリニック村上医院", "機関区分": 3, "都道府県コード": 15, "市区町村コード": 212, "所在地": "新潟県村上市猿沢２５８６－１", "緯度": 38.284581, "経度": 139.523014, "url": "https://www.iryou.teikyouseido.mhlw.go.jp/znk-web/juminkanja/S2430/initialize?prefCd=15&kikanCd=DEMRX00025&kikanKbn=3", "url2": "https://excellent-dental.jp/", "内容": "エクセレント歯科クリニック村上医院【3:歯科】新潟県村上市猿沢２５８６－１" }, "geometry": { "type": "Point", "coordinates": [ 139.523014, 38.284581 ] } },
{ "type": "Feature", "properties": { "ID": "153DEMRX00027", "正式名称": "本図歯科医院", "機関区分": 3, "都道府県コード": 15, "市区町村コード": 212, "所在地": "新潟県村上市府屋１７６－１４３", "緯度": 38.513521, "経度": 139.532338, "url": "https://www.iryou.teikyouseido.mhlw.go.jp/znk-web/juminkanja/S2430/initialize?prefCd=15&kikanCd=DEMRX00027&kikanKbn=3", "url2": null, "内容": "本図歯科医院【3:歯科】新潟県村上市府屋１７６－１４３" }, "geometry": { "type": "Point", "coordinates": [ 139.532338, 38.513521 ] } },
{ "type": "Feature", "properties": { "ID": "153DEMRX00028", "正式名称": "医療法人徳真会　松村歯科関川診療所", "機関区分": 3, "都道府県コード": 15, "市区町村コード": 581, "所在地": "新潟県岩船郡関川村下関字宮越１４１７番１", "緯度": 38.086748, "経度": 139.559562, "url": "https://www.iryou.teikyouseido.mhlw.go.jp/znk-web/juminkanja/S2430/initialize?prefCd=15&kikanCd=DEMRX00028&kikanKbn=3", "url2": "https://www.tokushinkai.or.jp/", "内容": "医療法人徳真会　松村歯科関川診療所【3:歯科】新潟県岩船郡関川村下関字宮越１４１７番１" }, "geometry": { "type": "Point", "coordinates": [ 139.559562, 38.086748 ] } },
{ "type": "Feature", "properties": { "ID": "153DEMRX00030", "正式名称": "おおしま歯科医院", "機関区分": 3, "都道府県コード": 15, "市区町村コード": 212, "所在地": "新潟県村上市上片町３－３０", "緯度": 38.228091, "経度": 139.49123, "url": "https://www.iryou.teikyouseido.mhlw.go.jp/znk-web/juminkanja/S2430/initialize?prefCd=15&kikanCd=DEMRX00030&kikanKbn=3", "url2": "https://www.ohshima-shika.com/", "内容": "おおしま歯科医院【3:歯科】新潟県村上市上片町３－３０" }, "geometry": { "type": "Point", "coordinates": [ 139.49123, 38.228091 ] } },
{ "type": "Feature", "properties": { "ID": "153DEMRX00032", "正式名称": "関川ファミリー歯科　阿部医院", "機関区分": 3, "都道府県コード": 15, "市区町村コード": 581, "所在地": "新潟県岩船郡関川村下関８９１－１", "緯度": 38.090869, "経度": 139.562535, "url": "https://www.iryou.teikyouseido.mhlw.go.jp/znk-web/juminkanja/S2430/initialize?prefCd=15&kikanCd=DEMRX00032&kikanKbn=3", "url2": null, "内容": "関川ファミリー歯科　阿部医院【3:歯科】新潟県岩船郡関川村下関８９１－１" }, "geometry": { "type": "Point", "coordinates": [ 139.562535, 38.090869 ] } },
{ "type": "Feature", "properties": { "ID": "153DENCX00002", "正式名称": "安達歯科医院", "機関区分": 3, "都道府県コード": 15, "市区町村コード": 101, "所在地": "新潟県新潟市北区柳原４丁目１番１２号", "緯度": 37.918314, "経度": 139.210279, "url": "https://www.iryou.teikyouseido.mhlw.go.jp/znk-web/juminkanja/S2430/initialize?prefCd=15&kikanCd=DENCX00002&kikanKbn=3", "url2": "http://adachishika.cihp2.jp/", "内容": "安達歯科医院【3:歯科】新潟県新潟市北区柳原４丁目１番１２号" }, "geometry": { "type": "Point", "coordinates": [ 139.210279, 37.918314 ] } },
{ "type": "Feature", "properties": { "ID": "153DENCX00003", "正式名称": "有田歯科医院", "機関区分": 3, "都道府県コード": 15, "市区町村コード": 101, "所在地": "新潟県新潟市北区太夫浜１６３９番地１", "緯度": 37.956433, "経度": 139.156174, "url": "https://www.iryou.teikyouseido.mhlw.go.jp/znk-web/juminkanja/S2430/initialize?prefCd=15&kikanCd=DENCX00003&kikanKbn=3", "url2": "https://www.aritadental-c.com/", "内容": "有田歯科医院【3:歯科】新潟県新潟市北区太夫浜１６３９番地１" }, "geometry": { "type": "Point", "coordinates": [ 139.156174, 37.956433 ] } },
{ "type": "Feature", "properties": { "ID": "153DENCX00004", "正式名称": "おだ歯科医院", "機関区分": 3, "都道府県コード": 15, "市区町村コード": 101, "所在地": "新潟県新潟市北区かぶとやま２－１－６２ベイシア新潟豊栄店１Ｆテナント", "緯度": 37.928368, "経度": 139.218832, "url": "https://www.iryou.teikyouseido.mhlw.go.jp/znk-web/juminkanja/S2430/initialize?prefCd=15&kikanCd=DENCX00004&kikanKbn=3", "url2": "https://www.oda-dent.com", "内容": "おだ歯科医院【3:歯科】新潟県新潟市北区かぶとやま２－１－６２ベイシア新潟豊栄店１Ｆテナント" }, "geometry": { "type": "Point", "coordinates": [ 139.218832, 37.928368 ] } },
{ "type": "Feature", "properties": { "ID": "153DENCX00005", "正式名称": "かとう歯科医院", "機関区分": 3, "都道府県コード": 15, "市区町村コード": 101, "所在地": "新潟県新潟市北区須戸２丁目６－４０", "緯度": 37.917552, "経度": 139.186118, "url": "https://www.iryou.teikyouseido.mhlw.go.jp/znk-web/juminkanja/S2430/initialize?prefCd=15&kikanCd=DENCX00005&kikanKbn=3", "url2": "https://kt-dent.com/", "内容": "かとう歯科医院【3:歯科】新潟県新潟市北区須戸２丁目６－４０" }, "geometry": { "type": "Point", "coordinates": [ 139.186118, 37.917552 ] } },
{ "type": "Feature", "properties": { "ID": "153DENCX00006", "正式名称": "北村歯科医院", "機関区分": 3, "都道府県コード": 15, "市区町村コード": 101, "所在地": "新潟県新潟市北区三軒屋町十五番三十一号", "緯度": 37.94924, "経度": 139.1479, "url": "https://www.iryou.teikyouseido.mhlw.go.jp/znk-web/juminkanja/S2430/initialize?prefCd=15&kikanCd=DENCX00006&kikanKbn=3", "url2": null, "内容": "北村歯科医院【3:歯科】新潟県新潟市北区三軒屋町十五番三十一号" }, "geometry": { "type": "Point", "coordinates": [ 139.1479, 37.94924 ] } },
{ "type": "Feature", "properties": { "ID": "153DENCX00008", "正式名称": "グリーン歯科医院", "機関区分": 3, "都道府県コード": 15, "市区町村コード": 101, "所在地": "新潟県新潟市北区石動１－２－３７", "緯度": 37.924201, "経度": 139.214983, "url": "https://www.iryou.teikyouseido.mhlw.go.jp/znk-web/juminkanja/S2430/initialize?prefCd=15&kikanCd=DENCX00008&kikanKbn=3", "url2": "https://www.green-shika-iin.-com/", "内容": "グリーン歯科医院【3:歯科】新潟県新潟市北区石動１－２－３７" }, "geometry": { "type": "Point", "coordinates": [ 139.214983, 37.924201 ] } },
{ "type": "Feature", "properties": { "ID": "153DENCX00009", "正式名称": "こうの歯科医院", "機関区分": 3, "都道府県コード": 15, "市区町村コード": 101, "所在地": "新潟県新潟市北区木崎２７６１－３６", "緯度": 37.943177, "経度": 139.191615, "url": "https://www.iryou.teikyouseido.mhlw.go.jp/znk-web/juminkanja/S2430/initialize?prefCd=15&kikanCd=DENCX00009&kikanKbn=3", "url2": null, "内容": "こうの歯科医院【3:歯科】新潟県新潟市北区木崎２７６１－３６" }, "geometry": { "type": "Point", "coordinates": [ 139.191615, 37.943177 ] } },
{ "type": "Feature", "properties": { "ID": "153DENCX00010", "正式名称": "小林歯科医院", "機関区分": 3, "都道府県コード": 15, "市区町村コード": 101, "所在地": "新潟県新潟市北区早通南１丁目５番１０号", "緯度": 37.920677, "経度": 139.179259, "url": "https://www.iryou.teikyouseido.mhlw.go.jp/znk-web/juminkanja/S2430/initialize?prefCd=15&kikanCd=DENCX00010&kikanKbn=3", "url2": "https://www.hayadori-kobayashi-dc.com/", "内容": "小林歯科医院【3:歯科】新潟県新潟市北区早通南１丁目５番１０号" }, "geometry": { "type": "Point", "coordinates": [ 139.179259, 37.920677 ] } },
{ "type": "Feature", "properties": { "ID": "153DENCX00011", "正式名称": "近藤歯科医院", "機関区分": 3, "都道府県コード": 15, "市区町村コード": 101, "所在地": "新潟県新潟市北区松浜本町１丁目１２番１４号", "緯度": 37.951062, "経度": 139.147601, "url": "https://www.iryou.teikyouseido.mhlw.go.jp/znk-web/juminkanja/S2430/initialize?prefCd=15&kikanCd=DENCX00011&kikanKbn=3", "url2": null, "内容": "近藤歯科医院【3:歯科】新潟県新潟市北区松浜本町１丁目１２番１４号" }, "geometry": { "type": "Point", "coordinates": [ 139.147601, 37.951062 ] } },
{ "type": "Feature", "properties": { "ID": "153DENCX00012", "正式名称": "しげたに歯科医院", "機関区分": 3, "都道府県コード": 15, "市区町村コード": 101, "所在地": "新潟県新潟市北区長戸呂４２７番地２", "緯度": 37.882871, "経度": 139.178974, "url": "https://www.iryou.teikyouseido.mhlw.go.jp/znk-web/juminkanja/S2430/initialize?prefCd=15&kikanCd=DENCX00012&kikanKbn=3", "url2": "https://www.shigetanisikaiin.com/", "内容": "しげたに歯科医院【3:歯科】新潟県新潟市北区長戸呂４２７番地２" }, "geometry": { "type": "Point", "coordinates": [ 139.178974, 37.882871 ] } },
{ "type": "Feature", "properties": { "ID": "153DENCX00013", "正式名称": "すずき歯科・矯正歯科クリニッククリニック", "機関区分": 3, "都道府県コード": 15, "市区町村コード": 101, "所在地": "新潟県新潟市北区松浜６－１３－２７", "緯度": 37.955728, "経度": 139.140751, "url": "https://www.iryou.teikyouseido.mhlw.go.jp/znk-web/juminkanja/S2430/initialize?prefCd=15&kikanCd=DENCX00013&kikanKbn=3", "url2": "https://suzuki-dc.jp/", "内容": "すずき歯科・矯正歯科クリニッククリニック【3:歯科】新潟県新潟市北区松浜６－１３－２７" }, "geometry": { "type": "Point", "coordinates": [ 139.140751, 37.955728 ] } },
{ "type": "Feature", "properties": { "ID": "153DENCX00014", "正式名称": "すみれ野歯科医院", "機関区分": 3, "都道府県コード": 15, "市区町村コード": 101, "所在地": "新潟県新潟市北区すみれ野１丁目１３番１３号", "緯度": 37.919824, "経度": 139.159771, "url": "https://www.iryou.teikyouseido.mhlw.go.jp/znk-web/juminkanja/S2430/initialize?prefCd=15&kikanCd=DENCX00014&kikanKbn=3", "url2": null, "内容": "すみれ野歯科医院【3:歯科】新潟県新潟市北区すみれ野１丁目１３番１３号" }, "geometry": { "type": "Point", "coordinates": [ 139.159771, 37.919824 ] } },
{ "type": "Feature", "properties": { "ID": "153DENCX00015", "正式名称": "曽我歯科医院", "機関区分": 3, "都道府県コード": 15, "市区町村コード": 101, "所在地": "新潟県新潟市北区太田甲５６２９－８", "緯度": 37.920634, "経度": 139.219426, "url": "https://www.iryou.teikyouseido.mhlw.go.jp/znk-web/juminkanja/S2430/initialize?prefCd=15&kikanCd=DENCX00015&kikanKbn=3", "url2": null, "内容": "曽我歯科医院【3:歯科】新潟県新潟市北区太田甲５６２９－８" }, "geometry": { "type": "Point", "coordinates": [ 139.219426, 37.920634 ] } },
{ "type": "Feature", "properties": { "ID": "153DENCX00018", "正式名称": "常木歯科医院", "機関区分": 3, "都道府県コード": 15, "市区町村コード": 101, "所在地": "新潟県新潟市北区白新町２－７－１３", "緯度": 37.915884, "経度": 139.215764, "url": "https://www.iryou.teikyouseido.mhlw.go.jp/znk-web/juminkanja/S2430/initialize?prefCd=15&kikanCd=DENCX00018&kikanKbn=3", "url2": null, "内容": "常木歯科医院【3:歯科】新潟県新潟市北区白新町２－７－１３" }, "geometry": { "type": "Point", "coordinates": [ 139.215764, 37.915884 ] } },
{ "type": "Feature", "properties": { "ID": "153DENCX00019", "正式名称": "冨田歯科医院", "機関区分": 3, "都道府県コード": 15, "市区町村コード": 101, "所在地": "新潟県新潟市北区白新町２－４－２１", "緯度": 37.917001, "経度": 139.217112, "url": "https://www.iryou.teikyouseido.mhlw.go.jp/znk-web/juminkanja/S2430/initialize?prefCd=15&kikanCd=DENCX00019&kikanKbn=3", "url2": null, "内容": "冨田歯科医院【3:歯科】新潟県新潟市北区白新町２－４－２１" }, "geometry": { "type": "Point", "coordinates": [ 139.217112, 37.917001 ] } },
{ "type": "Feature", "properties": { "ID": "153DENCX00022", "正式名称": "萩原歯科医院", "機関区分": 3, "都道府県コード": 15, "市区町村コード": 101, "所在地": "新潟県新潟市北区つくし野２丁目１番１号", "緯度": 37.927155, "経度": 139.156484, "url": "https://www.iryou.teikyouseido.mhlw.go.jp/znk-web/juminkanja/S2430/initialize?prefCd=15&kikanCd=DENCX00022&kikanKbn=3", "url2": null, "内容": "萩原歯科医院【3:歯科】新潟県新潟市北区つくし野２丁目１番１号" }, "geometry": { "type": "Point", "coordinates": [ 139.156484, 37.927155 ] } },
{ "type": "Feature", "properties": { "ID": "153DENCX00024", "正式名称": "ひぐち歯科医院", "機関区分": 3, "都道府県コード": 15, "市区町村コード": 101, "所在地": "新潟県新潟市北区葛塚９４－１", "緯度": 37.913292, "経度": 139.210995, "url": "https://www.iryou.teikyouseido.mhlw.go.jp/znk-web/juminkanja/S2430/initialize?prefCd=15&kikanCd=DENCX00024&kikanKbn=3", "url2": "https://hdo.ivory.ne.jp/wp/", "内容": "ひぐち歯科医院【3:歯科】新潟県新潟市北区葛塚９４－１" }, "geometry": { "type": "Point", "coordinates": [ 139.210995, 37.913292 ] } },
{ "type": "Feature", "properties": { "ID": "153DENCX00026", "正式名称": "本間歯科医院", "機関区分": 3, "都道府県コード": 15, "市区町村コード": 101, "所在地": "新潟県新潟市北区朝日町２丁目１番２号", "緯度": 37.919974, "経度": 139.223276, "url": "https://www.iryou.teikyouseido.mhlw.go.jp/znk-web/juminkanja/S2430/initialize?prefCd=15&kikanCd=DENCX00026&kikanKbn=3", "url2": "honma-dental-clinic.com", "内容": "本間歯科医院【3:歯科】新潟県新潟市北区朝日町２丁目１番２号" }, "geometry": { "type": "Point", "coordinates": [ 139.223276, 37.919974 ] } },
{ "type": "Feature", "properties": { "ID": "153DENCX00027", "正式名称": "ほんま歯科医院", "機関区分": 3, "都道府県コード": 15, "市区町村コード": 101, "所在地": "新潟県新潟市北区早通北４－６－３１", "緯度": 37.922105, "経度": 139.184194, "url": "https://www.iryou.teikyouseido.mhlw.go.jp/znk-web/juminkanja/S2430/initialize?prefCd=15&kikanCd=DENCX00027&kikanKbn=3", "url2": "https://honma.ndcreate.jp/", "内容": "ほんま歯科医院【3:歯科】新潟県新潟市北区早通北４－６－３１" }, "geometry": { "type": "Point", "coordinates": [ 139.184194, 37.922105 ] } },
{ "type": "Feature", "properties": { "ID": "153DENCX00028", "正式名称": "松田歯科クリニック", "機関区分": 3, "都道府県コード": 15, "市区町村コード": 101, "所在地": "新潟県新潟市北区島見町３７００－５", "緯度": 37.963303, "経度": 139.201652, "url": "https://www.iryou.teikyouseido.mhlw.go.jp/znk-web/juminkanja/S2430/initialize?prefCd=15&kikanCd=DENCX00028&kikanKbn=3", "url2": "http://www.kanseikai.com/matsuda-dentalclinic/", "内容": "松田歯科クリニック【3:歯科】新潟県新潟市北区島見町３７００－５" }, "geometry": { "type": "Point", "coordinates": [ 139.201652, 37.963303 ] } },
{ "type": "Feature", "properties": { "ID": "153DENCX00030", "正式名称": "やまだデンタルクリニック", "機関区分": 3, "都道府県コード": 15, "市区町村コード": 101, "所在地": "新潟県新潟市北区東栄町１－１２－９", "緯度": 37.911439, "経度": 139.222724, "url": "https://www.iryou.teikyouseido.mhlw.go.jp/znk-web/juminkanja/S2430/initialize?prefCd=15&kikanCd=DENCX00030&kikanKbn=3", "url2": null, "内容": "やまだデンタルクリニック【3:歯科】新潟県新潟市北区東栄町１－１２－９" }, "geometry": { "type": "Point", "coordinates": [ 139.222724, 37.911439 ] } },
{ "type": "Feature", "properties": { "ID": "153DENCX00033", "正式名称": "あさひとう矯正＆こども歯科クリニック", "機関区分": 3, "都道府県コード": 15, "市区町村コード": 102, "所在地": "新潟県新潟市東区藤見町２丁目４番１４号", "緯度": 37.934329, "経度": 139.096796, "url": "https://www.iryou.teikyouseido.mhlw.go.jp/znk-web/juminkanja/S2430/initialize?prefCd=15&kikanCd=DENCX00033&kikanKbn=3", "url2": "www.asahito.com", "内容": "あさひとう矯正＆こども歯科クリニック【3:歯科】新潟県新潟市東区藤見町２丁目４番１４号" }, "geometry": { "type": "Point", "coordinates": [ 139.096796, 37.934329 ] } },
{ "type": "Feature", "properties": { "ID": "153DENCX00035", "正式名称": "あゆかわ歯科医院", "機関区分": 3, "都道府県コード": 15, "市区町村コード": 102, "所在地": "新潟県新潟市東区山木戸４－７－７", "緯度": 37.921934, "経度": 139.084375, "url": "https://www.iryou.teikyouseido.mhlw.go.jp/znk-web/juminkanja/S2430/initialize?prefCd=15&kikanCd=DENCX00035&kikanKbn=3", "url2": "https://www.ekiten.jp/shop_1682966/", "内容": "あゆかわ歯科医院【3:歯科】新潟県新潟市東区山木戸４－７－７" }, "geometry": { "type": "Point", "coordinates": [ 139.084375, 37.921934 ] } },
{ "type": "Feature", "properties": { "ID": "153DENCX00036", "正式名称": "杏歯科クリニック", "機関区分": 3, "都道府県コード": 15, "市区町村コード": 102, "所在地": "新潟県新潟市東区東中島３－９－５４", "緯度": 37.910818, "経度": 139.117416, "url": "https://www.iryou.teikyouseido.mhlw.go.jp/znk-web/juminkanja/S2430/initialize?prefCd=15&kikanCd=DENCX00036&kikanKbn=3", "url2": null, "内容": "杏歯科クリニック【3:歯科】新潟県新潟市東区東中島３－９－５４" }, "geometry": { "type": "Point", "coordinates": [ 139.117416, 37.910818 ] } },
{ "type": "Feature", "properties": { "ID": "153DENCX00038", "正式名称": "いしやま歯科医院", "機関区分": 3, "都道府県コード": 15, "市区町村コード": 102, "所在地": "新潟県新潟市東区新潟市東区はなみずき２－６－２０", "緯度": 37.916732, "経度": 139.102998, "url": "https://www.iryou.teikyouseido.mhlw.go.jp/znk-web/juminkanja/S2430/initialize?prefCd=15&kikanCd=DENCX00038&kikanKbn=3", "url2": "http://www.ishiyama-dc.com/", "内容": "いしやま歯科医院【3:歯科】新潟県新潟市東区新潟市東区はなみずき２－６－２０" }, "geometry": { "type": "Point", "coordinates": [ 139.102998, 37.916732 ] } },
{ "type": "Feature", "properties": { "ID": "153DENCX00039", "正式名称": "伊東歯科医院", "機関区分": 3, "都道府県コード": 15, "市区町村コード": 102, "所在地": "新潟県新潟市東区中山８－２７－１１", "緯度": 37.916754, "経度": 139.093412, "url": "https://www.iryou.teikyouseido.mhlw.go.jp/znk-web/juminkanja/S2430/initialize?prefCd=15&kikanCd=DENCX00039&kikanKbn=3", "url2": null, "内容": "伊東歯科医院【3:歯科】新潟県新潟市東区中山８－２７－１１" }, "geometry": { "type": "Point", "coordinates": [ 139.093412, 37.916754 ] } },
{ "type": "Feature", "properties": { "ID": "153DENCX00040", "正式名称": "いろかわ歯科医院", "機関区分": 3, "都道府県コード": 15, "市区町村コード": 102, "所在地": "新潟県新潟市東区秋葉１－６－３４", "緯度": 37.940227, "経度": 139.083907, "url": "https://www.iryou.teikyouseido.mhlw.go.jp/znk-web/juminkanja/S2430/initialize?prefCd=15&kikanCd=DENCX00040&kikanKbn=3", "url2": null, "内容": "いろかわ歯科医院【3:歯科】新潟県新潟市東区秋葉１－６－３４" }, "geometry": { "type": "Point", "coordinates": [ 139.083907, 37.940227 ] } },
{ "type": "Feature", "properties": { "ID": "153DENCX00041", "正式名称": "宇賀村歯科医院", "機関区分": 3, "都道府県コード": 15, "市区町村コード": 102, "所在地": "新潟県新潟市東区牡丹山３－１－１４", "緯度": 37.924041, "経度": 139.09375, "url": "https://www.iryou.teikyouseido.mhlw.go.jp/znk-web/juminkanja/S2430/initialize?prefCd=15&kikanCd=DENCX00041&kikanKbn=3", "url2": "http://ugamura-niigata.com", "内容": "宇賀村歯科医院【3:歯科】新潟県新潟市東区牡丹山３－１－１４" }, "geometry": { "type": "Point", "coordinates": [ 139.09375, 37.924041 ] } },
{ "type": "Feature", "properties": { "ID": "153DENCX00042", "正式名称": "えびがせファミリー歯科", "機関区分": 3, "都道府県コード": 15, "市区町村コード": 102, "所在地": "新潟県新潟市東区海老ケ瀬３００８", "緯度": 37.932959, "経度": 139.123144, "url": "https://www.iryou.teikyouseido.mhlw.go.jp/znk-web/juminkanja/S2430/initialize?prefCd=15&kikanCd=DENCX00042&kikanKbn=3", "url2": "http://www.ebigase-dental.com/", "内容": "えびがせファミリー歯科【3:歯科】新潟県新潟市東区海老ケ瀬３００８" }, "geometry": { "type": "Point", "coordinates": [ 139.123144, 37.932959 ] } },
{ "type": "Feature", "properties": { "ID": "153DENCX00044", "正式名称": "おおとりい歯科クリニック", "機関区分": 3, "都道府県コード": 15, "市区町村コード": 102, "所在地": "新潟県新潟市東区若葉町１－２０－４１", "緯度": 37.896204, "経度": 139.112274, "url": "https://www.iryou.teikyouseido.mhlw.go.jp/znk-web/juminkanja/S2430/initialize?prefCd=15&kikanCd=DENCX00044&kikanKbn=3", "url2": null, "内容": "おおとりい歯科クリニック【3:歯科】新潟県新潟市東区若葉町１－２０－４１" }, "geometry": { "type": "Point", "coordinates": [ 139.112274, 37.896204 ] } },
{ "type": "Feature", "properties": { "ID": "153DENCX00045", "正式名称": "オオヒラ歯科クリニック", "機関区分": 3, "都道府県コード": 15, "市区町村コード": 102, "所在地": "新潟県新潟市東区太平１丁目３番地１０", "緯度": 37.947269, "経度": 139.116721, "url": "https://www.iryou.teikyouseido.mhlw.go.jp/znk-web/juminkanja/S2430/initialize?prefCd=15&kikanCd=DENCX00045&kikanKbn=3", "url2": null, "内容": "オオヒラ歯科クリニック【3:歯科】新潟県新潟市東区太平１丁目３番地１０" }, "geometry": { "type": "Point", "coordinates": [ 139.116721, 37.947269 ] } },
{ "type": "Feature", "properties": { "ID": "153DENCX00046", "正式名称": "岡田歯科医院", "機関区分": 3, "都道府県コード": 15, "市区町村コード": 102, "所在地": "新潟県新潟市東区北葉町１３－４", "緯度": 37.939198, "経度": 139.075299, "url": "https://www.iryou.teikyouseido.mhlw.go.jp/znk-web/juminkanja/S2430/initialize?prefCd=15&kikanCd=DENCX00046&kikanKbn=3", "url2": null, "内容": "岡田歯科医院【3:歯科】新潟県新潟市東区北葉町１３－４" }, "geometry": { "type": "Point", "coordinates": [ 139.075299, 37.939198 ] } },
{ "type": "Feature", "properties": { "ID": "153DENCX00047", "正式名称": "岡田歯科医院", "機関区分": 3, "都道府県コード": 15, "市区町村コード": 102, "所在地": "新潟県新潟市東区下場本町１４－４", "緯度": 37.905764, "経度": 139.107377, "url": "https://www.iryou.teikyouseido.mhlw.go.jp/znk-web/juminkanja/S2430/initialize?prefCd=15&kikanCd=DENCX00047&kikanKbn=3", "url2": "http://www.okada-dental-niigata.com/", "内容": "岡田歯科医院【3:歯科】新潟県新潟市東区下場本町１４－４" }, "geometry": { "type": "Point", "coordinates": [ 139.107377, 37.905764 ] } },
{ "type": "Feature", "properties": { "ID": "153DENCX00048", "正式名称": "小黒歯科医院", "機関区分": 3, "都道府県コード": 15, "市区町村コード": 102, "所在地": "新潟県新潟市東区紫竹５－１９－１５ボ・ヌール・トワ１Ｆ", "緯度": 37.905372, "経度": 139.079116, "url": "https://www.iryou.teikyouseido.mhlw.go.jp/znk-web/juminkanja/S2430/initialize?prefCd=15&kikanCd=DENCX00048&kikanKbn=3", "url2": "https://www.oguro-shika.com/", "内容": "小黒歯科医院【3:歯科】新潟県新潟市東区紫竹５－１９－１５ボ・ヌール・トワ１Ｆ" }, "geometry": { "type": "Point", "coordinates": [ 139.079116, 37.905372 ] } },
{ "type": "Feature", "properties": { "ID": "153DENCX00049", "正式名称": "小野歯科医院", "機関区分": 3, "都道府県コード": 15, "市区町村コード": 102, "所在地": "新潟県新潟市東区東中野山３丁目１０番１５号", "緯度": 37.901635, "経度": 139.113052, "url": "https://www.iryou.teikyouseido.mhlw.go.jp/znk-web/juminkanja/S2430/initialize?prefCd=15&kikanCd=DENCX00049&kikanKbn=3", "url2": null, "内容": "小野歯科医院【3:歯科】新潟県新潟市東区東中野山３丁目１０番１５号" }, "geometry": { "type": "Point", "coordinates": [ 139.113052, 37.901635 ] } },
{ "type": "Feature", "properties": { "ID": "153DENCX00052", "正式名称": "かわまた歯科", "機関区分": 3, "都道府県コード": 15, "市区町村コード": 102, "所在地": "新潟県新潟市東区中山８－１－１０", "緯度": 37.914273, "経度": 139.086981, "url": "https://www.iryou.teikyouseido.mhlw.go.jp/znk-web/juminkanja/S2430/initialize?prefCd=15&kikanCd=DENCX00052&kikanKbn=3", "url2": "http://www.kanodent.sakura.ne.jp/", "内容": "かわまた歯科【3:歯科】新潟県新潟市東区中山８－１－１０" }, "geometry": { "type": "Point", "coordinates": [ 139.086981, 37.914273 ] } },
{ "type": "Feature", "properties": { "ID": "153DENCX00053", "正式名称": "かめかめ歯科医院", "機関区分": 3, "都道府県コード": 15, "市区町村コード": 102, "所在地": "新潟県新潟市東区新石山４丁目５－５", "緯度": 37.900963, "経度": 139.095525, "url": "https://www.iryou.teikyouseido.mhlw.go.jp/znk-web/juminkanja/S2430/initialize?prefCd=15&kikanCd=DENCX00053&kikanKbn=3", "url2": null, "内容": "かめかめ歯科医院【3:歯科】新潟県新潟市東区新石山４丁目５－５" }, "geometry": { "type": "Point", "coordinates": [ 139.095525, 37.900963 ] } },
{ "type": "Feature", "properties": { "ID": "153DENCX00054", "正式名称": "くぼた歯科クリニック", "機関区分": 3, "都道府県コード": 15, "市区町村コード": 102, "所在地": "新潟県新潟市東区物見山２－１３－１９", "緯度": 37.945351, "経度": 139.093713, "url": "https://www.iryou.teikyouseido.mhlw.go.jp/znk-web/juminkanja/S2430/initialize?prefCd=15&kikanCd=DENCX00054&kikanKbn=3", "url2": "kubota-dental.net", "内容": "くぼた歯科クリニック【3:歯科】新潟県新潟市東区物見山２－１３－１９" }, "geometry": { "type": "Point", "coordinates": [ 139.093713, 37.945351 ] } },
{ "type": "Feature", "properties": { "ID": "153DENCX00059", "正式名称": "ことぶき歯科", "機関区分": 3, "都道府県コード": 15, "市区町村コード": 102, "所在地": "新潟県新潟市東区はなみずき", "緯度": 37.915262, "経度": 139.102617, "url": "https://www.iryou.teikyouseido.mhlw.go.jp/znk-web/juminkanja/S2430/initialize?prefCd=15&kikanCd=DENCX00059&kikanKbn=3", "url2": null, "内容": "ことぶき歯科【3:歯科】新潟県新潟市東区はなみずき" }, "geometry": { "type": "Point", "coordinates": [ 139.102617, 37.915262 ] } },
{ "type": "Feature", "properties": { "ID": "153DENCX00062", "正式名称": "佐々木歯科医院", "機関区分": 3, "都道府県コード": 15, "市区町村コード": 102, "所在地": "新潟県新潟市東区紫竹７－１２－１０", "緯度": 37.910953, "経度": 139.088573, "url": "https://www.iryou.teikyouseido.mhlw.go.jp/znk-web/juminkanja/S2430/initialize?prefCd=15&kikanCd=DENCX00062&kikanKbn=3", "url2": "https://www.sasaki-dc.jp/", "内容": "佐々木歯科医院【3:歯科】新潟県新潟市東区紫竹７－１２－１０" }, "geometry": { "type": "Point", "coordinates": [ 139.088573, 37.910953 ] } },
{ "type": "Feature", "properties": { "ID": "153DENCX00063", "正式名称": "佐藤歯科医院", "機関区分": 3, "都道府県コード": 15, "市区町村コード": 102, "所在地": "新潟県新潟市東区東明１－８－９", "緯度": 37.898871, "経度": 139.082967, "url": "https://www.iryou.teikyouseido.mhlw.go.jp/znk-web/juminkanja/S2430/initialize?prefCd=15&kikanCd=DENCX00063&kikanKbn=3", "url2": null, "内容": "佐藤歯科医院【3:歯科】新潟県新潟市東区東明１－８－９" }, "geometry": { "type": "Point", "coordinates": [ 139.082967, 37.898871 ] } },
{ "type": "Feature", "properties": { "ID": "153DENCX00064", "正式名称": "佐藤歯科医院", "機関区分": 3, "都道府県コード": 15, "市区町村コード": 102, "所在地": "新潟県新潟市東区粟山４―１―２１", "緯度": 37.898391, "経度": 139.101329, "url": "https://www.iryou.teikyouseido.mhlw.go.jp/znk-web/juminkanja/S2430/initialize?prefCd=15&kikanCd=DENCX00064&kikanKbn=3", "url2": null, "内容": "佐藤歯科医院【3:歯科】新潟県新潟市東区粟山４―１―２１" }, "geometry": { "type": "Point", "coordinates": [ 139.101329, 37.898391 ] } },
{ "type": "Feature", "properties": { "ID": "153DENCX00065", "正式名称": "白田歯科医院", "機関区分": 3, "都道府県コード": 15, "市区町村コード": 102, "所在地": "新潟県新潟市東区宝町１－３８", "緯度": 37.942169, "経度": 139.086937, "url": "https://www.iryou.teikyouseido.mhlw.go.jp/znk-web/juminkanja/S2430/initialize?prefCd=15&kikanCd=DENCX00065&kikanKbn=3", "url2": null, "内容": "白田歯科医院【3:歯科】新潟県新潟市東区宝町１－３８" }, "geometry": { "type": "Point", "coordinates": [ 139.086937, 37.942169 ] } },
{ "type": "Feature", "properties": { "ID": "153DENCX00066", "正式名称": "医療法人社団　豊医会　スマイル歯科おざき", "機関区分": 3, "都道府県コード": 15, "市区町村コード": 102, "所在地": "新潟県新潟市東区中山６丁目３番３５号", "緯度": 37.912855, "経度": 139.08102, "url": "https://www.iryou.teikyouseido.mhlw.go.jp/znk-web/juminkanja/S2430/initialize?prefCd=15&kikanCd=DENCX00066&kikanKbn=3", "url2": "http://smile-ozaki.jp", "内容": "医療法人社団　豊医会　スマイル歯科おざき【3:歯科】新潟県新潟市東区中山６丁目３番３５号" }, "geometry": { "type": "Point", "coordinates": [ 139.08102, 37.912855 ] } },
{ "type": "Feature", "properties": { "ID": "153DENCX00068", "正式名称": "たけと歯科クリニック", "機関区分": 3, "都道府県コード": 15, "市区町村コード": 102, "所在地": "新潟県新潟市東区寺山２丁目２番１０号", "緯度": 37.923928, "経度": 139.108938, "url": "https://www.iryou.teikyouseido.mhlw.go.jp/znk-web/juminkanja/S2430/initialize?prefCd=15&kikanCd=DENCX00068&kikanKbn=3", "url2": null, "内容": "たけと歯科クリニック【3:歯科】新潟県新潟市東区寺山２丁目２番１０号" }, "geometry": { "type": "Point", "coordinates": [ 139.108938, 37.923928 ] } },
{ "type": "Feature", "properties": { "ID": "153DENCX00069", "正式名称": "竹本歯科医院", "機関区分": 3, "都道府県コード": 15, "市区町村コード": 102, "所在地": "新潟県新潟市東区逢谷内４丁目８番１３号", "緯度": 37.921727, "経度": 139.118132, "url": "https://www.iryou.teikyouseido.mhlw.go.jp/znk-web/juminkanja/S2430/initialize?prefCd=15&kikanCd=DENCX00069&kikanKbn=3", "url2": null, "内容": "竹本歯科医院【3:歯科】新潟県新潟市東区逢谷内４丁目８番１３号" }, "geometry": { "type": "Point", "coordinates": [ 139.118132, 37.921727 ] } },
{ "type": "Feature", "properties": { "ID": "153DENCX00070", "正式名称": "田代歯科クリニック", "機関区分": 3, "都道府県コード": 15, "市区町村コード": 102, "所在地": "新潟県新潟市東区松和町８－２１", "緯度": 37.941281, "経度": 139.096905, "url": "https://www.iryou.teikyouseido.mhlw.go.jp/znk-web/juminkanja/S2430/initialize?prefCd=15&kikanCd=DENCX00070&kikanKbn=3", "url2": "https://itp.ne.jp/info/151378107000000899/", "内容": "田代歯科クリニック【3:歯科】新潟県新潟市東区松和町８－２１" }, "geometry": { "type": "Point", "coordinates": [ 139.096905, 37.941281 ] } },
{ "type": "Feature", "properties": { "ID": "153DENCX00071", "正式名称": "富樫歯科医院", "機関区分": 3, "都道府県コード": 15, "市区町村コード": 102, "所在地": "新潟県新潟市東区牡丹山２－６－１", "緯度": 37.920717, "経度": 139.089987, "url": "https://www.iryou.teikyouseido.mhlw.go.jp/znk-web/juminkanja/S2430/initialize?prefCd=15&kikanCd=DENCX00071&kikanKbn=3", "url2": null, "内容": "富樫歯科医院【3:歯科】新潟県新潟市東区牡丹山２－６－１" }, "geometry": { "type": "Point", "coordinates": [ 139.089987, 37.920717 ] } },
{ "type": "Feature", "properties": { "ID": "153DENCX00073", "正式名称": "とみい歯科医院", "機関区分": 3, "都道府県コード": 15, "市区町村コード": 102, "所在地": "新潟県新潟市東区空港西２－２０－１８", "緯度": 37.9487, "経度": 139.099515, "url": "https://www.iryou.teikyouseido.mhlw.go.jp/znk-web/juminkanja/S2430/initialize?prefCd=15&kikanCd=DENCX00073&kikanKbn=3", "url2": null, "内容": "とみい歯科医院【3:歯科】新潟県新潟市東区空港西２－２０－１８" }, "geometry": { "type": "Point", "coordinates": [ 139.099515, 37.9487 ] } },
{ "type": "Feature", "properties": { "ID": "153DENCX00074", "正式名称": "ないとう歯科医院", "機関区分": 3, "都道府県コード": 15, "市区町村コード": 102, "所在地": "新潟県新潟市東区物見山２−３５−１９", "緯度": 37.945381, "経度": 139.096269, "url": "https://www.iryou.teikyouseido.mhlw.go.jp/znk-web/juminkanja/S2430/initialize?prefCd=15&kikanCd=DENCX00074&kikanKbn=3", "url2": "https://naito-dental.com", "内容": "ないとう歯科医院【3:歯科】新潟県新潟市東区物見山２−３５−１９" }, "geometry": { "type": "Point", "coordinates": [ 139.096269, 37.945381 ] } },
{ "type": "Feature", "properties": { "ID": "153DENCX00075", "正式名称": "中川歯科医院", "機関区分": 3, "都道府県コード": 15, "市区町村コード": 102, "所在地": "新潟県新潟市東区中山７－２３－９", "緯度": 37.912114, "経度": 139.084375, "url": "https://www.iryou.teikyouseido.mhlw.go.jp/znk-web/juminkanja/S2430/initialize?prefCd=15&kikanCd=DENCX00075&kikanKbn=3", "url2": null, "内容": "中川歯科医院【3:歯科】新潟県新潟市東区中山７－２３－９" }, "geometry": { "type": "Point", "coordinates": [ 139.084375, 37.912114 ] } },
{ "type": "Feature", "properties": { "ID": "153DENCX00076", "正式名称": "なかきど歯科", "機関区分": 3, "都道府県コード": 15, "市区町村コード": 102, "所在地": "新潟県新潟市東区中木戸２１６－４", "緯度": 37.926886, "経度": 139.099096, "url": "https://www.iryou.teikyouseido.mhlw.go.jp/znk-web/juminkanja/S2430/initialize?prefCd=15&kikanCd=DENCX00076&kikanKbn=3", "url2": "www.nakakido.com/", "内容": "なかきど歯科【3:歯科】新潟県新潟市東区中木戸２１６－４" }, "geometry": { "type": "Point", "coordinates": [ 139.099096, 37.926886 ] } },
{ "type": "Feature", "properties": { "ID": "153DENCX00077", "正式名称": "仲又歯科", "機関区分": 3, "都道府県コード": 15, "市区町村コード": 102, "所在地": "新潟県新潟市東区東中島２丁目２番３号　アスティオン東中島１Ｆ", "緯度": 37.907717, "経度": 139.108559, "url": "https://www.iryou.teikyouseido.mhlw.go.jp/znk-web/juminkanja/S2430/initialize?prefCd=15&kikanCd=DENCX00077&kikanKbn=3", "url2": null, "内容": "仲又歯科【3:歯科】新潟県新潟市東区東中島２丁目２番３号　アスティオン東中島１Ｆ" }, "geometry": { "type": "Point", "coordinates": [ 139.108559, 37.907717 ] } },
{ "type": "Feature", "properties": { "ID": "153DENCX00078", "正式名称": "にわ歯科医院", "機関区分": 3, "都道府県コード": 15, "市区町村コード": 102, "所在地": "新潟県新潟市東区中山２丁目１０－１５にわ歯科医院", "緯度": 37.915721, "経度": 139.081439, "url": "https://www.iryou.teikyouseido.mhlw.go.jp/znk-web/juminkanja/S2430/initialize?prefCd=15&kikanCd=DENCX00078&kikanKbn=3", "url2": null, "内容": "にわ歯科医院【3:歯科】新潟県新潟市東区中山２丁目１０－１５にわ歯科医院" }, "geometry": { "type": "Point", "coordinates": [ 139.081439, 37.915721 ] } },
{ "type": "Feature", "properties": { "ID": "153DENCX00079", "正式名称": "服部歯科医院", "機関区分": 3, "都道府県コード": 15, "市区町村コード": 102, "所在地": "新潟県新潟市東区東中野山１ー２ー１３", "緯度": 37.902296, "経度": 139.10829, "url": "https://www.iryou.teikyouseido.mhlw.go.jp/znk-web/juminkanja/S2430/initialize?prefCd=15&kikanCd=DENCX00079&kikanKbn=3", "url2": null, "内容": "服部歯科医院【3:歯科】新潟県新潟市東区東中野山１ー２ー１３" }, "geometry": { "type": "Point", "coordinates": [ 139.10829, 37.902296 ] } },
{ "type": "Feature", "properties": { "ID": "153DENCX00080", "正式名称": "花みずき歯科医院", "機関区分": 3, "都道府県コード": 15, "市区町村コード": 102, "所在地": "新潟県新潟市東区寺山３丁目３０番２４号", "緯度": 37.918716, "経度": 139.111486, "url": "https://www.iryou.teikyouseido.mhlw.go.jp/znk-web/juminkanja/S2430/initialize?prefCd=15&kikanCd=DENCX00080&kikanKbn=3", "url2": null, "内容": "花みずき歯科医院【3:歯科】新潟県新潟市東区寺山３丁目３０番２４号" }, "geometry": { "type": "Point", "coordinates": [ 139.111486, 37.918716 ] } },
{ "type": "Feature", "properties": { "ID": "153DENCX00081", "正式名称": "はやつ歯科クリニック", "機関区分": 3, "都道府県コード": 15, "市区町村コード": 102, "所在地": "新潟県新潟市東区もえぎ野２丁目５番１９号", "緯度": 37.893012, "経度": 139.101422, "url": "https://www.iryou.teikyouseido.mhlw.go.jp/znk-web/juminkanja/S2430/initialize?prefCd=15&kikanCd=DENCX00081&kikanKbn=3", "url2": null, "内容": "はやつ歯科クリニック【3:歯科】新潟県新潟市東区もえぎ野２丁目５番１９号" }, "geometry": { "type": "Point", "coordinates": [ 139.101422, 37.893012 ] } },
{ "type": "Feature", "properties": { "ID": "153DENCX00082", "正式名称": "ひらのデンタルクリニック", "機関区分": 3, "都道府県コード": 15, "市区町村コード": 102, "所在地": "新潟県新潟市東区長者町１５－２３", "緯度": 37.935794, "経度": 139.075976, "url": "https://www.iryou.teikyouseido.mhlw.go.jp/znk-web/juminkanja/S2430/initialize?prefCd=15&kikanCd=DENCX00082&kikanKbn=3", "url2": "hirano-dental-clinic.jp", "内容": "ひらのデンタルクリニック【3:歯科】新潟県新潟市東区長者町１５－２３" }, "geometry": { "type": "Point", "coordinates": [ 139.075976, 37.935794 ] } },
{ "type": "Feature", "properties": { "ID": "153DENCX00085", "正式名称": "ふなえ歯科医院", "機関区分": 3, "都道府県コード": 15, "市区町村コード": 102, "所在地": "新潟県新潟市東区船江町２－１０－１", "緯度": 37.951771, "経度": 139.100434, "url": "https://www.iryou.teikyouseido.mhlw.go.jp/znk-web/juminkanja/S2430/initialize?prefCd=15&kikanCd=DENCX00085&kikanKbn=3", "url2": "https://www.funae-shika.jp/", "内容": "ふなえ歯科医院【3:歯科】新潟県新潟市東区船江町２－１０－１" }, "geometry": { "type": "Point", "coordinates": [ 139.100434, 37.951771 ] } },
{ "type": "Feature", "properties": { "ID": "153DENCX00086", "正式名称": "ぼたんやまデンタルクリニック", "機関区分": 3, "都道府県コード": 15, "市区町村コード": 102, "所在地": "新潟県新潟市東区上木戸４ー１ー９", "緯度": 37.921302, "経度": 139.100244, "url": "https://www.iryou.teikyouseido.mhlw.go.jp/znk-web/juminkanja/S2430/initialize?prefCd=15&kikanCd=DENCX00086&kikanKbn=3", "url2": "https://botanyama-dc.com", "内容": "ぼたんやまデンタルクリニック【3:歯科】新潟県新潟市東区上木戸４ー１ー９" }, "geometry": { "type": "Point", "coordinates": [ 139.100244, 37.921302 ] } },
{ "type": "Feature", "properties": { "ID": "153DENCX00087", "正式名称": "Ｗｈｉｔｅ　Ｂｅｒｒｙ　こうなん歯科", "機関区分": 3, "都道府県コード": 15, "市区町村コード": 102, "所在地": "新潟県新潟市東区江南６－１－３１", "緯度": 37.903169, "経度": 139.083156, "url": "https://www.iryou.teikyouseido.mhlw.go.jp/znk-web/juminkanja/S2430/initialize?prefCd=15&kikanCd=DENCX00087&kikanKbn=3", "url2": "https://www.kounanshika.com", "内容": "Ｗｈｉｔｅ　Ｂｅｒｒｙ　こうなん歯科【3:歯科】新潟県新潟市東区江南６－１－３１" }, "geometry": { "type": "Point", "coordinates": [ 139.083156, 37.903169 ] } },
{ "type": "Feature", "properties": { "ID": "153DENCX00089", "正式名称": "マリデンタルクリニック", "機関区分": 3, "都道府県コード": 15, "市区町村コード": 102, "所在地": "新潟県新潟市東区東明５丁目１−１", "緯度": 37.899159, "経度": 139.086808, "url": "https://www.iryou.teikyouseido.mhlw.go.jp/znk-web/juminkanja/S2430/initialize?prefCd=15&kikanCd=DENCX00089&kikanKbn=3", "url2": null, "内容": "マリデンタルクリニック【3:歯科】新潟県新潟市東区東明５丁目１−１" }, "geometry": { "type": "Point", "coordinates": [ 139.086808, 37.899159 ] } },
{ "type": "Feature", "properties": { "ID": "153DENCX00090", "正式名称": "まるデンタルクリニック", "機関区分": 3, "都道府県コード": 15, "市区町村コード": 102, "所在地": "新潟県新潟市東区はなみずき２ー１４―２０", "緯度": 37.916021, "経度": 139.10471, "url": "https://www.iryou.teikyouseido.mhlw.go.jp/znk-web/juminkanja/S2430/initialize?prefCd=15&kikanCd=DENCX00090&kikanKbn=3", "url2": null, "内容": "まるデンタルクリニック【3:歯科】新潟県新潟市東区はなみずき２ー１４―２０" }, "geometry": { "type": "Point", "coordinates": [ 139.10471, 37.916021 ] } },
{ "type": "Feature", "properties": { "ID": "153DENCX00091", "正式名称": "水野歯科医院", "機関区分": 3, "都道府県コード": 15, "市区町村コード": 102, "所在地": "新潟県新潟市東区河渡２丁目３番２５号", "緯度": 37.937053, "経度": 139.101111, "url": "https://www.iryou.teikyouseido.mhlw.go.jp/znk-web/juminkanja/S2430/initialize?prefCd=15&kikanCd=DENCX00091&kikanKbn=3", "url2": null, "内容": "水野歯科医院【3:歯科】新潟県新潟市東区河渡２丁目３番２５号" }, "geometry": { "type": "Point", "coordinates": [ 139.101111, 37.937053 ] } },
{ "type": "Feature", "properties": { "ID": "153DENCX00092", "正式名称": "みやの歯科医院", "機関区分": 3, "都道府県コード": 15, "市区町村コード": 102, "所在地": "新潟県新潟市東区江南２―７―１７", "緯度": 37.901751, "経度": 139.079892, "url": "https://www.iryou.teikyouseido.mhlw.go.jp/znk-web/juminkanja/S2430/initialize?prefCd=15&kikanCd=DENCX00092&kikanKbn=3", "url2": null, "内容": "みやの歯科医院【3:歯科】新潟県新潟市東区江南２―７―１７" }, "geometry": { "type": "Point", "coordinates": [ 139.079892, 37.901751 ] } },
{ "type": "Feature", "properties": { "ID": "153DENCX00093", "正式名称": "みるく歯科クリニック", "機関区分": 3, "都道府県コード": 15, "市区町村コード": 102, "所在地": "新潟県新潟市東区有楽１丁目７番地１号", "緯度": 37.939203, "経度": 139.103429, "url": "https://www.iryou.teikyouseido.mhlw.go.jp/znk-web/juminkanja/S2430/initialize?prefCd=15&kikanCd=DENCX00093&kikanKbn=3", "url2": "milk-dc.net", "内容": "みるく歯科クリニック【3:歯科】新潟県新潟市東区有楽１丁目７番地１号" }, "geometry": { "type": "Point", "coordinates": [ 139.103429, 37.939203 ] } },
{ "type": "Feature", "properties": { "ID": "153DENCX00094", "正式名称": "もえぎの歯科", "機関区分": 3, "都道府県コード": 15, "市区町村コード": 102, "所在地": "新潟県新潟市東区もえぎ野３－１２－１０もえぎの歯科", "緯度": 37.895764, "経度": 139.105235, "url": "https://www.iryou.teikyouseido.mhlw.go.jp/znk-web/juminkanja/S2430/initialize?prefCd=15&kikanCd=DENCX00094&kikanKbn=3", "url2": null, "内容": "もえぎの歯科【3:歯科】新潟県新潟市東区もえぎ野３－１２－１０もえぎの歯科" }, "geometry": { "type": "Point", "coordinates": [ 139.105235, 37.895764 ] } },
{ "type": "Feature", "properties": { "ID": "153DENCX00095", "正式名称": "山口歯科医院", "機関区分": 3, "都道府県コード": 15, "市区町村コード": 102, "所在地": "新潟県新潟市東区豊１−１−２３", "緯度": 37.925142, "経度": 139.102925, "url": "https://www.iryou.teikyouseido.mhlw.go.jp/znk-web/juminkanja/S2430/initialize?prefCd=15&kikanCd=DENCX00095&kikanKbn=3", "url2": null, "内容": "山口歯科医院【3:歯科】新潟県新潟市東区豊１−１−２３" }, "geometry": { "type": "Point", "coordinates": [ 139.102925, 37.925142 ] } },
{ "type": "Feature", "properties": { "ID": "153DENCX00096", "正式名称": "やまざき小児歯科", "機関区分": 3, "都道府県コード": 15, "市区町村コード": 102, "所在地": "新潟県新潟市東区粟山２―１―２０", "緯度": 37.89736, "経度": 139.09953, "url": "https://www.iryou.teikyouseido.mhlw.go.jp/znk-web/juminkanja/S2430/initialize?prefCd=15&kikanCd=DENCX00096&kikanKbn=3", "url2": null, "内容": "やまざき小児歯科【3:歯科】新潟県新潟市東区粟山２―１―２０" }, "geometry": { "type": "Point", "coordinates": [ 139.09953, 37.89736 ] } },
{ "type": "Feature", "properties": { "ID": "153DENCX00098", "正式名称": "りょう歯科クリニック", "機関区分": 3, "都道府県コード": 15, "市区町村コード": 102, "所在地": "新潟県新潟市東区東中野山４－１５－３", "緯度": 37.904471, "経度": 139.112409, "url": "https://www.iryou.teikyouseido.mhlw.go.jp/znk-web/juminkanja/S2430/initialize?prefCd=15&kikanCd=DENCX00098&kikanKbn=3", "url2": null, "内容": "りょう歯科クリニック【3:歯科】新潟県新潟市東区東中野山４－１５－３" }, "geometry": { "type": "Point", "coordinates": [ 139.112409, 37.904471 ] } },
{ "type": "Feature", "properties": { "ID": "153DENCX00099", "正式名称": "ＲＳ歯科クリニック", "機関区分": 3, "都道府県コード": 15, "市区町村コード": 103, "所在地": "新潟県新潟市中央区西湊町通３ノ町３３０６番地３", "緯度": 37.929566, "経度": 139.053969, "url": "https://www.iryou.teikyouseido.mhlw.go.jp/znk-web/juminkanja/S2430/initialize?prefCd=15&kikanCd=DENCX00099&kikanKbn=3", "url2": null, "内容": "ＲＳ歯科クリニック【3:歯科】新潟県新潟市中央区西湊町通３ノ町３３０６番地３" }, "geometry": { "type": "Point", "coordinates": [ 139.053969, 37.929566 ] } },
{ "type": "Feature", "properties": { "ID": "153DENCX00100", "正式名称": "間歯科医院", "機関区分": 3, "都道府県コード": 15, "市区町村コード": 103, "所在地": "新潟県新潟市中央区南出来島１丁目１５番１０号", "緯度": 37.895255, "経度": 139.026466, "url": "https://www.iryou.teikyouseido.mhlw.go.jp/znk-web/juminkanja/S2430/initialize?prefCd=15&kikanCd=DENCX00100&kikanKbn=3", "url2": "aidashika.com", "内容": "間歯科医院【3:歯科】新潟県新潟市中央区南出来島１丁目１５番１０号" }, "geometry": { "type": "Point", "coordinates": [ 139.026466, 37.895255 ] } },
{ "type": "Feature", "properties": { "ID": "153DENCX00101", "正式名称": "あきの歯科クリニック", "機関区分": 3, "都道府県コード": 15, "市区町村コード": 103, "所在地": "新潟県新潟市中央区白山浦新町通７９－１", "緯度": 37.913446, "経度": 139.026588, "url": "https://www.iryou.teikyouseido.mhlw.go.jp/znk-web/juminkanja/S2430/initialize?prefCd=15&kikanCd=DENCX00101&kikanKbn=3", "url2": null, "内容": "あきの歯科クリニック【3:歯科】新潟県新潟市中央区白山浦新町通７９－１" }, "geometry": { "type": "Point", "coordinates": [ 139.026588, 37.913446 ] } },
{ "type": "Feature", "properties": { "ID": "153DENCX00104", "正式名称": "浅妻歯科医院", "機関区分": 3, "都道府県コード": 15, "市区町村コード": 103, "所在地": "新潟県新潟市中央区万代１ー２ー３コープ野村万代２０１", "緯度": 37.915868, "経度": 139.057202, "url": "https://www.iryou.teikyouseido.mhlw.go.jp/znk-web/juminkanja/S2430/initialize?prefCd=15&kikanCd=DENCX00104&kikanKbn=3", "url2": "asatsuma-dc.com", "内容": "浅妻歯科医院【3:歯科】新潟県新潟市中央区万代１ー２ー３コープ野村万代２０１" }, "geometry": { "type": "Point", "coordinates": [ 139.057202, 37.915868 ] } },
{ "type": "Feature", "properties": { "ID": "153DENCX00105", "正式名称": "あじま歯科クリニック", "機関区分": 3, "都道府県コード": 15, "市区町村コード": 103, "所在地": "新潟県新潟市中央区女池上山４−２−４あじま歯科クリニック", "緯度": 37.894151, "経度": 139.026368, "url": "https://www.iryou.teikyouseido.mhlw.go.jp/znk-web/juminkanja/S2430/initialize?prefCd=15&kikanCd=DENCX00105&kikanKbn=3", "url2": null, "内容": "あじま歯科クリニック【3:歯科】新潟県新潟市中央区女池上山４−２−４あじま歯科クリニック" }, "geometry": { "type": "Point", "coordinates": [ 139.026368, 37.894151 ] } },
{ "type": "Feature", "properties": { "ID": "153DENCX00107", "正式名称": "荒井歯科", "機関区分": 3, "都道府県コード": 15, "市区町村コード": 103, "所在地": "新潟県新潟市中央区上近江４丁目２－２０日生第２ビル", "緯度": 37.899442, "経度": 139.030775, "url": "https://www.iryou.teikyouseido.mhlw.go.jp/znk-web/juminkanja/S2430/initialize?prefCd=15&kikanCd=DENCX00107&kikanKbn=3", "url2": null, "内容": "荒井歯科【3:歯科】新潟県新潟市中央区上近江４丁目２－２０日生第２ビル" }, "geometry": { "type": "Point", "coordinates": [ 139.030775, 37.899442 ] } },
{ "type": "Feature", "properties": { "ID": "153DENCX00108", "正式名称": "アルモニ矯正歯科", "機関区分": 3, "都道府県コード": 15, "市区町村コード": 103, "所在地": "新潟県新潟市中央区上近江４－１２－２０　ＤＥＫＫＹ４０１　１Ｆ", "緯度": 37.898538, "経度": 139.029625, "url": "https://www.iryou.teikyouseido.mhlw.go.jp/znk-web/juminkanja/S2430/initialize?prefCd=15&kikanCd=DENCX00108&kikanKbn=3", "url2": "http://www.hanoura.jp", "内容": "アルモニ矯正歯科【3:歯科】新潟県新潟市中央区上近江４－１２－２０　ＤＥＫＫＹ４０１　１Ｆ" }, "geometry": { "type": "Point", "coordinates": [ 139.029625, 37.898538 ] } },
{ "type": "Feature", "properties": { "ID": "153DENCX00109", "正式名称": "井伊歯科医院", "機関区分": 3, "都道府県コード": 15, "市区町村コード": 103, "所在地": "新潟県新潟市中央区鐙二丁目１４－２３－１", "緯度": 37.904029, "経度": 139.070579, "url": "https://www.iryou.teikyouseido.mhlw.go.jp/znk-web/juminkanja/S2430/initialize?prefCd=15&kikanCd=DENCX00109&kikanKbn=3", "url2": null, "内容": "井伊歯科医院【3:歯科】新潟県新潟市中央区鐙二丁目１４－２３－１" }, "geometry": { "type": "Point", "coordinates": [ 139.070579, 37.904029 ] } },
{ "type": "Feature", "properties": { "ID": "153DENCX00111", "正式名称": "いかみ歯科クリニック", "機関区分": 3, "都道府県コード": 15, "市区町村コード": 103, "所在地": "新潟県新潟市中央区関屋下川原町１－６７１", "緯度": 37.915841, "経度": 139.025962, "url": "https://www.iryou.teikyouseido.mhlw.go.jp/znk-web/juminkanja/S2430/initialize?prefCd=15&kikanCd=DENCX00111&kikanKbn=3", "url2": null, "内容": "いかみ歯科クリニック【3:歯科】新潟県新潟市中央区関屋下川原町１－６７１" }, "geometry": { "type": "Point", "coordinates": [ 139.025962, 37.915841 ] } },
{ "type": "Feature", "properties": { "ID": "153DENCX00112", "正式名称": "五十嵐歯科医院", "機関区分": 3, "都道府県コード": 15, "市区町村コード": 103, "所在地": "新潟県新潟市中央区大島１３０番地５０", "緯度": 37.880615, "経度": 139.025134, "url": "https://www.iryou.teikyouseido.mhlw.go.jp/znk-web/juminkanja/S2430/initialize?prefCd=15&kikanCd=DENCX00112&kikanKbn=3", "url2": null, "内容": "五十嵐歯科医院【3:歯科】新潟県新潟市中央区大島１３０番地５０" }, "geometry": { "type": "Point", "coordinates": [ 139.025134, 37.880615 ] } },
{ "type": "Feature", "properties": { "ID": "153DENCX00113", "正式名称": "いがらし歯科クリニック", "機関区分": 3, "都道府県コード": 15, "市区町村コード": 103, "所在地": "新潟県新潟市中央区附船町１－４３４８－１", "緯度": 37.934447, "経度": 139.05401, "url": "https://www.iryou.teikyouseido.mhlw.go.jp/znk-web/juminkanja/S2430/initialize?prefCd=15&kikanCd=DENCX00113&kikanKbn=3", "url2": null, "内容": "いがらし歯科クリニック【3:歯科】新潟県新潟市中央区附船町１－４３４８－１" }, "geometry": { "type": "Point", "coordinates": [ 139.05401, 37.934447 ] } },
{ "type": "Feature", "properties": { "ID": "153DENCX00116", "正式名称": "石橋歯科クリニック", "機関区分": 3, "都道府県コード": 15, "市区町村コード": 103, "所在地": "新潟県新潟市中央区上所上１－５－１３", "緯度": 37.905781, "経度": 139.033316, "url": "https://www.iryou.teikyouseido.mhlw.go.jp/znk-web/juminkanja/S2430/initialize?prefCd=15&kikanCd=DENCX00116&kikanKbn=3", "url2": null, "内容": "石橋歯科クリニック【3:歯科】新潟県新潟市中央区上所上１－５－１３" }, "geometry": { "type": "Point", "coordinates": [ 139.033316, 37.905781 ] } },
{ "type": "Feature", "properties": { "ID": "153DENCX00118", "正式名称": "医療法人社団こばやし歯科医院", "機関区分": 3, "都道府県コード": 15, "市区町村コード": 103, "所在地": "新潟県新潟市中央区女池上山４－１８－９", "緯度": 37.893369, "経度": 139.02493, "url": "https://www.iryou.teikyouseido.mhlw.go.jp/znk-web/juminkanja/S2430/initialize?prefCd=15&kikanCd=DENCX00118&kikanKbn=3", "url2": null, "内容": "医療法人社団こばやし歯科医院【3:歯科】新潟県新潟市中央区女池上山４－１８－９" }, "geometry": { "type": "Point", "coordinates": [ 139.02493, 37.893369 ] } },
{ "type": "Feature", "properties": { "ID": "153DENCX00119", "正式名称": "歯科ニイガタクリニック", "機関区分": 3, "都道府県コード": 15, "市区町村コード": 103, "所在地": "新潟県新潟市中央区関屋昭和町２－１１２", "緯度": 37.910858, "経度": 139.017148, "url": "https://www.iryou.teikyouseido.mhlw.go.jp/znk-web/juminkanja/S2430/initialize?prefCd=15&kikanCd=DENCX00119&kikanKbn=3", "url2": "http://www.niigata-clinic.com/", "内容": "歯科ニイガタクリニック【3:歯科】新潟県新潟市中央区関屋昭和町２－１１２" }, "geometry": { "type": "Point", "coordinates": [ 139.017148, 37.910858 ] } },
{ "type": "Feature", "properties": { "ID": "153DENCX00120", "正式名称": "ふかまち歯科矯正", "機関区分": 3, "都道府県コード": 15, "市区町村コード": 103, "所在地": "新潟県新潟市中央区弁天１−４−２２グリンビル３階", "緯度": 37.914237, "経度": 139.058869, "url": "https://www.iryou.teikyouseido.mhlw.go.jp/znk-web/juminkanja/S2430/initialize?prefCd=15&kikanCd=DENCX00120&kikanKbn=3", "url2": "https://fukamachi.pro/", "内容": "ふかまち歯科矯正【3:歯科】新潟県新潟市中央区弁天１−４−２２グリンビル３階" }, "geometry": { "type": "Point", "coordinates": [ 139.058869, 37.914237 ] } },
{ "type": "Feature", "properties": { "ID": "153DENCX00121", "正式名称": "スマイル歯科万代", "機関区分": 3, "都道府県コード": 15, "市区町村コード": 103, "所在地": "新潟県新潟市中央区万代３丁目１ー１メディアシップ３Ｆ", "緯度": 37.918591, "経度": 139.056057, "url": "https://www.iryou.teikyouseido.mhlw.go.jp/znk-web/juminkanja/S2430/initialize?prefCd=15&kikanCd=DENCX00121&kikanKbn=3", "url2": "https://smile-kdp.jp/", "内容": "スマイル歯科万代【3:歯科】新潟県新潟市中央区万代３丁目１ー１メディアシップ３Ｆ" }, "geometry": { "type": "Point", "coordinates": [ 139.056057, 37.918591 ] } },
{ "type": "Feature", "properties": { "ID": "153DENCX00123", "正式名称": "植木歯科医院", "機関区分": 3, "都道府県コード": 15, "市区町村コード": 103, "所在地": "新潟県新潟市中央区寄附町５０１６番地１", "緯度": 37.932634, "経度": 139.048985, "url": "https://www.iryou.teikyouseido.mhlw.go.jp/znk-web/juminkanja/S2430/initialize?prefCd=15&kikanCd=DENCX00123&kikanKbn=3", "url2": null, "内容": "植木歯科医院【3:歯科】新潟県新潟市中央区寄附町５０１６番地１" }, "geometry": { "type": "Point", "coordinates": [ 139.048985, 37.932634 ] } },
{ "type": "Feature", "properties": { "ID": "153DENCX00125", "正式名称": "宇佐美歯科医院", "機関区分": 3, "都道府県コード": 15, "市区町村コード": 103, "所在地": "新潟県新潟市中央区上大川前通８番町１２４９番地", "緯度": 37.923383, "経度": 139.048614, "url": "https://www.iryou.teikyouseido.mhlw.go.jp/znk-web/juminkanja/S2430/initialize?prefCd=15&kikanCd=DENCX00125&kikanKbn=3", "url2": null, "内容": "宇佐美歯科医院【3:歯科】新潟県新潟市中央区上大川前通８番町１２４９番地" }, "geometry": { "type": "Point", "coordinates": [ 139.048614, 37.923383 ] } },
{ "type": "Feature", "properties": { "ID": "153DENCX00126", "正式名称": "エクセレント歯科クリニック新潟医院", "機関区分": 3, "都道府県コード": 15, "市区町村コード": 103, "所在地": "新潟県新潟市中央区紫竹山１－２－５ＴＭビル２Ｆ．Ｂ", "緯度": 37.901268, "経度": 139.065887, "url": "https://www.iryou.teikyouseido.mhlw.go.jp/znk-web/juminkanja/S2430/initialize?prefCd=15&kikanCd=DENCX00126&kikanKbn=3", "url2": "https://excellent-dental.jp/", "内容": "エクセレント歯科クリニック新潟医院【3:歯科】新潟県新潟市中央区紫竹山１－２－５ＴＭビル２Ｆ．Ｂ" }, "geometry": { "type": "Point", "coordinates": [ 139.065887, 37.901268 ] } },
{ "type": "Feature", "properties": { "ID": "153DENCX00128", "正式名称": "エスホワイトクリニック", "機関区分": 3, "都道府県コード": 15, "市区町村コード": 103, "所在地": "新潟県新潟市中央区古町通７番町９５１２　大橋ビル２階", "緯度": 37.922808, "経度": 139.044851, "url": "https://www.iryou.teikyouseido.mhlw.go.jp/znk-web/juminkanja/S2430/initialize?prefCd=15&kikanCd=DENCX00128&kikanKbn=3", "url2": null, "内容": "エスホワイトクリニック【3:歯科】新潟県新潟市中央区古町通７番町９５１２　大橋ビル２階" }, "geometry": { "type": "Point", "coordinates": [ 139.044851, 37.922808 ] } },
{ "type": "Feature", "properties": { "ID": "153DENCX00130", "正式名称": "大井歯科医院", "機関区分": 3, "都道府県コード": 15, "市区町村コード": 103, "所在地": "新潟県新潟市中央区女池神明１丁目６番地１６", "緯度": 37.890089, "経度": 139.037464, "url": "https://www.iryou.teikyouseido.mhlw.go.jp/znk-web/juminkanja/S2430/initialize?prefCd=15&kikanCd=DENCX00130&kikanKbn=3", "url2": null, "内容": "大井歯科医院【3:歯科】新潟県新潟市中央区女池神明１丁目６番地１６" }, "geometry": { "type": "Point", "coordinates": [ 139.037464, 37.890089 ] } },
{ "type": "Feature", "properties": { "ID": "153DENCX00131", "正式名称": "太田歯科医院", "機関区分": 3, "都道府県コード": 15, "市区町村コード": 103, "所在地": "新潟県新潟市中央区関屋金衛町２丁目２７６番１グリーンハイツ　１０３号", "緯度": 37.912407, "経度": 139.01497, "url": "https://www.iryou.teikyouseido.mhlw.go.jp/znk-web/juminkanja/S2430/initialize?prefCd=15&kikanCd=DENCX00131&kikanKbn=3", "url2": null, "内容": "太田歯科医院【3:歯科】新潟県新潟市中央区関屋金衛町２丁目２７６番１グリーンハイツ　１０３号" }, "geometry": { "type": "Point", "coordinates": [ 139.01497, 37.912407 ] } },
{ "type": "Feature", "properties": { "ID": "153DENCX00133", "正式名称": "おおむら歯科医院", "機関区分": 3, "都道府県コード": 15, "市区町村コード": 103, "所在地": "新潟県新潟市中央区愛宕１丁目２番８号", "緯度": 37.888273, "経度": 139.028512, "url": "https://www.iryou.teikyouseido.mhlw.go.jp/znk-web/juminkanja/S2430/initialize?prefCd=15&kikanCd=DENCX00133&kikanKbn=3", "url2": "http://www.omura-dc.jpn.org/", "内容": "おおむら歯科医院【3:歯科】新潟県新潟市中央区愛宕１丁目２番８号" }, "geometry": { "type": "Point", "coordinates": [ 139.028512, 37.888273 ] } },
{ "type": "Feature", "properties": { "ID": "153DENCX00136", "正式名称": "岡田歯科医院", "機関区分": 3, "都道府県コード": 15, "市区町村コード": 103, "所在地": "新潟県新潟市中央区南笹口１丁目１０番７号", "緯度": 37.908166, "経度": 139.067352, "url": "https://www.iryou.teikyouseido.mhlw.go.jp/znk-web/juminkanja/S2430/initialize?prefCd=15&kikanCd=DENCX00136&kikanKbn=3", "url2": "https://www.okadasika.com", "内容": "岡田歯科医院【3:歯科】新潟県新潟市中央区南笹口１丁目１０番７号" }, "geometry": { "type": "Point", "coordinates": [ 139.067352, 37.908166 ] } },
{ "type": "Feature", "properties": { "ID": "153DENCX00137", "正式名称": "岡田歯科医院", "機関区分": 3, "都道府県コード": 15, "市区町村コード": 103, "所在地": "新潟県新潟市中央区古町通１番町５２３番地", "緯度": 37.916094, "経度": 139.040404, "url": "https://www.iryou.teikyouseido.mhlw.go.jp/znk-web/juminkanja/S2430/initialize?prefCd=15&kikanCd=DENCX00137&kikanKbn=3", "url2": null, "内容": "岡田歯科医院【3:歯科】新潟県新潟市中央区古町通１番町５２３番地" }, "geometry": { "type": "Point", "coordinates": [ 139.040404, 37.916094 ] } },
{ "type": "Feature", "properties": { "ID": "153DENCX00138", "正式名称": "小野歯科クリニック", "機関区分": 3, "都道府県コード": 15, "市区町村コード": 103, "所在地": "新潟県新潟市中央区万代１－４－３３損保ジャパン新潟セントラルビル", "緯度": 37.917292, "経度": 139.057334, "url": "https://www.iryou.teikyouseido.mhlw.go.jp/znk-web/juminkanja/S2430/initialize?prefCd=15&kikanCd=DENCX00138&kikanKbn=3", "url2": "http://www.ono-dental.com", "内容": "小野歯科クリニック【3:歯科】新潟県新潟市中央区万代１－４－３３損保ジャパン新潟セントラルビル" }, "geometry": { "type": "Point", "coordinates": [ 139.057334, 37.917292 ] } },
{ "type": "Feature", "properties": { "ID": "153DENCX00142", "正式名称": "勝見歯科医院", "機関区分": 3, "都道府県コード": 15, "市区町村コード": 103, "所在地": "新潟県新潟市中央区白山浦１－４０５", "緯度": 37.915476, "経度": 139.035136, "url": "https://www.iryou.teikyouseido.mhlw.go.jp/znk-web/juminkanja/S2430/initialize?prefCd=15&kikanCd=DENCX00142&kikanKbn=3", "url2": null, "内容": "勝見歯科医院【3:歯科】新潟県新潟市中央区白山浦１－４０５" }, "geometry": { "type": "Point", "coordinates": [ 139.035136, 37.915476 ] } },
{ "type": "Feature", "properties": { "ID": "153DENCX00143", "正式名称": "加藤歯科クリニック", "機関区分": 3, "都道府県コード": 15, "市区町村コード": 103, "所在地": "新潟県新潟市中央区上大川前通５－６４－１コープシティ上大川前１０１", "緯度": 37.918747, "経度": 139.047695, "url": "https://www.iryou.teikyouseido.mhlw.go.jp/znk-web/juminkanja/S2430/initialize?prefCd=15&kikanCd=DENCX00143&kikanKbn=3", "url2": "https://katodc.net", "内容": "加藤歯科クリニック【3:歯科】新潟県新潟市中央区上大川前通５－６４－１コープシティ上大川前１０１" }, "geometry": { "type": "Point", "coordinates": [ 139.047695, 37.918747 ] } },
{ "type": "Feature", "properties": { "ID": "153DENCX00144", "正式名称": "かなや歯科クリニック", "機関区分": 3, "都道府県コード": 15, "市区町村コード": 103, "所在地": "新潟県新潟市中央区京王２丁目１－１０", "緯度": 37.89537, "経度": 139.077553, "url": "https://www.iryou.teikyouseido.mhlw.go.jp/znk-web/juminkanja/S2430/initialize?prefCd=15&kikanCd=DENCX00144&kikanKbn=3", "url2": null, "内容": "かなや歯科クリニック【3:歯科】新潟県新潟市中央区京王２丁目１－１０" }, "geometry": { "type": "Point", "coordinates": [ 139.077553, 37.89537 ] } },
{ "type": "Feature", "properties": { "ID": "153DENCX00145", "正式名称": "金子医科歯科医院", "機関区分": 3, "都道府県コード": 15, "市区町村コード": 103, "所在地": "新潟県新潟市中央区長嶺町３−１８", "緯度": 37.914979, "経度": 139.070081, "url": "https://www.iryou.teikyouseido.mhlw.go.jp/znk-web/juminkanja/S2430/initialize?prefCd=15&kikanCd=DENCX00145&kikanKbn=3", "url2": "http://kanbara-kaneko.com/", "内容": "金子医科歯科医院【3:歯科】新潟県新潟市中央区長嶺町３−１８" }, "geometry": { "type": "Point", "coordinates": [ 139.070081, 37.914979 ] } },
{ "type": "Feature", "properties": { "ID": "153DENCX00146", "正式名称": "かみやま親子歯科", "機関区分": 3, "都道府県コード": 15, "市区町村コード": 103, "所在地": "新潟県新潟市中央区女池上山２－６－１３", "緯度": 37.891374, "経度": 139.029563, "url": "https://www.iryou.teikyouseido.mhlw.go.jp/znk-web/juminkanja/S2430/initialize?prefCd=15&kikanCd=DENCX00146&kikanKbn=3", "url2": null, "内容": "かみやま親子歯科【3:歯科】新潟県新潟市中央区女池上山２－６－１３" }, "geometry": { "type": "Point", "coordinates": [ 139.029563, 37.891374 ] } },
{ "type": "Feature", "properties": { "ID": "153DENCX00147", "正式名称": "かも歯科クリニック", "機関区分": 3, "都道府県コード": 15, "市区町村コード": 103, "所在地": "新潟県新潟市中央区幸西１丁目５番２０号　メゾン八千代１Ｆ", "緯度": 37.912065, "経度": 139.050053, "url": "https://www.iryou.teikyouseido.mhlw.go.jp/znk-web/juminkanja/S2430/initialize?prefCd=15&kikanCd=DENCX00147&kikanKbn=3", "url2": "http://kamo-dc.com/", "内容": "かも歯科クリニック【3:歯科】新潟県新潟市中央区幸西１丁目５番２０号　メゾン八千代１Ｆ" }, "geometry": { "type": "Point", "coordinates": [ 139.050053, 37.912065 ] } },
{ "type": "Feature", "properties": { "ID": "153DENCX00148", "正式名称": "神田歯科医院", "機関区分": 3, "都道府県コード": 15, "市区町村コード": 103, "所在地": "新潟県新潟市中央区関屋浜松町９８", "緯度": 37.907345, "経度": 139.014844, "url": "https://www.iryou.teikyouseido.mhlw.go.jp/znk-web/juminkanja/S2430/initialize?prefCd=15&kikanCd=DENCX00148&kikanKbn=3", "url2": "kanda-dentalclinic.net", "内容": "神田歯科医院【3:歯科】新潟県新潟市中央区関屋浜松町９８" }, "geometry": { "type": "Point", "coordinates": [ 139.014844, 37.907345 ] } },
{ "type": "Feature", "properties": { "ID": "153DENCX00149", "正式名称": "キタムラ歯科医院", "機関区分": 3, "都道府県コード": 15, "市区町村コード": 103, "所在地": "新潟県新潟市中央区鳥屋野二の五の二十一キタムラ歯科", "緯度": 37.886913, "経度": 139.021295, "url": "https://www.iryou.teikyouseido.mhlw.go.jp/znk-web/juminkanja/S2430/initialize?prefCd=15&kikanCd=DENCX00149&kikanKbn=3", "url2": null, "内容": "キタムラ歯科医院【3:歯科】新潟県新潟市中央区鳥屋野二の五の二十一キタムラ歯科" }, "geometry": { "type": "Point", "coordinates": [ 139.021295, 37.886913 ] } },
{ "type": "Feature", "properties": { "ID": "153DENCX00150", "正式名称": "矯正歯科さくらぎクリニック", "機関区分": 3, "都道府県コード": 15, "市区町村コード": 103, "所在地": "新潟県新潟市中央区神道寺１丁目５番２７号", "緯度": 37.898429, "経度": 139.056863, "url": "https://www.iryou.teikyouseido.mhlw.go.jp/znk-web/juminkanja/S2430/initialize?prefCd=15&kikanCd=DENCX00150&kikanKbn=3", "url2": "https://sakuragi-clinic.com", "内容": "矯正歯科さくらぎクリニック【3:歯科】新潟県新潟市中央区神道寺１丁目５番２７号" }, "geometry": { "type": "Point", "coordinates": [ 139.056863, 37.898429 ] } },
{ "type": "Feature", "properties": { "ID": "153DENCX00152", "正式名称": "くりの木歯科", "機関区分": 3, "都道府県コード": 15, "市区町村コード": 103, "所在地": "新潟県新潟市中央区沼垂東６丁目１ー３０", "緯度": 37.922449, "経度": 139.070477, "url": "https://www.iryou.teikyouseido.mhlw.go.jp/znk-web/juminkanja/S2430/initialize?prefCd=15&kikanCd=DENCX00152&kikanKbn=3", "url2": "http://www.kurinoki-dental.org", "内容": "くりの木歯科【3:歯科】新潟県新潟市中央区沼垂東６丁目１ー３０" }, "geometry": { "type": "Point", "coordinates": [ 139.070477, 37.922449 ] } },
{ "type": "Feature", "properties": { "ID": "153DENCX00155", "正式名称": "ごとう歯科クリニック", "機関区分": 3, "都道府県コード": 15, "市区町村コード": 103, "所在地": "新潟県新潟市中央区鳥屋野南３－１３－７", "緯度": 37.884291, "経度": 139.030489, "url": "https://www.iryou.teikyouseido.mhlw.go.jp/znk-web/juminkanja/S2430/initialize?prefCd=15&kikanCd=DENCX00155&kikanKbn=3", "url2": "goto-dc.com", "内容": "ごとう歯科クリニック【3:歯科】新潟県新潟市中央区鳥屋野南３－１３－７" }, "geometry": { "type": "Point", "coordinates": [ 139.030489, 37.884291 ] } },
{ "type": "Feature", "properties": { "ID": "153DENCX00156", "正式名称": "沼垂すずらん歯科", "機関区分": 3, "都道府県コード": 15, "市区町村コード": 103, "所在地": "新潟県新潟市中央区沼垂東１ー７ー１２", "緯度": 37.918258, "経度": 139.071151, "url": "https://www.iryou.teikyouseido.mhlw.go.jp/znk-web/juminkanja/S2430/initialize?prefCd=15&kikanCd=DENCX00156&kikanKbn=3", "url2": "https://nuttari-suzurandc.com", "内容": "沼垂すずらん歯科【3:歯科】新潟県新潟市中央区沼垂東１ー７ー１２" }, "geometry": { "type": "Point", "coordinates": [ 139.071151, 37.918258 ] } },
{ "type": "Feature", "properties": { "ID": "153DENCX00158", "正式名称": "近藤歯科医院", "機関区分": 3, "都道府県コード": 15, "市区町村コード": 103, "所在地": "新潟県新潟市中央区堀之内１番地", "緯度": 37.904341, "経度": 139.046165, "url": "https://www.iryou.teikyouseido.mhlw.go.jp/znk-web/juminkanja/S2430/initialize?prefCd=15&kikanCd=DENCX00158&kikanKbn=3", "url2": "www.kdc-ngt.com", "内容": "近藤歯科医院【3:歯科】新潟県新潟市中央区堀之内１番地" }, "geometry": { "type": "Point", "coordinates": [ 139.046165, 37.904341 ] } },
{ "type": "Feature", "properties": { "ID": "153DENCX00159", "正式名称": "齋藤歯科医院", "機関区分": 3, "都道府県コード": 15, "市区町村コード": 103, "所在地": "新潟県新潟市中央区本馬越１－１０－１６", "緯度": 37.91265, "経度": 139.076038, "url": "https://www.iryou.teikyouseido.mhlw.go.jp/znk-web/juminkanja/S2430/initialize?prefCd=15&kikanCd=DENCX00159&kikanKbn=3", "url2": "https://www.saito-dental-clinic.net/", "内容": "齋藤歯科医院【3:歯科】新潟県新潟市中央区本馬越１－１０－１６" }, "geometry": { "type": "Point", "coordinates": [ 139.076038, 37.91265 ] } },
{ "type": "Feature", "properties": { "ID": "153DENCX00160", "正式名称": "齋藤正直歯科医院", "機関区分": 3, "都道府県コード": 15, "市区町村コード": 103, "所在地": "新潟県新潟市中央区山二ツ３－３３－１８", "緯度": 37.8946, "経度": 139.089358, "url": "https://www.iryou.teikyouseido.mhlw.go.jp/znk-web/juminkanja/S2430/initialize?prefCd=15&kikanCd=DENCX00160&kikanKbn=3", "url2": null, "内容": "齋藤正直歯科医院【3:歯科】新潟県新潟市中央区山二ツ３－３３－１８" }, "geometry": { "type": "Point", "coordinates": [ 139.089358, 37.8946 ] } },
{ "type": "Feature", "properties": { "ID": "153DENCX00168", "正式名称": "三和歯科医院", "機関区分": 3, "都道府県コード": 15, "市区町村コード": 103, "所在地": "新潟県新潟市中央区関屋本村町１丁目１０５三和歯科医院", "緯度": 37.913441, "経度": 139.022193, "url": "https://www.iryou.teikyouseido.mhlw.go.jp/znk-web/juminkanja/S2430/initialize?prefCd=15&kikanCd=DENCX00168&kikanKbn=3", "url2": null, "内容": "三和歯科医院【3:歯科】新潟県新潟市中央区関屋本村町１丁目１０５三和歯科医院" }, "geometry": { "type": "Point", "coordinates": [ 139.022193, 37.913441 ] } },
{ "type": "Feature", "properties": { "ID": "153DENCX00172", "正式名称": "清水歯科医院", "機関区分": 3, "都道府県コード": 15, "市区町村コード": 103, "所在地": "新潟県新潟市中央区東堀前通７番長１０７５番地", "緯度": 37.922672, "経度": 139.046592, "url": "https://www.iryou.teikyouseido.mhlw.go.jp/znk-web/juminkanja/S2430/initialize?prefCd=15&kikanCd=DENCX00172&kikanKbn=3", "url2": null, "内容": "清水歯科医院【3:歯科】新潟県新潟市中央区東堀前通７番長１０７５番地" }, "geometry": { "type": "Point", "coordinates": [ 139.046592, 37.922672 ] } },
{ "type": "Feature", "properties": { "ID": "153DENCX00174", "正式名称": "春ぞうデンタルクリニック", "機関区分": 3, "都道府県コード": 15, "市区町村コード": 103, "所在地": "新潟県新潟市中央区姥ケ山３丁目１２－１１", "緯度": 37.886821, "経度": 139.079745, "url": "https://www.iryou.teikyouseido.mhlw.go.jp/znk-web/juminkanja/S2430/initialize?prefCd=15&kikanCd=DENCX00174&kikanKbn=3", "url2": null, "内容": "春ぞうデンタルクリニック【3:歯科】新潟県新潟市中央区姥ケ山３丁目１２－１１" }, "geometry": { "type": "Point", "coordinates": [ 139.079745, 37.886821 ] } },
{ "type": "Feature", "properties": { "ID": "153DENCX00175", "正式名称": "じょうじ歯科クリニック", "機関区分": 3, "都道府県コード": 15, "市区町村コード": 103, "所在地": "新潟県新潟市中央区堀之内南１－１５－１５とやの", "緯度": 37.905543, "経度": 139.052852, "url": "https://www.iryou.teikyouseido.mhlw.go.jp/znk-web/juminkanja/S2430/initialize?prefCd=15&kikanCd=DENCX00175&kikanKbn=3", "url2": null, "内容": "じょうじ歯科クリニック【3:歯科】新潟県新潟市中央区堀之内南１－１５－１５とやの" }, "geometry": { "type": "Point", "coordinates": [ 139.052852, 37.905543 ] } },
{ "type": "Feature", "properties": { "ID": "153DENCX00177", "正式名称": "すずの木歯科クリニック", "機関区分": 3, "都道府県コード": 15, "市区町村コード": 103, "所在地": "新潟県新潟市中央区上近江２－２－２０－１", "緯度": 37.900381, "経度": 139.037378, "url": "https://www.iryou.teikyouseido.mhlw.go.jp/znk-web/juminkanja/S2430/initialize?prefCd=15&kikanCd=DENCX00177&kikanKbn=3", "url2": "https://www.suzunoki-dc.com", "内容": "すずの木歯科クリニック【3:歯科】新潟県新潟市中央区上近江２－２－２０－１" }, "geometry": { "type": "Point", "coordinates": [ 139.037378, 37.900381 ] } },
{ "type": "Feature", "properties": { "ID": "153DENCX00178", "正式名称": "すみや歯科医院", "機関区分": 3, "都道府県コード": 15, "市区町村コード": 103, "所在地": "新潟県新潟市中央区長潟３－７－２０", "緯度": 37.887592, "経度": 139.070694, "url": "https://www.iryou.teikyouseido.mhlw.go.jp/znk-web/juminkanja/S2430/initialize?prefCd=15&kikanCd=DENCX00178&kikanKbn=3", "url2": null, "内容": "すみや歯科医院【3:歯科】新潟県新潟市中央区長潟３－７－２０" }, "geometry": { "type": "Point", "coordinates": [ 139.070694, 37.887592 ] } },
{ "type": "Feature", "properties": { "ID": "153DENCX00181", "正式名称": "高瀬歯科", "機関区分": 3, "都道府県コード": 15, "市区町村コード": 103, "所在地": "新潟県新潟市中央区万代２－３－３４万代グレース１０１", "緯度": 37.917487, "経度": 139.054189, "url": "https://www.iryou.teikyouseido.mhlw.go.jp/znk-web/juminkanja/S2430/initialize?prefCd=15&kikanCd=DENCX00181&kikanKbn=3", "url2": null, "内容": "高瀬歯科【3:歯科】新潟県新潟市中央区万代２－３－３４万代グレース１０１" }, "geometry": { "type": "Point", "coordinates": [ 139.054189, 37.917487 ] } },
{ "type": "Feature", "properties": { "ID": "153DENCX00183", "正式名称": "髙山歯科診療所", "機関区分": 3, "都道府県コード": 15, "市区町村コード": 103, "所在地": "新潟県新潟市中央区本町通７番町１１５３番地新潟本町通ビル３階", "緯度": 37.922946, "経度": 139.0475, "url": "https://www.iryou.teikyouseido.mhlw.go.jp/znk-web/juminkanja/S2430/initialize?prefCd=15&kikanCd=DENCX00183&kikanKbn=3", "url2": null, "内容": "髙山歯科診療所【3:歯科】新潟県新潟市中央区本町通７番町１１５３番地新潟本町通ビル３階" }, "geometry": { "type": "Point", "coordinates": [ 139.0475, 37.922946 ] } },
{ "type": "Feature", "properties": { "ID": "153DENCX00185", "正式名称": "田中歯科医院", "機関区分": 3, "都道府県コード": 15, "市区町村コード": 103, "所在地": "新潟県新潟市中央区関屋新町通１丁目３３番地", "緯度": 37.910811, "経度": 139.025116, "url": "https://www.iryou.teikyouseido.mhlw.go.jp/znk-web/juminkanja/S2430/initialize?prefCd=15&kikanCd=DENCX00185&kikanKbn=3", "url2": "https://www.tk-dc.com/", "内容": "田中歯科医院【3:歯科】新潟県新潟市中央区関屋新町通１丁目３３番地" }, "geometry": { "type": "Point", "coordinates": [ 139.025116, 37.910811 ] } },
{ "type": "Feature", "properties": { "ID": "153DENCX00186", "正式名称": "玉井歯科医院", "機関区分": 3, "都道府県コード": 15, "市区町村コード": 103, "所在地": "新潟県新潟市中央区本町通９番町１３２５番地", "緯度": 37.924931, "経度": 139.048173, "url": "https://www.iryou.teikyouseido.mhlw.go.jp/znk-web/juminkanja/S2430/initialize?prefCd=15&kikanCd=DENCX00186&kikanKbn=3", "url2": null, "内容": "玉井歯科医院【3:歯科】新潟県新潟市中央区本町通９番町１３２５番地" }, "geometry": { "type": "Point", "coordinates": [ 139.048173, 37.924931 ] } },
{ "type": "Feature", "properties": { "ID": "153DENCX00187", "正式名称": "千歳歯科クリニック", "機関区分": 3, "都道府県コード": 15, "市区町村コード": 103, "所在地": "新潟県新潟市中央区新光町５－１千歳ビル１階", "緯度": 37.900172, "経度": 139.022607, "url": "https://www.iryou.teikyouseido.mhlw.go.jp/znk-web/juminkanja/S2430/initialize?prefCd=15&kikanCd=DENCX00187&kikanKbn=3", "url2": null, "内容": "千歳歯科クリニック【3:歯科】新潟県新潟市中央区新光町５－１千歳ビル１階" }, "geometry": { "type": "Point", "coordinates": [ 139.022607, 37.900172 ] } },
{ "type": "Feature", "properties": { "ID": "153DENCX00189", "正式名称": "中央歯科クリニック", "機関区分": 3, "都道府県コード": 15, "市区町村コード": 103, "所在地": "新潟県新潟市中央区湖南４ー１０", "緯度": 37.876923, "経度": 139.039689, "url": "https://www.iryou.teikyouseido.mhlw.go.jp/znk-web/juminkanja/S2430/initialize?prefCd=15&kikanCd=DENCX00189&kikanKbn=3", "url2": "http://www.shiratori-royal.com", "内容": "中央歯科クリニック【3:歯科】新潟県新潟市中央区湖南４ー１０" }, "geometry": { "type": "Point", "coordinates": [ 139.039689, 37.876923 ] } },
{ "type": "Feature", "properties": { "ID": "153DENCX00190", "正式名称": "筒井歯科クリニック", "機関区分": 3, "都道府県コード": 15, "市区町村コード": 103, "所在地": "新潟県新潟市中央区白山浦６４６ー９７ー２Ｆ", "緯度": 37.912134, "経度": 139.029786, "url": "https://www.iryou.teikyouseido.mhlw.go.jp/znk-web/juminkanja/S2430/initialize?prefCd=15&kikanCd=DENCX00190&kikanKbn=3", "url2": null, "内容": "筒井歯科クリニック【3:歯科】新潟県新潟市中央区白山浦６４６ー９７ー２Ｆ" }, "geometry": { "type": "Point", "coordinates": [ 139.029786, 37.912134 ] } },
{ "type": "Feature", "properties": { "ID": "153DENCX00192", "正式名称": "つるい歯科クリニック", "機関区分": 3, "都道府県コード": 15, "市区町村コード": 103, "所在地": "新潟県新潟市中央区紫竹１－５－３９", "緯度": 37.907929, "経度": 139.073573, "url": "https://www.iryou.teikyouseido.mhlw.go.jp/znk-web/juminkanja/S2430/initialize?prefCd=15&kikanCd=DENCX00192&kikanKbn=3", "url2": null, "内容": "つるい歯科クリニック【3:歯科】新潟県新潟市中央区紫竹１－５－３９" }, "geometry": { "type": "Point", "coordinates": [ 139.073573, 37.907929 ] } },
{ "type": "Feature", "properties": { "ID": "153DENCX00194", "正式名称": "てじま歯科医院", "機関区分": 3, "都道府県コード": 15, "市区町村コード": 103, "所在地": "新潟県新潟市中央区万代１－２－１４シルバー流通ビル５０１", "緯度": 37.915309, "経度": 139.056711, "url": "https://www.iryou.teikyouseido.mhlw.go.jp/znk-web/juminkanja/S2430/initialize?prefCd=15&kikanCd=DENCX00194&kikanKbn=3", "url2": "http://www.tejima-dental.jp", "内容": "てじま歯科医院【3:歯科】新潟県新潟市中央区万代１－２－１４シルバー流通ビル５０１" }, "geometry": { "type": "Point", "coordinates": [ 139.056711, 37.915309 ] } },
{ "type": "Feature", "properties": { "ID": "153DENCX00195", "正式名称": "デンタルオフィスｆｒｏｈ", "機関区分": 3, "都道府県コード": 15, "市区町村コード": 103, "所在地": "新潟県新潟市中央区上所中１ー２ー１２ニチレオＺーＢ", "緯度": 37.906594, "経度": 139.038367, "url": "https://www.iryou.teikyouseido.mhlw.go.jp/znk-web/juminkanja/S2430/initialize?prefCd=15&kikanCd=DENCX00195&kikanKbn=3", "url2": "https://www.dofroh.com", "内容": "デンタルオフィスｆｒｏｈ【3:歯科】新潟県新潟市中央区上所中１ー２ー１２ニチレオＺーＢ" }, "geometry": { "type": "Point", "coordinates": [ 139.038367, 37.906594 ] } },
{ "type": "Feature", "properties": { "ID": "153DENCX00196", "正式名称": "長井歯科医院", "機関区分": 3, "都道府県コード": 15, "市区町村コード": 103, "所在地": "新潟県新潟市中央区上所上３－１－３５", "緯度": 37.903311, "経度": 139.032053, "url": "https://www.iryou.teikyouseido.mhlw.go.jp/znk-web/juminkanja/S2430/initialize?prefCd=15&kikanCd=DENCX00196&kikanKbn=3", "url2": "http://dental-nagai.cihp.jp/", "内容": "長井歯科医院【3:歯科】新潟県新潟市中央区上所上３－１－３５" }, "geometry": { "type": "Point", "coordinates": [ 139.032053, 37.903311 ] } },
{ "type": "Feature", "properties": { "ID": "153DENCX00198", "正式名称": "新潟駅前歯科クリニック", "機関区分": 3, "都道府県コード": 15, "市区町村コード": 103, "所在地": "新潟県新潟市中央区弁天１－１－２２東信新潟ビル４階", "緯度": 37.912859, "経度": 139.059804, "url": "https://www.iryou.teikyouseido.mhlw.go.jp/znk-web/juminkanja/S2430/initialize?prefCd=15&kikanCd=DENCX00198&kikanKbn=3", "url2": "https://www.teraodental.com", "内容": "新潟駅前歯科クリニック【3:歯科】新潟県新潟市中央区弁天１－１－２２東信新潟ビル４階" }, "geometry": { "type": "Point", "coordinates": [ 139.059804, 37.912859 ] } },
{ "type": "Feature", "properties": { "ID": "153DENCX00202", "正式名称": "新潟市口腔保健福祉センター", "機関区分": 3, "都道府県コード": 15, "市区町村コード": 103, "所在地": "新潟県新潟市中央区紫竹山３丁目３番１１号新潟市総合保健医療センター４階", "緯度": 37.900901, "経度": 139.070431, "url": "https://www.iryou.teikyouseido.mhlw.go.jp/znk-web/juminkanja/S2430/initialize?prefCd=15&kikanCd=DENCX00202&kikanKbn=3", "url2": null, "内容": "新潟市口腔保健福祉センター【3:歯科】新潟県新潟市中央区紫竹山３丁目３番１１号新潟市総合保健医療センター４階" }, "geometry": { "type": "Point", "coordinates": [ 139.070431, 37.900901 ] } },
{ "type": "Feature", "properties": { "ID": "153DENCX00203", "正式名称": "西堀さとう歯科", "機関区分": 3, "都道府県コード": 15, "市区町村コード": 103, "所在地": "新潟県新潟市中央区西堀通６番町８７７－１佐藤神経内科クリニックビル３階", "緯度": 37.923269, "経度": 139.04385, "url": "https://www.iryou.teikyouseido.mhlw.go.jp/znk-web/juminkanja/S2430/initialize?prefCd=15&kikanCd=DENCX00203&kikanKbn=3", "url2": "310dental.jp", "内容": "西堀さとう歯科【3:歯科】新潟県新潟市中央区西堀通６番町８７７－１佐藤神経内科クリニックビル３階" }, "geometry": { "type": "Point", "coordinates": [ 139.04385, 37.923269 ] } },
{ "type": "Feature", "properties": { "ID": "153DENCX00205", "正式名称": "のぞみ矯正・歯科クリニック", "機関区分": 3, "都道府県コード": 15, "市区町村コード": 103, "所在地": "新潟県新潟市中央区上大川前通１番町１５４番地　新潟白山公園ビル２階", "緯度": 37.914837, "経度": 139.042537, "url": "https://www.iryou.teikyouseido.mhlw.go.jp/znk-web/juminkanja/S2430/initialize?prefCd=15&kikanCd=DENCX00205&kikanKbn=3", "url2": "https://nozomi.dental-net.jp/", "内容": "のぞみ矯正・歯科クリニック【3:歯科】新潟県新潟市中央区上大川前通１番町１５４番地　新潟白山公園ビル２階" }, "geometry": { "type": "Point", "coordinates": [ 139.042537, 37.914837 ] } },
{ "type": "Feature", "properties": { "ID": "153DENCX00207", "正式名称": "野村歯科医院", "機関区分": 3, "都道府県コード": 15, "市区町村コード": 103, "所在地": "新潟県新潟市中央区米山６－１－１２", "緯度": 37.903655, "経度": 139.058507, "url": "https://www.iryou.teikyouseido.mhlw.go.jp/znk-web/juminkanja/S2430/initialize?prefCd=15&kikanCd=DENCX00207&kikanKbn=3", "url2": null, "内容": "野村歯科医院【3:歯科】新潟県新潟市中央区米山６－１－１２" }, "geometry": { "type": "Point", "coordinates": [ 139.058507, 37.903655 ] } },
{ "type": "Feature", "properties": { "ID": "153DENCX00208", "正式名称": "ハート歯科クリニック", "機関区分": 3, "都道府県コード": 15, "市区町村コード": 103, "所在地": "新潟県新潟市中央区関屋金鉢山町７６マンションロビン１Ｆ", "緯度": 37.908367, "経度": 139.017306, "url": "https://www.iryou.teikyouseido.mhlw.go.jp/znk-web/juminkanja/S2430/initialize?prefCd=15&kikanCd=DENCX00208&kikanKbn=3", "url2": null, "内容": "ハート歯科クリニック【3:歯科】新潟県新潟市中央区関屋金鉢山町７６マンションロビン１Ｆ" }, "geometry": { "type": "Point", "coordinates": [ 139.017306, 37.908367 ] } },
{ "type": "Feature", "properties": { "ID": "153DENCX00211", "正式名称": "医療法人社団　長谷川歯科", "機関区分": 3, "都道府県コード": 15, "市区町村コード": 103, "所在地": "新潟県新潟市中央区一番堀通町５９３８", "緯度": 37.914518, "経度": 139.035706, "url": "https://www.iryou.teikyouseido.mhlw.go.jp/znk-web/juminkanja/S2430/initialize?prefCd=15&kikanCd=DENCX00211&kikanKbn=3", "url2": null, "内容": "医療法人社団　長谷川歯科【3:歯科】新潟県新潟市中央区一番堀通町５９３８" }, "geometry": { "type": "Point", "coordinates": [ 139.035706, 37.914518 ] } },
{ "type": "Feature", "properties": { "ID": "153DENCX00215", "正式名称": "万代デンタルクリニック", "機関区分": 3, "都道府県コード": 15, "市区町村コード": 103, "所在地": "新潟県新潟市中央区八千代２−４−２８", "緯度": 37.915719, "経度": 139.05209, "url": "https://www.iryou.teikyouseido.mhlw.go.jp/znk-web/juminkanja/S2430/initialize?prefCd=15&kikanCd=DENCX00215&kikanKbn=3", "url2": "https://www.bandai-dc.com/", "内容": "万代デンタルクリニック【3:歯科】新潟県新潟市中央区八千代２−４−２８" }, "geometry": { "type": "Point", "coordinates": [ 139.05209, 37.915719 ] } },
{ "type": "Feature", "properties": { "ID": "153DENCX00216", "正式名称": "医療法人社団　晃翔会　日野歯科クリニック", "機関区分": 3, "都道府県コード": 15, "市区町村コード": 103, "所在地": "新潟県新潟市中央区寄居町３４２", "緯度": 37.922761, "経度": 139.040701, "url": "https://www.iryou.teikyouseido.mhlw.go.jp/znk-web/juminkanja/S2430/initialize?prefCd=15&kikanCd=DENCX00216&kikanKbn=3", "url2": null, "内容": "医療法人社団　晃翔会　日野歯科クリニック【3:歯科】新潟県新潟市中央区寄居町３４２" }, "geometry": { "type": "Point", "coordinates": [ 139.040701, 37.922761 ] } },
{ "type": "Feature", "properties": { "ID": "153DENCX00218", "正式名称": "ふくい矯正歯科医院", "機関区分": 3, "都道府県コード": 15, "市区町村コード": 103, "所在地": "新潟県新潟市中央区女池上山２丁目１３番２３号", "緯度": 37.89066, "経度": 139.028195, "url": "https://www.iryou.teikyouseido.mhlw.go.jp/znk-web/juminkanja/S2430/initialize?prefCd=15&kikanCd=DENCX00218&kikanKbn=3", "url2": "https://fukui-orthodontic-office.com", "内容": "ふくい矯正歯科医院【3:歯科】新潟県新潟市中央区女池上山２丁目１３番２３号" }, "geometry": { "type": "Point", "coordinates": [ 139.028195, 37.89066 ] } },
{ "type": "Feature", "properties": { "ID": "153DENCX00219", "正式名称": "藤村歯科医院", "機関区分": 3, "都道府県コード": 15, "市区町村コード": 103, "所在地": "新潟県新潟市中央区女池　７－１１－８", "緯度": 37.889049, "経度": 139.0436, "url": "https://www.iryou.teikyouseido.mhlw.go.jp/znk-web/juminkanja/S2430/initialize?prefCd=15&kikanCd=DENCX00219&kikanKbn=3", "url2": null, "内容": "藤村歯科医院【3:歯科】新潟県新潟市中央区女池　７－１１－８" }, "geometry": { "type": "Point", "coordinates": [ 139.0436, 37.889049 ] } },
{ "type": "Feature", "properties": { "ID": "153DENCX00222", "正式名称": "堀田歯科医院", "機関区分": 3, "都道府県コード": 15, "市区町村コード": 103, "所在地": "新潟県新潟市中央区笹口３丁目１１番７号", "緯度": 37.912288, "経度": 139.07048, "url": "https://www.iryou.teikyouseido.mhlw.go.jp/znk-web/juminkanja/S2430/initialize?prefCd=15&kikanCd=DENCX00222&kikanKbn=3", "url2": null, "内容": "堀田歯科医院【3:歯科】新潟県新潟市中央区笹口３丁目１１番７号" }, "geometry": { "type": "Point", "coordinates": [ 139.07048, 37.912288 ] } },
{ "type": "Feature", "properties": { "ID": "153DENCX00223", "正式名称": "堀歯科医院", "機関区分": 3, "都道府県コード": 15, "市区町村コード": 103, "所在地": "新潟県新潟市中央区弁天橋通１丁目５番１号", "緯度": 37.892903, "経度": 139.068898, "url": "https://www.iryou.teikyouseido.mhlw.go.jp/znk-web/juminkanja/S2430/initialize?prefCd=15&kikanCd=DENCX00223&kikanKbn=3", "url2": "https://www.horishikaiin.org/", "内容": "堀歯科医院【3:歯科】新潟県新潟市中央区弁天橋通１丁目５番１号" }, "geometry": { "type": "Point", "coordinates": [ 139.068898, 37.892903 ] } },
{ "type": "Feature", "properties": { "ID": "153DENCX00224", "正式名称": "ホワイト歯科クリニック", "機関区分": 3, "都道府県コード": 15, "市区町村コード": 103, "所在地": "新潟県新潟市中央区新潟市中央区白山浦２丁目６４６－３２", "緯度": 37.912358, "経度": 139.030088, "url": "https://www.iryou.teikyouseido.mhlw.go.jp/znk-web/juminkanja/S2430/initialize?prefCd=15&kikanCd=DENCX00224&kikanKbn=3", "url2": null, "内容": "ホワイト歯科クリニック【3:歯科】新潟県新潟市中央区新潟市中央区白山浦２丁目６４６－３２" }, "geometry": { "type": "Point", "coordinates": [ 139.030088, 37.912358 ] } },
{ "type": "Feature", "properties": { "ID": "153DENCX00225", "正式名称": "Ｗｈｉｔｅ　Ｂｅｒｒｙ　万代デンタルクリニック", "機関区分": 3, "都道府県コード": 15, "市区町村コード": 103, "所在地": "新潟県新潟市中央区万代１－２－１２コスモ万代２Ｆ", "緯度": 37.915151, "経度": 139.056864, "url": "https://www.iryou.teikyouseido.mhlw.go.jp/znk-web/juminkanja/S2430/initialize?prefCd=15&kikanCd=DENCX00225&kikanKbn=3", "url2": "https://www.whiteberry-niigata.com", "内容": "Ｗｈｉｔｅ　Ｂｅｒｒｙ　万代デンタルクリニック【3:歯科】新潟県新潟市中央区万代１－２－１２コスモ万代２Ｆ" }, "geometry": { "type": "Point", "coordinates": [ 139.056864, 37.915151 ] } },
{ "type": "Feature", "properties": { "ID": "153DENCX00226", "正式名称": "本町みゆき歯科", "機関区分": 3, "都道府県コード": 15, "市区町村コード": 103, "所在地": "新潟県新潟市中央区本町通り６番町１１０８－１ぷらっと本町ビル１階", "緯度": 37.920632, "経度": 139.046313, "url": "https://www.iryou.teikyouseido.mhlw.go.jp/znk-web/juminkanja/S2430/initialize?prefCd=15&kikanCd=DENCX00226&kikanKbn=3", "url2": null, "内容": "本町みゆき歯科【3:歯科】新潟県新潟市中央区本町通り６番町１１０８－１ぷらっと本町ビル１階" }, "geometry": { "type": "Point", "coordinates": [ 139.046313, 37.920632 ] } },
{ "type": "Feature", "properties": { "ID": "153DENCX00228", "正式名称": "まつい歯科こども歯科クリニック", "機関区分": 3, "都道府県コード": 15, "市区町村コード": 103, "所在地": "新潟県新潟市中央区山二ツ４丁目４－７", "緯度": 37.891403, "経度": 139.083607, "url": "https://www.iryou.teikyouseido.mhlw.go.jp/znk-web/juminkanja/S2430/initialize?prefCd=15&kikanCd=DENCX00228&kikanKbn=3", "url2": "http://www.matsui-dc.jp", "内容": "まつい歯科こども歯科クリニック【3:歯科】新潟県新潟市中央区山二ツ４丁目４－７" }, "geometry": { "type": "Point", "coordinates": [ 139.083607, 37.891403 ] } },
{ "type": "Feature", "properties": { "ID": "153DENCX00229", "正式名称": "松川歯科医院", "機関区分": 3, "都道府県コード": 15, "市区町村コード": 103, "所在地": "新潟県新潟市中央区営所通１－３１４", "緯度": 37.921216, "経度": 139.039467, "url": "https://www.iryou.teikyouseido.mhlw.go.jp/znk-web/juminkanja/S2430/initialize?prefCd=15&kikanCd=DENCX00229&kikanKbn=3", "url2": "https://matsukawa-dc1909.com", "内容": "松川歯科医院【3:歯科】新潟県新潟市中央区営所通１－３１４" }, "geometry": { "type": "Point", "coordinates": [ 139.039467, 37.921216 ] } },
{ "type": "Feature", "properties": { "ID": "153DENCX00230", "正式名称": "松川歯科医院", "機関区分": 3, "都道府県コード": 15, "市区町村コード": 103, "所在地": "新潟県新潟市中央区月町２０４８", "緯度": 37.922729, "経度": 139.050746, "url": "https://www.iryou.teikyouseido.mhlw.go.jp/znk-web/juminkanja/S2430/initialize?prefCd=15&kikanCd=DENCX00230&kikanKbn=3", "url2": "https://mdc-tsuki.com", "内容": "松川歯科医院【3:歯科】新潟県新潟市中央区月町２０４８" }, "geometry": { "type": "Point", "coordinates": [ 139.050746, 37.922729 ] } },
{ "type": "Feature", "properties": { "ID": "153DENCX00231", "正式名称": "松波町歯科医院", "機関区分": 3, "都道府県コード": 15, "市区町村コード": 103, "所在地": "新潟県新潟市中央区関屋松波町３丁目１９９番", "緯度": 37.916217, "経度": 139.020423, "url": "https://www.iryou.teikyouseido.mhlw.go.jp/znk-web/juminkanja/S2430/initialize?prefCd=15&kikanCd=DENCX00231&kikanKbn=3", "url2": null, "内容": "松波町歯科医院【3:歯科】新潟県新潟市中央区関屋松波町３丁目１９９番" }, "geometry": { "type": "Point", "coordinates": [ 139.020423, 37.916217 ] } },
{ "type": "Feature", "properties": { "ID": "153DENCX00232", "正式名称": "まつみだい歯科診療所アネックス古町", "機関区分": 3, "都道府県コード": 15, "市区町村コード": 103, "所在地": "新潟県新潟市中央区西堀通６番町８６６番地ＮＥＸＴ２１　１階", "緯度": 37.922588, "経度": 139.043129, "url": "https://www.iryou.teikyouseido.mhlw.go.jp/znk-web/juminkanja/S2430/initialize?prefCd=15&kikanCd=DENCX00232&kikanKbn=3", "url2": null, "内容": "まつみだい歯科診療所アネックス古町【3:歯科】新潟県新潟市中央区西堀通６番町８６６番地ＮＥＸＴ２１　１階" }, "geometry": { "type": "Point", "coordinates": [ 139.043129, 37.922588 ] } },
{ "type": "Feature", "properties": { "ID": "153DENCX00233", "正式名称": "水落歯科医院", "機関区分": 3, "都道府県コード": 15, "市区町村コード": 103, "所在地": "新潟県新潟市中央区西堀通３番町２５８－４４", "緯度": 37.919527, "経度": 139.040971, "url": "https://www.iryou.teikyouseido.mhlw.go.jp/znk-web/juminkanja/S2430/initialize?prefCd=15&kikanCd=DENCX00233&kikanKbn=3", "url2": null, "内容": "水落歯科医院【3:歯科】新潟県新潟市中央区西堀通３番町２５８－４４" }, "geometry": { "type": "Point", "coordinates": [ 139.040971, 37.919527 ] } },
{ "type": "Feature", "properties": { "ID": "153DENCX00234", "正式名称": "みねお歯科医院", "機関区分": 3, "都道府県コード": 15, "市区町村コード": 103, "所在地": "新潟県新潟市中央区網川原２－１０－１０", "緯度": 37.891896, "経度": 139.023663, "url": "https://www.iryou.teikyouseido.mhlw.go.jp/znk-web/juminkanja/S2430/initialize?prefCd=15&kikanCd=DENCX00234&kikanKbn=3", "url2": null, "内容": "みねお歯科医院【3:歯科】新潟県新潟市中央区網川原２－１０－１０" }, "geometry": { "type": "Point", "coordinates": [ 139.023663, 37.891896 ] } },
{ "type": "Feature", "properties": { "ID": "153DENCX00235", "正式名称": "宮尾歯科クリニック", "機関区分": 3, "都道府県コード": 15, "市区町村コード": 103, "所在地": "新潟県新潟市中央区上近江４丁目１２番２０号Ｄｅｋｋｙ４０１　１Ｆ", "緯度": 37.898538, "経度": 139.029625, "url": "https://www.iryou.teikyouseido.mhlw.go.jp/znk-web/juminkanja/S2430/initialize?prefCd=15&kikanCd=DENCX00235&kikanKbn=3", "url2": "https://www.miyaoshika.com", "内容": "宮尾歯科クリニック【3:歯科】新潟県新潟市中央区上近江４丁目１２番２０号Ｄｅｋｋｙ４０１　１Ｆ" }, "geometry": { "type": "Point", "coordinates": [ 139.029625, 37.898538 ] } },
{ "type": "Feature", "properties": { "ID": "153DENCX00236", "正式名称": "宮本歯科医院", "機関区分": 3, "都道府県コード": 15, "市区町村コード": 103, "所在地": "新潟県新潟市中央区鐙西１丁目１０番１５号　石黒ビル２Ｆ", "緯度": 37.902457, "経度": 139.065324, "url": "https://www.iryou.teikyouseido.mhlw.go.jp/znk-web/juminkanja/S2430/initialize?prefCd=15&kikanCd=DENCX00236&kikanKbn=3", "url2": null, "内容": "宮本歯科医院【3:歯科】新潟県新潟市中央区鐙西１丁目１０番１５号　石黒ビル２Ｆ" }, "geometry": { "type": "Point", "coordinates": [ 139.065324, 37.902457 ] } },
{ "type": "Feature", "properties": { "ID": "153DENCX00240", "正式名称": "諸見里歯科医院", "機関区分": 3, "都道府県コード": 15, "市区町村コード": 103, "所在地": "新潟県新潟市中央区新和３丁目１６番１４号", "緯度": 37.898508, "経度": 139.041564, "url": "https://www.iryou.teikyouseido.mhlw.go.jp/znk-web/juminkanja/S2430/initialize?prefCd=15&kikanCd=DENCX00240&kikanKbn=3", "url2": "https://moromizato-shika.cihp2.jp", "内容": "諸見里歯科医院【3:歯科】新潟県新潟市中央区新和３丁目１６番１４号" }, "geometry": { "type": "Point", "coordinates": [ 139.041564, 37.898508 ] } },
{ "type": "Feature", "properties": { "ID": "153DENCX00241", "正式名称": "八木歯科医院", "機関区分": 3, "都道府県コード": 15, "市区町村コード": 103, "所在地": "新潟県新潟市中央区鐙１－１１－１７", "緯度": 37.905225, "経度": 139.067788, "url": "https://www.iryou.teikyouseido.mhlw.go.jp/znk-web/juminkanja/S2430/initialize?prefCd=15&kikanCd=DENCX00241&kikanKbn=3", "url2": null, "内容": "八木歯科医院【3:歯科】新潟県新潟市中央区鐙１－１１－１７" }, "geometry": { "type": "Point", "coordinates": [ 139.067788, 37.905225 ] } },
{ "type": "Feature", "properties": { "ID": "153DENCX00243", "正式名称": "山崎歯科医院", "機関区分": 3, "都道府県コード": 15, "市区町村コード": 103, "所在地": "新潟県新潟市中央区東中通１－８６－５３", "緯度": 37.919586, "経度": 139.039003, "url": "https://www.iryou.teikyouseido.mhlw.go.jp/znk-web/juminkanja/S2430/initialize?prefCd=15&kikanCd=DENCX00243&kikanKbn=3", "url2": "niigata-yamazaki-dental.com", "内容": "山崎歯科医院【3:歯科】新潟県新潟市中央区東中通１－８６－５３" }, "geometry": { "type": "Point", "coordinates": [ 139.039003, 37.919586 ] } },
{ "type": "Feature", "properties": { "ID": "153DENCX00244", "正式名称": "山宮歯科医院", "機関区分": 3, "都道府県コード": 15, "市区町村コード": 103, "所在地": "新潟県新潟市中央区上所上２丁目４番３号", "緯度": 37.902203, "経度": 139.034947, "url": "https://www.iryou.teikyouseido.mhlw.go.jp/znk-web/juminkanja/S2430/initialize?prefCd=15&kikanCd=DENCX00244&kikanKbn=3", "url2": null, "内容": "山宮歯科医院【3:歯科】新潟県新潟市中央区上所上２丁目４番３号" }, "geometry": { "type": "Point", "coordinates": [ 139.034947, 37.902203 ] } },
{ "type": "Feature", "properties": { "ID": "153DENCX00246", "正式名称": "横山歯科医院", "機関区分": 3, "都道府県コード": 15, "市区町村コード": 103, "所在地": "新潟県新潟市中央区下所島２丁目１１番５号", "緯度": 37.905411, "経度": 139.045419, "url": "https://www.iryou.teikyouseido.mhlw.go.jp/znk-web/juminkanja/S2430/initialize?prefCd=15&kikanCd=DENCX00246&kikanKbn=3", "url2": null, "内容": "横山歯科医院【3:歯科】新潟県新潟市中央区下所島２丁目１１番５号" }, "geometry": { "type": "Point", "coordinates": [ 139.045419, 37.905411 ] } },
{ "type": "Feature", "properties": { "ID": "153DENCX00247", "正式名称": "善隆歯科クリニック", "機関区分": 3, "都道府県コード": 15, "市区町村コード": 103, "所在地": "新潟県新潟市中央区神道寺１－６－１２", "緯度": 37.89826, "経度": 139.05623, "url": "https://www.iryou.teikyouseido.mhlw.go.jp/znk-web/juminkanja/S2430/initialize?prefCd=15&kikanCd=DENCX00247&kikanKbn=3", "url2": null, "内容": "善隆歯科クリニック【3:歯科】新潟県新潟市中央区神道寺１－６－１２" }, "geometry": { "type": "Point", "coordinates": [ 139.05623, 37.89826 ] } },
{ "type": "Feature", "properties": { "ID": "153DENCX00250", "正式名称": "ワイズ歯科クリニック", "機関区分": 3, "都道府県コード": 15, "市区町村コード": 103, "所在地": "新潟県新潟市中央区女池西２ー７ー１６", "緯度": 37.89034, "経度": 139.03358, "url": "https://www.iryou.teikyouseido.mhlw.go.jp/znk-web/juminkanja/S2430/initialize?prefCd=15&kikanCd=DENCX00250&kikanKbn=3", "url2": null, "内容": "ワイズ歯科クリニック【3:歯科】新潟県新潟市中央区女池西２ー７ー１６" }, "geometry": { "type": "Point", "coordinates": [ 139.03358, 37.89034 ] } },
{ "type": "Feature", "properties": { "ID": "153DENCX00252", "正式名称": "渡辺歯科医院", "機関区分": 3, "都道府県コード": 15, "市区町村コード": 103, "所在地": "新潟県新潟市中央区幸西３－２－１", "緯度": 37.91083, "経度": 139.047061, "url": "https://www.iryou.teikyouseido.mhlw.go.jp/znk-web/juminkanja/S2430/initialize?prefCd=15&kikanCd=DENCX00252&kikanKbn=3", "url2": "https://watanabesikaiin.jimdofree.com", "内容": "渡辺歯科医院【3:歯科】新潟県新潟市中央区幸西３－２－１" }, "geometry": { "type": "Point", "coordinates": [ 139.047061, 37.91083 ] } },
{ "type": "Feature", "properties": { "ID": "153DENCX00253", "正式名称": "浅川歯科クリニック", "機関区分": 3, "都道府県コード": 15, "市区町村コード": 104, "所在地": "新潟県新潟市江南区三條岡２－２－９", "緯度": 37.869354, "経度": 139.123, "url": "https://www.iryou.teikyouseido.mhlw.go.jp/znk-web/juminkanja/S2430/initialize?prefCd=15&kikanCd=DENCX00253&kikanKbn=3", "url2": "https://asakawadental.com", "内容": "浅川歯科クリニック【3:歯科】新潟県新潟市江南区三條岡２－２－９" }, "geometry": { "type": "Point", "coordinates": [ 139.123, 37.869354 ] } },
{ "type": "Feature", "properties": { "ID": "153DENCX00254", "正式名称": "アピタフレンドリー歯科", "機関区分": 3, "都道府県コード": 15, "市区町村コード": 104, "所在地": "新潟県新潟市江南区鵜ノ子４－４６６アピタ新潟亀田店２階", "緯度": 37.872067, "経度": 139.088957, "url": "https://www.iryou.teikyouseido.mhlw.go.jp/znk-web/juminkanja/S2430/initialize?prefCd=15&kikanCd=DENCX00254&kikanKbn=3", "url2": null, "内容": "アピタフレンドリー歯科【3:歯科】新潟県新潟市江南区鵜ノ子４－４６６アピタ新潟亀田店２階" }, "geometry": { "type": "Point", "coordinates": [ 139.088957, 37.872067 ] } },
{ "type": "Feature", "properties": { "ID": "153DENCX00255", "正式名称": "アポロ歯科クリニック", "機関区分": 3, "都道府県コード": 15, "市区町村コード": 104, "所在地": "新潟県新潟市江南区下早通柳田１丁目１番１号イオンモール新潟南２Ｆ", "緯度": 37.875328, "経度": 139.081118, "url": "https://www.iryou.teikyouseido.mhlw.go.jp/znk-web/juminkanja/S2430/initialize?prefCd=15&kikanCd=DENCX00255&kikanKbn=3", "url2": null, "内容": "アポロ歯科クリニック【3:歯科】新潟県新潟市江南区下早通柳田１丁目１番１号イオンモール新潟南２Ｆ" }, "geometry": { "type": "Point", "coordinates": [ 139.081118, 37.875328 ] } },
{ "type": "Feature", "properties": { "ID": "153DENCX00256", "正式名称": "医療法人社団　吉田歯科医院　よしだファミリー歯科", "機関区分": 3, "都道府県コード": 15, "市区町村コード": 104, "所在地": "新潟県新潟市江南区天野２丁目１３－１１", "緯度": 37.854819, "経度": 139.033337, "url": "https://www.iryou.teikyouseido.mhlw.go.jp/znk-web/juminkanja/S2430/initialize?prefCd=15&kikanCd=DENCX00256&kikanKbn=3", "url2": "https://www.yoshida-family-dc.com", "内容": "医療法人社団　吉田歯科医院　よしだファミリー歯科【3:歯科】新潟県新潟市江南区天野２丁目１３－１１" }, "geometry": { "type": "Point", "coordinates": [ 139.033337, 37.854819 ] } },
{ "type": "Feature", "properties": { "ID": "153DENCX00257", "正式名称": "医療法人社団良美会いとう歯科クリニック", "機関区分": 3, "都道府県コード": 15, "市区町村コード": 104, "所在地": "新潟県新潟市江南区天野１丁目１０番２７号", "緯度": 37.854898, "経度": 139.02785, "url": "https://www.iryou.teikyouseido.mhlw.go.jp/znk-web/juminkanja/S2430/initialize?prefCd=15&kikanCd=DENCX00257&kikanKbn=3", "url2": "https://www.dental-clinic-ito.com/", "内容": "医療法人社団良美会いとう歯科クリニック【3:歯科】新潟県新潟市江南区天野１丁目１０番２７号" }, "geometry": { "type": "Point", "coordinates": [ 139.02785, 37.854898 ] } },
{ "type": "Feature", "properties": { "ID": "153DENCX00258", "正式名称": "うぐいす歯科", "機関区分": 3, "都道府県コード": 15, "市区町村コード": 104, "所在地": "新潟県新潟市江南区うぐいす１－６－３", "緯度": 37.874787, "経度": 139.133276, "url": "https://www.iryou.teikyouseido.mhlw.go.jp/znk-web/juminkanja/S2430/initialize?prefCd=15&kikanCd=DENCX00258&kikanKbn=3", "url2": "https://www.uguisu-medical.com/", "内容": "うぐいす歯科【3:歯科】新潟県新潟市江南区うぐいす１－６－３" }, "geometry": { "type": "Point", "coordinates": [ 139.133276, 37.874787 ] } },
{ "type": "Feature", "properties": { "ID": "153DENCX00259", "正式名称": "枝並歯科医院", "機関区分": 3, "都道府県コード": 15, "市区町村コード": 104, "所在地": "新潟県新潟市江南区亀田水道町１－１－５４", "緯度": 37.870608, "経度": 139.11521, "url": "https://www.iryou.teikyouseido.mhlw.go.jp/znk-web/juminkanja/S2430/initialize?prefCd=15&kikanCd=DENCX00259&kikanKbn=3", "url2": "http://edanami-shika.com/admin/login.php", "内容": "枝並歯科医院【3:歯科】新潟県新潟市江南区亀田水道町１－１－５４" }, "geometry": { "type": "Point", "coordinates": [ 139.11521, 37.870608 ] } },
{ "type": "Feature", "properties": { "ID": "153DENCX00260", "正式名称": "枝並歯科クリニック", "機関区分": 3, "都道府県コード": 15, "市区町村コード": 104, "所在地": "新潟県新潟市江南区亀田四ツ興野３丁目３番地３４", "緯度": 37.870289, "経度": 139.097774, "url": "https://www.iryou.teikyouseido.mhlw.go.jp/znk-web/juminkanja/S2430/initialize?prefCd=15&kikanCd=DENCX00260&kikanKbn=3", "url2": null, "内容": "枝並歯科クリニック【3:歯科】新潟県新潟市江南区亀田四ツ興野３丁目３番地３４" }, "geometry": { "type": "Point", "coordinates": [ 139.097774, 37.870289 ] } },
{ "type": "Feature", "properties": { "ID": "153DENCX00263", "正式名称": "上野山歯科医院", "機関区分": 3, "都道府県コード": 15, "市区町村コード": 104, "所在地": "新潟県新潟市江南区曙町１丁目２番１号", "緯度": 37.862328, "経度": 139.119516, "url": "https://www.iryou.teikyouseido.mhlw.go.jp/znk-web/juminkanja/S2430/initialize?prefCd=15&kikanCd=DENCX00263&kikanKbn=3", "url2": null, "内容": "上野山歯科医院【3:歯科】新潟県新潟市江南区曙町１丁目２番１号" }, "geometry": { "type": "Point", "coordinates": [ 139.119516, 37.862328 ] } },
{ "type": "Feature", "properties": { "ID": "153DENCX00265", "正式名称": "矯正ループ歯科", "機関区分": 3, "都道府県コード": 15, "市区町村コード": 104, "所在地": "新潟県新潟市江南区早苗１丁目３番１７号", "緯度": 37.869073, "経度": 139.094798, "url": "https://www.iryou.teikyouseido.mhlw.go.jp/znk-web/juminkanja/S2430/initialize?prefCd=15&kikanCd=DENCX00265&kikanKbn=3", "url2": null, "内容": "矯正ループ歯科【3:歯科】新潟県新潟市江南区早苗１丁目３番１７号" }, "geometry": { "type": "Point", "coordinates": [ 139.094798, 37.869073 ] } },
{ "type": "Feature", "properties": { "ID": "153DENCX00266", "正式名称": "倉嶋歯科クリニック", "機関区分": 3, "都道府県コード": 15, "市区町村コード": 104, "所在地": "新潟県新潟市江南区大渕３４８５", "緯度": 37.893505, "経度": 139.144596, "url": "https://www.iryou.teikyouseido.mhlw.go.jp/znk-web/juminkanja/S2430/initialize?prefCd=15&kikanCd=DENCX00266&kikanKbn=3", "url2": null, "内容": "倉嶋歯科クリニック【3:歯科】新潟県新潟市江南区大渕３４８５" }, "geometry": { "type": "Point", "coordinates": [ 139.144596, 37.893505 ] } },
{ "type": "Feature", "properties": { "ID": "153DENCX00267", "正式名称": "五月町デンタルクリニック", "機関区分": 3, "都道府県コード": 15, "市区町村コード": 104, "所在地": "新潟県新潟市江南区五月町２丁目１１番３８号", "緯度": 37.873112, "経度": 139.096217, "url": "https://www.iryou.teikyouseido.mhlw.go.jp/znk-web/juminkanja/S2430/initialize?prefCd=15&kikanCd=DENCX00267&kikanKbn=3", "url2": "satsukicho-dentalclinic.com", "内容": "五月町デンタルクリニック【3:歯科】新潟県新潟市江南区五月町２丁目１１番３８号" }, "geometry": { "type": "Point", "coordinates": [ 139.096217, 37.873112 ] } },
{ "type": "Feature", "properties": { "ID": "153DENCX00268", "正式名称": "城山歯科", "機関区分": 3, "都道府県コード": 15, "市区町村コード": 104, "所在地": "新潟県新潟市江南区城山１－２－７４", "緯度": 37.864531, "経度": 139.110303, "url": "https://www.iryou.teikyouseido.mhlw.go.jp/znk-web/juminkanja/S2430/initialize?prefCd=15&kikanCd=DENCX00268&kikanKbn=3", "url2": "https://www.jyouyama-shika.com/index.php?cID=1", "内容": "城山歯科【3:歯科】新潟県新潟市江南区城山１－２－７４" }, "geometry": { "type": "Point", "coordinates": [ 139.110303, 37.864531 ] } },
{ "type": "Feature", "properties": { "ID": "153DENCX00271", "正式名称": "田辺歯科医院", "機関区分": 3, "都道府県コード": 15, "市区町村コード": 104, "所在地": "新潟県新潟市江南区袋津４丁目４番５号", "緯度": 37.864487, "経度": 139.115165, "url": "https://www.iryou.teikyouseido.mhlw.go.jp/znk-web/juminkanja/S2430/initialize?prefCd=15&kikanCd=DENCX00271&kikanKbn=3", "url2": null, "内容": "田辺歯科医院【3:歯科】新潟県新潟市江南区袋津４丁目４番５号" }, "geometry": { "type": "Point", "coordinates": [ 139.115165, 37.864487 ] } },
{ "type": "Feature", "properties": { "ID": "153DENCX00272", "正式名称": "そのき歯科医院", "機関区分": 3, "都道府県コード": 15, "市区町村コード": 104, "所在地": "新潟県新潟市江南区曽野木１ー７ー１８", "緯度": 37.867729, "経度": 139.044722, "url": "https://www.iryou.teikyouseido.mhlw.go.jp/znk-web/juminkanja/S2430/initialize?prefCd=15&kikanCd=DENCX00272&kikanKbn=3", "url2": null, "内容": "そのき歯科医院【3:歯科】新潟県新潟市江南区曽野木１ー７ー１８" }, "geometry": { "type": "Point", "coordinates": [ 139.044722, 37.867729 ] } },
{ "type": "Feature", "properties": { "ID": "153DENCX00273", "正式名称": "中村歯科医院", "機関区分": 3, "都道府県コード": 15, "市区町村コード": 104, "所在地": "新潟県新潟市江南区亀田中島３—２４４８—１３", "緯度": 37.884928, "経度": 139.101334, "url": "https://www.iryou.teikyouseido.mhlw.go.jp/znk-web/juminkanja/S2430/initialize?prefCd=15&kikanCd=DENCX00273&kikanKbn=3", "url2": null, "内容": "中村歯科医院【3:歯科】新潟県新潟市江南区亀田中島３—２４４８—１３" }, "geometry": { "type": "Point", "coordinates": [ 139.101334, 37.884928 ] } },
{ "type": "Feature", "properties": { "ID": "153DENCX00274", "正式名称": "西歯科医院", "機関区分": 3, "都道府県コード": 15, "市区町村コード": 104, "所在地": "新潟県新潟市江南区横越中央８－２－１０", "緯度": 37.851145, "経度": 139.144076, "url": "https://www.iryou.teikyouseido.mhlw.go.jp/znk-web/juminkanja/S2430/initialize?prefCd=15&kikanCd=DENCX00274&kikanKbn=3", "url2": null, "内容": "西歯科医院【3:歯科】新潟県新潟市江南区横越中央８－２－１０" }, "geometry": { "type": "Point", "coordinates": [ 139.144076, 37.851145 ] } },
{ "type": "Feature", "properties": { "ID": "153DENCX00275", "正式名称": "フェイス歯科医院", "機関区分": 3, "都道府県コード": 15, "市区町村コード": 104, "所在地": "新潟県新潟市江南区亀田緑町４丁目２番地２１番", "緯度": 37.870988, "経度": 139.100557, "url": "https://www.iryou.teikyouseido.mhlw.go.jp/znk-web/juminkanja/S2430/initialize?prefCd=15&kikanCd=DENCX00275&kikanKbn=3", "url2": null, "内容": "フェイス歯科医院【3:歯科】新潟県新潟市江南区亀田緑町４丁目２番地２１番" }, "geometry": { "type": "Point", "coordinates": [ 139.100557, 37.870988 ] } },
{ "type": "Feature", "properties": { "ID": "153DENCX00276", "正式名称": "深井歯科医院", "機関区分": 3, "都道府県コード": 15, "市区町村コード": 104, "所在地": "新潟県新潟市江南区西町１丁目３番２１号", "緯度": 37.874273, "経度": 139.107267, "url": "https://www.iryou.teikyouseido.mhlw.go.jp/znk-web/juminkanja/S2430/initialize?prefCd=15&kikanCd=DENCX00276&kikanKbn=3", "url2": null, "内容": "深井歯科医院【3:歯科】新潟県新潟市江南区西町１丁目３番２１号" }, "geometry": { "type": "Point", "coordinates": [ 139.107267, 37.874273 ] } },
{ "type": "Feature", "properties": { "ID": "153DENCX00277", "正式名称": "ふれあい歯科クリニック", "機関区分": 3, "都道府県コード": 15, "市区町村コード": 104, "所在地": "新潟県新潟市江南区早通６丁目７番３４号", "緯度": 37.863513, "経度": 139.081352, "url": "https://www.iryou.teikyouseido.mhlw.go.jp/znk-web/juminkanja/S2430/initialize?prefCd=15&kikanCd=DENCX00277&kikanKbn=3", "url2": null, "内容": "ふれあい歯科クリニック【3:歯科】新潟県新潟市江南区早通６丁目７番３４号" }, "geometry": { "type": "Point", "coordinates": [ 139.081352, 37.863513 ] } },
{ "type": "Feature", "properties": { "ID": "153DENCX00279", "正式名称": "丸山歯科医院", "機関区分": 3, "都道府県コード": 15, "市区町村コード": 104, "所在地": "新潟県新潟市江南区船戸山４ー９ー２１", "緯度": 37.866698, "経度": 139.106005, "url": "https://www.iryou.teikyouseido.mhlw.go.jp/znk-web/juminkanja/S2430/initialize?prefCd=15&kikanCd=DENCX00279&kikanKbn=3", "url2": null, "内容": "丸山歯科医院【3:歯科】新潟県新潟市江南区船戸山４ー９ー２１" }, "geometry": { "type": "Point", "coordinates": [ 139.106005, 37.866698 ] } },
{ "type": "Feature", "properties": { "ID": "153DENCX00280", "正式名称": "三浦歯科医院", "機関区分": 3, "都道府県コード": 15, "市区町村コード": 104, "所在地": "新潟県新潟市江南区横越中央２丁目１０番５号", "緯度": 37.856019, "経度": 139.147653, "url": "https://www.iryou.teikyouseido.mhlw.go.jp/znk-web/juminkanja/S2430/initialize?prefCd=15&kikanCd=DENCX00280&kikanKbn=3", "url2": null, "内容": "三浦歯科医院【3:歯科】新潟県新潟市江南区横越中央２丁目１０番５号" }, "geometry": { "type": "Point", "coordinates": [ 139.147653, 37.856019 ] } },
{ "type": "Feature", "properties": { "ID": "153DENCX00281", "正式名称": "みゆき歯科医院", "機関区分": 3, "都道府県コード": 15, "市区町村コード": 104, "所在地": "新潟県新潟市江南区亀田本町２丁目２番１４号", "緯度": 37.871364, "経度": 139.107655, "url": "https://www.iryou.teikyouseido.mhlw.go.jp/znk-web/juminkanja/S2430/initialize?prefCd=15&kikanCd=DENCX00281&kikanKbn=3", "url2": "https://www.miyukishikaiin.com/", "内容": "みゆき歯科医院【3:歯科】新潟県新潟市江南区亀田本町２丁目２番１４号" }, "geometry": { "type": "Point", "coordinates": [ 139.107655, 37.871364 ] } },
{ "type": "Feature", "properties": { "ID": "153DENCX00286", "正式名称": "あおば歯科クリニック倉田歯科医院", "機関区分": 3, "都道府県コード": 15, "市区町村コード": 105, "所在地": "新潟県新潟市秋葉区西古津１番４号", "緯度": 37.773374, "経度": 139.114511, "url": "https://www.iryou.teikyouseido.mhlw.go.jp/znk-web/juminkanja/S2430/initialize?prefCd=15&kikanCd=DENCX00286&kikanKbn=3", "url2": null, "内容": "あおば歯科クリニック倉田歯科医院【3:歯科】新潟県新潟市秋葉区西古津１番４号" }, "geometry": { "type": "Point", "coordinates": [ 139.114511, 37.773374 ] } },
{ "type": "Feature", "properties": { "ID": "153DENCX00287", "正式名称": "あきはそらいろ歯科", "機関区分": 3, "都道府県コード": 15, "市区町村コード": 105, "所在地": "新潟県新潟市秋葉区金沢町２丁目８番１２号", "緯度": 37.79941, "経度": 139.135507, "url": "https://www.iryou.teikyouseido.mhlw.go.jp/znk-web/juminkanja/S2430/initialize?prefCd=15&kikanCd=DENCX00287&kikanKbn=3", "url2": "https://akihasolairo.jp/", "内容": "あきはそらいろ歯科【3:歯科】新潟県新潟市秋葉区金沢町２丁目８番１２号" }, "geometry": { "type": "Point", "coordinates": [ 139.135507, 37.79941 ] } },
{ "type": "Feature", "properties": { "ID": "153DENCX00288", "正式名称": "五十嵐歯科医院", "機関区分": 3, "都道府県コード": 15, "市区町村コード": 105, "所在地": "新潟県新潟市秋葉区出戸１７６番地２", "緯度": 37.786544, "経度": 139.071839, "url": "https://www.iryou.teikyouseido.mhlw.go.jp/znk-web/juminkanja/S2430/initialize?prefCd=15&kikanCd=DENCX00288&kikanKbn=3", "url2": null, "内容": "五十嵐歯科医院【3:歯科】新潟県新潟市秋葉区出戸１７６番地２" }, "geometry": { "type": "Point", "coordinates": [ 139.071839, 37.786544 ] } },
{ "type": "Feature", "properties": { "ID": "153DENCX00289", "正式名称": "五十嵐歯科クリニック", "機関区分": 3, "都道府県コード": 15, "市区町村コード": 105, "所在地": "新潟県新潟市秋葉区新津本町１－３－２３", "緯度": 37.797453, "経度": 139.121961, "url": "https://www.iryou.teikyouseido.mhlw.go.jp/znk-web/juminkanja/S2430/initialize?prefCd=15&kikanCd=DENCX00289&kikanKbn=3", "url2": "https://www.ikarashi-dc.jp", "内容": "五十嵐歯科クリニック【3:歯科】新潟県新潟市秋葉区新津本町１－３－２３" }, "geometry": { "type": "Point", "coordinates": [ 139.121961, 37.797453 ] } },
{ "type": "Feature", "properties": { "ID": "153DENCX00290", "正式名称": "いの歯科医院", "機関区分": 3, "都道府県コード": 15, "市区町村コード": 105, "所在地": "新潟県新潟市秋葉区秋葉３丁目４番１８号", "緯度": 37.789756, "経度": 139.135135, "url": "https://www.iryou.teikyouseido.mhlw.go.jp/znk-web/juminkanja/S2430/initialize?prefCd=15&kikanCd=DENCX00290&kikanKbn=3", "url2": "https://ino-shika.jp", "内容": "いの歯科医院【3:歯科】新潟県新潟市秋葉区秋葉３丁目４番１８号" }, "geometry": { "type": "Point", "coordinates": [ 139.135135, 37.789756 ] } },
{ "type": "Feature", "properties": { "ID": "153DENCX00291", "正式名称": "医療法人玄徳会おぎかわ歯科", "機関区分": 3, "都道府県コード": 15, "市区町村コード": 105, "所在地": "新潟県新潟市秋葉区田島８３３番地", "緯度": 37.830087, "経度": 139.114685, "url": "https://www.iryou.teikyouseido.mhlw.go.jp/znk-web/juminkanja/S2430/initialize?prefCd=15&kikanCd=DENCX00291&kikanKbn=3", "url2": ": http://www.tokushinkai.or.jp/", "内容": "医療法人玄徳会おぎかわ歯科【3:歯科】新潟県新潟市秋葉区田島８３３番地" }, "geometry": { "type": "Point", "coordinates": [ 139.114685, 37.830087 ] } },
{ "type": "Feature", "properties": { "ID": "153DENCX00292", "正式名称": "医療法人徳真会　松村歯科新津診療所", "機関区分": 3, "都道府県コード": 15, "市区町村コード": 105, "所在地": "新潟県新潟市秋葉区美幸町３丁目１番１２号２", "緯度": 37.80015, "経度": 139.114499, "url": "https://www.iryou.teikyouseido.mhlw.go.jp/znk-web/juminkanja/S2430/initialize?prefCd=15&kikanCd=DENCX00292&kikanKbn=3", "url2": "https://www.tokushinkai.or.jp/", "内容": "医療法人徳真会　松村歯科新津診療所【3:歯科】新潟県新潟市秋葉区美幸町３丁目１番１２号２" }, "geometry": { "type": "Point", "coordinates": [ 139.114499, 37.80015 ] } },
{ "type": "Feature", "properties": { "ID": "153DENCX00295", "正式名称": "えんどう歯科医院", "機関区分": 3, "都道府県コード": 15, "市区町村コード": 105, "所在地": "新潟県新潟市秋葉区あおば通１ー７ー１１", "緯度": 37.832437, "経度": 139.101773, "url": "https://www.iryou.teikyouseido.mhlw.go.jp/znk-web/juminkanja/S2430/initialize?prefCd=15&kikanCd=DENCX00295&kikanKbn=3", "url2": null, "内容": "えんどう歯科医院【3:歯科】新潟県新潟市秋葉区あおば通１ー７ー１１" }, "geometry": { "type": "Point", "coordinates": [ 139.101773, 37.832437 ] } },
{ "type": "Feature", "properties": { "ID": "153DENCX00297", "正式名称": "海津歯科医院", "機関区分": 3, "都道府県コード": 15, "市区町村コード": 105, "所在地": "新潟県新潟市秋葉区新津本町３丁目１２番２７号", "緯度": 37.795459, "経度": 139.123981, "url": "https://www.iryou.teikyouseido.mhlw.go.jp/znk-web/juminkanja/S2430/initialize?prefCd=15&kikanCd=DENCX00297&kikanKbn=3", "url2": "http://kaizudc.com", "内容": "海津歯科医院【3:歯科】新潟県新潟市秋葉区新津本町３丁目１２番２７号" }, "geometry": { "type": "Point", "coordinates": [ 139.123981, 37.795459 ] } },
{ "type": "Feature", "properties": { "ID": "153DENCX00298", "正式名称": "かえつ歯科", "機関区分": 3, "都道府県コード": 15, "市区町村コード": 105, "所在地": "新潟県新潟市秋葉区中沢町１番２５号", "緯度": 37.791828, "経度": 139.124682, "url": "https://www.iryou.teikyouseido.mhlw.go.jp/znk-web/juminkanja/S2430/initialize?prefCd=15&kikanCd=DENCX00298&kikanKbn=3", "url2": "https://niigata-min.or.jp/kaetsudental/", "内容": "かえつ歯科【3:歯科】新潟県新潟市秋葉区中沢町１番２５号" }, "geometry": { "type": "Point", "coordinates": [ 139.124682, 37.791828 ] } },
{ "type": "Feature", "properties": { "ID": "153DENCX00299", "正式名称": "五三蔵井上歯科医院", "機関区分": 3, "都道府県コード": 15, "市区町村コード": 105, "所在地": "新潟県新潟市秋葉区新津４５１３の２", "緯度": 37.79313, "経度": 139.112782, "url": "https://www.iryou.teikyouseido.mhlw.go.jp/znk-web/juminkanja/S2430/initialize?prefCd=15&kikanCd=DENCX00299&kikanKbn=3", "url2": "https://gosanzo-i.dent-hp.com/index.html", "内容": "五三蔵井上歯科医院【3:歯科】新潟県新潟市秋葉区新津４５１３の２" }, "geometry": { "type": "Point", "coordinates": [ 139.112782, 37.79313 ] } },
{ "type": "Feature", "properties": { "ID": "153DENCX00300", "正式名称": "こすぎ小児歯科", "機関区分": 3, "都道府県コード": 15, "市区町村コード": 105, "所在地": "新潟県新潟市秋葉区荻島１－１５－１０", "緯度": 37.832919, "経度": 139.118837, "url": "https://www.iryou.teikyouseido.mhlw.go.jp/znk-web/juminkanja/S2430/initialize?prefCd=15&kikanCd=DENCX00300&kikanKbn=3", "url2": "https://kosugi-shounishika.com/", "内容": "こすぎ小児歯科【3:歯科】新潟県新潟市秋葉区荻島１－１５－１０" }, "geometry": { "type": "Point", "coordinates": [ 139.118837, 37.832919 ] } },
{ "type": "Feature", "properties": { "ID": "153DENCX00301", "正式名称": "小林歯科医院", "機関区分": 3, "都道府県コード": 15, "市区町村コード": 105, "所在地": "新潟県新潟市秋葉区新津本町２－１２－６", "緯度": 37.799821, "経度": 139.125356, "url": "https://www.iryou.teikyouseido.mhlw.go.jp/znk-web/juminkanja/S2430/initialize?prefCd=15&kikanCd=DENCX00301&kikanKbn=3", "url2": null, "内容": "小林歯科医院【3:歯科】新潟県新潟市秋葉区新津本町２－１２－６" }, "geometry": { "type": "Point", "coordinates": [ 139.125356, 37.799821 ] } },
{ "type": "Feature", "properties": { "ID": "153DENCX00302", "正式名称": "齋藤歯科医院", "機関区分": 3, "都道府県コード": 15, "市区町村コード": 105, "所在地": "新潟県新潟市秋葉区川口７７０番地２", "緯度": 37.815524, "経度": 139.118127, "url": "https://www.iryou.teikyouseido.mhlw.go.jp/znk-web/juminkanja/S2430/initialize?prefCd=15&kikanCd=DENCX00302&kikanKbn=3", "url2": null, "内容": "齋藤歯科医院【3:歯科】新潟県新潟市秋葉区川口７７０番地２" }, "geometry": { "type": "Point", "coordinates": [ 139.118127, 37.815524 ] } },
{ "type": "Feature", "properties": { "ID": "153DENCX00304", "正式名称": "さつき野歯科・矯正歯科医院", "機関区分": 3, "都道府県コード": 15, "市区町村コード": 105, "所在地": "新潟県新潟市秋葉区さつき野２ー１１ー２０", "緯度": 37.811346, "経度": 139.116056, "url": "https://www.iryou.teikyouseido.mhlw.go.jp/znk-web/juminkanja/S2430/initialize?prefCd=15&kikanCd=DENCX00304&kikanKbn=3", "url2": "https://www.satsukinoshika.com/", "内容": "さつき野歯科・矯正歯科医院【3:歯科】新潟県新潟市秋葉区さつき野２ー１１ー２０" }, "geometry": { "type": "Point", "coordinates": [ 139.116056, 37.811346 ] } },
{ "type": "Feature", "properties": { "ID": "153DENCX00305", "正式名称": "佐野歯科・矯正歯科医院", "機関区分": 3, "都道府県コード": 15, "市区町村コード": 105, "所在地": "新潟県新潟市秋葉区北上２－１－５４", "緯度": 37.809746, "経度": 139.125221, "url": "https://www.iryou.teikyouseido.mhlw.go.jp/znk-web/juminkanja/S2430/initialize?prefCd=15&kikanCd=DENCX00305&kikanKbn=3", "url2": "https://www.sano-dental-clinic.com", "内容": "佐野歯科・矯正歯科医院【3:歯科】新潟県新潟市秋葉区北上２－１－５４" }, "geometry": { "type": "Point", "coordinates": [ 139.125221, 37.809746 ] } },
{ "type": "Feature", "properties": { "ID": "153DENCX00306", "正式名称": "さわだ歯科医院", "機関区分": 3, "都道府県コード": 15, "市区町村コード": 105, "所在地": "新潟県新潟市秋葉区古田３－５－１７", "緯度": 37.795758, "経度": 139.107429, "url": "https://www.iryou.teikyouseido.mhlw.go.jp/znk-web/juminkanja/S2430/initialize?prefCd=15&kikanCd=DENCX00306&kikanKbn=3", "url2": null, "内容": "さわだ歯科医院【3:歯科】新潟県新潟市秋葉区古田３－５－１７" }, "geometry": { "type": "Point", "coordinates": [ 139.107429, 37.795758 ] } },
{ "type": "Feature", "properties": { "ID": "153DENCX00307", "正式名称": "澤田歯科医院", "機関区分": 3, "都道府県コード": 15, "市区町村コード": 105, "所在地": "新潟県新潟市秋葉区新津本町２ー７ー３新津ロイヤルコープ", "緯度": 37.798732, "経度": 139.126071, "url": "https://www.iryou.teikyouseido.mhlw.go.jp/znk-web/juminkanja/S2430/initialize?prefCd=15&kikanCd=DENCX00307&kikanKbn=3", "url2": "https://www.niitsu-sawada-dc.com/", "内容": "澤田歯科医院【3:歯科】新潟県新潟市秋葉区新津本町２ー７ー３新津ロイヤルコープ" }, "geometry": { "type": "Point", "coordinates": [ 139.126071, 37.798732 ] } },
{ "type": "Feature", "properties": { "ID": "153DENCX00308", "正式名称": "サン歯科クリニック", "機関区分": 3, "都道府県コード": 15, "市区町村コード": 105, "所在地": "新潟県新潟市秋葉区新津本町４丁目１７番５８号", "緯度": 37.794602, "経度": 139.127881, "url": "https://www.iryou.teikyouseido.mhlw.go.jp/znk-web/juminkanja/S2430/initialize?prefCd=15&kikanCd=DENCX00308&kikanKbn=3", "url2": "sun-tooth.com", "内容": "サン歯科クリニック【3:歯科】新潟県新潟市秋葉区新津本町４丁目１７番５８号" }, "geometry": { "type": "Point", "coordinates": [ 139.127881, 37.794602 ] } },
{ "type": "Feature", "properties": { "ID": "153DENCX00310", "正式名称": "渋谷歯科医院", "機関区分": 3, "都道府県コード": 15, "市区町村コード": 105, "所在地": "新潟県新潟市秋葉区新栄町１６ー６", "緯度": 37.788348, "経度": 139.118347, "url": "https://www.iryou.teikyouseido.mhlw.go.jp/znk-web/juminkanja/S2430/initialize?prefCd=15&kikanCd=DENCX00310&kikanKbn=3", "url2": "http://shibuya-shikaiiin.com", "内容": "渋谷歯科医院【3:歯科】新潟県新潟市秋葉区新栄町１６ー６" }, "geometry": { "type": "Point", "coordinates": [ 139.118347, 37.788348 ] } },
{ "type": "Feature", "properties": { "ID": "153DENCX00312", "正式名称": "高橋歯科医院", "機関区分": 3, "都道府県コード": 15, "市区町村コード": 105, "所在地": "新潟県新潟市秋葉区新津東町１－１０－７", "緯度": 37.803101, "経度": 139.140593, "url": "https://www.iryou.teikyouseido.mhlw.go.jp/znk-web/juminkanja/S2430/initialize?prefCd=15&kikanCd=DENCX00312&kikanKbn=3", "url2": null, "内容": "高橋歯科医院【3:歯科】新潟県新潟市秋葉区新津東町１－１０－７" }, "geometry": { "type": "Point", "coordinates": [ 139.140593, 37.803101 ] } },
{ "type": "Feature", "properties": { "ID": "153DENCX00314", "正式名称": "竹内歯科医院", "機関区分": 3, "都道府県コード": 15, "市区町村コード": 105, "所在地": "新潟県新潟市秋葉区小須戸３８１９－１", "緯度": 37.757372, "経度": 139.066122, "url": "https://www.iryou.teikyouseido.mhlw.go.jp/znk-web/juminkanja/S2430/initialize?prefCd=15&kikanCd=DENCX00314&kikanKbn=3", "url2": null, "内容": "竹内歯科医院【3:歯科】新潟県新潟市秋葉区小須戸３８１９－１" }, "geometry": { "type": "Point", "coordinates": [ 139.066122, 37.757372 ] } },
{ "type": "Feature", "properties": { "ID": "153DENCX00315", "正式名称": "田澤歯科医院", "機関区分": 3, "都道府県コード": 15, "市区町村コード": 105, "所在地": "新潟県新潟市秋葉区新津本町２－４－９", "緯度": 37.797551, "経度": 139.123821, "url": "https://www.iryou.teikyouseido.mhlw.go.jp/znk-web/juminkanja/S2430/initialize?prefCd=15&kikanCd=DENCX00315&kikanKbn=3", "url2": null, "内容": "田澤歯科医院【3:歯科】新潟県新潟市秋葉区新津本町２－４－９" }, "geometry": { "type": "Point", "coordinates": [ 139.123821, 37.797551 ] } },
{ "type": "Feature", "properties": { "ID": "153DENCX00316", "正式名称": "とがし歯科医院", "機関区分": 3, "都道府県コード": 15, "市区町村コード": 105, "所在地": "新潟県新潟市秋葉区車場３−７−３５", "緯度": 37.837666, "経度": 139.108302, "url": "https://www.iryou.teikyouseido.mhlw.go.jp/znk-web/juminkanja/S2430/initialize?prefCd=15&kikanCd=DENCX00316&kikanKbn=3", "url2": null, "内容": "とがし歯科医院【3:歯科】新潟県新潟市秋葉区車場３−７−３５" }, "geometry": { "type": "Point", "coordinates": [ 139.108302, 37.837666 ] } },
{ "type": "Feature", "properties": { "ID": "153DENCX00317", "正式名称": "プレイス歯科クリニック", "機関区分": 3, "都道府県コード": 15, "市区町村コード": 105, "所在地": "新潟県新潟市秋葉区程島２０４５番地１", "緯度": 37.790255, "経度": 139.111804, "url": "https://www.iryou.teikyouseido.mhlw.go.jp/znk-web/juminkanja/S2430/initialize?prefCd=15&kikanCd=DENCX00317&kikanKbn=3", "url2": null, "内容": "プレイス歯科クリニック【3:歯科】新潟県新潟市秋葉区程島２０４５番地１" }, "geometry": { "type": "Point", "coordinates": [ 139.111804, 37.790255 ] } },
{ "type": "Feature", "properties": { "ID": "153DENCX00318", "正式名称": "まるやま歯科医院", "機関区分": 3, "都道府県コード": 15, "市区町村コード": 105, "所在地": "新潟県新潟市秋葉区程島１８７６－１２", "緯度": 37.78443, "経度": 139.113817, "url": "https://www.iryou.teikyouseido.mhlw.go.jp/znk-web/juminkanja/S2430/initialize?prefCd=15&kikanCd=DENCX00318&kikanKbn=3", "url2": null, "内容": "まるやま歯科医院【3:歯科】新潟県新潟市秋葉区程島１８７６－１２" }, "geometry": { "type": "Point", "coordinates": [ 139.113817, 37.78443 ] } },
{ "type": "Feature", "properties": { "ID": "153DENCX00319", "正式名称": "三村歯科医院", "機関区分": 3, "都道府県コード": 15, "市区町村コード": 105, "所在地": "新潟県新潟市秋葉区新津本町３－３－３０", "緯度": 37.796952, "経度": 139.124594, "url": "https://www.iryou.teikyouseido.mhlw.go.jp/znk-web/juminkanja/S2430/initialize?prefCd=15&kikanCd=DENCX00319&kikanKbn=3", "url2": "https://mimura-dental.com/", "内容": "三村歯科医院【3:歯科】新潟県新潟市秋葉区新津本町３－３－３０" }, "geometry": { "type": "Point", "coordinates": [ 139.124594, 37.796952 ] } },
{ "type": "Feature", "properties": { "ID": "153DENCX00320", "正式名称": "森歯科医院", "機関区分": 3, "都道府県コード": 15, "市区町村コード": 105, "所在地": "新潟県新潟市秋葉区矢代田１９６６番地１", "緯度": 37.747856, "経度": 139.09559, "url": "https://www.iryou.teikyouseido.mhlw.go.jp/znk-web/juminkanja/S2430/initialize?prefCd=15&kikanCd=DENCX00320&kikanKbn=3", "url2": null, "内容": "森歯科医院【3:歯科】新潟県新潟市秋葉区矢代田１９６６番地１" }, "geometry": { "type": "Point", "coordinates": [ 139.09559, 37.747856 ] } },
{ "type": "Feature", "properties": { "ID": "153DENCX00322", "正式名称": "矢部歯科医院", "機関区分": 3, "都道府県コード": 15, "市区町村コード": 105, "所在地": "新潟県新潟市秋葉区小須戸３７４１", "緯度": 37.755838, "経度": 139.068098, "url": "https://www.iryou.teikyouseido.mhlw.go.jp/znk-web/juminkanja/S2430/initialize?prefCd=15&kikanCd=DENCX00322&kikanKbn=3", "url2": null, "内容": "矢部歯科医院【3:歯科】新潟県新潟市秋葉区小須戸３７４１" }, "geometry": { "type": "Point", "coordinates": [ 139.068098, 37.755838 ] } },
{ "type": "Feature", "properties": { "ID": "153DENCX00323", "正式名称": "渡辺歯科医院", "機関区分": 3, "都道府県コード": 15, "市区町村コード": 105, "所在地": "新潟県新潟市秋葉区小須戸３４３０渡辺歯科医院", "緯度": 37.7592, "経度": 139.069092, "url": "https://www.iryou.teikyouseido.mhlw.go.jp/znk-web/juminkanja/S2430/initialize?prefCd=15&kikanCd=DENCX00323&kikanKbn=3", "url2": null, "内容": "渡辺歯科医院【3:歯科】新潟県新潟市秋葉区小須戸３４３０渡辺歯科医院" }, "geometry": { "type": "Point", "coordinates": [ 139.069092, 37.7592 ] } },
{ "type": "Feature", "properties": { "ID": "153DENCX00325", "正式名称": "あたか歯科医院", "機関区分": 3, "都道府県コード": 15, "市区町村コード": 106, "所在地": "新潟県新潟市南区親和町６－１８", "緯度": 37.766955, "経度": 139.02023, "url": "https://www.iryou.teikyouseido.mhlw.go.jp/znk-web/juminkanja/S2430/initialize?prefCd=15&kikanCd=DENCX00325&kikanKbn=3", "url2": null, "内容": "あたか歯科医院【3:歯科】新潟県新潟市南区親和町６－１８" }, "geometry": { "type": "Point", "coordinates": [ 139.02023, 37.766955 ] } },
{ "type": "Feature", "properties": { "ID": "153DENCX00326", "正式名称": "いけはた歯科医院", "機関区分": 3, "都道府県コード": 15, "市区町村コード": 106, "所在地": "新潟県新潟市南区大通黄金２丁目７－１", "緯度": 37.824949, "経度": 139.02251, "url": "https://www.iryou.teikyouseido.mhlw.go.jp/znk-web/juminkanja/S2430/initialize?prefCd=15&kikanCd=DENCX00326&kikanKbn=3", "url2": null, "内容": "いけはた歯科医院【3:歯科】新潟県新潟市南区大通黄金２丁目７－１" }, "geometry": { "type": "Point", "coordinates": [ 139.02251, 37.824949 ] } },
{ "type": "Feature", "properties": { "ID": "153DENCX00327", "正式名称": "竹内歯科", "機関区分": 3, "都道府県コード": 15, "市区町村コード": 106, "所在地": "新潟県新潟市南区助次右エ門組２３", "緯度": 37.76111, "経度": 139.017073, "url": "https://www.iryou.teikyouseido.mhlw.go.jp/znk-web/juminkanja/S2430/initialize?prefCd=15&kikanCd=DENCX00327&kikanKbn=3", "url2": null, "内容": "竹内歯科【3:歯科】新潟県新潟市南区助次右エ門組２３" }, "geometry": { "type": "Point", "coordinates": [ 139.017073, 37.76111 ] } },
{ "type": "Feature", "properties": { "ID": "153DENCX00331", "正式名称": "さくま歯科クリニック", "機関区分": 3, "都道府県コード": 15, "市区町村コード": 106, "所在地": "新潟県新潟市南区庄瀬１０７３－２", "緯度": 37.717852, "経度": 139.03801, "url": "https://www.iryou.teikyouseido.mhlw.go.jp/znk-web/juminkanja/S2430/initialize?prefCd=15&kikanCd=DENCX00331&kikanKbn=3", "url2": "https://sakuma-dental.jp", "内容": "さくま歯科クリニック【3:歯科】新潟県新潟市南区庄瀬１０７３－２" }, "geometry": { "type": "Point", "coordinates": [ 139.03801, 37.717852 ] } },
{ "type": "Feature", "properties": { "ID": "153DENCX00332", "正式名称": "椎名歯科医院", "機関区分": 3, "都道府県コード": 15, "市区町村コード": 106, "所在地": "新潟県新潟市南区臼井１３７８番地２", "緯度": 37.783956, "経度": 139.051591, "url": "https://www.iryou.teikyouseido.mhlw.go.jp/znk-web/juminkanja/S2430/initialize?prefCd=15&kikanCd=DENCX00332&kikanKbn=3", "url2": null, "内容": "椎名歯科医院【3:歯科】新潟県新潟市南区臼井１３７８番地２" }, "geometry": { "type": "Point", "coordinates": [ 139.051591, 37.783956 ] } },
{ "type": "Feature", "properties": { "ID": "153DENCX00333", "正式名称": "しのはら歯科", "機関区分": 3, "都道府県コード": 15, "市区町村コード": 106, "所在地": "新潟県新潟市南区鰺潟４４１−５", "緯度": 37.776036, "経度": 139.016428, "url": "https://www.iryou.teikyouseido.mhlw.go.jp/znk-web/juminkanja/S2430/initialize?prefCd=15&kikanCd=DENCX00333&kikanKbn=3", "url2": null, "内容": "しのはら歯科【3:歯科】新潟県新潟市南区鰺潟４４１−５" }, "geometry": { "type": "Point", "coordinates": [ 139.016428, 37.776036 ] } },
{ "type": "Feature", "properties": { "ID": "153DENCX00334", "正式名称": "すわのき歯科クリニック", "機関区分": 3, "都道府県コード": 15, "市区町村コード": 106, "所在地": "新潟県新潟市南区田中２５番地", "緯度": 37.754842, "経度": 139.019259, "url": "https://www.iryou.teikyouseido.mhlw.go.jp/znk-web/juminkanja/S2430/initialize?prefCd=15&kikanCd=DENCX00334&kikanKbn=3", "url2": null, "内容": "すわのき歯科クリニック【3:歯科】新潟県新潟市南区田中２５番地" }, "geometry": { "type": "Point", "coordinates": [ 139.019259, 37.754842 ] } },
{ "type": "Feature", "properties": { "ID": "153DENCX00335", "正式名称": "ダイセー歯科クリニック", "機関区分": 3, "都道府県コード": 15, "市区町村コード": 106, "所在地": "新潟県新潟市南区上下諏訪木１２６－１", "緯度": 37.759353, "経度": 139.013136, "url": "https://www.iryou.teikyouseido.mhlw.go.jp/znk-web/juminkanja/S2430/initialize?prefCd=15&kikanCd=DENCX00335&kikanKbn=3", "url2": null, "内容": "ダイセー歯科クリニック【3:歯科】新潟県新潟市南区上下諏訪木１２６－１" }, "geometry": { "type": "Point", "coordinates": [ 139.013136, 37.759353 ] } },
{ "type": "Feature", "properties": { "ID": "153DENCX00336", "正式名称": "滝澤歯科医院", "機関区分": 3, "都道府県コード": 15, "市区町村コード": 106, "所在地": "新潟県新潟市南区月潟２２９ー１", "緯度": 37.722334, "経度": 138.992304, "url": "https://www.iryou.teikyouseido.mhlw.go.jp/znk-web/juminkanja/S2430/initialize?prefCd=15&kikanCd=DENCX00336&kikanKbn=3", "url2": null, "内容": "滝澤歯科医院【3:歯科】新潟県新潟市南区月潟２２９ー１" }, "geometry": { "type": "Point", "coordinates": [ 138.992304, 37.722334 ] } },
{ "type": "Feature", "properties": { "ID": "153DENCX00337", "正式名称": "大通り歯科", "機関区分": 3, "都道府県コード": 15, "市区町村コード": 106, "所在地": "新潟県新潟市南区大通黄金金３丁目１番１号", "緯度": 37.82351, "経度": 139.021182, "url": "https://www.iryou.teikyouseido.mhlw.go.jp/znk-web/juminkanja/S2430/initialize?prefCd=15&kikanCd=DENCX00337&kikanKbn=3", "url2": "https://www.odori-dc.com/access/", "内容": "大通り歯科【3:歯科】新潟県新潟市南区大通黄金金３丁目１番１号" }, "geometry": { "type": "Point", "coordinates": [ 139.021182, 37.82351 ] } },
{ "type": "Feature", "properties": { "ID": "153DENCX00341", "正式名称": "野内歯科医院", "機関区分": 3, "都道府県コード": 15, "市区町村コード": 106, "所在地": "新潟県新潟市南区戸頭１３９９－５", "緯度": 37.758145, "経度": 139.018843, "url": "https://www.iryou.teikyouseido.mhlw.go.jp/znk-web/juminkanja/S2430/initialize?prefCd=15&kikanCd=DENCX00341&kikanKbn=3", "url2": null, "内容": "野内歯科医院【3:歯科】新潟県新潟市南区戸頭１３９９－５" }, "geometry": { "type": "Point", "coordinates": [ 139.018843, 37.758145 ] } },
{ "type": "Feature", "properties": { "ID": "153DENCX00343", "正式名称": "みずき歯科診療所", "機関区分": 3, "都道府県コード": 15, "市区町村コード": 106, "所在地": "新潟県新潟市南区庄瀬字川原畑７０３１番", "緯度": 37.71329, "経度": 139.03324, "url": "https://www.iryou.teikyouseido.mhlw.go.jp/znk-web/juminkanja/S2430/initialize?prefCd=15&kikanCd=DENCX00343&kikanKbn=3", "url2": null, "内容": "みずき歯科診療所【3:歯科】新潟県新潟市南区庄瀬字川原畑７０３１番" }, "geometry": { "type": "Point", "coordinates": [ 139.03324, 37.71329 ] } },
{ "type": "Feature", "properties": { "ID": "153DENCX00345", "正式名称": "あおき歯科医院", "機関区分": 3, "都道府県コード": 15, "市区町村コード": 107, "所在地": "新潟県新潟市西区坂井砂山４－３－２８", "緯度": 37.869345, "経度": 138.95841, "url": "https://www.iryou.teikyouseido.mhlw.go.jp/znk-web/juminkanja/S2430/initialize?prefCd=15&kikanCd=DENCX00345&kikanKbn=3", "url2": null, "内容": "あおき歯科医院【3:歯科】新潟県新潟市西区坂井砂山４－３－２８" }, "geometry": { "type": "Point", "coordinates": [ 138.95841, 37.869345 ] } },
{ "type": "Feature", "properties": { "ID": "153DENCX00346", "正式名称": "あおやま歯科医院", "機関区分": 3, "都道府県コード": 15, "市区町村コード": 107, "所在地": "新潟県新潟市西区浦山２－１－６６サンシャイン青山２Ｆ", "緯度": 37.901389, "経度": 139.005928, "url": "https://www.iryou.teikyouseido.mhlw.go.jp/znk-web/juminkanja/S2430/initialize?prefCd=15&kikanCd=DENCX00346&kikanKbn=3", "url2": null, "内容": "あおやま歯科医院【3:歯科】新潟県新潟市西区浦山２－１－６６サンシャイン青山２Ｆ" }, "geometry": { "type": "Point", "coordinates": [ 139.005928, 37.901389 ] } },
{ "type": "Feature", "properties": { "ID": "153DENCX00348", "正式名称": "浅妻歯科黒埼診療所", "機関区分": 3, "都道府県コード": 15, "市区町村コード": 107, "所在地": "新潟県新潟市西区山田２６０２番地", "緯度": 37.863561, "経度": 139.014738, "url": "https://www.iryou.teikyouseido.mhlw.go.jp/znk-web/juminkanja/S2430/initialize?prefCd=15&kikanCd=DENCX00348&kikanKbn=3", "url2": null, "内容": "浅妻歯科黒埼診療所【3:歯科】新潟県新潟市西区山田２６０２番地" }, "geometry": { "type": "Point", "coordinates": [ 139.014738, 37.863561 ] } },
{ "type": "Feature", "properties": { "ID": "153DENCX00350", "正式名称": "雨田歯科医院", "機関区分": 3, "都道府県コード": 15, "市区町村コード": 107, "所在地": "新潟県新潟市西区寺尾前通３丁目３番地４雨田歯科医院", "緯度": 37.87829, "経度": 138.981711, "url": "https://www.iryou.teikyouseido.mhlw.go.jp/znk-web/juminkanja/S2430/initialize?prefCd=15&kikanCd=DENCX00350&kikanKbn=3", "url2": null, "内容": "雨田歯科医院【3:歯科】新潟県新潟市西区寺尾前通３丁目３番地４雨田歯科医院" }, "geometry": { "type": "Point", "coordinates": [ 138.981711, 37.87829 ] } },
{ "type": "Feature", "properties": { "ID": "153DENCX00351", "正式名称": "あらし歯科口腔外科クリニック", "機関区分": 3, "都道府県コード": 15, "市区町村コード": 107, "所在地": "新潟県新潟市西区大学南２丁目２番１０号", "緯度": 37.866341, "経度": 138.944653, "url": "https://www.iryou.teikyouseido.mhlw.go.jp/znk-web/juminkanja/S2430/initialize?prefCd=15&kikanCd=DENCX00351&kikanKbn=3", "url2": null, "内容": "あらし歯科口腔外科クリニック【3:歯科】新潟県新潟市西区大学南２丁目２番１０号" }, "geometry": { "type": "Point", "coordinates": [ 138.944653, 37.866341 ] } },
{ "type": "Feature", "properties": { "ID": "153DENCX00352", "正式名称": "いからし歯科", "機関区分": 3, "都道府県コード": 15, "市区町村コード": 107, "所在地": "新潟県新潟市西区五十嵐二の町８２５４", "緯度": 37.864934, "経度": 138.940248, "url": "https://www.iryou.teikyouseido.mhlw.go.jp/znk-web/juminkanja/S2430/initialize?prefCd=15&kikanCd=DENCX00352&kikanKbn=3", "url2": null, "内容": "いからし歯科【3:歯科】新潟県新潟市西区五十嵐二の町８２５４" }, "geometry": { "type": "Point", "coordinates": [ 138.940248, 37.864934 ] } },
{ "type": "Feature", "properties": { "ID": "153DENCX00353", "正式名称": "池矯正歯科医院", "機関区分": 3, "都道府県コード": 15, "市区町村コード": 107, "所在地": "新潟県新潟市西区寺尾東３丁目２ー１９", "緯度": 37.873085, "経度": 138.97423, "url": "https://www.iryou.teikyouseido.mhlw.go.jp/znk-web/juminkanja/S2430/initialize?prefCd=15&kikanCd=DENCX00353&kikanKbn=3", "url2": "https://ike-kyousei.com", "内容": "池矯正歯科医院【3:歯科】新潟県新潟市西区寺尾東３丁目２ー１９" }, "geometry": { "type": "Point", "coordinates": [ 138.97423, 37.873085 ] } },
{ "type": "Feature", "properties": { "ID": "153DENCX00355", "正式名称": "五十川歯科医院", "機関区分": 3, "都道府県コード": 15, "市区町村コード": 107, "所在地": "新潟県新潟市西区新通南２－１１－１１", "緯度": 37.860269, "経度": 138.961639, "url": "https://www.iryou.teikyouseido.mhlw.go.jp/znk-web/juminkanja/S2430/initialize?prefCd=15&kikanCd=DENCX00355&kikanKbn=3", "url2": null, "内容": "五十川歯科医院【3:歯科】新潟県新潟市西区新通南２－１１－１１" }, "geometry": { "type": "Point", "coordinates": [ 138.961639, 37.860269 ] } },
{ "type": "Feature", "properties": { "ID": "153DENCX00356", "正式名称": "いっせい歯科クリニック", "機関区分": 3, "都道府県コード": 15, "市区町村コード": 107, "所在地": "新潟県新潟市西区青山４丁目７番１号", "緯度": 37.896167, "経度": 138.997343, "url": "https://www.iryou.teikyouseido.mhlw.go.jp/znk-web/juminkanja/S2430/initialize?prefCd=15&kikanCd=DENCX00356&kikanKbn=3", "url2": "http://issei-shika.com/", "内容": "いっせい歯科クリニック【3:歯科】新潟県新潟市西区青山４丁目７番１号" }, "geometry": { "type": "Point", "coordinates": [ 138.997343, 37.896167 ] } },
{ "type": "Feature", "properties": { "ID": "153DENCX00358", "正式名称": "いとう歯科診療室", "機関区分": 3, "都道府県コード": 15, "市区町村コード": 107, "所在地": "新潟県新潟市西区内野西が丘３丁目１０－１５", "緯度": 37.848669, "経度": 138.922221, "url": "https://www.iryou.teikyouseido.mhlw.go.jp/znk-web/juminkanja/S2430/initialize?prefCd=15&kikanCd=DENCX00358&kikanKbn=3", "url2": "https://www.ito-dental-office.jp/", "内容": "いとう歯科診療室【3:歯科】新潟県新潟市西区内野西が丘３丁目１０－１５" }, "geometry": { "type": "Point", "coordinates": [ 138.922221, 37.848669 ] } },
{ "type": "Feature", "properties": { "ID": "153DENCX00359", "正式名称": "いのうえ歯科クリニック", "機関区分": 3, "都道府県コード": 15, "市区町村コード": 107, "所在地": "新潟県新潟市西区新通西２－８－３", "緯度": 37.861946, "経度": 138.950228, "url": "https://www.iryou.teikyouseido.mhlw.go.jp/znk-web/juminkanja/S2430/initialize?prefCd=15&kikanCd=DENCX00359&kikanKbn=3", "url2": "https://inoue-dent.com/", "内容": "いのうえ歯科クリニック【3:歯科】新潟県新潟市西区新通西２－８－３" }, "geometry": { "type": "Point", "coordinates": [ 138.950228, 37.861946 ] } },
{ "type": "Feature", "properties": { "ID": "153DENCX00360", "正式名称": "医療法人徳真会　松村歯科新潟診療所", "機関区分": 3, "都道府県コード": 15, "市区町村コード": 107, "所在地": "新潟県新潟市西区小新５丁目６番９号", "緯度": 37.88272, "経度": 139.002059, "url": "https://www.iryou.teikyouseido.mhlw.go.jp/znk-web/juminkanja/S2430/initialize?prefCd=15&kikanCd=DENCX00360&kikanKbn=3", "url2": "https://www.tokushinkai.or.jp/", "内容": "医療法人徳真会　松村歯科新潟診療所【3:歯科】新潟県新潟市西区小新５丁目６番９号" }, "geometry": { "type": "Point", "coordinates": [ 139.002059, 37.88272 ] } },
{ "type": "Feature", "properties": { "ID": "153DENCX00361", "正式名称": "岩野歯科医院", "機関区分": 3, "都道府県コード": 15, "市区町村コード": 107, "所在地": "新潟県新潟市西区大野町２９３２", "緯度": 37.847173, "経度": 139.015943, "url": "https://www.iryou.teikyouseido.mhlw.go.jp/znk-web/juminkanja/S2430/initialize?prefCd=15&kikanCd=DENCX00361&kikanKbn=3", "url2": null, "内容": "岩野歯科医院【3:歯科】新潟県新潟市西区大野町２９３２" }, "geometry": { "type": "Point", "coordinates": [ 139.015943, 37.847173 ] } },
{ "type": "Feature", "properties": { "ID": "153DENCX00364", "正式名称": "おおはし歯科医院", "機関区分": 3, "都道府県コード": 15, "市区町村コード": 107, "所在地": "新潟県新潟市西区寺尾西２ー２ー３６", "緯度": 37.879448, "経度": 138.968677, "url": "https://www.iryou.teikyouseido.mhlw.go.jp/znk-web/juminkanja/S2430/initialize?prefCd=15&kikanCd=DENCX00364&kikanKbn=3", "url2": "ohashi-dentalclinic.com", "内容": "おおはし歯科医院【3:歯科】新潟県新潟市西区寺尾西２ー２ー３６" }, "geometry": { "type": "Point", "coordinates": [ 138.968677, 37.879448 ] } },
{ "type": "Feature", "properties": { "ID": "153DENCX00365", "正式名称": "おおぬき歯科クリニック", "機関区分": 3, "都道府県コード": 15, "市区町村コード": 107, "所在地": "新潟県新潟市西区小新南２丁目１番７８号", "緯度": 37.868419, "経度": 138.994137, "url": "https://www.iryou.teikyouseido.mhlw.go.jp/znk-web/juminkanja/S2430/initialize?prefCd=15&kikanCd=DENCX00365&kikanKbn=3", "url2": "https://www.ohnuki-shika.jp", "内容": "おおぬき歯科クリニック【3:歯科】新潟県新潟市西区小新南２丁目１番７８号" }, "geometry": { "type": "Point", "coordinates": [ 138.994137, 37.868419 ] } },
{ "type": "Feature", "properties": { "ID": "153DENCX00370", "正式名称": "川崎歯科医院", "機関区分": 3, "都道府県コード": 15, "市区町村コード": 107, "所在地": "新潟県新潟市西区小針台１番４７号", "緯度": 37.891655, "経度": 138.989724, "url": "https://www.iryou.teikyouseido.mhlw.go.jp/znk-web/juminkanja/S2430/initialize?prefCd=15&kikanCd=DENCX00370&kikanKbn=3", "url2": "https://haisha-yoyaku.jp/bun2sdental/detail/index/id/1530134780", "内容": "川崎歯科医院【3:歯科】新潟県新潟市西区小針台１番４７号" }, "geometry": { "type": "Point", "coordinates": [ 138.989724, 37.891655 ] } },
{ "type": "Feature", "properties": { "ID": "153DENCX00371", "正式名称": "神成歯科医院", "機関区分": 3, "都道府県コード": 15, "市区町村コード": 107, "所在地": "新潟県新潟市西区内野町４６８番地", "緯度": 37.857345, "経度": 138.936141, "url": "https://www.iryou.teikyouseido.mhlw.go.jp/znk-web/juminkanja/S2430/initialize?prefCd=15&kikanCd=DENCX00371&kikanKbn=3", "url2": null, "内容": "神成歯科医院【3:歯科】新潟県新潟市西区内野町４６８番地" }, "geometry": { "type": "Point", "coordinates": [ 138.936141, 37.857345 ] } },
{ "type": "Feature", "properties": { "ID": "153DENCX00372", "正式名称": "木村歯科クリニック", "機関区分": 3, "都道府県コード": 15, "市区町村コード": 107, "所在地": "新潟県新潟市西区青山１丁目２３－１", "緯度": 37.895928, "経度": 139.001888, "url": "https://www.iryou.teikyouseido.mhlw.go.jp/znk-web/juminkanja/S2430/initialize?prefCd=15&kikanCd=DENCX00372&kikanKbn=3", "url2": "http://kimuradental-niigata.com/", "内容": "木村歯科クリニック【3:歯科】新潟県新潟市西区青山１丁目２３－１" }, "geometry": { "type": "Point", "coordinates": [ 139.001888, 37.895928 ] } },
{ "type": "Feature", "properties": { "ID": "153DENCX00373", "正式名称": "桐生歯科医院", "機関区分": 3, "都道府県コード": 15, "市区町村コード": 107, "所在地": "新潟県新潟市西区亀貝３１６３", "緯度": 37.867544, "経度": 138.985206, "url": "https://www.iryou.teikyouseido.mhlw.go.jp/znk-web/juminkanja/S2430/initialize?prefCd=15&kikanCd=DENCX00373&kikanKbn=3", "url2": null, "内容": "桐生歯科医院【3:歯科】新潟県新潟市西区亀貝３１６３" }, "geometry": { "type": "Point", "coordinates": [ 138.985206, 37.867544 ] } },
{ "type": "Feature", "properties": { "ID": "153DENCX00374", "正式名称": "きんじょう歯科こどもクリニック", "機関区分": 3, "都道府県コード": 15, "市区町村コード": 107, "所在地": "新潟県新潟市西区五十嵐中島５丁目１７番４５号", "緯度": 37.848597, "経度": 138.914433, "url": "https://www.iryou.teikyouseido.mhlw.go.jp/znk-web/juminkanja/S2430/initialize?prefCd=15&kikanCd=DENCX00374&kikanKbn=3", "url2": null, "内容": "きんじょう歯科こどもクリニック【3:歯科】新潟県新潟市西区五十嵐中島５丁目１７番４５号" }, "geometry": { "type": "Point", "coordinates": [ 138.914433, 37.848597 ] } },
{ "type": "Feature", "properties": { "ID": "153DENCX00375", "正式名称": "黒川歯科医院", "機関区分": 3, "都道府県コード": 15, "市区町村コード": 107, "所在地": "新潟県新潟市西区松海が丘２ー４ー８黒川歯科医院", "緯度": 37.888357, "経度": 138.976538, "url": "https://www.iryou.teikyouseido.mhlw.go.jp/znk-web/juminkanja/S2430/initialize?prefCd=15&kikanCd=DENCX00375&kikanKbn=3", "url2": null, "内容": "黒川歯科医院【3:歯科】新潟県新潟市西区松海が丘２ー４ー８黒川歯科医院" }, "geometry": { "type": "Point", "coordinates": [ 138.976538, 37.888357 ] } },
{ "type": "Feature", "properties": { "ID": "153DENCX00376", "正式名称": "Ｋ・歯科クリニック", "機関区分": 3, "都道府県コード": 15, "市区町村コード": 107, "所在地": "新潟県新潟市西区立仏５９－１", "緯度": 37.867681, "経度": 139.009037, "url": "https://www.iryou.teikyouseido.mhlw.go.jp/znk-web/juminkanja/S2430/initialize?prefCd=15&kikanCd=DENCX00376&kikanKbn=3", "url2": "http://www.implant.gr.jp/k-shika/", "内容": "Ｋ・歯科クリニック【3:歯科】新潟県新潟市西区立仏５９－１" }, "geometry": { "type": "Point", "coordinates": [ 139.009037, 37.867681 ] } },
{ "type": "Feature", "properties": { "ID": "153DENCX00377", "正式名称": "子田歯科医院", "機関区分": 3, "都道府県コード": 15, "市区町村コード": 107, "所在地": "新潟県新潟市西区松美台４－６６", "緯度": 37.89597, "経度": 138.992007, "url": "https://www.iryou.teikyouseido.mhlw.go.jp/znk-web/juminkanja/S2430/initialize?prefCd=15&kikanCd=DENCX00377&kikanKbn=3", "url2": null, "内容": "子田歯科医院【3:歯科】新潟県新潟市西区松美台４－６６" }, "geometry": { "type": "Point", "coordinates": [ 138.992007, 37.89597 ] } },
{ "type": "Feature", "properties": { "ID": "153DENCX00379", "正式名称": "さかい歯科矯正歯科クリニック", "機関区分": 3, "都道府県コード": 15, "市区町村コード": 107, "所在地": "新潟県新潟市西区山田４１６－１第２大鵬ビル１階", "緯度": 37.867044, "経度": 139.016836, "url": "https://www.iryou.teikyouseido.mhlw.go.jp/znk-web/juminkanja/S2430/initialize?prefCd=15&kikanCd=DENCX00379&kikanKbn=3", "url2": "https://www.iryou-hiroba.com", "内容": "さかい歯科矯正歯科クリニック【3:歯科】新潟県新潟市西区山田４１６－１第２大鵬ビル１階" }, "geometry": { "type": "Point", "coordinates": [ 139.016836, 37.867044 ] } },
{ "type": "Feature", "properties": { "ID": "153DENCX00382", "正式名称": "佐藤歯科クリニック", "機関区分": 3, "都道府県コード": 15, "市区町村コード": 107, "所在地": "新潟県新潟市西区小針南台３－２８", "緯度": 37.889659, "経度": 138.992777, "url": "https://www.iryou.teikyouseido.mhlw.go.jp/znk-web/juminkanja/S2430/initialize?prefCd=15&kikanCd=DENCX00382&kikanKbn=3", "url2": "https://www.satoshikaiin.jp", "内容": "佐藤歯科クリニック【3:歯科】新潟県新潟市西区小針南台３－２８" }, "geometry": { "type": "Point", "coordinates": [ 138.992777, 37.889659 ] } },
{ "type": "Feature", "properties": { "ID": "153DENCX00385", "正式名称": "杉本歯科クリニック", "機関区分": 3, "都道府県コード": 15, "市区町村コード": 107, "所在地": "新潟県新潟市西区小針１－４－１７", "緯度": 37.889502, "経度": 139.003323, "url": "https://www.iryou.teikyouseido.mhlw.go.jp/znk-web/juminkanja/S2430/initialize?prefCd=15&kikanCd=DENCX00385&kikanKbn=3", "url2": null, "内容": "杉本歯科クリニック【3:歯科】新潟県新潟市西区小針１－４－１７" }, "geometry": { "type": "Point", "coordinates": [ 139.003323, 37.889502 ] } },
{ "type": "Feature", "properties": { "ID": "153DENCX00386", "正式名称": "杉山歯科医院", "機関区分": 3, "都道府県コード": 15, "市区町村コード": 107, "所在地": "新潟県新潟市西区鳥原１５１－４番地", "緯度": 37.848864, "経度": 139.01222, "url": "https://www.iryou.teikyouseido.mhlw.go.jp/znk-web/juminkanja/S2430/initialize?prefCd=15&kikanCd=DENCX00386&kikanKbn=3", "url2": null, "内容": "杉山歯科医院【3:歯科】新潟県新潟市西区鳥原１５１－４番地" }, "geometry": { "type": "Point", "coordinates": [ 139.01222, 37.848864 ] } },
{ "type": "Feature", "properties": { "ID": "153DENCX00387", "正式名称": "ときめきファミリー歯科・矯正歯科", "機関区分": 3, "都道府県コード": 15, "市区町村コード": 107, "所在地": "新潟県新潟市西区ときめき西１－１－１９", "緯度": 37.873615, "経度": 139.007708, "url": "https://www.iryou.teikyouseido.mhlw.go.jp/znk-web/juminkanja/S2430/initialize?prefCd=15&kikanCd=DENCX00387&kikanKbn=3", "url2": "https://www.kenko-shika.com", "内容": "ときめきファミリー歯科・矯正歯科【3:歯科】新潟県新潟市西区ときめき西１－１－１９" }, "geometry": { "type": "Point", "coordinates": [ 139.007708, 37.873615 ] } },
{ "type": "Feature", "properties": { "ID": "153DENCX00388", "正式名称": "せいだデンタルクリニック", "機関区分": 3, "都道府県コード": 15, "市区町村コード": 107, "所在地": "新潟県新潟市西区五十嵐東３丁目１３番５号", "緯度": 37.877786, "経度": 138.955035, "url": "https://www.iryou.teikyouseido.mhlw.go.jp/znk-web/juminkanja/S2430/initialize?prefCd=15&kikanCd=DENCX00388&kikanKbn=3", "url2": "http://www.seida-dc.com", "内容": "せいだデンタルクリニック【3:歯科】新潟県新潟市西区五十嵐東３丁目１３番５号" }, "geometry": { "type": "Point", "coordinates": [ 138.955035, 37.877786 ] } },
{ "type": "Feature", "properties": { "ID": "153DENCX00389", "正式名称": "たかだ歯科医院", "機関区分": 3, "都道府県コード": 15, "市区町村コード": 107, "所在地": "新潟県新潟市西区赤塚４３９０", "緯度": 37.814989, "経度": 138.884135, "url": "https://www.iryou.teikyouseido.mhlw.go.jp/znk-web/juminkanja/S2430/initialize?prefCd=15&kikanCd=DENCX00389&kikanKbn=3", "url2": null, "内容": "たかだ歯科医院【3:歯科】新潟県新潟市西区赤塚４３９０" }, "geometry": { "type": "Point", "coordinates": [ 138.884135, 37.814989 ] } },
{ "type": "Feature", "properties": { "ID": "153DENCX00390", "正式名称": "高橋歯科医院", "機関区分": 3, "都道府県コード": 15, "市区町村コード": 107, "所在地": "新潟県新潟市西区大野町３２７９高橋歯科医院", "緯度": 37.847355, "経度": 139.018748, "url": "https://www.iryou.teikyouseido.mhlw.go.jp/znk-web/juminkanja/S2430/initialize?prefCd=15&kikanCd=DENCX00390&kikanKbn=3", "url2": null, "内容": "高橋歯科医院【3:歯科】新潟県新潟市西区大野町３２７９高橋歯科医院" }, "geometry": { "type": "Point", "coordinates": [ 139.018748, 37.847355 ] } },
{ "type": "Feature", "properties": { "ID": "153DENCX00391", "正式名称": "滝歯科医院", "機関区分": 3, "都道府県コード": 15, "市区町村コード": 107, "所在地": "新潟県新潟市西区善久９７", "緯度": 37.8593, "経度": 139.016874, "url": "https://www.iryou.teikyouseido.mhlw.go.jp/znk-web/juminkanja/S2430/initialize?prefCd=15&kikanCd=DENCX00391&kikanKbn=3", "url2": null, "内容": "滝歯科医院【3:歯科】新潟県新潟市西区善久９７" }, "geometry": { "type": "Point", "coordinates": [ 139.016874, 37.8593 ] } },
{ "type": "Feature", "properties": { "ID": "153DENCX00392", "正式名称": "たざわ歯科医院", "機関区分": 3, "都道府県コード": 15, "市区町村コード": 107, "所在地": "新潟県新潟市西区小針南２１番１号", "緯度": 37.882853, "経度": 138.988576, "url": "https://www.iryou.teikyouseido.mhlw.go.jp/znk-web/juminkanja/S2430/initialize?prefCd=15&kikanCd=DENCX00392&kikanKbn=3", "url2": null, "内容": "たざわ歯科医院【3:歯科】新潟県新潟市西区小針南２１番１号" }, "geometry": { "type": "Point", "coordinates": [ 138.988576, 37.882853 ] } },
{ "type": "Feature", "properties": { "ID": "153DENCX00393", "正式名称": "たて歯科医院", "機関区分": 3, "都道府県コード": 15, "市区町村コード": 107, "所在地": "新潟県新潟市西区金巻７８５－１", "緯度": 37.843769, "経度": 139.009259, "url": "https://www.iryou.teikyouseido.mhlw.go.jp/znk-web/juminkanja/S2430/initialize?prefCd=15&kikanCd=DENCX00393&kikanKbn=3", "url2": null, "内容": "たて歯科医院【3:歯科】新潟県新潟市西区金巻７８５－１" }, "geometry": { "type": "Point", "coordinates": [ 139.009259, 37.843769 ] } },
{ "type": "Feature", "properties": { "ID": "153DENCX00396", "正式名称": "つちや歯科医院", "機関区分": 3, "都道府県コード": 15, "市区町村コード": 107, "所在地": "新潟県新潟市西区真砂２丁目１３番２０号", "緯度": 37.890599, "経度": 138.981615, "url": "https://www.iryou.teikyouseido.mhlw.go.jp/znk-web/juminkanja/S2430/initialize?prefCd=15&kikanCd=DENCX00396&kikanKbn=3", "url2": null, "内容": "つちや歯科医院【3:歯科】新潟県新潟市西区真砂２丁目１３番２０号" }, "geometry": { "type": "Point", "coordinates": [ 138.981615, 37.890599 ] } },
{ "type": "Feature", "properties": { "ID": "153DENCX00397", "正式名称": "寺尾歯科医院", "機関区分": 3, "都道府県コード": 15, "市区町村コード": 107, "所在地": "新潟県新潟市西区寺尾西３丁目４番３号", "緯度": 37.878057, "経度": 138.965847, "url": "https://www.iryou.teikyouseido.mhlw.go.jp/znk-web/juminkanja/S2430/initialize?prefCd=15&kikanCd=DENCX00397&kikanKbn=3", "url2": null, "内容": "寺尾歯科医院【3:歯科】新潟県新潟市西区寺尾西３丁目４番３号" }, "geometry": { "type": "Point", "coordinates": [ 138.965847, 37.878057 ] } },
{ "type": "Feature", "properties": { "ID": "153DENCX00398", "正式名称": "なかじま歯科クリニック", "機関区分": 3, "都道府県コード": 15, "市区町村コード": 107, "所在地": "新潟県新潟市西区真砂１－１３－３６", "緯度": 37.893052, "経度": 138.985872, "url": "https://www.iryou.teikyouseido.mhlw.go.jp/znk-web/juminkanja/S2430/initialize?prefCd=15&kikanCd=DENCX00398&kikanKbn=3", "url2": "https://nakajima-d-clinic.com/", "内容": "なかじま歯科クリニック【3:歯科】新潟県新潟市西区真砂１－１３－３６" }, "geometry": { "type": "Point", "coordinates": [ 138.985872, 37.893052 ] } },
{ "type": "Feature", "properties": { "ID": "153DENCX00399", "正式名称": "なかじま歯科医院", "機関区分": 3, "都道府県コード": 15, "市区町村コード": 107, "所在地": "新潟県新潟市西区内野西が丘３－１３－１１", "緯度": 37.847555, "経度": 138.923015, "url": "https://www.iryou.teikyouseido.mhlw.go.jp/znk-web/juminkanja/S2430/initialize?prefCd=15&kikanCd=DENCX00399&kikanKbn=3", "url2": null, "内容": "なかじま歯科医院【3:歯科】新潟県新潟市西区内野西が丘３－１３－１１" }, "geometry": { "type": "Point", "coordinates": [ 138.923015, 37.847555 ] } },
{ "type": "Feature", "properties": { "ID": "153DENCX00401", "正式名称": "西原歯科医院", "機関区分": 3, "都道府県コード": 15, "市区町村コード": 107, "所在地": "新潟県新潟市西区大野町２８７９", "緯度": 37.847548, "経度": 139.01756, "url": "https://www.iryou.teikyouseido.mhlw.go.jp/znk-web/juminkanja/S2430/initialize?prefCd=15&kikanCd=DENCX00401&kikanKbn=3", "url2": "http://nishiharadc.com/reservation/", "内容": "西原歯科医院【3:歯科】新潟県新潟市西区大野町２８７９" }, "geometry": { "type": "Point", "coordinates": [ 139.01756, 37.847548 ] } },
{ "type": "Feature", "properties": { "ID": "153DENCX00402", "正式名称": "西原歯科クリニック", "機関区分": 3, "都道府県コード": 15, "市区町村コード": 107, "所在地": "新潟県新潟市西区小針南台３－６", "緯度": 37.889184, "経度": 138.992774, "url": "https://www.iryou.teikyouseido.mhlw.go.jp/znk-web/juminkanja/S2430/initialize?prefCd=15&kikanCd=DENCX00402&kikanKbn=3", "url2": "http://nishiharadc.web.fc2.com", "内容": "西原歯科クリニック【3:歯科】新潟県新潟市西区小針南台３－６" }, "geometry": { "type": "Point", "coordinates": [ 138.992774, 37.889184 ] } },
{ "type": "Feature", "properties": { "ID": "153DENCX00404", "正式名称": "野田歯科医院", "機関区分": 3, "都道府県コード": 15, "市区町村コード": 107, "所在地": "新潟県新潟市西区寺尾６‐３３", "緯度": 37.881101, "経度": 138.980239, "url": "https://www.iryou.teikyouseido.mhlw.go.jp/znk-web/juminkanja/S2430/initialize?prefCd=15&kikanCd=DENCX00404&kikanKbn=3", "url2": null, "内容": "野田歯科医院【3:歯科】新潟県新潟市西区寺尾６‐３３" }, "geometry": { "type": "Point", "coordinates": [ 138.980239, 37.881101 ] } },
{ "type": "Feature", "properties": { "ID": "153DENCX00405", "正式名称": "ばばこども歯科クリニック", "機関区分": 3, "都道府県コード": 15, "市区町村コード": 107, "所在地": "新潟県新潟市西区平島１ー３ー２", "緯度": 37.892002, "経度": 139.004124, "url": "https://www.iryou.teikyouseido.mhlw.go.jp/znk-web/juminkanja/S2430/initialize?prefCd=15&kikanCd=DENCX00405&kikanKbn=3", "url2": "https://baba-kodomoshika.com", "内容": "ばばこども歯科クリニック【3:歯科】新潟県新潟市西区平島１ー３ー２" }, "geometry": { "type": "Point", "coordinates": [ 139.004124, 37.892002 ] } },
{ "type": "Feature", "properties": { "ID": "153DENCX00408", "正式名称": "ひまわり歯科医院", "機関区分": 3, "都道府県コード": 15, "市区町村コード": 107, "所在地": "新潟県新潟市西区小針４－３９－７", "緯度": 37.881928, "経度": 138.995644, "url": "https://www.iryou.teikyouseido.mhlw.go.jp/znk-web/juminkanja/S2430/initialize?prefCd=15&kikanCd=DENCX00408&kikanKbn=3", "url2": "http://www.himawari-dental.com/", "内容": "ひまわり歯科医院【3:歯科】新潟県新潟市西区小針４－３９－７" }, "geometry": { "type": "Point", "coordinates": [ 138.995644, 37.881928 ] } },
{ "type": "Feature", "properties": { "ID": "153DENCX00409", "正式名称": "ひらの歯科医院", "機関区分": 3, "都道府県コード": 15, "市区町村コード": 107, "所在地": "新潟県新潟市西区坂井東３－２７－８", "緯度": 37.871191, "経度": 138.976569, "url": "https://www.iryou.teikyouseido.mhlw.go.jp/znk-web/juminkanja/S2430/initialize?prefCd=15&kikanCd=DENCX00409&kikanKbn=3", "url2": "https://www.dental-hirano.com/", "内容": "ひらの歯科医院【3:歯科】新潟県新潟市西区坂井東３－２７－８" }, "geometry": { "type": "Point", "coordinates": [ 138.976569, 37.871191 ] } },
{ "type": "Feature", "properties": { "ID": "153DENCX00410", "正式名称": "ひろお矯正歯科クリニック", "機関区分": 3, "都道府県コード": 15, "市区町村コード": 107, "所在地": "新潟県新潟市西区小新５丁目３番２７号", "緯度": 37.882028, "経度": 139.001522, "url": "https://www.iryou.teikyouseido.mhlw.go.jp/znk-web/juminkanja/S2430/initialize?prefCd=15&kikanCd=DENCX00410&kikanKbn=3", "url2": "http://hiroo-orthodontic-clinic.com", "内容": "ひろお矯正歯科クリニック【3:歯科】新潟県新潟市西区小新５丁目３番２７号" }, "geometry": { "type": "Point", "coordinates": [ 139.001522, 37.882028 ] } },
{ "type": "Feature", "properties": { "ID": "153DENCX00412", "正式名称": "深井・加藤歯科医院", "機関区分": 3, "都道府県コード": 15, "市区町村コード": 107, "所在地": "新潟県新潟市西区寺尾西３−１２−５", "緯度": 37.876346, "経度": 138.964485, "url": "https://www.iryou.teikyouseido.mhlw.go.jp/znk-web/juminkanja/S2430/initialize?prefCd=15&kikanCd=DENCX00412&kikanKbn=3", "url2": null, "内容": "深井・加藤歯科医院【3:歯科】新潟県新潟市西区寺尾西３−１２−５" }, "geometry": { "type": "Point", "coordinates": [ 138.964485, 37.876346 ] } },
{ "type": "Feature", "properties": { "ID": "153DENCX00414", "正式名称": "ふじわら歯科クリニック", "機関区分": 3, "都道府県コード": 15, "市区町村コード": 107, "所在地": "新潟県新潟市西区上新栄町６丁目１８番２０号", "緯度": 37.880573, "経度": 138.958927, "url": "https://www.iryou.teikyouseido.mhlw.go.jp/znk-web/juminkanja/S2430/initialize?prefCd=15&kikanCd=DENCX00414&kikanKbn=3", "url2": null, "内容": "ふじわら歯科クリニック【3:歯科】新潟県新潟市西区上新栄町６丁目１８番２０号" }, "geometry": { "type": "Point", "coordinates": [ 138.958927, 37.880573 ] } },
{ "type": "Feature", "properties": { "ID": "153DENCX00416", "正式名称": "保苅歯科医院", "機関区分": 3, "都道府県コード": 15, "市区町村コード": 107, "所在地": "新潟県新潟市西区寺尾上２丁目３番地７０号", "緯度": 37.87569, "経度": 138.972355, "url": "https://www.iryou.teikyouseido.mhlw.go.jp/znk-web/juminkanja/S2430/initialize?prefCd=15&kikanCd=DENCX00416&kikanKbn=3", "url2": null, "内容": "保苅歯科医院【3:歯科】新潟県新潟市西区寺尾上２丁目３番地７０号" }, "geometry": { "type": "Point", "coordinates": [ 138.972355, 37.87569 ] } },
{ "type": "Feature", "properties": { "ID": "153DENCX00418", "正式名称": "松木歯科医院", "機関区分": 3, "都道府県コード": 15, "市区町村コード": 107, "所在地": "新潟県新潟市西区坂井１０３３－１", "緯度": 37.869571, "経度": 138.964074, "url": "https://www.iryou.teikyouseido.mhlw.go.jp/znk-web/juminkanja/S2430/initialize?prefCd=15&kikanCd=DENCX00418&kikanKbn=3", "url2": null, "内容": "松木歯科医院【3:歯科】新潟県新潟市西区坂井１０３３－１" }, "geometry": { "type": "Point", "coordinates": [ 138.964074, 37.869571 ] } },
{ "type": "Feature", "properties": { "ID": "153DENCX00419", "正式名称": "松田歯科医院", "機関区分": 3, "都道府県コード": 15, "市区町村コード": 107, "所在地": "新潟県新潟市西区小針７ー５ー１３", "緯度": 37.881326, "経度": 138.989905, "url": "https://www.iryou.teikyouseido.mhlw.go.jp/znk-web/juminkanja/S2430/initialize?prefCd=15&kikanCd=DENCX00419&kikanKbn=3", "url2": "https://www.matsudadent-whitening.jp/", "内容": "松田歯科医院【3:歯科】新潟県新潟市西区小針７ー５ー１３" }, "geometry": { "type": "Point", "coordinates": [ 138.989905, 37.881326 ] } },
{ "type": "Feature", "properties": { "ID": "153DENCX00420", "正式名称": "まつみだい歯科診療所", "機関区分": 3, "都道府県コード": 15, "市区町村コード": 107, "所在地": "新潟県新潟市西区松美台５ー９", "緯度": 37.894215, "経度": 138.993027, "url": "https://www.iryou.teikyouseido.mhlw.go.jp/znk-web/juminkanja/S2430/initialize?prefCd=15&kikanCd=DENCX00420&kikanKbn=3", "url2": "https://matsumidai-dc.com/", "内容": "まつみだい歯科診療所【3:歯科】新潟県新潟市西区松美台５ー９" }, "geometry": { "type": "Point", "coordinates": [ 138.993027, 37.894215 ] } },
{ "type": "Feature", "properties": { "ID": "153DENCX00421", "正式名称": "松本歯科クリニック", "機関区分": 3, "都道府県コード": 15, "市区町村コード": 107, "所在地": "新潟県新潟市西区寺尾北１丁目５番１６号", "緯度": 37.886202, "経度": 138.972255, "url": "https://www.iryou.teikyouseido.mhlw.go.jp/znk-web/juminkanja/S2430/initialize?prefCd=15&kikanCd=DENCX00421&kikanKbn=3", "url2": null, "内容": "松本歯科クリニック【3:歯科】新潟県新潟市西区寺尾北１丁目５番１６号" }, "geometry": { "type": "Point", "coordinates": [ 138.972255, 37.886202 ] } },
{ "type": "Feature", "properties": { "ID": "153DENCX00422", "正式名称": "マルヤマデンタルクリニック", "機関区分": 3, "都道府県コード": 15, "市区町村コード": 107, "所在地": "新潟県新潟市西区ときめき西３ー６ー１", "緯度": 37.878963, "経度": 139.008316, "url": "https://www.iryou.teikyouseido.mhlw.go.jp/znk-web/juminkanja/S2430/initialize?prefCd=15&kikanCd=DENCX00422&kikanKbn=3", "url2": "mdc-tokimeki.com", "内容": "マルヤマデンタルクリニック【3:歯科】新潟県新潟市西区ときめき西３ー６ー１" }, "geometry": { "type": "Point", "coordinates": [ 139.008316, 37.878963 ] } },
{ "type": "Feature", "properties": { "ID": "153DENCX00423", "正式名称": "三村歯科医院", "機関区分": 3, "都道府県コード": 15, "市区町村コード": 107, "所在地": "新潟県新潟市西区小針が丘２番５４号", "緯度": 37.89098, "経度": 138.990664, "url": "https://www.iryou.teikyouseido.mhlw.go.jp/znk-web/juminkanja/S2430/initialize?prefCd=15&kikanCd=DENCX00423&kikanKbn=3", "url2": null, "内容": "三村歯科医院【3:歯科】新潟県新潟市西区小針が丘２番５４号" }, "geometry": { "type": "Point", "coordinates": [ 138.990664, 37.89098 ] } },
{ "type": "Feature", "properties": { "ID": "153DENCX00425", "正式名称": "明倫短期大学附属歯科診療所", "機関区分": 3, "都道府県コード": 15, "市区町村コード": 107, "所在地": "新潟県新潟市西区真砂３－１６－１０", "緯度": 37.894055, "経度": 138.982582, "url": "https://www.iryou.teikyouseido.mhlw.go.jp/znk-web/juminkanja/S2430/initialize?prefCd=15&kikanCd=DENCX00425&kikanKbn=3", "url2": "https://clinic.meirin-c.ac.jp/", "内容": "明倫短期大学附属歯科診療所【3:歯科】新潟県新潟市西区真砂３－１６－１０" }, "geometry": { "type": "Point", "coordinates": [ 138.982582, 37.894055 ] } },
{ "type": "Feature", "properties": { "ID": "153DENCX00427", "正式名称": "山岸歯科医院", "機関区分": 3, "都道府県コード": 15, "市区町村コード": 107, "所在地": "新潟県新潟市西区五十嵐中島２－１－１０", "緯度": 37.851186, "経度": 138.925548, "url": "https://www.iryou.teikyouseido.mhlw.go.jp/znk-web/juminkanja/S2430/initialize?prefCd=15&kikanCd=DENCX00427&kikanKbn=3", "url2": null, "内容": "山岸歯科医院【3:歯科】新潟県新潟市西区五十嵐中島２－１－１０" }, "geometry": { "type": "Point", "coordinates": [ 138.925548, 37.851186 ] } },
{ "type": "Feature", "properties": { "ID": "153DENCX00428", "正式名称": "やまむろ歯科医院", "機関区分": 3, "都道府県コード": 15, "市区町村コード": 107, "所在地": "新潟県新潟市西区五十嵐一の町７２８３", "緯度": 37.874637, "経度": 138.948613, "url": "https://www.iryou.teikyouseido.mhlw.go.jp/znk-web/juminkanja/S2430/initialize?prefCd=15&kikanCd=DENCX00428&kikanKbn=3", "url2": null, "内容": "やまむろ歯科医院【3:歯科】新潟県新潟市西区五十嵐一の町７２８３" }, "geometry": { "type": "Point", "coordinates": [ 138.948613, 37.874637 ] } },
{ "type": "Feature", "properties": { "ID": "153DENCX00429", "正式名称": "横堀歯科医院", "機関区分": 3, "都道府県コード": 15, "市区町村コード": 107, "所在地": "新潟県新潟市西区松美台２－４", "緯度": 37.895902, "経度": 138.994352, "url": "https://www.iryou.teikyouseido.mhlw.go.jp/znk-web/juminkanja/S2430/initialize?prefCd=15&kikanCd=DENCX00429&kikanKbn=3", "url2": null, "内容": "横堀歯科医院【3:歯科】新潟県新潟市西区松美台２－４" }, "geometry": { "type": "Point", "coordinates": [ 138.994352, 37.895902 ] } },
{ "type": "Feature", "properties": { "ID": "153DENCX00430", "正式名称": "横山歯科医院", "機関区分": 3, "都道府県コード": 15, "市区町村コード": 107, "所在地": "新潟県新潟市西区内野町８０９－１", "緯度": 37.862159, "経度": 138.943601, "url": "https://www.iryou.teikyouseido.mhlw.go.jp/znk-web/juminkanja/S2430/initialize?prefCd=15&kikanCd=DENCX00430&kikanKbn=3", "url2": null, "内容": "横山歯科医院【3:歯科】新潟県新潟市西区内野町８０９－１" }, "geometry": { "type": "Point", "coordinates": [ 138.943601, 37.862159 ] } },
{ "type": "Feature", "properties": { "ID": "153DENCX00432", "正式名称": "レオ歯科クリニック", "機関区分": 3, "都道府県コード": 15, "市区町村コード": 107, "所在地": "新潟県新潟市西区坂井東５丁目２５番２１号", "緯度": 37.871253, "経度": 138.970793, "url": "https://www.iryou.teikyouseido.mhlw.go.jp/znk-web/juminkanja/S2430/initialize?prefCd=15&kikanCd=DENCX00432&kikanKbn=3", "url2": "http://www.leo-dental.com", "内容": "レオ歯科クリニック【3:歯科】新潟県新潟市西区坂井東５丁目２５番２１号" }, "geometry": { "type": "Point", "coordinates": [ 138.970793, 37.871253 ] } },
{ "type": "Feature", "properties": { "ID": "153DENCX00433", "正式名称": "ＷｈｉｔｅＢｅｒｒｙわしざわ歯科", "機関区分": 3, "都道府県コード": 15, "市区町村コード": 107, "所在地": "新潟県新潟市西区五十嵐一の町６７０５", "緯度": 37.869469, "経度": 138.950355, "url": "https://www.iryou.teikyouseido.mhlw.go.jp/znk-web/juminkanja/S2430/initialize?prefCd=15&kikanCd=DENCX00433&kikanKbn=3", "url2": "https://www.nwdc.jp/", "内容": "ＷｈｉｔｅＢｅｒｒｙわしざわ歯科【3:歯科】新潟県新潟市西区五十嵐一の町６７０５" }, "geometry": { "type": "Point", "coordinates": [ 138.950355, 37.869469 ] } },
{ "type": "Feature", "properties": { "ID": "153DENCX00435", "正式名称": "わたなべ歯科医院", "機関区分": 3, "都道府県コード": 15, "市区町村コード": 107, "所在地": "新潟県新潟市西区坂井東３丁目１５番２２号", "緯度": 37.874026, "経度": 138.977282, "url": "https://www.iryou.teikyouseido.mhlw.go.jp/znk-web/juminkanja/S2430/initialize?prefCd=15&kikanCd=DENCX00435&kikanKbn=3", "url2": "https://www.d-wata.com", "内容": "わたなべ歯科医院【3:歯科】新潟県新潟市西区坂井東３丁目１５番２２号" }, "geometry": { "type": "Point", "coordinates": [ 138.977282, 37.874026 ] } },
{ "type": "Feature", "properties": { "ID": "153DENCX00437", "正式名称": "アサオ歯科医院", "機関区分": 3, "都道府県コード": 15, "市区町村コード": 108, "所在地": "新潟県新潟市西蒲区巻甲２６６０１", "緯度": 37.764466, "経度": 138.909714, "url": "https://www.iryou.teikyouseido.mhlw.go.jp/znk-web/juminkanja/S2430/initialize?prefCd=15&kikanCd=DENCX00437&kikanKbn=3", "url2": null, "内容": "アサオ歯科医院【3:歯科】新潟県新潟市西蒲区巻甲２６６０１" }, "geometry": { "type": "Point", "coordinates": [ 138.909714, 37.764466 ] } },
{ "type": "Feature", "properties": { "ID": "153DENCX00439", "正式名称": "医療法人玄徳会しらとり歯科", "機関区分": 3, "都道府県コード": 15, "市区町村コード": 108, "所在地": "新潟県新潟市西蒲区巻甲４３８０番地４", "緯度": 37.753787, "経度": 138.891944, "url": "https://www.iryou.teikyouseido.mhlw.go.jp/znk-web/juminkanja/S2430/initialize?prefCd=15&kikanCd=DENCX00439&kikanKbn=3", "url2": "https://www.tokushinkai.or.jp/", "内容": "医療法人玄徳会しらとり歯科【3:歯科】新潟県新潟市西蒲区巻甲４３８０番地４" }, "geometry": { "type": "Point", "coordinates": [ 138.891944, 37.753787 ] } },
{ "type": "Feature", "properties": { "ID": "153DENCX00441", "正式名称": "きちろく歯科医院", "機関区分": 3, "都道府県コード": 15, "市区町村コード": 108, "所在地": "新潟県新潟市西蒲区中之口５２３ー１", "緯度": 37.716148, "経度": 138.967914, "url": "https://www.iryou.teikyouseido.mhlw.go.jp/znk-web/juminkanja/S2430/initialize?prefCd=15&kikanCd=DENCX00441&kikanKbn=3", "url2": null, "内容": "きちろく歯科医院【3:歯科】新潟県新潟市西蒲区中之口５２３ー１" }, "geometry": { "type": "Point", "coordinates": [ 138.967914, 37.716148 ] } },
{ "type": "Feature", "properties": { "ID": "153DENCX00442", "正式名称": "さとう歯科医院", "機関区分": 3, "都道府県コード": 15, "市区町村コード": 108, "所在地": "新潟県新潟市西蒲区鱸１０３－３", "緯度": 37.794004, "経度": 138.913838, "url": "https://www.iryou.teikyouseido.mhlw.go.jp/znk-web/juminkanja/S2430/initialize?prefCd=15&kikanCd=DENCX00442&kikanKbn=3", "url2": null, "内容": "さとう歯科医院【3:歯科】新潟県新潟市西蒲区鱸１０３－３" }, "geometry": { "type": "Point", "coordinates": [ 138.913838, 37.794004 ] } },
{ "type": "Feature", "properties": { "ID": "153DENCX00444", "正式名称": "白石歯科医院", "機関区分": 3, "都道府県コード": 15, "市区町村コード": 108, "所在地": "新潟県新潟市西蒲区巻甲２４２７番地６", "緯度": 37.754575, "経度": 138.887101, "url": "https://www.iryou.teikyouseido.mhlw.go.jp/znk-web/juminkanja/S2430/initialize?prefCd=15&kikanCd=DENCX00444&kikanKbn=3", "url2": null, "内容": "白石歯科医院【3:歯科】新潟県新潟市西蒲区巻甲２４２７番地６" }, "geometry": { "type": "Point", "coordinates": [ 138.887101, 37.754575 ] } },
{ "type": "Feature", "properties": { "ID": "153DENCX00445", "正式名称": "白鳥歯科クリニック", "機関区分": 3, "都道府県コード": 15, "市区町村コード": 108, "所在地": "新潟県新潟市西蒲区赤鏥４３７－１", "緯度": 37.749848, "経度": 138.891755, "url": "https://www.iryou.teikyouseido.mhlw.go.jp/znk-web/juminkanja/S2430/initialize?prefCd=15&kikanCd=DENCX00445&kikanKbn=3", "url2": null, "内容": "白鳥歯科クリニック【3:歯科】新潟県新潟市西蒲区赤鏥４３７－１" }, "geometry": { "type": "Point", "coordinates": [ 138.891755, 37.749848 ] } },
{ "type": "Feature", "properties": { "ID": "153DENCX00446", "正式名称": "袖山歯科医院", "機関区分": 3, "都道府県コード": 15, "市区町村コード": 108, "所在地": "新潟県新潟市西蒲区巻甲２９２０番地", "緯度": 37.757939, "経度": 138.886075, "url": "https://www.iryou.teikyouseido.mhlw.go.jp/znk-web/juminkanja/S2430/initialize?prefCd=15&kikanCd=DENCX00446&kikanKbn=3", "url2": null, "内容": "袖山歯科医院【3:歯科】新潟県新潟市西蒲区巻甲２９２０番地" }, "geometry": { "type": "Point", "coordinates": [ 138.886075, 37.757939 ] } },
{ "type": "Feature", "properties": { "ID": "153DENCX00448", "正式名称": "高野歯科医院", "機関区分": 3, "都道府県コード": 15, "市区町村コード": 108, "所在地": "新潟県新潟市西蒲区巻甲１４０４－１", "緯度": 37.765603, "経度": 138.884817, "url": "https://www.iryou.teikyouseido.mhlw.go.jp/znk-web/juminkanja/S2430/initialize?prefCd=15&kikanCd=DENCX00448&kikanKbn=3", "url2": "https://www.takanosika.com/", "内容": "高野歯科医院【3:歯科】新潟県新潟市西蒲区巻甲１４０４－１" }, "geometry": { "type": "Point", "coordinates": [ 138.884817, 37.765603 ] } },
{ "type": "Feature", "properties": { "ID": "153DENCX00450", "正式名称": "棚橋歯科医院", "機関区分": 3, "都道府県コード": 15, "市区町村コード": 108, "所在地": "新潟県新潟市西蒲区曽根３５８", "緯度": 37.791308, "経度": 138.916483, "url": "https://www.iryou.teikyouseido.mhlw.go.jp/znk-web/juminkanja/S2430/initialize?prefCd=15&kikanCd=DENCX00450&kikanKbn=3", "url2": null, "内容": "棚橋歯科医院【3:歯科】新潟県新潟市西蒲区曽根３５８" }, "geometry": { "type": "Point", "coordinates": [ 138.916483, 37.791308 ] } },
{ "type": "Feature", "properties": { "ID": "153DENCX00451", "正式名称": "たはた歯科医院", "機関区分": 3, "都道府県コード": 15, "市区町村コード": 108, "所在地": "新潟県新潟市西蒲区巻乙１５９４－１", "緯度": 37.758197, "経度": 138.880641, "url": "https://www.iryou.teikyouseido.mhlw.go.jp/znk-web/juminkanja/S2430/initialize?prefCd=15&kikanCd=DENCX00451&kikanKbn=3", "url2": null, "内容": "たはた歯科医院【3:歯科】新潟県新潟市西蒲区巻乙１５９４－１" }, "geometry": { "type": "Point", "coordinates": [ 138.880641, 37.758197 ] } },
{ "type": "Feature", "properties": { "ID": "153DENCX00452", "正式名称": "ながの歯科医院", "機関区分": 3, "都道府県コード": 15, "市区町村コード": 108, "所在地": "新潟県新潟市西蒲区巻甲２６７９－１", "緯度": 37.759801, "経度": 138.889087, "url": "https://www.iryou.teikyouseido.mhlw.go.jp/znk-web/juminkanja/S2430/initialize?prefCd=15&kikanCd=DENCX00452&kikanKbn=3", "url2": null, "内容": "ながの歯科医院【3:歯科】新潟県新潟市西蒲区巻甲２６７９－１" }, "geometry": { "type": "Point", "coordinates": [ 138.889087, 37.759801 ] } },
{ "type": "Feature", "properties": { "ID": "153DENCX00454", "正式名称": "のざわ歯科クリニック", "機関区分": 3, "都道府県コード": 15, "市区町村コード": 108, "所在地": "新潟県新潟市西蒲区小吉１０７６－１", "緯度": 37.706914, "経度": 138.978891, "url": "https://www.iryou.teikyouseido.mhlw.go.jp/znk-web/juminkanja/S2430/initialize?prefCd=15&kikanCd=DENCX00454&kikanKbn=3", "url2": null, "内容": "のざわ歯科クリニック【3:歯科】新潟県新潟市西蒲区小吉１０７６－１" }, "geometry": { "type": "Point", "coordinates": [ 138.978891, 37.706914 ] } },
{ "type": "Feature", "properties": { "ID": "153DENCX00455", "正式名称": "原歯科診療所", "機関区分": 3, "都道府県コード": 15, "市区町村コード": 108, "所在地": "新潟県新潟市西蒲区福島１９６６", "緯度": 37.72654, "経度": 138.959423, "url": "https://www.iryou.teikyouseido.mhlw.go.jp/znk-web/juminkanja/S2430/initialize?prefCd=15&kikanCd=DENCX00455&kikanKbn=3", "url2": "https://hara-sika-sin.com", "内容": "原歯科診療所【3:歯科】新潟県新潟市西蒲区福島１９６６" }, "geometry": { "type": "Point", "coordinates": [ 138.959423, 37.72654 ] } },
{ "type": "Feature", "properties": { "ID": "153DENCX00456", "正式名称": "ひらさわ歯科医院", "機関区分": 3, "都道府県コード": 15, "市区町村コード": 108, "所在地": "新潟県新潟市西蒲区和納１４４３－１", "緯度": 37.723501, "経度": 138.885536, "url": "https://www.iryou.teikyouseido.mhlw.go.jp/znk-web/juminkanja/S2430/initialize?prefCd=15&kikanCd=DENCX00456&kikanKbn=3", "url2": null, "内容": "ひらさわ歯科医院【3:歯科】新潟県新潟市西蒲区和納１４４３－１" }, "geometry": { "type": "Point", "coordinates": [ 138.885536, 37.723501 ] } },
{ "type": "Feature", "properties": { "ID": "153DENCX00457", "正式名称": "本間歯科医院", "機関区分": 3, "都道府県コード": 15, "市区町村コード": 108, "所在地": "新潟県新潟市西蒲区和納１５９７―１０", "緯度": 37.724054, "経度": 138.881158, "url": "https://www.iryou.teikyouseido.mhlw.go.jp/znk-web/juminkanja/S2430/initialize?prefCd=15&kikanCd=DENCX00457&kikanKbn=3", "url2": null, "内容": "本間歯科医院【3:歯科】新潟県新潟市西蒲区和納１５９７―１０" }, "geometry": { "type": "Point", "coordinates": [ 138.881158, 37.724054 ] } },
{ "type": "Feature", "properties": { "ID": "153DENCX00459", "正式名称": "竹内歯科医院", "機関区分": 3, "都道府県コード": 15, "市区町村コード": 108, "所在地": "新潟県新潟市西蒲区巻甲２５２９番地１１", "緯度": 37.75713, "経度": 138.888137, "url": "https://www.iryou.teikyouseido.mhlw.go.jp/znk-web/juminkanja/S2430/initialize?prefCd=15&kikanCd=DENCX00459&kikanKbn=3", "url2": "https://www.takeuchidc-niigata.com/", "内容": "竹内歯科医院【3:歯科】新潟県新潟市西蒲区巻甲２５２９番地１１" }, "geometry": { "type": "Point", "coordinates": [ 138.888137, 37.75713 ] } },
{ "type": "Feature", "properties": { "ID": "153DENCX00460", "正式名称": "山添歯科医院山添矯正歯科", "機関区分": 3, "都道府県コード": 15, "市区町村コード": 108, "所在地": "新潟県新潟市西蒲区巻甲２１２５", "緯度": 37.763515, "経度": 138.887715, "url": "https://www.iryou.teikyouseido.mhlw.go.jp/znk-web/juminkanja/S2430/initialize?prefCd=15&kikanCd=DENCX00460&kikanKbn=3", "url2": "yamazoe-dentortho.com", "内容": "山添歯科医院山添矯正歯科【3:歯科】新潟県新潟市西蒲区巻甲２１２５" }, "geometry": { "type": "Point", "coordinates": [ 138.887715, 37.763515 ] } },
{ "type": "Feature", "properties": { "ID": "153DENCX00461", "正式名称": "ゆう歯科医院", "機関区分": 3, "都道府県コード": 15, "市区町村コード": 108, "所在地": "新潟県新潟市西蒲区巻甲４０８１番地５新星ビル２０１", "緯度": 37.760163, "経度": 138.893107, "url": "https://www.iryou.teikyouseido.mhlw.go.jp/znk-web/juminkanja/S2430/initialize?prefCd=15&kikanCd=DENCX00461&kikanKbn=3", "url2": null, "内容": "ゆう歯科医院【3:歯科】新潟県新潟市西蒲区巻甲４０８１番地５新星ビル２０１" }, "geometry": { "type": "Point", "coordinates": [ 138.893107, 37.760163 ] } },
{ "type": "Feature", "properties": { "ID": "153DENCX00462", "正式名称": "ろはすデンタル", "機関区分": 3, "都道府県コード": 15, "市区町村コード": 108, "所在地": "新潟県新潟市西蒲区巻甲４４７６番地１", "緯度": 37.754111, "経度": 138.895671, "url": "https://www.iryou.teikyouseido.mhlw.go.jp/znk-web/juminkanja/S2430/initialize?prefCd=15&kikanCd=DENCX00462&kikanKbn=3", "url2": "https://www.uehara-shika.jp/", "内容": "ろはすデンタル【3:歯科】新潟県新潟市西蒲区巻甲４４７６番地１" }, "geometry": { "type": "Point", "coordinates": [ 138.895671, 37.754111 ] } },
{ "type": "Feature", "properties": { "ID": "153DENCX00463", "正式名称": "若月歯科医院", "機関区分": 3, "都道府県コード": 15, "市区町村コード": 108, "所在地": "新潟県新潟市西蒲区押付１－６３", "緯度": 37.787993, "経度": 138.921185, "url": "https://www.iryou.teikyouseido.mhlw.go.jp/znk-web/juminkanja/S2430/initialize?prefCd=15&kikanCd=DENCX00463&kikanKbn=3", "url2": null, "内容": "若月歯科医院【3:歯科】新潟県新潟市西蒲区押付１－６３" }, "geometry": { "type": "Point", "coordinates": [ 138.921185, 37.787993 ] } },
{ "type": "Feature", "properties": { "ID": "153DENCX00466", "正式名称": "こやま歯科クリニック", "機関区分": 3, "都道府県コード": 15, "市区町村コード": 107, "所在地": "新潟県新潟市西区五十嵐中島５丁目２１番５号", "緯度": 37.846753, "経度": 138.916451, "url": "https://www.iryou.teikyouseido.mhlw.go.jp/znk-web/juminkanja/S2430/initialize?prefCd=15&kikanCd=DENCX00466&kikanKbn=3", "url2": "koyama-dental-clinic.com", "内容": "こやま歯科クリニック【3:歯科】新潟県新潟市西区五十嵐中島５丁目２１番５号" }, "geometry": { "type": "Point", "coordinates": [ 138.916451, 37.846753 ] } },
{ "type": "Feature", "properties": { "ID": "153DENCX00468", "正式名称": "女池歯科クリニック", "機関区分": 3, "都道府県コード": 15, "市区町村コード": 103, "所在地": "新潟県新潟市中央区女池２丁目３－１７", "緯度": 37.894488, "経度": 139.046295, "url": "https://www.iryou.teikyouseido.mhlw.go.jp/znk-web/juminkanja/S2430/initialize?prefCd=15&kikanCd=DENCX00468&kikanKbn=3", "url2": "https://www.meike-dc.com/", "内容": "女池歯科クリニック【3:歯科】新潟県新潟市中央区女池２丁目３－１７" }, "geometry": { "type": "Point", "coordinates": [ 139.046295, 37.894488 ] } },
{ "type": "Feature", "properties": { "ID": "153DENCX00469", "正式名称": "こどもみらいクリニックデンタル", "機関区分": 3, "都道府県コード": 15, "市区町村コード": 103, "所在地": "新潟県新潟市中央区弁天橋通３ー８ー６", "緯度": 37.889862, "経度": 139.073699, "url": "https://www.iryou.teikyouseido.mhlw.go.jp/znk-web/juminkanja/S2430/initialize?prefCd=15&kikanCd=DENCX00469&kikanKbn=3", "url2": "https://kodomomiraiclinic.com/", "内容": "こどもみらいクリニックデンタル【3:歯科】新潟県新潟市中央区弁天橋通３ー８ー６" }, "geometry": { "type": "Point", "coordinates": [ 139.073699, 37.889862 ] } },
{ "type": "Feature", "properties": { "ID": "153DENCX00470", "正式名称": "りんご歯科医院", "機関区分": 3, "都道府県コード": 15, "市区町村コード": 103, "所在地": "新潟県新潟市中央区東大通２－２－１８タチバナビル一階", "緯度": 37.915638, "経度": 139.059252, "url": "https://www.iryou.teikyouseido.mhlw.go.jp/znk-web/juminkanja/S2430/initialize?prefCd=15&kikanCd=DENCX00470&kikanKbn=3", "url2": null, "内容": "りんご歯科医院【3:歯科】新潟県新潟市中央区東大通２－２－１８タチバナビル一階" }, "geometry": { "type": "Point", "coordinates": [ 139.059252, 37.915638 ] } },
{ "type": "Feature", "properties": { "ID": "153DENCX00471", "正式名称": "かとう歯科", "機関区分": 3, "都道府県コード": 15, "市区町村コード": 107, "所在地": "新潟県新潟市西区寺尾台２－５－１", "緯度": 37.883328, "経度": 138.977, "url": "https://www.iryou.teikyouseido.mhlw.go.jp/znk-web/juminkanja/S2430/initialize?prefCd=15&kikanCd=DENCX00471&kikanKbn=3", "url2": "https://www.katoushikaclinic.jp/", "内容": "かとう歯科【3:歯科】新潟県新潟市西区寺尾台２－５－１" }, "geometry": { "type": "Point", "coordinates": [ 138.977, 37.883328 ] } },
{ "type": "Feature", "properties": { "ID": "153DENCX00472", "正式名称": "新潟西歯科クリニック", "機関区分": 3, "都道府県コード": 15, "市区町村コード": 107, "所在地": "新潟県新潟市西区新通２７５７－３", "緯度": 37.86003, "経度": 138.957109, "url": "https://www.iryou.teikyouseido.mhlw.go.jp/znk-web/juminkanja/S2430/initialize?prefCd=15&kikanCd=DENCX00472&kikanKbn=3", "url2": "https://www.niigatanishi-dc.jp/", "内容": "新潟西歯科クリニック【3:歯科】新潟県新潟市西区新通２７５７－３" }, "geometry": { "type": "Point", "coordinates": [ 138.957109, 37.86003 ] } },
{ "type": "Feature", "properties": { "ID": "153DENCX00473", "正式名称": "いしざき歯科", "機関区分": 3, "都道府県コード": 15, "市区町村コード": 102, "所在地": "新潟県新潟市東区大形本町５−３−２０", "緯度": 37.92196, "経度": 139.12119, "url": "https://www.iryou.teikyouseido.mhlw.go.jp/znk-web/juminkanja/S2430/initialize?prefCd=15&kikanCd=DENCX00473&kikanKbn=3", "url2": "https://ishizakidc.com", "内容": "いしざき歯科【3:歯科】新潟県新潟市東区大形本町５−３−２０" }, "geometry": { "type": "Point", "coordinates": [ 139.12119, 37.92196 ] } },
{ "type": "Feature", "properties": { "ID": "153DENCX00474", "正式名称": "関塚歯科医院", "機関区分": 3, "都道府県コード": 15, "市区町村コード": 103, "所在地": "新潟県新潟市中央区西堀前通６番町９０５番地第二西堀ビル４階", "緯度": 37.921682, "経度": 139.043974, "url": "https://www.iryou.teikyouseido.mhlw.go.jp/znk-web/juminkanja/S2430/initialize?prefCd=15&kikanCd=DENCX00474&kikanKbn=3", "url2": "http://sekizuka-dc.jp", "内容": "関塚歯科医院【3:歯科】新潟県新潟市中央区西堀前通６番町９０５番地第二西堀ビル４階" }, "geometry": { "type": "Point", "coordinates": [ 139.043974, 37.921682 ] } },
{ "type": "Feature", "properties": { "ID": "153DENCX00475", "正式名称": "さつき野矯正歯科医院　音の森", "機関区分": 3, "都道府県コード": 15, "市区町村コード": 103, "所在地": "新潟県新潟市中央区女池６丁目５番２３号", "緯度": 37.892047, "経度": 139.040815, "url": "https://www.iryou.teikyouseido.mhlw.go.jp/znk-web/juminkanja/S2430/initialize?prefCd=15&kikanCd=DENCX00475&kikanKbn=3", "url2": "https://oto.satsukinoshika.com/", "内容": "さつき野矯正歯科医院　音の森【3:歯科】新潟県新潟市中央区女池６丁目５番２３号" }, "geometry": { "type": "Point", "coordinates": [ 139.040815, 37.892047 ] } },
{ "type": "Feature", "properties": { "ID": "153DENCX00478", "正式名称": "やまざき歯科医院", "機関区分": 3, "都道府県コード": 15, "市区町村コード": 105, "所在地": "新潟県新潟市秋葉区新津東町三丁目４番３号", "緯度": 37.804686, "経度": 139.143564, "url": "https://www.iryou.teikyouseido.mhlw.go.jp/znk-web/juminkanja/S2430/initialize?prefCd=15&kikanCd=DENCX00478&kikanKbn=3", "url2": null, "内容": "やまざき歯科医院【3:歯科】新潟県新潟市秋葉区新津東町三丁目４番３号" }, "geometry": { "type": "Point", "coordinates": [ 139.143564, 37.804686 ] } },
{ "type": "Feature", "properties": { "ID": "153DENCX00479", "正式名称": "とうじょう歯科", "機関区分": 3, "都道府県コード": 15, "市区町村コード": 107, "所在地": "新潟県新潟市西区青山７丁目２－９", "緯度": 37.899216, "経度": 138.995285, "url": "https://www.iryou.teikyouseido.mhlw.go.jp/znk-web/juminkanja/S2430/initialize?prefCd=15&kikanCd=DENCX00479&kikanKbn=3", "url2": "https://tojodental.com/", "内容": "とうじょう歯科【3:歯科】新潟県新潟市西区青山７丁目２－９" }, "geometry": { "type": "Point", "coordinates": [ 138.995285, 37.899216 ] } },
{ "type": "Feature", "properties": { "ID": "153DENCX00482", "正式名称": "だい歯科訪問クリニック", "機関区分": 3, "都道府県コード": 15, "市区町村コード": 103, "所在地": "新潟県新潟市中央区上所中３－１４－１３上所メディカルセンター２階", "緯度": 37.902404, "経度": 139.035533, "url": "https://www.iryou.teikyouseido.mhlw.go.jp/znk-web/juminkanja/S2430/initialize?prefCd=15&kikanCd=DENCX00482&kikanKbn=3", "url2": "https://www.dai-dental-clinic.jp/", "内容": "だい歯科訪問クリニック【3:歯科】新潟県新潟市中央区上所中３－１４－１３上所メディカルセンター２階" }, "geometry": { "type": "Point", "coordinates": [ 139.035533, 37.902404 ] } },
{ "type": "Feature", "properties": { "ID": "153DENCX00483", "正式名称": "アルファ歯科上木戸", "機関区分": 3, "都道府県コード": 15, "市区町村コード": 102, "所在地": "新潟県新潟市東区上木戸４―７―１３", "緯度": 37.918547, "経度": 139.101977, "url": "https://www.iryou.teikyouseido.mhlw.go.jp/znk-web/juminkanja/S2430/initialize?prefCd=15&kikanCd=DENCX00483&kikanKbn=3", "url2": null, "内容": "アルファ歯科上木戸【3:歯科】新潟県新潟市東区上木戸４―７―１３" }, "geometry": { "type": "Point", "coordinates": [ 139.101977, 37.918547 ] } },
{ "type": "Feature", "properties": { "ID": "153DENCX00484", "正式名称": "ひるた歯科クリニック", "機関区分": 3, "都道府県コード": 15, "市区町村コード": 104, "所在地": "新潟県新潟市江南区鵜ノ子４町目３番地３号", "緯度": 37.871637, "経度": 139.091039, "url": "https://www.iryou.teikyouseido.mhlw.go.jp/znk-web/juminkanja/S2430/initialize?prefCd=15&kikanCd=DENCX00484&kikanKbn=3", "url2": "https://hinatadc.com/", "内容": "ひるた歯科クリニック【3:歯科】新潟県新潟市江南区鵜ノ子４町目３番地３号" }, "geometry": { "type": "Point", "coordinates": [ 139.091039, 37.871637 ] } },
{ "type": "Feature", "properties": { "ID": "153DENCX00486", "正式名称": "きらめき歯科クリニック", "機関区分": 3, "都道府県コード": 15, "市区町村コード": 107, "所在地": "新潟県新潟市西区青山２－５－１イオン新潟青山店２Ｆ", "緯度": 37.896376, "経度": 139.004998, "url": "https://www.iryou.teikyouseido.mhlw.go.jp/znk-web/juminkanja/S2430/initialize?prefCd=15&kikanCd=DENCX00486&kikanKbn=3", "url2": null, "内容": "きらめき歯科クリニック【3:歯科】新潟県新潟市西区青山２－５－１イオン新潟青山店２Ｆ" }, "geometry": { "type": "Point", "coordinates": [ 139.004998, 37.896376 ] } },
{ "type": "Feature", "properties": { "ID": "153DENCX00487", "正式名称": "かつみ歯科口腔外科", "機関区分": 3, "都道府県コード": 15, "市区町村コード": 103, "所在地": "新潟県新潟市中央区米山３丁目１３ー１５", "緯度": 37.907072, "経度": 139.061488, "url": "https://www.iryou.teikyouseido.mhlw.go.jp/znk-web/juminkanja/S2430/initialize?prefCd=15&kikanCd=DENCX00487&kikanKbn=3", "url2": "https://katsumidental.com", "内容": "かつみ歯科口腔外科【3:歯科】新潟県新潟市中央区米山３丁目１３ー１５" }, "geometry": { "type": "Point", "coordinates": [ 139.061488, 37.907072 ] } },
{ "type": "Feature", "properties": { "ID": "153DENCX00490", "正式名称": "ｉ歯科", "機関区分": 3, "都道府県コード": 15, "市区町村コード": 103, "所在地": "新潟県新潟市中央区東大通２丁目２９トーカン万代第二ビューハイツ　２０７号", "緯度": 37.915479, "経度": 139.058947, "url": "https://www.iryou.teikyouseido.mhlw.go.jp/znk-web/juminkanja/S2430/initialize?prefCd=15&kikanCd=DENCX00490&kikanKbn=3", "url2": "https://haisha-yoyaku.jp/bun2sdental/detail/index/id/0253781255/", "内容": "ｉ歯科【3:歯科】新潟県新潟市中央区東大通２丁目２９トーカン万代第二ビューハイツ　２０７号" }, "geometry": { "type": "Point", "coordinates": [ 139.058947, 37.915479 ] } },
{ "type": "Feature", "properties": { "ID": "153DENCX00494", "正式名称": "新潟歯科・矯正歯科　ＨＩＤＥＮＴ", "機関区分": 3, "都道府県コード": 15, "市区町村コード": 107, "所在地": "新潟県新潟市西区小針上山９－３４－５", "緯度": 37.893359, "経度": 138.992812, "url": "https://www.iryou.teikyouseido.mhlw.go.jp/znk-web/juminkanja/S2430/initialize?prefCd=15&kikanCd=DENCX00494&kikanKbn=3", "url2": null, "内容": "新潟歯科・矯正歯科　ＨＩＤＥＮＴ【3:歯科】新潟県新潟市西区小針上山９－３４－５" }, "geometry": { "type": "Point", "coordinates": [ 138.992812, 37.893359 ] } },
{ "type": "Feature", "properties": { "ID": "153DENCX00496", "正式名称": "八百板歯科医院", "機関区分": 3, "都道府県コード": 15, "市区町村コード": 108, "所在地": "新潟県新潟市西蒲区鱸", "緯度": 37.797299, "経度": 138.912647, "url": "https://www.iryou.teikyouseido.mhlw.go.jp/znk-web/juminkanja/S2430/initialize?prefCd=15&kikanCd=DENCX00496&kikanKbn=3", "url2": null, "内容": "八百板歯科医院【3:歯科】新潟県新潟市西蒲区鱸" }, "geometry": { "type": "Point", "coordinates": [ 138.912647, 37.797299 ] } },
{ "type": "Feature", "properties": { "ID": "153DENCX00497", "正式名称": "竹山矯正歯科クリニック", "機関区分": 3, "都道府県コード": 15, "市区町村コード": 102, "所在地": "新潟県新潟市東区中野山７丁目１番１８号", "緯度": 37.900667, "経度": 139.105734, "url": "https://www.iryou.teikyouseido.mhlw.go.jp/znk-web/juminkanja/S2430/initialize?prefCd=15&kikanCd=DENCX00497&kikanKbn=3", "url2": "https://takeyama-kyousei.com/", "内容": "竹山矯正歯科クリニック【3:歯科】新潟県新潟市東区中野山７丁目１番１８号" }, "geometry": { "type": "Point", "coordinates": [ 139.105734, 37.900667 ] } },
{ "type": "Feature", "properties": { "ID": "153DENCX00498", "正式名称": "みずいろ歯科", "機関区分": 3, "都道府県コード": 15, "市区町村コード": 102, "所在地": "新潟県新潟市東区太平４－３－１７", "緯度": 37.943819, "経度": 139.109343, "url": "https://www.iryou.teikyouseido.mhlw.go.jp/znk-web/juminkanja/S2430/initialize?prefCd=15&kikanCd=DENCX00498&kikanKbn=3", "url2": null, "内容": "みずいろ歯科【3:歯科】新潟県新潟市東区太平４－３－１７" }, "geometry": { "type": "Point", "coordinates": [ 139.109343, 37.943819 ] } },
{ "type": "Feature", "properties": { "ID": "153DENCX00499", "正式名称": "さかうえ矯正歯科クリニック", "機関区分": 3, "都道府県コード": 15, "市区町村コード": 103, "所在地": "新潟県新潟市中央区近江３ー３２ー１", "緯度": 37.902795, "経度": 139.042873, "url": "https://www.iryou.teikyouseido.mhlw.go.jp/znk-web/juminkanja/S2430/initialize?prefCd=15&kikanCd=DENCX00499&kikanKbn=3", "url2": null, "内容": "さかうえ矯正歯科クリニック【3:歯科】新潟県新潟市中央区近江３ー３２ー１" }, "geometry": { "type": "Point", "coordinates": [ 139.042873, 37.902795 ] } },
{ "type": "Feature", "properties": { "ID": "153DENCX00500", "正式名称": "シュウデンタルクリニック", "機関区分": 3, "都道府県コード": 15, "市区町村コード": 104, "所在地": "新潟県新潟市江南区船戸山５丁目９番１４号", "緯度": 37.867242, "経度": 139.101927, "url": "https://www.iryou.teikyouseido.mhlw.go.jp/znk-web/juminkanja/S2430/initialize?prefCd=15&kikanCd=DENCX00500&kikanKbn=3", "url2": null, "内容": "シュウデンタルクリニック【3:歯科】新潟県新潟市江南区船戸山５丁目９番１４号" }, "geometry": { "type": "Point", "coordinates": [ 139.101927, 37.867242 ] } },
{ "type": "Feature", "properties": { "ID": "153DENCX00501", "正式名称": "がじゅまる歯科", "機関区分": 3, "都道府県コード": 15, "市区町村コード": 105, "所在地": "新潟県新潟市秋葉区中野４丁目５ー１２", "緯度": 37.832722, "経度": 139.110095, "url": "https://www.iryou.teikyouseido.mhlw.go.jp/znk-web/juminkanja/S2430/initialize?prefCd=15&kikanCd=DENCX00501&kikanKbn=3", "url2": "http://gajumal-dent.jp", "内容": "がじゅまる歯科【3:歯科】新潟県新潟市秋葉区中野４丁目５ー１２" }, "geometry": { "type": "Point", "coordinates": [ 139.110095, 37.832722 ] } },
{ "type": "Feature", "properties": { "ID": "153DENCX00503", "正式名称": "せきや歯科クリニック", "機関区分": 3, "都道府県コード": 15, "市区町村コード": 103, "所在地": "新潟県新潟市中央区信濃町４－８せきや歯科クリニック", "緯度": 37.906286, "経度": 139.012016, "url": "https://www.iryou.teikyouseido.mhlw.go.jp/znk-web/juminkanja/S2430/initialize?prefCd=15&kikanCd=DENCX00503&kikanKbn=3", "url2": null, "内容": "せきや歯科クリニック【3:歯科】新潟県新潟市中央区信濃町４－８せきや歯科クリニック" }, "geometry": { "type": "Point", "coordinates": [ 139.012016, 37.906286 ] } },
{ "type": "Feature", "properties": { "ID": "153DENCX00504", "正式名称": "しんじょう歯科医院", "機関区分": 3, "都道府県コード": 15, "市区町村コード": 104, "所在地": "新潟県新潟市江南区丸山ノ内善之丞組３６２－８", "緯度": 37.880484, "経度": 139.128057, "url": "https://www.iryou.teikyouseido.mhlw.go.jp/znk-web/juminkanja/S2430/initialize?prefCd=15&kikanCd=DENCX00504&kikanKbn=3", "url2": null, "内容": "しんじょう歯科医院【3:歯科】新潟県新潟市江南区丸山ノ内善之丞組３６２－８" }, "geometry": { "type": "Point", "coordinates": [ 139.128057, 37.880484 ] } },
{ "type": "Feature", "properties": { "ID": "153DENCX00505", "正式名称": "あきやま歯科クリニック", "機関区分": 3, "都道府県コード": 15, "市区町村コード": 104, "所在地": "新潟県新潟市江南区曽野木１－４－９", "緯度": 37.867629, "経度": 139.041149, "url": "https://www.iryou.teikyouseido.mhlw.go.jp/znk-web/juminkanja/S2430/initialize?prefCd=15&kikanCd=DENCX00505&kikanKbn=3", "url2": "akiyama-dent.jp", "内容": "あきやま歯科クリニック【3:歯科】新潟県新潟市江南区曽野木１－４－９" }, "geometry": { "type": "Point", "coordinates": [ 139.041149, 37.867629 ] } },
{ "type": "Feature", "properties": { "ID": "153DENCX00507", "正式名称": "キーデンタルクリニック新潟訪問専門医院", "機関区分": 3, "都道府県コード": 15, "市区町村コード": 108, "所在地": "新潟県新潟市西蒲区巻甲２９０８ー３", "緯度": 37.757003, "経度": 138.885544, "url": "https://www.iryou.teikyouseido.mhlw.go.jp/znk-web/juminkanja/S2430/initialize?prefCd=15&kikanCd=DENCX00507&kikanKbn=3", "url2": null, "内容": "キーデンタルクリニック新潟訪問専門医院【3:歯科】新潟県新潟市西蒲区巻甲２９０８ー３" }, "geometry": { "type": "Point", "coordinates": [ 138.885544, 37.757003 ] } },
{ "type": "Feature", "properties": { "ID": "153DENCX00509", "正式名称": "からさわ歯科医院", "機関区分": 3, "都道府県コード": 15, "市区町村コード": 103, "所在地": "新潟県新潟市中央区笹口２丁目３－５メゾンドソレイユ１階", "緯度": 37.909593, "経度": 139.063391, "url": "https://www.iryou.teikyouseido.mhlw.go.jp/znk-web/juminkanja/S2430/initialize?prefCd=15&kikanCd=DENCX00509&kikanKbn=3", "url2": "https://karasawa-dc.jp/", "内容": "からさわ歯科医院【3:歯科】新潟県新潟市中央区笹口２丁目３－５メゾンドソレイユ１階" }, "geometry": { "type": "Point", "coordinates": [ 139.063391, 37.909593 ] } },
{ "type": "Feature", "properties": { "ID": "153DENCX00512", "正式名称": "入船みなと歯科", "機関区分": 3, "都道府県コード": 15, "市区町村コード": 103, "所在地": "新潟県新潟市中央区附船町１丁目４０９２", "緯度": 37.935582, "経度": 139.055006, "url": "https://www.iryou.teikyouseido.mhlw.go.jp/znk-web/juminkanja/S2430/initialize?prefCd=15&kikanCd=DENCX00512&kikanKbn=3", "url2": "https://www.irifuneminato-dc.com/", "内容": "入船みなと歯科【3:歯科】新潟県新潟市中央区附船町１丁目４０９２" }, "geometry": { "type": "Point", "coordinates": [ 139.055006, 37.935582 ] } },
{ "type": "Feature", "properties": { "ID": "153DENCX00514", "正式名称": "小飯塚歯科クリニック", "機関区分": 3, "都道府県コード": 15, "市区町村コード": 101, "所在地": "新潟県新潟市北区嘉山５丁目６－８", "緯度": 37.909911, "経度": 139.220371, "url": "https://www.iryou.teikyouseido.mhlw.go.jp/znk-web/juminkanja/S2430/initialize?prefCd=15&kikanCd=DENCX00514&kikanKbn=3", "url2": null, "内容": "小飯塚歯科クリニック【3:歯科】新潟県新潟市北区嘉山５丁目６－８" }, "geometry": { "type": "Point", "coordinates": [ 139.220371, 37.909911 ] } },
{ "type": "Feature", "properties": { "ID": "153DENCX00515", "正式名称": "八木歯科クリニック", "機関区分": 3, "都道府県コード": 15, "市区町村コード": 108, "所在地": "新潟県新潟市西蒲区巻甲３２３２－３", "緯度": 37.76602, "経度": 138.893975, "url": "https://www.iryou.teikyouseido.mhlw.go.jp/znk-web/juminkanja/S2430/initialize?prefCd=15&kikanCd=DENCX00515&kikanKbn=3", "url2": "http://yagishika.cihp.jp", "内容": "八木歯科クリニック【3:歯科】新潟県新潟市西蒲区巻甲３２３２－３" }, "geometry": { "type": "Point", "coordinates": [ 138.893975, 37.76602 ] } },
{ "type": "Feature", "properties": { "ID": "153DENCX00516", "正式名称": "まなぶ歯科", "機関区分": 3, "都道府県コード": 15, "市区町村コード": 107, "所在地": "新潟県新潟市西区槇尾１００", "緯度": 37.855793, "経度": 138.942388, "url": "https://www.iryou.teikyouseido.mhlw.go.jp/znk-web/juminkanja/S2430/initialize?prefCd=15&kikanCd=DENCX00516&kikanKbn=3", "url2": "https://manabudc.com", "内容": "まなぶ歯科【3:歯科】新潟県新潟市西区槇尾１００" }, "geometry": { "type": "Point", "coordinates": [ 138.942388, 37.855793 ] } },
{ "type": "Feature", "properties": { "ID": "153DENCX00518", "正式名称": "小出歯科クリニック", "機関区分": 3, "都道府県コード": 15, "市区町村コード": 102, "所在地": "新潟県新潟市東区河渡新町２－４－６１－１", "緯度": 37.947321, "経度": 139.11075, "url": "https://www.iryou.teikyouseido.mhlw.go.jp/znk-web/juminkanja/S2430/initialize?prefCd=15&kikanCd=DENCX00518&kikanKbn=3", "url2": "https://koide-dental.jp/", "内容": "小出歯科クリニック【3:歯科】新潟県新潟市東区河渡新町２－４－６１－１" }, "geometry": { "type": "Point", "coordinates": [ 139.11075, 37.947321 ] } },
{ "type": "Feature", "properties": { "ID": "153DENCX00522", "正式名称": "村田歯科医院", "機関区分": 3, "都道府県コード": 15, "市区町村コード": 107, "所在地": "新潟県新潟市西区青山５－９－３４", "緯度": 37.899559, "経度": 138.99721, "url": "https://www.iryou.teikyouseido.mhlw.go.jp/znk-web/juminkanja/S2430/initialize?prefCd=15&kikanCd=DENCX00522&kikanKbn=3", "url2": null, "内容": "村田歯科医院【3:歯科】新潟県新潟市西区青山５－９－３４" }, "geometry": { "type": "Point", "coordinates": [ 138.99721, 37.899559 ] } },
{ "type": "Feature", "properties": { "ID": "153DENCX00524", "正式名称": "みのりデンタルクリニック", "機関区分": 3, "都道府県コード": 15, "市区町村コード": 103, "所在地": "新潟県新潟市中央区美の里１－１４みのりデンタルクリニック", "緯度": 37.884151, "経度": 139.077334, "url": "https://www.iryou.teikyouseido.mhlw.go.jp/znk-web/juminkanja/S2430/initialize?prefCd=15&kikanCd=DENCX00524&kikanKbn=3", "url2": "minori-dental7216.com", "内容": "みのりデンタルクリニック【3:歯科】新潟県新潟市中央区美の里１－１４みのりデンタルクリニック" }, "geometry": { "type": "Point", "coordinates": [ 139.077334, 37.884151 ] } },
{ "type": "Feature", "properties": { "ID": "153DENCX0084", "正式名称": "ふじみ歯科", "機関区分": 3, "都道府県コード": 15, "市区町村コード": 102, "所在地": "新潟県新潟市東区河渡１ー４ー１５", "緯度": 37.934385, "経度": 139.097809, "url": "https://www.iryou.teikyouseido.mhlw.go.jp/znk-web/juminkanja/S2430/initialize?prefCd=15&kikanCd=DENCX0084&kikanKbn=3", "url2": "https://fujimidental.sakura.ne.jp/", "内容": "ふじみ歯科【3:歯科】新潟県新潟市東区河渡１ー４ー１５" }, "geometry": { "type": "Point", "coordinates": [ 139.097809, 37.934385 ] } },
{ "type": "Feature", "properties": { "ID": "153DENCX0093", "正式名称": "うらら歯科", "機関区分": 3, "都道府県コード": 15, "市区町村コード": 104, "所在地": "新潟県新潟市江南区亀田向陽１－３－３２", "緯度": 37.876545, "経度": 139.112804, "url": "https://www.iryou.teikyouseido.mhlw.go.jp/znk-web/juminkanja/S2430/initialize?prefCd=15&kikanCd=DENCX0093&kikanKbn=3", "url2": null, "内容": "うらら歯科【3:歯科】新潟県新潟市江南区亀田向陽１－３－３２" }, "geometry": { "type": "Point", "coordinates": [ 139.112804, 37.876545 ] } },
{ "type": "Feature", "properties": { "ID": "153DENCX293", "正式名称": "うめつ歯科医院", "機関区分": 3, "都道府県コード": 15, "市区町村コード": 105, "所在地": "新潟県新潟市秋葉区古田１丁目６番地４１号", "緯度": 37.794662, "経度": 139.111307, "url": "https://www.iryou.teikyouseido.mhlw.go.jp/znk-web/juminkanja/S2430/initialize?prefCd=15&kikanCd=DENCX293&kikanKbn=3", "url2": "http://www.umetsudental.com", "内容": "うめつ歯科医院【3:歯科】新潟県新潟市秋葉区古田１丁目６番地４１号" }, "geometry": { "type": "Point", "coordinates": [ 139.111307, 37.794662 ] } },
{ "type": "Feature", "properties": { "ID": "153DENCXOO339", "正式名称": "月潟歯科クリニック", "機関区分": 3, "都道府県コード": 15, "市区町村コード": 106, "所在地": "新潟県新潟市南区月潟４５７－１", "緯度": 37.726807, "経度": 138.99262, "url": "https://www.iryou.teikyouseido.mhlw.go.jp/znk-web/juminkanja/S2430/initialize?prefCd=15&kikanCd=DENCXOO339&kikanKbn=3", "url2": "https://tsukigata-shika-clinic.com", "内容": "月潟歯科クリニック【3:歯科】新潟県新潟市南区月潟４５７－１" }, "geometry": { "type": "Point", "coordinates": [ 138.99262, 37.726807 ] } },
{ "type": "Feature", "properties": { "ID": "153DENCXOO529", "正式名称": "三上歯科医院", "機関区分": 3, "都道府県コード": 15, "市区町村コード": 103, "所在地": "新潟県新潟市中央区弁天橋通３丁目８番１３号", "緯度": 37.889857, "経度": 139.073709, "url": "https://www.iryou.teikyouseido.mhlw.go.jp/znk-web/juminkanja/S2430/initialize?prefCd=15&kikanCd=DENCXOO529&kikanKbn=3", "url2": null, "内容": "三上歯科医院【3:歯科】新潟県新潟市中央区弁天橋通３丁目８番１３号" }, "geometry": { "type": "Point", "coordinates": [ 139.073709, 37.889857 ] } },
{ "type": "Feature", "properties": { "ID": "153DENGX00001", "正式名称": "あおば歯科クリニック", "機関区分": 3, "都道府県コード": 15, "市区町村コード": 202, "所在地": "新潟県長岡市希望が丘１丁目７番地１", "緯度": 37.442227, "経度": 138.810865, "url": "https://www.iryou.teikyouseido.mhlw.go.jp/znk-web/juminkanja/S2430/initialize?prefCd=15&kikanCd=DENGX00001&kikanKbn=3", "url2": "https://www.aoba-dc.com/", "内容": "あおば歯科クリニック【3:歯科】新潟県長岡市希望が丘１丁目７番地１" }, "geometry": { "type": "Point", "coordinates": [ 138.810865, 37.442227 ] } },
{ "type": "Feature", "properties": { "ID": "153DENGX00002", "正式名称": "青葉台歯科医院", "機関区分": 3, "都道府県コード": 15, "市区町村コード": 202, "所在地": "新潟県長岡市青葉台１丁目甲１２０－８長岡ニュータウンセンタービル１階", "緯度": 37.445825, "経度": 138.750577, "url": "https://www.iryou.teikyouseido.mhlw.go.jp/znk-web/juminkanja/S2430/initialize?prefCd=15&kikanCd=DENGX00002&kikanKbn=3", "url2": null, "内容": "青葉台歯科医院【3:歯科】新潟県長岡市青葉台１丁目甲１２０－８長岡ニュータウンセンタービル１階" }, "geometry": { "type": "Point", "coordinates": [ 138.750577, 37.445825 ] } },
{ "type": "Feature", "properties": { "ID": "153DENGX00003", "正式名称": "あかしば矯正歯科クリニック", "機関区分": 3, "都道府県コード": 15, "市区町村コード": 202, "所在地": "新潟県長岡市大手通１－４－１ボワールビル３Ｆ", "緯度": 37.446701, "経度": 138.852115, "url": "https://www.iryou.teikyouseido.mhlw.go.jp/znk-web/juminkanja/S2430/initialize?prefCd=15&kikanCd=DENGX00003&kikanKbn=3", "url2": null, "内容": "あかしば矯正歯科クリニック【3:歯科】新潟県長岡市大手通１－４－１ボワールビル３Ｆ" }, "geometry": { "type": "Point", "coordinates": [ 138.852115, 37.446701 ] } },
{ "type": "Feature", "properties": { "ID": "153DENGX00008", "正式名称": "いだ歯科医院", "機関区分": 3, "都道府県コード": 15, "市区町村コード": 202, "所在地": "新潟県長岡市古正寺３－２０", "緯度": 37.457714, "経度": 138.823774, "url": "https://www.iryou.teikyouseido.mhlw.go.jp/znk-web/juminkanja/S2430/initialize?prefCd=15&kikanCd=DENGX00008&kikanKbn=3", "url2": null, "内容": "いだ歯科医院【3:歯科】新潟県長岡市古正寺３－２０" }, "geometry": { "type": "Point", "coordinates": [ 138.823774, 37.457714 ] } },
{ "type": "Feature", "properties": { "ID": "153DENGX00009", "正式名称": "今井歯科医院", "機関区分": 3, "都道府県コード": 15, "市区町村コード": 202, "所在地": "新潟県長岡市水道町４－２－２５", "緯度": 37.457795, "経度": 138.846013, "url": "https://www.iryou.teikyouseido.mhlw.go.jp/znk-web/juminkanja/S2430/initialize?prefCd=15&kikanCd=DENGX00009&kikanKbn=3", "url2": "http://imaishika-nagaoka.com", "内容": "今井歯科医院【3:歯科】新潟県長岡市水道町４－２－２５" }, "geometry": { "type": "Point", "coordinates": [ 138.846013, 37.457795 ] } },
{ "type": "Feature", "properties": { "ID": "153DENGX00012", "正式名称": "大竹矯正歯科医院", "機関区分": 3, "都道府県コード": 15, "市区町村コード": 202, "所在地": "新潟県長岡市台町２－１－２６", "緯度": 37.445338, "経度": 138.855668, "url": "https://www.iryou.teikyouseido.mhlw.go.jp/znk-web/juminkanja/S2430/initialize?prefCd=15&kikanCd=DENGX00012&kikanKbn=3", "url2": "https://www.otake-orthod.com", "内容": "大竹矯正歯科医院【3:歯科】新潟県長岡市台町２－１－２６" }, "geometry": { "type": "Point", "coordinates": [ 138.855668, 37.445338 ] } },
{ "type": "Feature", "properties": { "ID": "153DENGX00015", "正式名称": "大野歯科医院", "機関区分": 3, "都道府県コード": 15, "市区町村コード": 202, "所在地": "新潟県長岡市藤橋１－２８４－１", "緯度": 37.42815, "経度": 138.786425, "url": "https://www.iryou.teikyouseido.mhlw.go.jp/znk-web/juminkanja/S2430/initialize?prefCd=15&kikanCd=DENGX00015&kikanKbn=3", "url2": "http://ohnoshika.hp.peraichi.com", "内容": "大野歯科医院【3:歯科】新潟県長岡市藤橋１－２８４－１" }, "geometry": { "type": "Point", "coordinates": [ 138.786425, 37.42815 ] } },
{ "type": "Feature", "properties": { "ID": "153DENGX00017", "正式名称": "萱中歯科医院", "機関区分": 3, "都道府県コード": 15, "市区町村コード": 202, "所在地": "新潟県長岡市関東町１番地９", "緯度": 37.45179, "経度": 138.851837, "url": "https://www.iryou.teikyouseido.mhlw.go.jp/znk-web/juminkanja/S2430/initialize?prefCd=15&kikanCd=DENGX00017&kikanKbn=3", "url2": null, "内容": "萱中歯科医院【3:歯科】新潟県長岡市関東町１番地９" }, "geometry": { "type": "Point", "coordinates": [ 138.851837, 37.45179 ] } },
{ "type": "Feature", "properties": { "ID": "153DENGX00018", "正式名称": "かさい歯科医院", "機関区分": 3, "都道府県コード": 15, "市区町村コード": 202, "所在地": "新潟県長岡市三和３－８－３", "緯度": 37.432603, "経度": 138.837105, "url": "https://www.iryou.teikyouseido.mhlw.go.jp/znk-web/juminkanja/S2430/initialize?prefCd=15&kikanCd=DENGX00018&kikanKbn=3", "url2": null, "内容": "かさい歯科医院【3:歯科】新潟県長岡市三和３－８－３" }, "geometry": { "type": "Point", "coordinates": [ 138.837105, 37.432603 ] } },
{ "type": "Feature", "properties": { "ID": "153DENGX00020", "正式名称": "神田歯科", "機関区分": 3, "都道府県コード": 15, "市区町村コード": 202, "所在地": "新潟県長岡市神田町１－１－７", "緯度": 37.453831, "経度": 138.852629, "url": "https://www.iryou.teikyouseido.mhlw.go.jp/znk-web/juminkanja/S2430/initialize?prefCd=15&kikanCd=DENGX00020&kikanKbn=3", "url2": null, "内容": "神田歯科【3:歯科】新潟県長岡市神田町１－１－７" }, "geometry": { "type": "Point", "coordinates": [ 138.852629, 37.453831 ] } },
{ "type": "Feature", "properties": { "ID": "153DENGX00021", "正式名称": "神成歯科医院", "機関区分": 3, "都道府県コード": 15, "市区町村コード": 202, "所在地": "新潟県長岡市中島６丁目１番４号", "緯度": 37.454476, "経度": 138.850687, "url": "https://www.iryou.teikyouseido.mhlw.go.jp/znk-web/juminkanja/S2430/initialize?prefCd=15&kikanCd=DENGX00021&kikanKbn=3", "url2": null, "内容": "神成歯科医院【3:歯科】新潟県長岡市中島６丁目１番４号" }, "geometry": { "type": "Point", "coordinates": [ 138.850687, 37.454476 ] } },
{ "type": "Feature", "properties": { "ID": "153DENGX00024", "正式名称": "小海歯科医院", "機関区分": 3, "都道府県コード": 15, "市区町村コード": 202, "所在地": "新潟県長岡市曲新町５４２－１", "緯度": 37.421099, "経度": 138.846381, "url": "https://www.iryou.teikyouseido.mhlw.go.jp/znk-web/juminkanja/S2430/initialize?prefCd=15&kikanCd=DENGX00024&kikanKbn=3", "url2": null, "内容": "小海歯科医院【3:歯科】新潟県長岡市曲新町５４２－１" }, "geometry": { "type": "Point", "coordinates": [ 138.846381, 37.421099 ] } },
{ "type": "Feature", "properties": { "ID": "153DENGX00026", "正式名称": "医療法人社団　小林歯科クリニック", "機関区分": 3, "都道府県コード": 15, "市区町村コード": 202, "所在地": "新潟県長岡市今朝白２－８－５", "緯度": 37.448837, "経度": 138.858655, "url": "https://www.iryou.teikyouseido.mhlw.go.jp/znk-web/juminkanja/S2430/initialize?prefCd=15&kikanCd=DENGX00026&kikanKbn=3", "url2": null, "内容": "医療法人社団　小林歯科クリニック【3:歯科】新潟県長岡市今朝白２－８－５" }, "geometry": { "type": "Point", "coordinates": [ 138.858655, 37.448837 ] } },
{ "type": "Feature", "properties": { "ID": "153DENGX00027", "正式名称": "駒形歯科クリニック", "機関区分": 3, "都道府県コード": 15, "市区町村コード": 202, "所在地": "新潟県長岡市川崎６丁目１３４９－３", "緯度": 37.454257, "経度": 138.87463, "url": "https://www.iryou.teikyouseido.mhlw.go.jp/znk-web/juminkanja/S2430/initialize?prefCd=15&kikanCd=DENGX00027&kikanKbn=3", "url2": null, "内容": "駒形歯科クリニック【3:歯科】新潟県長岡市川崎６丁目１３４９－３" }, "geometry": { "type": "Point", "coordinates": [ 138.87463, 37.454257 ] } },
{ "type": "Feature", "properties": { "ID": "153DENGX00029", "正式名称": "さいとう歯科", "機関区分": 3, "都道府県コード": 15, "市区町村コード": 202, "所在地": "新潟県長岡市新組町字筒場２１９６番地３", "緯度": 37.497115, "経度": 138.871746, "url": "https://www.iryou.teikyouseido.mhlw.go.jp/znk-web/juminkanja/S2430/initialize?prefCd=15&kikanCd=DENGX00029&kikanKbn=3", "url2": null, "内容": "さいとう歯科【3:歯科】新潟県長岡市新組町字筒場２１９６番地３" }, "geometry": { "type": "Point", "coordinates": [ 138.871746, 37.497115 ] } },
{ "type": "Feature", "properties": { "ID": "153DENGX00032", "正式名称": "しぶや歯科医院", "機関区分": 3, "都道府県コード": 15, "市区町村コード": 202, "所在地": "新潟県長岡市川崎町５８１－４", "緯度": 37.458472, "経度": 138.867848, "url": "https://www.iryou.teikyouseido.mhlw.go.jp/znk-web/juminkanja/S2430/initialize?prefCd=15&kikanCd=DENGX00032&kikanKbn=3", "url2": null, "内容": "しぶや歯科医院【3:歯科】新潟県長岡市川崎町５８１－４" }, "geometry": { "type": "Point", "coordinates": [ 138.867848, 37.458472 ] } },
{ "type": "Feature", "properties": { "ID": "153DENGX00035", "正式名称": "すずき歯科医院", "機関区分": 3, "都道府県コード": 15, "市区町村コード": 202, "所在地": "新潟県長岡市巻島２丁目５番地１", "緯度": 37.480734, "経度": 138.835549, "url": "https://www.iryou.teikyouseido.mhlw.go.jp/znk-web/juminkanja/S2430/initialize?prefCd=15&kikanCd=DENGX00035&kikanKbn=3", "url2": "http://www.suzukisika.info", "内容": "すずき歯科医院【3:歯科】新潟県長岡市巻島２丁目５番地１" }, "geometry": { "type": "Point", "coordinates": [ 138.835549, 37.480734 ] } },
{ "type": "Feature", "properties": { "ID": "153DENGX00039", "正式名称": "高橋小児歯科医院", "機関区分": 3, "都道府県コード": 15, "市区町村コード": 202, "所在地": "新潟県長岡市大手通１－５－２タカノビル４階", "緯度": 37.447526, "経度": 138.851649, "url": "https://www.iryou.teikyouseido.mhlw.go.jp/znk-web/juminkanja/S2430/initialize?prefCd=15&kikanCd=DENGX00039&kikanKbn=3", "url2": "https://tdo-nagaoka.jp/", "内容": "高橋小児歯科医院【3:歯科】新潟県長岡市大手通１－５－２タカノビル４階" }, "geometry": { "type": "Point", "coordinates": [ 138.851649, 37.447526 ] } },
{ "type": "Feature", "properties": { "ID": "153DENGX00040", "正式名称": "田村歯科医院", "機関区分": 3, "都道府県コード": 15, "市区町村コード": 202, "所在地": "新潟県長岡市関原町１丁目１０６０－４", "緯度": 37.452801, "経度": 138.776775, "url": "https://www.iryou.teikyouseido.mhlw.go.jp/znk-web/juminkanja/S2430/initialize?prefCd=15&kikanCd=DENGX00040&kikanKbn=3", "url2": null, "内容": "田村歯科医院【3:歯科】新潟県長岡市関原町１丁目１０６０－４" }, "geometry": { "type": "Point", "coordinates": [ 138.776775, 37.452801 ] } },
{ "type": "Feature", "properties": { "ID": "153DENGX00042", "正式名称": "中川歯科医院", "機関区分": 3, "都道府県コード": 15, "市区町村コード": 202, "所在地": "新潟県長岡市城内町２丁目５－２", "緯度": 37.448885, "経度": 138.851685, "url": "https://www.iryou.teikyouseido.mhlw.go.jp/znk-web/juminkanja/S2430/initialize?prefCd=15&kikanCd=DENGX00042&kikanKbn=3", "url2": "648zero.org", "内容": "中川歯科医院【3:歯科】新潟県長岡市城内町２丁目５－２" }, "geometry": { "type": "Point", "coordinates": [ 138.851685, 37.448885 ] } },
{ "type": "Feature", "properties": { "ID": "153DENGX00045", "正式名称": "永井歯科医院", "機関区分": 3, "都道府県コード": 15, "市区町村コード": 202, "所在地": "新潟県長岡市新町１－１－８", "緯度": 37.460394, "経度": 138.856456, "url": "https://www.iryou.teikyouseido.mhlw.go.jp/znk-web/juminkanja/S2430/initialize?prefCd=15&kikanCd=DENGX00045&kikanKbn=3", "url2": null, "内容": "永井歯科医院【3:歯科】新潟県長岡市新町１－１－８" }, "geometry": { "type": "Point", "coordinates": [ 138.856456, 37.460394 ] } },
{ "type": "Feature", "properties": { "ID": "153DENGX00046", "正式名称": "一般社団法人　長岡歯科医師会　長岡休日急患歯科診療所", "機関区分": 3, "都道府県コード": 15, "市区町村コード": 202, "所在地": "新潟県長岡市幸町２丁目１番１号", "緯度": 37.436803, "経度": 138.83887, "url": "https://www.iryou.teikyouseido.mhlw.go.jp/znk-web/juminkanja/S2430/initialize?prefCd=15&kikanCd=DENGX00046&kikanKbn=3", "url2": null, "内容": "一般社団法人　長岡歯科医師会　長岡休日急患歯科診療所【3:歯科】新潟県長岡市幸町２丁目１番１号" }, "geometry": { "type": "Point", "coordinates": [ 138.83887, 37.436803 ] } },
{ "type": "Feature", "properties": { "ID": "153DENGX00047", "正式名称": "ながおか歯科", "機関区分": 3, "都道府県コード": 15, "市区町村コード": 202, "所在地": "新潟県長岡市柏町１－４－２２", "緯度": 37.443392, "経度": 138.847142, "url": "https://www.iryou.teikyouseido.mhlw.go.jp/znk-web/juminkanja/S2430/initialize?prefCd=15&kikanCd=DENGX00047&kikanKbn=3", "url2": null, "内容": "ながおか歯科【3:歯科】新潟県長岡市柏町１－４－２２" }, "geometry": { "type": "Point", "coordinates": [ 138.847142, 37.443392 ] } },
{ "type": "Feature", "properties": { "ID": "153DENGX00048", "正式名称": "長束歯科医院", "機関区分": 3, "都道府県コード": 15, "市区町村コード": 202, "所在地": "新潟県長岡市大島本町４丁目１０６－１", "緯度": 37.443943, "経度": 138.820273, "url": "https://www.iryou.teikyouseido.mhlw.go.jp/znk-web/juminkanja/S2430/initialize?prefCd=15&kikanCd=DENGX00048&kikanKbn=3", "url2": null, "内容": "長束歯科医院【3:歯科】新潟県長岡市大島本町４丁目１０６－１" }, "geometry": { "type": "Point", "coordinates": [ 138.820273, 37.443943 ] } },
{ "type": "Feature", "properties": { "ID": "153DENGX00050", "正式名称": "のざき歯科医院", "機関区分": 3, "都道府県コード": 15, "市区町村コード": 202, "所在地": "新潟県長岡市下山５－８８－５", "緯度": 37.436476, "経度": 138.816102, "url": "https://www.iryou.teikyouseido.mhlw.go.jp/znk-web/juminkanja/S2430/initialize?prefCd=15&kikanCd=DENGX00050&kikanKbn=3", "url2": null, "内容": "のざき歯科医院【3:歯科】新潟県長岡市下山５－８８－５" }, "geometry": { "type": "Point", "coordinates": [ 138.816102, 37.436476 ] } },
{ "type": "Feature", "properties": { "ID": "153DENGX00052", "正式名称": "ひまわり歯科", "機関区分": 3, "都道府県コード": 15, "市区町村コード": 202, "所在地": "新潟県長岡市川崎２丁目２４７８ー１", "緯度": 37.451567, "経度": 138.867658, "url": "https://www.iryou.teikyouseido.mhlw.go.jp/znk-web/juminkanja/S2430/initialize?prefCd=15&kikanCd=DENGX00052&kikanKbn=3", "url2": "https://www.himawari-dental.jp/", "内容": "ひまわり歯科【3:歯科】新潟県長岡市川崎２丁目２４７８ー１" }, "geometry": { "type": "Point", "coordinates": [ 138.867658, 37.451567 ] } },
{ "type": "Feature", "properties": { "ID": "153DENGX00055", "正式名称": "ほりきり歯科医院", "機関区分": 3, "都道府県コード": 15, "市区町村コード": 202, "所在地": "新潟県長岡市古正寺３－２５４", "緯度": 37.459414, "経度": 138.819941, "url": "https://www.iryou.teikyouseido.mhlw.go.jp/znk-web/juminkanja/S2430/initialize?prefCd=15&kikanCd=DENGX00055&kikanKbn=3", "url2": "https://www.horikiri-dc.com/", "内容": "ほりきり歯科医院【3:歯科】新潟県長岡市古正寺３－２５４" }, "geometry": { "type": "Point", "coordinates": [ 138.819941, 37.459414 ] } },
{ "type": "Feature", "properties": { "ID": "153DENGX00061", "正式名称": "丸山歯科クリニック", "機関区分": 3, "都道府県コード": 15, "市区町村コード": 202, "所在地": "新潟県長岡市関原町３丁目乙１４番地", "緯度": 37.455058, "経度": 138.76901, "url": "https://www.iryou.teikyouseido.mhlw.go.jp/znk-web/juminkanja/S2430/initialize?prefCd=15&kikanCd=DENGX00061&kikanKbn=3", "url2": null, "内容": "丸山歯科クリニック【3:歯科】新潟県長岡市関原町３丁目乙１４番地" }, "geometry": { "type": "Point", "coordinates": [ 138.76901, 37.455058 ] } },
{ "type": "Feature", "properties": { "ID": "153DENGX00062", "正式名称": "三井田歯科医院", "機関区分": 3, "都道府県コード": 15, "市区町村コード": 202, "所在地": "新潟県長岡市花園２丁目８番１５号", "緯度": 37.434904, "経度": 138.859912, "url": "https://www.iryou.teikyouseido.mhlw.go.jp/znk-web/juminkanja/S2430/initialize?prefCd=15&kikanCd=DENGX00062&kikanKbn=3", "url2": null, "内容": "三井田歯科医院【3:歯科】新潟県長岡市花園２丁目８番１５号" }, "geometry": { "type": "Point", "coordinates": [ 138.859912, 37.434904 ] } },
{ "type": "Feature", "properties": { "ID": "153DENGX00063", "正式名称": "みどり町歯科医院", "機関区分": 3, "都道府県コード": 15, "市区町村コード": 202, "所在地": "新潟県長岡市緑町１－８６－３３", "緯度": 37.451323, "経度": 138.821415, "url": "https://www.iryou.teikyouseido.mhlw.go.jp/znk-web/juminkanja/S2430/initialize?prefCd=15&kikanCd=DENGX00063&kikanKbn=3", "url2": null, "内容": "みどり町歯科医院【3:歯科】新潟県長岡市緑町１－８６－３３" }, "geometry": { "type": "Point", "coordinates": [ 138.821415, 37.451323 ] } },
{ "type": "Feature", "properties": { "ID": "153DENGX00064", "正式名称": "山下歯科医院", "機関区分": 3, "都道府県コード": 15, "市区町村コード": 202, "所在地": "新潟県長岡市中沢４－３４２", "緯度": 37.440783, "経度": 138.873437, "url": "https://www.iryou.teikyouseido.mhlw.go.jp/znk-web/juminkanja/S2430/initialize?prefCd=15&kikanCd=DENGX00064&kikanKbn=3", "url2": "y-dental.or.jp", "内容": "山下歯科医院【3:歯科】新潟県長岡市中沢４－３４２" }, "geometry": { "type": "Point", "coordinates": [ 138.873437, 37.440783 ] } },
{ "type": "Feature", "properties": { "ID": "153DENGX00065", "正式名称": "やまだ歯科医院", "機関区分": 3, "都道府県コード": 15, "市区町村コード": 202, "所在地": "新潟県長岡市上除町字村中甲３５９１番５２", "緯度": 37.45748, "経度": 138.78931, "url": "https://www.iryou.teikyouseido.mhlw.go.jp/znk-web/juminkanja/S2430/initialize?prefCd=15&kikanCd=DENGX00065&kikanKbn=3", "url2": null, "内容": "やまだ歯科医院【3:歯科】新潟県長岡市上除町字村中甲３５９１番５２" }, "geometry": { "type": "Point", "coordinates": [ 138.78931, 37.45748 ] } },
{ "type": "Feature", "properties": { "ID": "153DENGX00067", "正式名称": "山田歯科クリニック", "機関区分": 3, "都道府県コード": 15, "市区町村コード": 202, "所在地": "新潟県長岡市土合５－８－２３", "緯度": 37.437741, "経度": 138.855687, "url": "https://www.iryou.teikyouseido.mhlw.go.jp/znk-web/juminkanja/S2430/initialize?prefCd=15&kikanCd=DENGX00067&kikanKbn=3", "url2": null, "内容": "山田歯科クリニック【3:歯科】新潟県長岡市土合５－８－２３" }, "geometry": { "type": "Point", "coordinates": [ 138.855687, 37.437741 ] } },
{ "type": "Feature", "properties": { "ID": "153DENGX00070", "正式名称": "横山歯科医院", "機関区分": 3, "都道府県コード": 15, "市区町村コード": 202, "所在地": "新潟県長岡市摂田屋１－２－６３", "緯度": 37.410998, "経度": 138.844996, "url": "https://www.iryou.teikyouseido.mhlw.go.jp/znk-web/juminkanja/S2430/initialize?prefCd=15&kikanCd=DENGX00070&kikanKbn=3", "url2": null, "内容": "横山歯科医院【3:歯科】新潟県長岡市摂田屋１－２－６３" }, "geometry": { "type": "Point", "coordinates": [ 138.844996, 37.410998 ] } },
{ "type": "Feature", "properties": { "ID": "153DENGX00075", "正式名称": "ワキヤ歯科医院", "機関区分": 3, "都道府県コード": 15, "市区町村コード": 202, "所在地": "新潟県長岡市城内町３丁目字観光院町甲８９３－３６丸山ビル３階", "緯度": 37.449189, "経度": 138.853692, "url": "https://www.iryou.teikyouseido.mhlw.go.jp/znk-web/juminkanja/S2430/initialize?prefCd=15&kikanCd=DENGX00075&kikanKbn=3", "url2": "http //wakiya.dc", "内容": "ワキヤ歯科医院【3:歯科】新潟県長岡市城内町３丁目字観光院町甲８９３－３６丸山ビル３階" }, "geometry": { "type": "Point", "coordinates": [ 138.853692, 37.449189 ] } },
{ "type": "Feature", "properties": { "ID": "153DENGX00076", "正式名称": "中之島歯科診療所", "機関区分": 3, "都道府県コード": 15, "市区町村コード": 202, "所在地": "新潟県長岡市中之島２２５ー１", "緯度": 37.543529, "経度": 138.87985, "url": "https://www.iryou.teikyouseido.mhlw.go.jp/znk-web/juminkanja/S2430/initialize?prefCd=15&kikanCd=DENGX00076&kikanKbn=3", "url2": null, "内容": "中之島歯科診療所【3:歯科】新潟県長岡市中之島２２５ー１" }, "geometry": { "type": "Point", "coordinates": [ 138.87985, 37.543529 ] } },
{ "type": "Feature", "properties": { "ID": "153DENGX00086", "正式名称": "石原歯科医院", "機関区分": 3, "都道府県コード": 15, "市区町村コード": 202, "所在地": "新潟県長岡市滝の下町８－４９", "緯度": 37.472403, "経度": 138.998233, "url": "https://www.iryou.teikyouseido.mhlw.go.jp/znk-web/juminkanja/S2430/initialize?prefCd=15&kikanCd=DENGX00086&kikanKbn=3", "url2": null, "内容": "石原歯科医院【3:歯科】新潟県長岡市滝の下町８－４９" }, "geometry": { "type": "Point", "coordinates": [ 138.998233, 37.472403 ] } },
{ "type": "Feature", "properties": { "ID": "153DENGX00089", "正式名称": "小坂井歯科医院", "機関区分": 3, "都道府県コード": 15, "市区町村コード": 202, "所在地": "新潟県長岡市与板町江西３丁目１番１２号", "緯度": 37.535037, "経度": 138.815856, "url": "https://www.iryou.teikyouseido.mhlw.go.jp/znk-web/juminkanja/S2430/initialize?prefCd=15&kikanCd=DENGX00089&kikanKbn=3", "url2": null, "内容": "小坂井歯科医院【3:歯科】新潟県長岡市与板町江西３丁目１番１２号" }, "geometry": { "type": "Point", "coordinates": [ 138.815856, 37.535037 ] } },
{ "type": "Feature", "properties": { "ID": "153DENGX00090", "正式名称": "丸山歯科医院", "機関区分": 3, "都道府県コード": 15, "市区町村コード": 202, "所在地": "新潟県長岡市与板町与板甲１", "緯度": 37.541459, "経度": 138.810972, "url": "https://www.iryou.teikyouseido.mhlw.go.jp/znk-web/juminkanja/S2430/initialize?prefCd=15&kikanCd=DENGX00090&kikanKbn=3", "url2": null, "内容": "丸山歯科医院【3:歯科】新潟県長岡市与板町与板甲１" }, "geometry": { "type": "Point", "coordinates": [ 138.810972, 37.541459 ] } },
{ "type": "Feature", "properties": { "ID": "153DENGX00097", "正式名称": "小見歯科医院", "機関区分": 3, "都道府県コード": 15, "市区町村コード": 202, "所在地": "新潟県長岡市東川口１９７９－６３", "緯度": 37.271846, "経度": 138.858, "url": "https://www.iryou.teikyouseido.mhlw.go.jp/znk-web/juminkanja/S2430/initialize?prefCd=15&kikanCd=DENGX00097&kikanKbn=3", "url2": null, "内容": "小見歯科医院【3:歯科】新潟県長岡市東川口１９７９－６３" }, "geometry": { "type": "Point", "coordinates": [ 138.858, 37.271846 ] } },
{ "type": "Feature", "properties": { "ID": "153DENGX00099", "正式名称": "大原歯科医院", "機関区分": 3, "都道府県コード": 15, "市区町村コード": 211, "所在地": "新潟県見附市坂井町１７０２", "緯度": 37.566998, "経度": 138.892994, "url": "https://www.iryou.teikyouseido.mhlw.go.jp/znk-web/juminkanja/S2430/initialize?prefCd=15&kikanCd=DENGX00099&kikanKbn=3", "url2": null, "内容": "大原歯科医院【3:歯科】新潟県見附市坂井町１７０２" }, "geometry": { "type": "Point", "coordinates": [ 138.892994, 37.566998 ] } },
{ "type": "Feature", "properties": { "ID": "153DENGX00100", "正式名称": "金子歯科医院", "機関区分": 3, "都道府県コード": 15, "市区町村コード": 211, "所在地": "新潟県見附市学校町２－１－５８", "緯度": 37.532932, "経度": 138.919825, "url": "https://www.iryou.teikyouseido.mhlw.go.jp/znk-web/juminkanja/S2430/initialize?prefCd=15&kikanCd=DENGX00100&kikanKbn=3", "url2": null, "内容": "金子歯科医院【3:歯科】新潟県見附市学校町２－１－５８" }, "geometry": { "type": "Point", "coordinates": [ 138.919825, 37.532932 ] } },
{ "type": "Feature", "properties": { "ID": "153DENGX00101", "正式名称": "金安歯科医院", "機関区分": 3, "都道府県コード": 15, "市区町村コード": 211, "所在地": "新潟県見附市今町５ー４０ー７", "緯度": 37.553429, "経度": 138.891173, "url": "https://www.iryou.teikyouseido.mhlw.go.jp/znk-web/juminkanja/S2430/initialize?prefCd=15&kikanCd=DENGX00101&kikanKbn=3", "url2": null, "内容": "金安歯科医院【3:歯科】新潟県見附市今町５ー４０ー７" }, "geometry": { "type": "Point", "coordinates": [ 138.891173, 37.553429 ] } },
{ "type": "Feature", "properties": { "ID": "153DENGX00103", "正式名称": "小坂井歯科クリニック", "機関区分": 3, "都道府県コード": 15, "市区町村コード": 211, "所在地": "新潟県見附市昭和町２－３－３", "緯度": 37.531376, "経度": 138.914395, "url": "https://www.iryou.teikyouseido.mhlw.go.jp/znk-web/juminkanja/S2430/initialize?prefCd=15&kikanCd=DENGX00103&kikanKbn=3", "url2": null, "内容": "小坂井歯科クリニック【3:歯科】新潟県見附市昭和町２－３－３" }, "geometry": { "type": "Point", "coordinates": [ 138.914395, 37.531376 ] } },
{ "type": "Feature", "properties": { "ID": "153DENGX00107", "正式名称": "関崎歯科医院", "機関区分": 3, "都道府県コード": 15, "市区町村コード": 211, "所在地": "新潟県見附市今町５丁目１７番１８号", "緯度": 37.55047, "経度": 138.890256, "url": "https://www.iryou.teikyouseido.mhlw.go.jp/znk-web/juminkanja/S2430/initialize?prefCd=15&kikanCd=DENGX00107&kikanKbn=3", "url2": null, "内容": "関崎歯科医院【3:歯科】新潟県見附市今町５丁目１７番１８号" }, "geometry": { "type": "Point", "coordinates": [ 138.890256, 37.55047 ] } },
{ "type": "Feature", "properties": { "ID": "153DENGX00108", "正式名称": "中央歯科水澤", "機関区分": 3, "都道府県コード": 15, "市区町村コード": 211, "所在地": "新潟県見附市学校町２－６－３６", "緯度": 37.532836, "経度": 138.915791, "url": "https://www.iryou.teikyouseido.mhlw.go.jp/znk-web/juminkanja/S2430/initialize?prefCd=15&kikanCd=DENGX00108&kikanKbn=3", "url2": null, "内容": "中央歯科水澤【3:歯科】新潟県見附市学校町２－６－３６" }, "geometry": { "type": "Point", "coordinates": [ 138.915791, 37.532836 ] } },
{ "type": "Feature", "properties": { "ID": "153DENGX00163", "正式名称": "長岡Ｉ＇Ｓ歯科", "機関区分": 3, "都道府県コード": 15, "市区町村コード": 202, "所在地": "新潟県長岡市城内町１ー６１１ー１長岡駅２階　ＣｏＣｏＬｏ長岡メディカルヘルシーモール", "緯度": 37.448749, "経度": 138.854217, "url": "https://www.iryou.teikyouseido.mhlw.go.jp/znk-web/juminkanja/S2430/initialize?prefCd=15&kikanCd=DENGX00163&kikanKbn=3", "url2": "https://www.nagaokad-c.com/", "内容": "長岡Ｉ＇Ｓ歯科【3:歯科】新潟県長岡市城内町１ー６１１ー１長岡駅２階　ＣｏＣｏＬｏ長岡メディカルヘルシーモール" }, "geometry": { "type": "Point", "coordinates": [ 138.854217, 37.448749 ] } },
{ "type": "Feature", "properties": { "ID": "153DENGX00166", "正式名称": "村上歯科医院", "機関区分": 3, "都道府県コード": 15, "市区町村コード": 211, "所在地": "新潟県見附市南本町２－１６－７", "緯度": 37.522055, "経度": 138.924391, "url": "https://www.iryou.teikyouseido.mhlw.go.jp/znk-web/juminkanja/S2430/initialize?prefCd=15&kikanCd=DENGX00166&kikanKbn=3", "url2": null, "内容": "村上歯科医院【3:歯科】新潟県見附市南本町２－１６－７" }, "geometry": { "type": "Point", "coordinates": [ 138.924391, 37.522055 ] } },
{ "type": "Feature", "properties": { "ID": "153DENT00007", "正式名称": "武田歯科クリニック", "機関区分": 3, "都道府県コード": 15, "市区町村コード": 218, "所在地": "新潟県五泉市木越１９９８－１", "緯度": 37.725035, "経度": 139.177107, "url": "https://www.iryou.teikyouseido.mhlw.go.jp/znk-web/juminkanja/S2430/initialize?prefCd=15&kikanCd=DENT00007&kikanKbn=3", "url2": null, "内容": "武田歯科クリニック【3:歯科】新潟県五泉市木越１９９８－１" }, "geometry": { "type": "Point", "coordinates": [ 139.177107, 37.725035 ] } },
{ "type": "Feature", "properties": { "ID": "153DENTX00001", "正式名称": "笹川歯科医院", "機関区分": 3, "都道府県コード": 15, "市区町村コード": 218, "所在地": "新潟県五泉市泉町", "緯度": 37.741797, "経度": 139.171698, "url": "https://www.iryou.teikyouseido.mhlw.go.jp/znk-web/juminkanja/S2430/initialize?prefCd=15&kikanCd=DENTX00001&kikanKbn=3", "url2": null, "内容": "笹川歯科医院【3:歯科】新潟県五泉市泉町" }, "geometry": { "type": "Point", "coordinates": [ 139.171698, 37.741797 ] } },
{ "type": "Feature", "properties": { "ID": "153DENTX00002", "正式名称": "浅井歯科医院", "機関区分": 3, "都道府県コード": 15, "市区町村コード": 218, "所在地": "新潟県五泉市駅前２－６－１２", "緯度": 37.735189, "経度": 139.181814, "url": "https://www.iryou.teikyouseido.mhlw.go.jp/znk-web/juminkanja/S2430/initialize?prefCd=15&kikanCd=DENTX00002&kikanKbn=3", "url2": "https://www.asai-dental-clinic.jp/", "内容": "浅井歯科医院【3:歯科】新潟県五泉市駅前２－６－１２" }, "geometry": { "type": "Point", "coordinates": [ 139.181814, 37.735189 ] } },
{ "type": "Feature", "properties": { "ID": "153DENTX00003", "正式名称": "長谷川歯科医院", "機関区分": 3, "都道府県コード": 15, "市区町村コード": 218, "所在地": "新潟県五泉市伊勢の川４－１３", "緯度": 37.747999, "経度": 139.174639, "url": "https://www.iryou.teikyouseido.mhlw.go.jp/znk-web/juminkanja/S2430/initialize?prefCd=15&kikanCd=DENTX00003&kikanKbn=3", "url2": null, "内容": "長谷川歯科医院【3:歯科】新潟県五泉市伊勢の川４－１３" }, "geometry": { "type": "Point", "coordinates": [ 139.174639, 37.747999 ] } },
{ "type": "Feature", "properties": { "ID": "153DENTX00005", "正式名称": "亀嶋歯科医院", "機関区分": 3, "都道府県コード": 15, "市区町村コード": 218, "所在地": "新潟県五泉市本町２丁目３－３０", "緯度": 37.740256, "経度": 139.17571, "url": "https://www.iryou.teikyouseido.mhlw.go.jp/znk-web/juminkanja/S2430/initialize?prefCd=15&kikanCd=DENTX00005&kikanKbn=3", "url2": "https://www.dental-iiha.com/d0020323.html", "内容": "亀嶋歯科医院【3:歯科】新潟県五泉市本町２丁目３－３０" }, "geometry": { "type": "Point", "coordinates": [ 139.17571, 37.740256 ] } },
{ "type": "Feature", "properties": { "ID": "153DENTX00006", "正式名称": "河辺歯科医院", "機関区分": 3, "都道府県コード": 15, "市区町村コード": 218, "所在地": "新潟県五泉市東本町２丁目８番４４号", "緯度": 37.740754, "経度": 139.182035, "url": "https://www.iryou.teikyouseido.mhlw.go.jp/znk-web/juminkanja/S2430/initialize?prefCd=15&kikanCd=DENTX00006&kikanKbn=3", "url2": null, "内容": "河辺歯科医院【3:歯科】新潟県五泉市東本町２丁目８番４４号" }, "geometry": { "type": "Point", "coordinates": [ 139.182035, 37.740754 ] } },
{ "type": "Feature", "properties": { "ID": "153DENTX00008", "正式名称": "はらだ歯科医院", "機関区分": 3, "都道府県コード": 15, "市区町村コード": 218, "所在地": "新潟県五泉市本町１−９−７", "緯度": 37.73974, "経度": 139.17615, "url": "https://www.iryou.teikyouseido.mhlw.go.jp/znk-web/juminkanja/S2430/initialize?prefCd=15&kikanCd=DENTX00008&kikanKbn=3", "url2": null, "内容": "はらだ歯科医院【3:歯科】新潟県五泉市本町１−９−７" }, "geometry": { "type": "Point", "coordinates": [ 139.17615, 37.73974 ] } },
{ "type": "Feature", "properties": { "ID": "153DENTX00009", "正式名称": "川上歯科", "機関区分": 3, "都道府県コード": 15, "市区町村コード": 218, "所在地": "新潟県五泉市論瀬５９７５－１４", "緯度": 37.746643, "経度": 139.203855, "url": "https://www.iryou.teikyouseido.mhlw.go.jp/znk-web/juminkanja/S2430/initialize?prefCd=15&kikanCd=DENTX00009&kikanKbn=3", "url2": null, "内容": "川上歯科【3:歯科】新潟県五泉市論瀬５９７５－１４" }, "geometry": { "type": "Point", "coordinates": [ 139.203855, 37.746643 ] } },
{ "type": "Feature", "properties": { "ID": "153DENTX00010", "正式名称": "小林歯科医院", "機関区分": 3, "都道府県コード": 15, "市区町村コード": 218, "所在地": "新潟県五泉市東本町２－５－４", "緯度": 37.741825, "経度": 139.182064, "url": "https://www.iryou.teikyouseido.mhlw.go.jp/znk-web/juminkanja/S2430/initialize?prefCd=15&kikanCd=DENTX00010&kikanKbn=3", "url2": null, "内容": "小林歯科医院【3:歯科】新潟県五泉市東本町２－５－４" }, "geometry": { "type": "Point", "coordinates": [ 139.182064, 37.741825 ] } },
{ "type": "Feature", "properties": { "ID": "153DENTX00012", "正式名称": "わたなべ歯科クリニック", "機関区分": 3, "都道府県コード": 15, "市区町村コード": 218, "所在地": "新潟県五泉市南本町２－３－１２", "緯度": 35.680959, "経度": 139.767306, "url": "https://www.iryou.teikyouseido.mhlw.go.jp/znk-web/juminkanja/S2430/initialize?prefCd=15&kikanCd=DENTX00012&kikanKbn=3", "url2": null, "内容": "わたなべ歯科クリニック【3:歯科】新潟県五泉市南本町２－３－１２" }, "geometry": { "type": "Point", "coordinates": [ 139.767306, 35.680959 ] } },
{ "type": "Feature", "properties": { "ID": "153DENTX00013", "正式名称": "佐藤歯科医院", "機関区分": 3, "都道府県コード": 15, "市区町村コード": 218, "所在地": "新潟県五泉市村松乙６３３", "緯度": 37.69364, "経度": 139.175, "url": "https://www.iryou.teikyouseido.mhlw.go.jp/znk-web/juminkanja/S2430/initialize?prefCd=15&kikanCd=DENTX00013&kikanKbn=3", "url2": null, "内容": "佐藤歯科医院【3:歯科】新潟県五泉市村松乙６３３" }, "geometry": { "type": "Point", "coordinates": [ 139.175, 37.69364 ] } },
{ "type": "Feature", "properties": { "ID": "153DENTX00015", "正式名称": "鈴木歯科医院", "機関区分": 3, "都道府県コード": 15, "市区町村コード": 218, "所在地": "新潟県五泉市村松甲２５８３－１", "緯度": 37.685207, "経度": 139.16573, "url": "https://www.iryou.teikyouseido.mhlw.go.jp/znk-web/juminkanja/S2430/initialize?prefCd=15&kikanCd=DENTX00015&kikanKbn=3", "url2": null, "内容": "鈴木歯科医院【3:歯科】新潟県五泉市村松甲２５８３－１" }, "geometry": { "type": "Point", "coordinates": [ 139.16573, 37.685207 ] } },
{ "type": "Feature", "properties": { "ID": "153DENTX00018", "正式名称": "医療法人社団　いいはま歯科クリニック", "機関区分": 3, "都道府県コード": 15, "市区町村コード": 218, "所在地": "新潟県五泉市村松甲２１９０－１", "緯度": 37.692428, "経度": 139.177997, "url": "https://www.iryou.teikyouseido.mhlw.go.jp/znk-web/juminkanja/S2430/initialize?prefCd=15&kikanCd=DENTX00018&kikanKbn=3", "url2": null, "内容": "医療法人社団　いいはま歯科クリニック【3:歯科】新潟県五泉市村松甲２１９０－１" }, "geometry": { "type": "Point", "coordinates": [ 139.177997, 37.692428 ] } },
{ "type": "Feature", "properties": { "ID": "153DENTX00019", "正式名称": "大歯科医院", "機関区分": 3, "都道府県コード": 15, "市区町村コード": 218, "所在地": "新潟県五泉市三本木３０３３番地", "緯度": 37.750974, "経度": 139.180084, "url": "https://www.iryou.teikyouseido.mhlw.go.jp/znk-web/juminkanja/S2430/initialize?prefCd=15&kikanCd=DENTX00019&kikanKbn=3", "url2": null, "内容": "大歯科医院【3:歯科】新潟県五泉市三本木３０３３番地" }, "geometry": { "type": "Point", "coordinates": [ 139.180084, 37.750974 ] } },
{ "type": "Feature", "properties": { "ID": "153DENTX00020", "正式名称": "加藤歯科医院", "機関区分": 3, "都道府県コード": 15, "市区町村コード": 218, "所在地": "新潟県五泉市旭町８ー３３", "緯度": 37.747207, "経度": 139.181342, "url": "https://www.iryou.teikyouseido.mhlw.go.jp/znk-web/juminkanja/S2430/initialize?prefCd=15&kikanCd=DENTX00020&kikanKbn=3", "url2": "5000Katosika.com", "内容": "加藤歯科医院【3:歯科】新潟県五泉市旭町８ー３３" }, "geometry": { "type": "Point", "coordinates": [ 139.181342, 37.747207 ] } },
{ "type": "Feature", "properties": { "ID": "153DENTX00021", "正式名称": "あこみ歯科クリニック", "機関区分": 3, "都道府県コード": 15, "市区町村コード": 218, "所在地": "新潟県五泉市赤海２丁目１５６－４", "緯度": 37.734719, "経度": 139.19, "url": "https://www.iryou.teikyouseido.mhlw.go.jp/znk-web/juminkanja/S2430/initialize?prefCd=15&kikanCd=DENTX00021&kikanKbn=3", "url2": null, "内容": "あこみ歯科クリニック【3:歯科】新潟県五泉市赤海２丁目１５６－４" }, "geometry": { "type": "Point", "coordinates": [ 139.19, 37.734719 ] } },
{ "type": "Feature", "properties": { "ID": "153DENTX00022", "正式名称": "鈴木歯科医院", "機関区分": 3, "都道府県コード": 15, "市区町村コード": 385, "所在地": "新潟県東蒲原郡阿賀町津川３５４０", "緯度": 37.682311, "経度": 139.455425, "url": "https://www.iryou.teikyouseido.mhlw.go.jp/znk-web/juminkanja/S2430/initialize?prefCd=15&kikanCd=DENTX00022&kikanKbn=3", "url2": null, "内容": "鈴木歯科医院【3:歯科】新潟県東蒲原郡阿賀町津川３５４０" }, "geometry": { "type": "Point", "coordinates": [ 139.455425, 37.682311 ] } },
{ "type": "Feature", "properties": { "ID": "153DENTX00023", "正式名称": "倉田歯科医院", "機関区分": 3, "都道府県コード": 15, "市区町村コード": 385, "所在地": "新潟県東蒲原郡阿賀町津川３５４８", "緯度": 37.682126, "経度": 139.455726, "url": "https://www.iryou.teikyouseido.mhlw.go.jp/znk-web/juminkanja/S2430/initialize?prefCd=15&kikanCd=DENTX00023&kikanKbn=3", "url2": null, "内容": "倉田歯科医院【3:歯科】新潟県東蒲原郡阿賀町津川３５４８" }, "geometry": { "type": "Point", "coordinates": [ 139.455726, 37.682126 ] } },
{ "type": "Feature", "properties": { "ID": "153DENTX00024", "正式名称": "岡村歯科医院", "機関区分": 3, "都道府県コード": 15, "市区町村コード": 385, "所在地": "新潟県東蒲原郡阿賀町津川３３５７－１", "緯度": 37.682339, "経度": 139.452656, "url": "https://www.iryou.teikyouseido.mhlw.go.jp/znk-web/juminkanja/S2430/initialize?prefCd=15&kikanCd=DENTX00024&kikanKbn=3", "url2": null, "内容": "岡村歯科医院【3:歯科】新潟県東蒲原郡阿賀町津川３３５７－１" }, "geometry": { "type": "Point", "coordinates": [ 139.452656, 37.682339 ] } },
{ "type": "Feature", "properties": { "ID": "153DENTX00025", "正式名称": "まつむらデンタルクリニック津川診療所", "機関区分": 3, "都道府県コード": 15, "市区町村コード": 385, "所在地": "新潟県東蒲原郡阿賀町津川６７４番地", "緯度": 37.673904, "経度": 139.462271, "url": "https://www.iryou.teikyouseido.mhlw.go.jp/znk-web/juminkanja/S2430/initialize?prefCd=15&kikanCd=DENTX00025&kikanKbn=3", "url2": "https://www.tokushinkai.or.jp/", "内容": "まつむらデンタルクリニック津川診療所【3:歯科】新潟県東蒲原郡阿賀町津川６７４番地" }, "geometry": { "type": "Point", "coordinates": [ 139.462271, 37.673904 ] } },
{ "type": "Feature", "properties": { "ID": "153DENTX00026", "正式名称": "小野里歯科医院", "機関区分": 3, "都道府県コード": 15, "市区町村コード": 385, "所在地": "新潟県東蒲原郡阿賀町津川５７６－１", "緯度": 37.676159, "経度": 139.459163, "url": "https://www.iryou.teikyouseido.mhlw.go.jp/znk-web/juminkanja/S2430/initialize?prefCd=15&kikanCd=DENTX00026&kikanKbn=3", "url2": null, "内容": "小野里歯科医院【3:歯科】新潟県東蒲原郡阿賀町津川５７６－１" }, "geometry": { "type": "Point", "coordinates": [ 139.459163, 37.676159 ] } },
{ "type": "Feature", "properties": { "ID": "153DENTX00027", "正式名称": "阿賀町鹿瀬歯科診療所", "機関区分": 3, "都道府県コード": 15, "市区町村コード": 385, "所在地": "新潟県東蒲原郡阿賀町向鹿瀬１１５４番町", "緯度": 37.697972, "経度": 139.483918, "url": "https://www.iryou.teikyouseido.mhlw.go.jp/znk-web/juminkanja/S2430/initialize?prefCd=15&kikanCd=DENTX00027&kikanKbn=3", "url2": null, "内容": "阿賀町鹿瀬歯科診療所【3:歯科】新潟県東蒲原郡阿賀町向鹿瀬１１５４番町" }, "geometry": { "type": "Point", "coordinates": [ 139.483918, 37.697972 ] } },
{ "type": "Feature", "properties": { "ID": "153DENTX00028", "正式名称": "三川インターデンタルクリニック", "機関区分": 3, "都道府県コード": 15, "市区町村コード": 385, "所在地": "新潟県東蒲原郡阿賀町あが野南４３２４－１４", "緯度": 37.710255, "経度": 139.367634, "url": "https://www.iryou.teikyouseido.mhlw.go.jp/znk-web/juminkanja/S2430/initialize?prefCd=15&kikanCd=DENTX00028&kikanKbn=3", "url2": null, "内容": "三川インターデンタルクリニック【3:歯科】新潟県東蒲原郡阿賀町あが野南４３２４－１４" }, "geometry": { "type": "Point", "coordinates": [ 139.367634, 37.710255 ] } },
{ "type": "Feature", "properties": { "ID": "153DENTX00029", "正式名称": "上川歯科診療所", "機関区分": 3, "都道府県コード": 15, "市区町村コード": 385, "所在地": "新潟県東蒲原郡阿賀町両郷甲２１５０", "緯度": 37.630601, "経度": 139.465522, "url": "https://www.iryou.teikyouseido.mhlw.go.jp/znk-web/juminkanja/S2430/initialize?prefCd=15&kikanCd=DENTX00029&kikanKbn=3", "url2": null, "内容": "上川歯科診療所【3:歯科】新潟県東蒲原郡阿賀町両郷甲２１５０" }, "geometry": { "type": "Point", "coordinates": [ 139.465522, 37.630601 ] } },
{ "type": "Feature", "properties": { "ID": "153DENTX00030", "正式名称": "金丸歯科医院", "機関区分": 3, "都道府県コード": 15, "市区町村コード": 218, "所在地": "新潟県五泉市駅前２丁目７番５２号", "緯度": 37.734546, "経度": 139.183525, "url": "https://www.iryou.teikyouseido.mhlw.go.jp/znk-web/juminkanja/S2430/initialize?prefCd=15&kikanCd=DENTX00030&kikanKbn=3", "url2": null, "内容": "金丸歯科医院【3:歯科】新潟県五泉市駅前２丁目７番５２号" }, "geometry": { "type": "Point", "coordinates": [ 139.183525, 37.734546 ] } },
{ "type": "Feature", "properties": { "ID": "153DESDX00001", "正式名称": "いしもと歯科", "機関区分": 3, "都道府県コード": 15, "市区町村コード": 224, "所在地": "新潟県佐渡市両津湊１７８", "緯度": 38.082238, "経度": 138.434921, "url": "https://www.iryou.teikyouseido.mhlw.go.jp/znk-web/juminkanja/S2430/initialize?prefCd=15&kikanCd=DESDX00001&kikanKbn=3", "url2": null, "内容": "いしもと歯科【3:歯科】新潟県佐渡市両津湊１７８" }, "geometry": { "type": "Point", "coordinates": [ 138.434921, 38.082238 ] } },
{ "type": "Feature", "properties": { "ID": "153DESDX00002", "正式名称": "ほんま歯科医院", "機関区分": 3, "都道府県コード": 15, "市区町村コード": 224, "所在地": "新潟県佐渡市両津湊２２６―３ほんま歯科医院", "緯度": 38.078572, "経度": 138.437206, "url": "https://www.iryou.teikyouseido.mhlw.go.jp/znk-web/juminkanja/S2430/initialize?prefCd=15&kikanCd=DESDX00002&kikanKbn=3", "url2": "https://www.honmasika.com/", "内容": "ほんま歯科医院【3:歯科】新潟県佐渡市両津湊２２６―３ほんま歯科医院" }, "geometry": { "type": "Point", "coordinates": [ 138.437206, 38.078572 ] } },
{ "type": "Feature", "properties": { "ID": "153DESDX00003", "正式名称": "嶋田歯科医院", "機関区分": 3, "都道府県コード": 15, "市区町村コード": 224, "所在地": "新潟県佐渡市両津夷１９７－１", "緯度": 38.084052, "経度": 138.433012, "url": "https://www.iryou.teikyouseido.mhlw.go.jp/znk-web/juminkanja/S2430/initialize?prefCd=15&kikanCd=DESDX00003&kikanKbn=3", "url2": null, "内容": "嶋田歯科医院【3:歯科】新潟県佐渡市両津夷１９７－１" }, "geometry": { "type": "Point", "coordinates": [ 138.433012, 38.084052 ] } },
{ "type": "Feature", "properties": { "ID": "153DESDX00004", "正式名称": "山中歯科医院", "機関区分": 3, "都道府県コード": 15, "市区町村コード": 224, "所在地": "新潟県佐渡市河原田本町２５９", "緯度": 38.000029, "経度": 138.321068, "url": "https://www.iryou.teikyouseido.mhlw.go.jp/znk-web/juminkanja/S2430/initialize?prefCd=15&kikanCd=DESDX00004&kikanKbn=3", "url2": null, "内容": "山中歯科医院【3:歯科】新潟県佐渡市河原田本町２５９" }, "geometry": { "type": "Point", "coordinates": [ 138.321068, 38.000029 ] } },
{ "type": "Feature", "properties": { "ID": "153DESDX00005", "正式名称": "山岡歯科医院", "機関区分": 3, "都道府県コード": 15, "市区町村コード": 224, "所在地": "新潟県佐渡市上長木３５８－２", "緯度": 38.005826, "経度": 138.333357, "url": "https://www.iryou.teikyouseido.mhlw.go.jp/znk-web/juminkanja/S2430/initialize?prefCd=15&kikanCd=DESDX00005&kikanKbn=3", "url2": null, "内容": "山岡歯科医院【3:歯科】新潟県佐渡市上長木３５８－２" }, "geometry": { "type": "Point", "coordinates": [ 138.333357, 38.005826 ] } },
{ "type": "Feature", "properties": { "ID": "153DESDX00006", "正式名称": "ミドリ歯科医院", "機関区分": 3, "都道府県コード": 15, "市区町村コード": 224, "所在地": "新潟県佐渡市河原田諏訪町８０－４新潟交通佐和田ビル２階", "緯度": 38.00409, "経度": 138.313806, "url": "https://www.iryou.teikyouseido.mhlw.go.jp/znk-web/juminkanja/S2430/initialize?prefCd=15&kikanCd=DESDX00006&kikanKbn=3", "url2": null, "内容": "ミドリ歯科医院【3:歯科】新潟県佐渡市河原田諏訪町８０－４新潟交通佐和田ビル２階" }, "geometry": { "type": "Point", "coordinates": [ 138.313806, 38.00409 ] } },
{ "type": "Feature", "properties": { "ID": "153DESDX00008", "正式名称": "本間歯科医院", "機関区分": 3, "都道府県コード": 15, "市区町村コード": 224, "所在地": "新潟県佐渡市河原田諏訪町１９６", "緯度": 38.001433, "経度": 138.317714, "url": "https://www.iryou.teikyouseido.mhlw.go.jp/znk-web/juminkanja/S2430/initialize?prefCd=15&kikanCd=DESDX00008&kikanKbn=3", "url2": null, "内容": "本間歯科医院【3:歯科】新潟県佐渡市河原田諏訪町１９６" }, "geometry": { "type": "Point", "coordinates": [ 138.317714, 38.001433 ] } },
{ "type": "Feature", "properties": { "ID": "153DESDX00009", "正式名称": "隅田歯科医院", "機関区分": 3, "都道府県コード": 15, "市区町村コード": 224, "所在地": "新潟県佐渡市泉甲６６１－１", "緯度": 38.011933, "経度": 138.344993, "url": "https://www.iryou.teikyouseido.mhlw.go.jp/znk-web/juminkanja/S2430/initialize?prefCd=15&kikanCd=DESDX00009&kikanKbn=3", "url2": null, "内容": "隅田歯科医院【3:歯科】新潟県佐渡市泉甲６６１－１" }, "geometry": { "type": "Point", "coordinates": [ 138.344993, 38.011933 ] } },
{ "type": "Feature", "properties": { "ID": "153DESDX00015", "正式名称": "本田歯科医院", "機関区分": 3, "都道府県コード": 15, "市区町村コード": 224, "所在地": "新潟県佐渡市真野新町４４４", "緯度": 37.962933, "経度": 138.344053, "url": "https://www.iryou.teikyouseido.mhlw.go.jp/znk-web/juminkanja/S2430/initialize?prefCd=15&kikanCd=DESDX00015&kikanKbn=3", "url2": null, "内容": "本田歯科医院【3:歯科】新潟県佐渡市真野新町４４４" }, "geometry": { "type": "Point", "coordinates": [ 138.344053, 37.962933 ] } },
{ "type": "Feature", "properties": { "ID": "153DESDX00016", "正式名称": "ふじい歯科", "機関区分": 3, "都道府県コード": 15, "市区町村コード": 224, "所在地": "新潟県佐渡市小木町２１２０−２", "緯度": 37.815958, "経度": 138.274263, "url": "https://www.iryou.teikyouseido.mhlw.go.jp/znk-web/juminkanja/S2430/initialize?prefCd=15&kikanCd=DESDX00016&kikanKbn=3", "url2": "https://fdc2000.eei.jp/", "内容": "ふじい歯科【3:歯科】新潟県佐渡市小木町２１２０−２" }, "geometry": { "type": "Point", "coordinates": [ 138.274263, 37.815958 ] } },
{ "type": "Feature", "properties": { "ID": "153DESDX00017", "正式名称": "田中歯科医院", "機関区分": 3, "都道府県コード": 15, "市区町村コード": 224, "所在地": "新潟県佐渡市両津湊２７９", "緯度": 38.07655, "経度": 138.439606, "url": "https://www.iryou.teikyouseido.mhlw.go.jp/znk-web/juminkanja/S2430/initialize?prefCd=15&kikanCd=DESDX00017&kikanKbn=3", "url2": "https://tanaka-dental.jimdofree.com/", "内容": "田中歯科医院【3:歯科】新潟県佐渡市両津湊２７９" }, "geometry": { "type": "Point", "coordinates": [ 138.439606, 38.07655 ] } },
{ "type": "Feature", "properties": { "ID": "153DESDX00018", "正式名称": "まもる歯科", "機関区分": 3, "都道府県コード": 15, "市区町村コード": 224, "所在地": "新潟県佐渡市相川羽田町５８", "緯度": 38.032884, "経度": 138.240932, "url": "https://www.iryou.teikyouseido.mhlw.go.jp/znk-web/juminkanja/S2430/initialize?prefCd=15&kikanCd=DESDX00018&kikanKbn=3", "url2": "https://www.mamorudental.com/", "内容": "まもる歯科【3:歯科】新潟県佐渡市相川羽田町５８" }, "geometry": { "type": "Point", "coordinates": [ 138.240932, 38.032884 ] } },
{ "type": "Feature", "properties": { "ID": "153DESDX00019", "正式名称": "酒井歯科医院", "機関区分": 3, "都道府県コード": 15, "市区町村コード": 224, "所在地": "新潟県佐渡市羽茂本郷４０６－１", "緯度": 37.843676, "経度": 138.313955, "url": "https://www.iryou.teikyouseido.mhlw.go.jp/znk-web/juminkanja/S2430/initialize?prefCd=15&kikanCd=DESDX00019&kikanKbn=3", "url2": "https://hakuai-kai.com", "内容": "酒井歯科医院【3:歯科】新潟県佐渡市羽茂本郷４０６－１" }, "geometry": { "type": "Point", "coordinates": [ 138.313955, 37.843676 ] } },
{ "type": "Feature", "properties": { "ID": "153DESDX00020", "正式名称": "小木歯科クリニック", "機関区分": 3, "都道府県コード": 15, "市区町村コード": 224, "所在地": "新潟県佐渡市小木町１９７４番地", "緯度": 37.818088, "経度": 138.28478, "url": "https://www.iryou.teikyouseido.mhlw.go.jp/znk-web/juminkanja/S2430/initialize?prefCd=15&kikanCd=DESDX00020&kikanKbn=3", "url2": null, "内容": "小木歯科クリニック【3:歯科】新潟県佐渡市小木町１９７４番地" }, "geometry": { "type": "Point", "coordinates": [ 138.28478, 37.818088 ] } },
{ "type": "Feature", "properties": { "ID": "153DESDX00021", "正式名称": "佐和田歯科クリニック", "機関区分": 3, "都道府県コード": 15, "市区町村コード": 224, "所在地": "新潟県佐渡市東大通１２８４番地", "緯度": 38.00258, "経度": 138.329041, "url": "https://www.iryou.teikyouseido.mhlw.go.jp/znk-web/juminkanja/S2430/initialize?prefCd=15&kikanCd=DESDX00021&kikanKbn=3", "url2": null, "内容": "佐和田歯科クリニック【3:歯科】新潟県佐渡市東大通１２８４番地" }, "geometry": { "type": "Point", "coordinates": [ 138.329041, 38.00258 ] } },
{ "type": "Feature", "properties": { "ID": "153DESHX00000", "正式名称": "医療法人社団遠藤歯科クリニック", "機関区分": 3, "都道府県コード": 15, "市区町村コード": 206, "所在地": "新潟県新発田市荒町甲１４５６－３", "緯度": 37.931676, "経度": 139.32122, "url": "https://www.iryou.teikyouseido.mhlw.go.jp/znk-web/juminkanja/S2430/initialize?prefCd=15&kikanCd=DESHX00000&kikanKbn=3", "url2": "https://endo-dc-niigata.com/", "内容": "医療法人社団遠藤歯科クリニック【3:歯科】新潟県新発田市荒町甲１４５６－３" }, "geometry": { "type": "Point", "coordinates": [ 139.32122, 37.931676 ] } },
{ "type": "Feature", "properties": { "ID": "153DESHX00001", "正式名称": "赤松歯科医院", "機関区分": 3, "都道府県コード": 15, "市区町村コード": 206, "所在地": "新潟県新発田市月岡温泉５９０", "緯度": 37.881032, "経度": 139.31042, "url": "https://www.iryou.teikyouseido.mhlw.go.jp/znk-web/juminkanja/S2430/initialize?prefCd=15&kikanCd=DESHX00001&kikanKbn=3", "url2": null, "内容": "赤松歯科医院【3:歯科】新潟県新発田市月岡温泉５９０" }, "geometry": { "type": "Point", "coordinates": [ 139.31042, 37.881032 ] } },
{ "type": "Feature", "properties": { "ID": "153DESHX00002", "正式名称": "阿部矯正歯科医院", "機関区分": 3, "都道府県コード": 15, "市区町村コード": 206, "所在地": "新潟県新発田市緑町２丁目１６−２３", "緯度": 37.960501, "経度": 139.33338, "url": "https://www.iryou.teikyouseido.mhlw.go.jp/znk-web/juminkanja/S2430/initialize?prefCd=15&kikanCd=DESHX00002&kikanKbn=3", "url2": null, "内容": "阿部矯正歯科医院【3:歯科】新潟県新発田市緑町２丁目１６−２３" }, "geometry": { "type": "Point", "coordinates": [ 139.33338, 37.960501 ] } },
{ "type": "Feature", "properties": { "ID": "153DESHX00003", "正式名称": "有田歯科医院", "機関区分": 3, "都道府県コード": 15, "市区町村コード": 206, "所在地": "新潟県新発田市大栄町３－３－１８", "緯度": 37.944029, "経度": 139.323704, "url": "https://www.iryou.teikyouseido.mhlw.go.jp/znk-web/juminkanja/S2430/initialize?prefCd=15&kikanCd=DESHX00003&kikanKbn=3", "url2": null, "内容": "有田歯科医院【3:歯科】新潟県新発田市大栄町３－３－１８" }, "geometry": { "type": "Point", "coordinates": [ 139.323704, 37.944029 ] } },
{ "type": "Feature", "properties": { "ID": "153DESHX00004", "正式名称": "飯島歯科医院", "機関区分": 3, "都道府県コード": 15, "市区町村コード": 206, "所在地": "新潟県新発田市下羽津２１１２－１", "緯度": 37.938691, "経度": 139.383304, "url": "https://www.iryou.teikyouseido.mhlw.go.jp/znk-web/juminkanja/S2430/initialize?prefCd=15&kikanCd=DESHX00004&kikanKbn=3", "url2": null, "内容": "飯島歯科医院【3:歯科】新潟県新発田市下羽津２１１２－１" }, "geometry": { "type": "Point", "coordinates": [ 139.383304, 37.938691 ] } },
{ "type": "Feature", "properties": { "ID": "153DESHX00006", "正式名称": "石井歯科クリニック", "機関区分": 3, "都道府県コード": 15, "市区町村コード": 206, "所在地": "新潟県新発田市豊町４丁目５番３号", "緯度": 37.940396, "経度": 139.341642, "url": "https://www.iryou.teikyouseido.mhlw.go.jp/znk-web/juminkanja/S2430/initialize?prefCd=15&kikanCd=DESHX00006&kikanKbn=3", "url2": null, "内容": "石井歯科クリニック【3:歯科】新潟県新発田市豊町４丁目５番３号" }, "geometry": { "type": "Point", "coordinates": [ 139.341642, 37.940396 ] } },
{ "type": "Feature", "properties": { "ID": "153DESHX00007", "正式名称": "石橋歯科医院", "機関区分": 3, "都道府県コード": 15, "市区町村コード": 206, "所在地": "新潟県新発田市三日市４７３－３いしばし歯科医院", "緯度": 37.966489, "経度": 139.3609, "url": "https://www.iryou.teikyouseido.mhlw.go.jp/znk-web/juminkanja/S2430/initialize?prefCd=15&kikanCd=DESHX00007&kikanKbn=3", "url2": null, "内容": "石橋歯科医院【3:歯科】新潟県新発田市三日市４７３－３いしばし歯科医院" }, "geometry": { "type": "Point", "coordinates": [ 139.3609, 37.966489 ] } },
{ "type": "Feature", "properties": { "ID": "153DESHX00009", "正式名称": "稲富歯科医院", "機関区分": 3, "都道府県コード": 15, "市区町村コード": 206, "所在地": "新潟県新発田市城北町３ー８ー２", "緯度": 37.963012, "経度": 139.318688, "url": "https://www.iryou.teikyouseido.mhlw.go.jp/znk-web/juminkanja/S2430/initialize?prefCd=15&kikanCd=DESHX00009&kikanKbn=3", "url2": "https://www.inatomi-dental.info/", "内容": "稲富歯科医院【3:歯科】新潟県新発田市城北町３ー８ー２" }, "geometry": { "type": "Point", "coordinates": [ 139.318688, 37.963012 ] } },
{ "type": "Feature", "properties": { "ID": "153DESHX00010", "正式名称": "うがむら歯科医院", "機関区分": 3, "都道府県コード": 15, "市区町村コード": 206, "所在地": "新潟県新発田市緑町１－１３－２１－３", "緯度": 37.961221, "経度": 139.330684, "url": "https://www.iryou.teikyouseido.mhlw.go.jp/znk-web/juminkanja/S2430/initialize?prefCd=15&kikanCd=DESHX00010&kikanKbn=3", "url2": null, "内容": "うがむら歯科医院【3:歯科】新潟県新発田市緑町１－１３－２１－３" }, "geometry": { "type": "Point", "coordinates": [ 139.330684, 37.961221 ] } },
{ "type": "Feature", "properties": { "ID": "153DESHX00012", "正式名称": "大平歯科医院", "機関区分": 3, "都道府県コード": 15, "市区町村コード": 206, "所在地": "新潟県新発田市御幸町２－４－６", "緯度": 37.947848, "経度": 139.318549, "url": "https://www.iryou.teikyouseido.mhlw.go.jp/znk-web/juminkanja/S2430/initialize?prefCd=15&kikanCd=DESHX00012&kikanKbn=3", "url2": null, "内容": "大平歯科医院【3:歯科】新潟県新発田市御幸町２－４－６" }, "geometry": { "type": "Point", "coordinates": [ 139.318549, 37.947848 ] } },
{ "type": "Feature", "properties": { "ID": "153DESHX00013", "正式名称": "おぐま歯科医院", "機関区分": 3, "都道府県コード": 15, "市区町村コード": 206, "所在地": "新潟県新発田市本町２－８－１７", "緯度": 37.950255, "経度": 139.332521, "url": "https://www.iryou.teikyouseido.mhlw.go.jp/znk-web/juminkanja/S2430/initialize?prefCd=15&kikanCd=DESHX00013&kikanKbn=3", "url2": "https://ogumadental.com", "内容": "おぐま歯科医院【3:歯科】新潟県新発田市本町２－８－１７" }, "geometry": { "type": "Point", "coordinates": [ 139.332521, 37.950255 ] } },
{ "type": "Feature", "properties": { "ID": "153DESHX00014", "正式名称": "片桐歯科医院", "機関区分": 3, "都道府県コード": 15, "市区町村コード": 206, "所在地": "新潟県新発田市中曽根町３－１３－４", "緯度": 37.962023, "経度": 139.309644, "url": "https://www.iryou.teikyouseido.mhlw.go.jp/znk-web/juminkanja/S2430/initialize?prefCd=15&kikanCd=DESHX00014&kikanKbn=3", "url2": null, "内容": "片桐歯科医院【3:歯科】新潟県新発田市中曽根町３－１３－４" }, "geometry": { "type": "Point", "coordinates": [ 139.309644, 37.962023 ] } },
{ "type": "Feature", "properties": { "ID": "153DESHX00015", "正式名称": "片山歯科医院", "機関区分": 3, "都道府県コード": 15, "市区町村コード": 206, "所在地": "新潟県新発田市豊町２丁目１番地２０号", "緯度": 37.942405, "経度": 139.334646, "url": "https://www.iryou.teikyouseido.mhlw.go.jp/znk-web/juminkanja/S2430/initialize?prefCd=15&kikanCd=DESHX00015&kikanKbn=3", "url2": null, "内容": "片山歯科医院【3:歯科】新潟県新発田市豊町２丁目１番地２０号" }, "geometry": { "type": "Point", "coordinates": [ 139.334646, 37.942405 ] } },
{ "type": "Feature", "properties": { "ID": "153DESHX00016", "正式名称": "河内歯科医院", "機関区分": 3, "都道府県コード": 15, "市区町村コード": 206, "所在地": "新潟県新発田市稲荷岡２０６８", "緯度": 38.016694, "経度": 139.324461, "url": "https://www.iryou.teikyouseido.mhlw.go.jp/znk-web/juminkanja/S2430/initialize?prefCd=15&kikanCd=DESHX00016&kikanKbn=3", "url2": null, "内容": "河内歯科医院【3:歯科】新潟県新発田市稲荷岡２０６８" }, "geometry": { "type": "Point", "coordinates": [ 139.324461, 38.016694 ] } },
{ "type": "Feature", "properties": { "ID": "153DESHX00017", "正式名称": "北村歯科医院", "機関区分": 3, "都道府県コード": 15, "市区町村コード": 206, "所在地": "新潟県新発田市下飯塚８２", "緯度": 37.913446, "経度": 139.301614, "url": "https://www.iryou.teikyouseido.mhlw.go.jp/znk-web/juminkanja/S2430/initialize?prefCd=15&kikanCd=DESHX00017&kikanKbn=3", "url2": null, "内容": "北村歯科医院【3:歯科】新潟県新発田市下飯塚８２" }, "geometry": { "type": "Point", "coordinates": [ 139.301614, 37.913446 ] } },
{ "type": "Feature", "properties": { "ID": "153DESHX00018", "正式名称": "木戸歯科医院", "機関区分": 3, "都道府県コード": 15, "市区町村コード": 206, "所在地": "新潟県新発田市舟入町２－５－４", "緯度": 37.95658, "経度": 139.308981, "url": "https://www.iryou.teikyouseido.mhlw.go.jp/znk-web/juminkanja/S2430/initialize?prefCd=15&kikanCd=DESHX00018&kikanKbn=3", "url2": null, "内容": "木戸歯科医院【3:歯科】新潟県新発田市舟入町２－５－４" }, "geometry": { "type": "Point", "coordinates": [ 139.308981, 37.95658 ] } },
{ "type": "Feature", "properties": { "ID": "153DESHX00019", "正式名称": "キフネ歯科医院", "機関区分": 3, "都道府県コード": 15, "市区町村コード": 206, "所在地": "新潟県新発田市住吉町３－３－３０", "緯度": 37.950815, "経度": 139.308453, "url": "https://www.iryou.teikyouseido.mhlw.go.jp/znk-web/juminkanja/S2430/initialize?prefCd=15&kikanCd=DESHX00019&kikanKbn=3", "url2": "https://www.kifune-dental.com/", "内容": "キフネ歯科医院【3:歯科】新潟県新発田市住吉町３－３－３０" }, "geometry": { "type": "Point", "coordinates": [ 139.308453, 37.950815 ] } },
{ "type": "Feature", "properties": { "ID": "153DESHX00020", "正式名称": "貴船歯科クリニック", "機関区分": 3, "都道府県コード": 15, "市区町村コード": 206, "所在地": "新潟県新発田市大手町５－２－１２", "緯度": 37.954784, "経度": 139.327513, "url": "https://www.iryou.teikyouseido.mhlw.go.jp/znk-web/juminkanja/S2430/initialize?prefCd=15&kikanCd=DESHX00020&kikanKbn=3", "url2": null, "内容": "貴船歯科クリニック【3:歯科】新潟県新発田市大手町５－２－１２" }, "geometry": { "type": "Point", "coordinates": [ 139.327513, 37.954784 ] } },
{ "type": "Feature", "properties": { "ID": "153DESHX00021", "正式名称": "休日救急歯科診療所", "機関区分": 3, "都道府県コード": 15, "市区町村コード": 206, "所在地": "新潟県新発田市本町１丁目１６番１４号", "緯度": 37.945918, "経度": 139.336502, "url": "https://www.iryou.teikyouseido.mhlw.go.jp/znk-web/juminkanja/S2430/initialize?prefCd=15&kikanCd=DESHX00021&kikanKbn=3", "url2": "http://www.kenkokaihatu.or.jp/", "内容": "休日救急歯科診療所【3:歯科】新潟県新発田市本町１丁目１６番１４号" }, "geometry": { "type": "Point", "coordinates": [ 139.336502, 37.945918 ] } },
{ "type": "Feature", "properties": { "ID": "153DESHX00022", "正式名称": "くまくら歯科医院", "機関区分": 3, "都道府県コード": 15, "市区町村コード": 206, "所在地": "新潟県新発田市大栄町２－２－２０", "緯度": 37.944311, "経度": 139.325879, "url": "https://www.iryou.teikyouseido.mhlw.go.jp/znk-web/juminkanja/S2430/initialize?prefCd=15&kikanCd=DESHX00022&kikanKbn=3", "url2": null, "内容": "くまくら歯科医院【3:歯科】新潟県新発田市大栄町２－２－２０" }, "geometry": { "type": "Point", "coordinates": [ 139.325879, 37.944311 ] } },
{ "type": "Feature", "properties": { "ID": "153DESHX00024", "正式名称": "小宮歯科医院", "機関区分": 3, "都道府県コード": 15, "市区町村コード": 206, "所在地": "新潟県新発田市住吉町４丁目２番２０号", "緯度": 37.946566, "経度": 139.312542, "url": "https://www.iryou.teikyouseido.mhlw.go.jp/znk-web/juminkanja/S2430/initialize?prefCd=15&kikanCd=DESHX00024&kikanKbn=3", "url2": null, "内容": "小宮歯科医院【3:歯科】新潟県新発田市住吉町４丁目２番２０号" }, "geometry": { "type": "Point", "coordinates": [ 139.312542, 37.946566 ] } },
{ "type": "Feature", "properties": { "ID": "153DESHX00025", "正式名称": "斎藤歯科医院", "機関区分": 3, "都道府県コード": 15, "市区町村コード": 206, "所在地": "新潟県新発田市稲荷岡２４００番地５", "緯度": 38.012953, "経度": 139.320677, "url": "https://www.iryou.teikyouseido.mhlw.go.jp/znk-web/juminkanja/S2430/initialize?prefCd=15&kikanCd=DESHX00025&kikanKbn=3", "url2": null, "内容": "斎藤歯科医院【3:歯科】新潟県新発田市稲荷岡２４００番地５" }, "geometry": { "type": "Point", "coordinates": [ 139.320677, 38.012953 ] } },
{ "type": "Feature", "properties": { "ID": "153DESHX00026", "正式名称": "齋藤デンタルクリニック", "機関区分": 3, "都道府県コード": 15, "市区町村コード": 206, "所在地": "新潟県新発田市東新町４－８－１８－７", "緯度": 37.947248, "経度": 139.348085, "url": "https://www.iryou.teikyouseido.mhlw.go.jp/znk-web/juminkanja/S2430/initialize?prefCd=15&kikanCd=DESHX00026&kikanKbn=3", "url2": null, "内容": "齋藤デンタルクリニック【3:歯科】新潟県新発田市東新町４－８－１８－７" }, "geometry": { "type": "Point", "coordinates": [ 139.348085, 37.947248 ] } },
{ "type": "Feature", "properties": { "ID": "153DESHX00027", "正式名称": "佐藤歯科医院", "機関区分": 3, "都道府県コード": 15, "市区町村コード": 206, "所在地": "新潟県新発田市下小中山１０２４－１５０", "緯度": 38.019367, "経度": 139.381754, "url": "https://www.iryou.teikyouseido.mhlw.go.jp/znk-web/juminkanja/S2430/initialize?prefCd=15&kikanCd=DESHX00027&kikanKbn=3", "url2": null, "内容": "佐藤歯科医院【3:歯科】新潟県新発田市下小中山１０２４－１５０" }, "geometry": { "type": "Point", "coordinates": [ 139.381754, 38.019367 ] } },
{ "type": "Feature", "properties": { "ID": "153DESHX00028", "正式名称": "佐藤歯科医院", "機関区分": 3, "都道府県コード": 15, "市区町村コード": 206, "所在地": "新潟県新発田市大手町２丁目５番２号", "緯度": 37.950944, "経度": 139.321794, "url": "https://www.iryou.teikyouseido.mhlw.go.jp/znk-web/juminkanja/S2430/initialize?prefCd=15&kikanCd=DESHX00028&kikanKbn=3", "url2": "https://www.dental-iiha.com/d0026880.html", "内容": "佐藤歯科医院【3:歯科】新潟県新発田市大手町２丁目５番２号" }, "geometry": { "type": "Point", "coordinates": [ 139.321794, 37.950944 ] } },
{ "type": "Feature", "properties": { "ID": "153DESHX00029", "正式名称": "歯科小林クリニック", "機関区分": 3, "都道府県コード": 15, "市区町村コード": 206, "所在地": "新潟県新発田市小舟町２－１－２１", "緯度": 37.968184, "経度": 139.327908, "url": "https://www.iryou.teikyouseido.mhlw.go.jp/znk-web/juminkanja/S2430/initialize?prefCd=15&kikanCd=DESHX00029&kikanKbn=3", "url2": null, "内容": "歯科小林クリニック【3:歯科】新潟県新発田市小舟町２－１－２１" }, "geometry": { "type": "Point", "coordinates": [ 139.327908, 37.968184 ] } },
{ "type": "Feature", "properties": { "ID": "153DESHX00030", "正式名称": "白勢歯科医院", "機関区分": 3, "都道府県コード": 15, "市区町村コード": 206, "所在地": "新潟県新発田市諏訪町１－４－９", "緯度": 37.943209, "経度": 139.331785, "url": "https://www.iryou.teikyouseido.mhlw.go.jp/znk-web/juminkanja/S2430/initialize?prefCd=15&kikanCd=DESHX00030&kikanKbn=3", "url2": null, "内容": "白勢歯科医院【3:歯科】新潟県新発田市諏訪町１－４－９" }, "geometry": { "type": "Point", "coordinates": [ 139.331785, 37.943209 ] } },
{ "type": "Feature", "properties": { "ID": "153DESHX00031", "正式名称": "スズキ歯科医院", "機関区分": 3, "都道府県コード": 15, "市区町村コード": 206, "所在地": "新潟県新発田市緑町２ー４ー１２", "緯度": 37.959614, "経度": 139.337897, "url": "https://www.iryou.teikyouseido.mhlw.go.jp/znk-web/juminkanja/S2430/initialize?prefCd=15&kikanCd=DESHX00031&kikanKbn=3", "url2": null, "内容": "スズキ歯科医院【3:歯科】新潟県新発田市緑町２ー４ー１２" }, "geometry": { "type": "Point", "coordinates": [ 139.337897, 37.959614 ] } },
{ "type": "Feature", "properties": { "ID": "153DESHX00032", "正式名称": "鈴木歯科医院", "機関区分": 3, "都道府県コード": 15, "市区町村コード": 206, "所在地": "新潟県新発田市中央町４ー１１－１５", "緯度": 37.95246, "経度": 139.327632, "url": "https://www.iryou.teikyouseido.mhlw.go.jp/znk-web/juminkanja/S2430/initialize?prefCd=15&kikanCd=DESHX00032&kikanKbn=3", "url2": "suzuki-dchp.com", "内容": "鈴木歯科医院【3:歯科】新潟県新発田市中央町４ー１１－１５" }, "geometry": { "type": "Point", "coordinates": [ 139.327632, 37.95246 ] } },
{ "type": "Feature", "properties": { "ID": "153DESHX00033", "正式名称": "田上歯科医院", "機関区分": 3, "都道府県コード": 15, "市区町村コード": 206, "所在地": "新潟県新発田市五十公野５０８３－３", "緯度": 37.924442, "経度": 139.354406, "url": "https://www.iryou.teikyouseido.mhlw.go.jp/znk-web/juminkanja/S2430/initialize?prefCd=15&kikanCd=DESHX00033&kikanKbn=3", "url2": null, "内容": "田上歯科医院【3:歯科】新潟県新発田市五十公野５０８３－３" }, "geometry": { "type": "Point", "coordinates": [ 139.354406, 37.924442 ] } },
{ "type": "Feature", "properties": { "ID": "153DESHX00034", "正式名称": "田崎歯科医院", "機関区分": 3, "都道府県コード": 15, "市区町村コード": 206, "所在地": "新潟県新発田市上館甲７０１", "緯度": 37.970649, "経度": 139.363324, "url": "https://www.iryou.teikyouseido.mhlw.go.jp/znk-web/juminkanja/S2430/initialize?prefCd=15&kikanCd=DESHX00034&kikanKbn=3", "url2": null, "内容": "田崎歯科医院【3:歯科】新潟県新発田市上館甲７０１" }, "geometry": { "type": "Point", "coordinates": [ 139.363324, 37.970649 ] } },
{ "type": "Feature", "properties": { "ID": "153DESHX00035", "正式名称": "豊島歯科医院", "機関区分": 3, "都道府県コード": 15, "市区町村コード": 206, "所在地": "新潟県新発田市中央町１－１－２", "緯度": 37.947204, "経度": 139.330396, "url": "https://www.iryou.teikyouseido.mhlw.go.jp/znk-web/juminkanja/S2430/initialize?prefCd=15&kikanCd=DESHX00035&kikanKbn=3", "url2": "https://www.toyoshima-dental.com/", "内容": "豊島歯科医院【3:歯科】新潟県新発田市中央町１－１－２" }, "geometry": { "type": "Point", "coordinates": [ 139.330396, 37.947204 ] } },
{ "type": "Feature", "properties": { "ID": "153DESHX00036", "正式名称": "長島歯科医院", "機関区分": 3, "都道府県コード": 15, "市区町村コード": 206, "所在地": "新潟県新発田市中央町１丁目３番６号", "緯度": 37.947688, "経度": 139.328863, "url": "https://www.iryou.teikyouseido.mhlw.go.jp/znk-web/juminkanja/S2430/initialize?prefCd=15&kikanCd=DESHX00036&kikanKbn=3", "url2": null, "内容": "長島歯科医院【3:歯科】新潟県新発田市中央町１丁目３番６号" }, "geometry": { "type": "Point", "coordinates": [ 139.328863, 37.947688 ] } },
{ "type": "Feature", "properties": { "ID": "153DESHX00037", "正式名称": "西方歯科医院", "機関区分": 3, "都道府県コード": 15, "市区町村コード": 206, "所在地": "新潟県新発田市大手町２－９－１０", "緯度": 37.951294, "経度": 139.319333, "url": "https://www.iryou.teikyouseido.mhlw.go.jp/znk-web/juminkanja/S2430/initialize?prefCd=15&kikanCd=DESHX00037&kikanKbn=3", "url2": null, "内容": "西方歯科医院【3:歯科】新潟県新発田市大手町２－９－１０" }, "geometry": { "type": "Point", "coordinates": [ 139.319333, 37.951294 ] } },
{ "type": "Feature", "properties": { "ID": "153DESHX00038", "正式名称": "西方歯科診療所", "機関区分": 3, "都道府県コード": 15, "市区町村コード": 206, "所在地": "新潟県新発田市大栄町３－１－１６", "緯度": 37.943205, "経度": 139.32564, "url": "https://www.iryou.teikyouseido.mhlw.go.jp/znk-web/juminkanja/S2430/initialize?prefCd=15&kikanCd=DESHX00038&kikanKbn=3", "url2": "https://www.236480.com/", "内容": "西方歯科診療所【3:歯科】新潟県新発田市大栄町３－１－１６" }, "geometry": { "type": "Point", "coordinates": [ 139.32564, 37.943205 ] } },
{ "type": "Feature", "properties": { "ID": "153DESHX00039", "正式名称": "布村歯科医院", "機関区分": 3, "都道府県コード": 15, "市区町村コード": 206, "所在地": "新潟県新発田市大栄町６－６－２１", "緯度": 37.939429, "経度": 139.324526, "url": "https://www.iryou.teikyouseido.mhlw.go.jp/znk-web/juminkanja/S2430/initialize?prefCd=15&kikanCd=DESHX00039&kikanKbn=3", "url2": null, "内容": "布村歯科医院【3:歯科】新潟県新発田市大栄町６－６－２１" }, "geometry": { "type": "Point", "coordinates": [ 139.324526, 37.939429 ] } },
{ "type": "Feature", "properties": { "ID": "153DESHX00040", "正式名称": "野田歯科医院", "機関区分": 3, "都道府県コード": 15, "市区町村コード": 206, "所在地": "新潟県新発田市佐々木１６４", "緯度": 37.952569, "経度": 139.26345, "url": "https://www.iryou.teikyouseido.mhlw.go.jp/znk-web/juminkanja/S2430/initialize?prefCd=15&kikanCd=DESHX00040&kikanKbn=3", "url2": null, "内容": "野田歯科医院【3:歯科】新潟県新発田市佐々木１６４" }, "geometry": { "type": "Point", "coordinates": [ 139.26345, 37.952569 ] } },
{ "type": "Feature", "properties": { "ID": "153DESHX00041", "正式名称": "ハート歯科クリニック", "機関区分": 3, "都道府県コード": 15, "市区町村コード": 206, "所在地": "新潟県新発田市中曽根町１－３－１０", "緯度": 37.960063, "経度": 139.317315, "url": "https://www.iryou.teikyouseido.mhlw.go.jp/znk-web/juminkanja/S2430/initialize?prefCd=15&kikanCd=DESHX00041&kikanKbn=3", "url2": "https://heart-dtc.jp/", "内容": "ハート歯科クリニック【3:歯科】新潟県新発田市中曽根町１－３－１０" }, "geometry": { "type": "Point", "coordinates": [ 139.317315, 37.960063 ] } },
{ "type": "Feature", "properties": { "ID": "153DESHX00042", "正式名称": "ＨＡＲＡＤＡ　ＤＥＮＴＡＬ　ＣＬＩＮＩＣ", "機関区分": 3, "都道府県コード": 15, "市区町村コード": 206, "所在地": "新潟県新発田市豊町２丁目６番２７号", "緯度": 37.940292, "経度": 139.33846, "url": "https://www.iryou.teikyouseido.mhlw.go.jp/znk-web/juminkanja/S2430/initialize?prefCd=15&kikanCd=DESHX00042&kikanKbn=3", "url2": null, "内容": "ＨＡＲＡＤＡ　ＤＥＮＴＡＬ　ＣＬＩＮＩＣ【3:歯科】新潟県新発田市豊町２丁目６番２７号" }, "geometry": { "type": "Point", "coordinates": [ 139.33846, 37.940292 ] } },
{ "type": "Feature", "properties": { "ID": "153DESHX00043", "正式名称": "星野歯科医院", "機関区分": 3, "都道府県コード": 15, "市区町村コード": 206, "所在地": "新潟県新発田市住吉町４丁目１９番２号", "緯度": 37.941603, "経度": 139.311589, "url": "https://www.iryou.teikyouseido.mhlw.go.jp/znk-web/juminkanja/S2430/initialize?prefCd=15&kikanCd=DESHX00043&kikanKbn=3", "url2": null, "内容": "星野歯科医院【3:歯科】新潟県新発田市住吉町４丁目１９番２号" }, "geometry": { "type": "Point", "coordinates": [ 139.311589, 37.941603 ] } },
{ "type": "Feature", "properties": { "ID": "153DESHX00044", "正式名称": "まるやま歯科医院", "機関区分": 3, "都道府県コード": 15, "市区町村コード": 206, "所在地": "新潟県新発田市富塚町１−２４−１５", "緯度": 37.944568, "経度": 139.303525, "url": "https://www.iryou.teikyouseido.mhlw.go.jp/znk-web/juminkanja/S2430/initialize?prefCd=15&kikanCd=DESHX00044&kikanKbn=3", "url2": "https://dental-maruyama.com/", "内容": "まるやま歯科医院【3:歯科】新潟県新発田市富塚町１−２４−１５" }, "geometry": { "type": "Point", "coordinates": [ 139.303525, 37.944568 ] } },
{ "type": "Feature", "properties": { "ID": "153DESHX00045", "正式名称": "医療法人社団Ｍ・Ｄ・Ｃ　村山良雄", "機関区分": 3, "都道府県コード": 15, "市区町村コード": 206, "所在地": "新潟県新発田市大栄町７－１－８", "緯度": 37.946258, "経度": 139.327328, "url": "https://www.iryou.teikyouseido.mhlw.go.jp/znk-web/juminkanja/S2430/initialize?prefCd=15&kikanCd=DESHX00045&kikanKbn=3", "url2": null, "内容": "医療法人社団Ｍ・Ｄ・Ｃ　村山良雄【3:歯科】新潟県新発田市大栄町７－１－８" }, "geometry": { "type": "Point", "coordinates": [ 139.327328, 37.946258 ] } },
{ "type": "Feature", "properties": { "ID": "153DESHX00046", "正式名称": "メディケア歯科クリニック", "機関区分": 3, "都道府県コード": 15, "市区町村コード": 206, "所在地": "新潟県新発田市住吉町５－１１－５イオンモール新発田１階", "緯度": 37.942667, "経度": 139.309379, "url": "https://www.iryou.teikyouseido.mhlw.go.jp/znk-web/juminkanja/S2430/initialize?prefCd=15&kikanCd=DESHX00046&kikanKbn=3", "url2": null, "内容": "メディケア歯科クリニック【3:歯科】新潟県新発田市住吉町５－１１－５イオンモール新発田１階" }, "geometry": { "type": "Point", "coordinates": [ 139.309379, 37.942667 ] } },
{ "type": "Feature", "properties": { "ID": "153DESHX00047", "正式名称": "柳川歯科医院", "機関区分": 3, "都道府県コード": 15, "市区町村コード": 206, "所在地": "新潟県新発田市新富町１－５－１０", "緯度": 37.955435, "経度": 139.340424, "url": "https://www.iryou.teikyouseido.mhlw.go.jp/znk-web/juminkanja/S2430/initialize?prefCd=15&kikanCd=DESHX00047&kikanKbn=3", "url2": "http://yanagawa-dental.jp/", "内容": "柳川歯科医院【3:歯科】新潟県新発田市新富町１－５－１０" }, "geometry": { "type": "Point", "coordinates": [ 139.340424, 37.955435 ] } },
{ "type": "Feature", "properties": { "ID": "153DESHX00048", "正式名称": "山崎歯科医院", "機関区分": 3, "都道府県コード": 15, "市区町村コード": 206, "所在地": "新潟県新発田市大手町２－２－２", "緯度": 37.951603, "経度": 139.322556, "url": "https://www.iryou.teikyouseido.mhlw.go.jp/znk-web/juminkanja/S2430/initialize?prefCd=15&kikanCd=DESHX00048&kikanKbn=3", "url2": "https://www.yamazakidental-clinic.com/", "内容": "山崎歯科医院【3:歯科】新潟県新発田市大手町２－２－２" }, "geometry": { "type": "Point", "coordinates": [ 139.322556, 37.951603 ] } },
{ "type": "Feature", "properties": { "ID": "153DESHX00049", "正式名称": "山田歯科医院", "機関区分": 3, "都道府県コード": 15, "市区町村コード": 206, "所在地": "新潟県新発田市中央町１丁目６番１９号", "緯度": 37.949774, "経度": 139.328604, "url": "https://www.iryou.teikyouseido.mhlw.go.jp/znk-web/juminkanja/S2430/initialize?prefCd=15&kikanCd=DESHX00049&kikanKbn=3", "url2": null, "内容": "山田歯科医院【3:歯科】新潟県新発田市中央町１丁目６番１９号" }, "geometry": { "type": "Point", "coordinates": [ 139.328604, 37.949774 ] } },
{ "type": "Feature", "properties": { "ID": "153DESHX00050", "正式名称": "山城歯科医院", "機関区分": 3, "都道府県コード": 15, "市区町村コード": 206, "所在地": "新潟県新発田市西園町３－１－３３", "緯度": 37.954765, "経度": 139.320426, "url": "https://www.iryou.teikyouseido.mhlw.go.jp/znk-web/juminkanja/S2430/initialize?prefCd=15&kikanCd=DESHX00050&kikanKbn=3", "url2": "http://www.ydclinic.jp/", "内容": "山城歯科医院【3:歯科】新潟県新発田市西園町３－１－３３" }, "geometry": { "type": "Point", "coordinates": [ 139.320426, 37.954765 ] } },
{ "type": "Feature", "properties": { "ID": "153DESHX00051", "正式名称": "アイザワ歯科医院", "機関区分": 3, "都道府県コード": 15, "市区町村コード": 223, "所在地": "新潟県阿賀野市北本町４－５", "緯度": 37.840904, "経度": 139.227314, "url": "https://www.iryou.teikyouseido.mhlw.go.jp/znk-web/juminkanja/S2430/initialize?prefCd=15&kikanCd=DESHX00051&kikanKbn=3", "url2": null, "内容": "アイザワ歯科医院【3:歯科】新潟県阿賀野市北本町４－５" }, "geometry": { "type": "Point", "coordinates": [ 139.227314, 37.840904 ] } },
{ "type": "Feature", "properties": { "ID": "153DESHX00052", "正式名称": "阿部歯科医院", "機関区分": 3, "都道府県コード": 15, "市区町村コード": 223, "所在地": "新潟県阿賀野市外城町１７－３２", "緯度": 37.836418, "経度": 139.234561, "url": "https://www.iryou.teikyouseido.mhlw.go.jp/znk-web/juminkanja/S2430/initialize?prefCd=15&kikanCd=DESHX00052&kikanKbn=3", "url2": null, "内容": "阿部歯科医院【3:歯科】新潟県阿賀野市外城町１７－３２" }, "geometry": { "type": "Point", "coordinates": [ 139.234561, 37.836418 ] } },
{ "type": "Feature", "properties": { "ID": "153DESHX00053", "正式名称": "猪股歯科医院", "機関区分": 3, "都道府県コード": 15, "市区町村コード": 223, "所在地": "新潟県阿賀野市岡山町１３－３７", "緯度": 37.833381, "経度": 139.222999, "url": "https://www.iryou.teikyouseido.mhlw.go.jp/znk-web/juminkanja/S2430/initialize?prefCd=15&kikanCd=DESHX00053&kikanKbn=3", "url2": null, "内容": "猪股歯科医院【3:歯科】新潟県阿賀野市岡山町１３－３７" }, "geometry": { "type": "Point", "coordinates": [ 139.222999, 37.833381 ] } },
{ "type": "Feature", "properties": { "ID": "153DESHX00054", "正式名称": "かねこ歯科医院", "機関区分": 3, "都道府県コード": 15, "市区町村コード": 223, "所在地": "新潟県阿賀野市百津町４－２９", "緯度": 37.828729, "経度": 139.218344, "url": "https://www.iryou.teikyouseido.mhlw.go.jp/znk-web/juminkanja/S2430/initialize?prefCd=15&kikanCd=DESHX00054&kikanKbn=3", "url2": "http://www.kaneko-dental.net", "内容": "かねこ歯科医院【3:歯科】新潟県阿賀野市百津町４－２９" }, "geometry": { "type": "Point", "coordinates": [ 139.218344, 37.828729 ] } },
{ "type": "Feature", "properties": { "ID": "153DESHX00055", "正式名称": "京ヶ瀬歯科医院", "機関区分": 3, "都道府県コード": 15, "市区町村コード": 223, "所在地": "新潟県阿賀野市姥ケ橋９９８－１", "緯度": 37.839225, "経度": 139.183192, "url": "https://www.iryou.teikyouseido.mhlw.go.jp/znk-web/juminkanja/S2430/initialize?prefCd=15&kikanCd=DESHX00055&kikanKbn=3", "url2": null, "内容": "京ヶ瀬歯科医院【3:歯科】新潟県阿賀野市姥ケ橋９９８－１" }, "geometry": { "type": "Point", "coordinates": [ 139.183192, 37.839225 ] } },
{ "type": "Feature", "properties": { "ID": "153DESHX00056", "正式名称": "こばやし歯科医院", "機関区分": 3, "都道府県コード": 15, "市区町村コード": 223, "所在地": "新潟県阿賀野市榎船渡１１１", "緯度": 37.863102, "経度": 139.248321, "url": "https://www.iryou.teikyouseido.mhlw.go.jp/znk-web/juminkanja/S2430/initialize?prefCd=15&kikanCd=DESHX00056&kikanKbn=3", "url2": "https://kobayashi-shika-iin.com/", "内容": "こばやし歯科医院【3:歯科】新潟県阿賀野市榎船渡１１１" }, "geometry": { "type": "Point", "coordinates": [ 139.248321, 37.863102 ] } },
{ "type": "Feature", "properties": { "ID": "153DESHX00057", "正式名称": "斎藤歯科医院", "機関区分": 3, "都道府県コード": 15, "市区町村コード": 223, "所在地": "新潟県阿賀野市中央町１－１１－２２", "緯度": 37.838364, "経度": 139.22896, "url": "https://www.iryou.teikyouseido.mhlw.go.jp/znk-web/juminkanja/S2430/initialize?prefCd=15&kikanCd=DESHX00057&kikanKbn=3", "url2": null, "内容": "斎藤歯科医院【3:歯科】新潟県阿賀野市中央町１－１１－２２" }, "geometry": { "type": "Point", "coordinates": [ 139.22896, 37.838364 ] } },
{ "type": "Feature", "properties": { "ID": "153DESHX00058", "正式名称": "さの歯科クリニック", "機関区分": 3, "都道府県コード": 15, "市区町村コード": 223, "所在地": "新潟県阿賀野市保田１７６８―１", "緯度": 37.772937, "経度": 139.234668, "url": "https://www.iryou.teikyouseido.mhlw.go.jp/znk-web/juminkanja/S2430/initialize?prefCd=15&kikanCd=DESHX00058&kikanKbn=3", "url2": null, "内容": "さの歯科クリニック【3:歯科】新潟県阿賀野市保田１７６８―１" }, "geometry": { "type": "Point", "coordinates": [ 139.234668, 37.772937 ] } },
{ "type": "Feature", "properties": { "ID": "153DESHX00059", "正式名称": "医療法人厚徳会　まつむらデンタルクリニック", "機関区分": 3, "都道府県コード": 15, "市区町村コード": 223, "所在地": "新潟県阿賀野市百津町９番３６号", "緯度": 37.827448, "経度": 139.226386, "url": "https://www.iryou.teikyouseido.mhlw.go.jp/znk-web/juminkanja/S2430/initialize?prefCd=15&kikanCd=DESHX00059&kikanKbn=3", "url2": "https://www.tokushinkai.or.jp/", "内容": "医療法人厚徳会　まつむらデンタルクリニック【3:歯科】新潟県阿賀野市百津町９番３６号" }, "geometry": { "type": "Point", "coordinates": [ 139.226386, 37.827448 ] } },
{ "type": "Feature", "properties": { "ID": "153DESHX00060", "正式名称": "たかはし歯科クリニック", "機関区分": 3, "都道府県コード": 15, "市区町村コード": 223, "所在地": "新潟県阿賀野市中島町７ー４", "緯度": 37.834827, "経度": 139.227596, "url": "https://www.iryou.teikyouseido.mhlw.go.jp/znk-web/juminkanja/S2430/initialize?prefCd=15&kikanCd=DESHX00060&kikanKbn=3", "url2": null, "内容": "たかはし歯科クリニック【3:歯科】新潟県阿賀野市中島町７ー４" }, "geometry": { "type": "Point", "coordinates": [ 139.227596, 37.834827 ] } },
{ "type": "Feature", "properties": { "ID": "153DESHX00061", "正式名称": "冨田歯科医院", "機関区分": 3, "都道府県コード": 15, "市区町村コード": 223, "所在地": "新潟県阿賀野市中央町１－５－１", "緯度": 37.840607, "経度": 139.230296, "url": "https://www.iryou.teikyouseido.mhlw.go.jp/znk-web/juminkanja/S2430/initialize?prefCd=15&kikanCd=DESHX00061&kikanKbn=3", "url2": null, "内容": "冨田歯科医院【3:歯科】新潟県阿賀野市中央町１－５－１" }, "geometry": { "type": "Point", "coordinates": [ 139.230296, 37.840607 ] } },
{ "type": "Feature", "properties": { "ID": "153DESHX00062", "正式名称": "にらさわ歯科医院", "機関区分": 3, "都道府県コード": 15, "市区町村コード": 223, "所在地": "新潟県阿賀野市中央町２－１３－１４", "緯度": 37.839519, "経度": 139.226447, "url": "https://www.iryou.teikyouseido.mhlw.go.jp/znk-web/juminkanja/S2430/initialize?prefCd=15&kikanCd=DESHX00062&kikanKbn=3", "url2": null, "内容": "にらさわ歯科医院【3:歯科】新潟県阿賀野市中央町２－１３－１４" }, "geometry": { "type": "Point", "coordinates": [ 139.226447, 37.839519 ] } },
{ "type": "Feature", "properties": { "ID": "153DESHX00063", "正式名称": "緑岡歯科医院", "機関区分": 3, "都道府県コード": 15, "市区町村コード": 223, "所在地": "新潟県阿賀野市緑岡３ー１", "緯度": 37.840558, "経度": 139.187449, "url": "https://www.iryou.teikyouseido.mhlw.go.jp/znk-web/juminkanja/S2430/initialize?prefCd=15&kikanCd=DESHX00063&kikanKbn=3", "url2": null, "内容": "緑岡歯科医院【3:歯科】新潟県阿賀野市緑岡３ー１" }, "geometry": { "type": "Point", "coordinates": [ 139.187449, 37.840558 ] } },
{ "type": "Feature", "properties": { "ID": "153DESHX00064", "正式名称": "山浦歯科医院", "機関区分": 3, "都道府県コード": 15, "市区町村コード": 223, "所在地": "新潟県阿賀野市寺社甲１６０－３", "緯度": 37.784485, "経度": 139.230324, "url": "https://www.iryou.teikyouseido.mhlw.go.jp/znk-web/juminkanja/S2430/initialize?prefCd=15&kikanCd=DESHX00064&kikanKbn=3", "url2": null, "内容": "山浦歯科医院【3:歯科】新潟県阿賀野市寺社甲１６０－３" }, "geometry": { "type": "Point", "coordinates": [ 139.230324, 37.784485 ] } },
{ "type": "Feature", "properties": { "ID": "153DESHX00065", "正式名称": "よしだ歯科医院", "機関区分": 3, "都道府県コード": 15, "市区町村コード": 223, "所在地": "新潟県阿賀野市山口町１－６－８", "緯度": 37.839402, "経度": 139.208033, "url": "https://www.iryou.teikyouseido.mhlw.go.jp/znk-web/juminkanja/S2430/initialize?prefCd=15&kikanCd=DESHX00065&kikanKbn=3", "url2": null, "内容": "よしだ歯科医院【3:歯科】新潟県阿賀野市山口町１－６－８" }, "geometry": { "type": "Point", "coordinates": [ 139.208033, 37.839402 ] } },
{ "type": "Feature", "properties": { "ID": "153DESHX00066", "正式名称": "有松歯科医院", "機関区分": 3, "都道府県コード": 15, "市区町村コード": 227, "所在地": "新潟県胎内市大川町１４－４９", "緯度": 38.049944, "経度": 139.406761, "url": "https://www.iryou.teikyouseido.mhlw.go.jp/znk-web/juminkanja/S2430/initialize?prefCd=15&kikanCd=DESHX00066&kikanKbn=3", "url2": null, "内容": "有松歯科医院【3:歯科】新潟県胎内市大川町１４－４９" }, "geometry": { "type": "Point", "coordinates": [ 139.406761, 38.049944 ] } },
{ "type": "Feature", "properties": { "ID": "153DESHX00068", "正式名称": "黒川歯科診療所", "機関区分": 3, "都道府県コード": 15, "市区町村コード": 227, "所在地": "新潟県胎内市黒川１４１０番地", "緯度": 38.074854, "経度": 139.440422, "url": "https://www.iryou.teikyouseido.mhlw.go.jp/znk-web/juminkanja/S2430/initialize?prefCd=15&kikanCd=DESHX00068&kikanKbn=3", "url2": null, "内容": "黒川歯科診療所【3:歯科】新潟県胎内市黒川１４１０番地" }, "geometry": { "type": "Point", "coordinates": [ 139.440422, 38.074854 ] } },
{ "type": "Feature", "properties": { "ID": "153DESHX00069", "正式名称": "小林歯科医院", "機関区分": 3, "都道府県コード": 15, "市区町村コード": 227, "所在地": "新潟県胎内市東本町２２ー２７", "緯度": 38.057783, "経度": 139.411492, "url": "https://www.iryou.teikyouseido.mhlw.go.jp/znk-web/juminkanja/S2430/initialize?prefCd=15&kikanCd=DESHX00069&kikanKbn=3", "url2": null, "内容": "小林歯科医院【3:歯科】新潟県胎内市東本町２２ー２７" }, "geometry": { "type": "Point", "coordinates": [ 139.411492, 38.057783 ] } },
{ "type": "Feature", "properties": { "ID": "153DESHX00070", "正式名称": "斎藤歯科医院", "機関区分": 3, "都道府県コード": 15, "市区町村コード": 227, "所在地": "新潟県胎内市住吉町１０ー１２", "緯度": 38.062462, "経度": 139.410425, "url": "https://www.iryou.teikyouseido.mhlw.go.jp/znk-web/juminkanja/S2430/initialize?prefCd=15&kikanCd=DESHX00070&kikanKbn=3", "url2": null, "内容": "斎藤歯科医院【3:歯科】新潟県胎内市住吉町１０ー１２" }, "geometry": { "type": "Point", "coordinates": [ 139.410425, 38.062462 ] } },
{ "type": "Feature", "properties": { "ID": "153DESHX00071", "正式名称": "佐藤歯科クリニック", "機関区分": 3, "都道府県コード": 15, "市区町村コード": 227, "所在地": "新潟県胎内市本郷５４６－５", "緯度": 38.060344, "経度": 139.398227, "url": "https://www.iryou.teikyouseido.mhlw.go.jp/znk-web/juminkanja/S2430/initialize?prefCd=15&kikanCd=DESHX00071&kikanKbn=3", "url2": null, "内容": "佐藤歯科クリニック【3:歯科】新潟県胎内市本郷５４６－５" }, "geometry": { "type": "Point", "coordinates": [ 139.398227, 38.060344 ] } },
{ "type": "Feature", "properties": { "ID": "153DESHX00072", "正式名称": "新栄町歯科医院", "機関区分": 3, "都道府県コード": 15, "市区町村コード": 227, "所在地": "新潟県胎内市新栄町２－５４", "緯度": 38.049004, "経度": 139.402595, "url": "https://www.iryou.teikyouseido.mhlw.go.jp/znk-web/juminkanja/S2430/initialize?prefCd=15&kikanCd=DESHX00072&kikanKbn=3", "url2": "http://www.shineicho-sika.com/", "内容": "新栄町歯科医院【3:歯科】新潟県胎内市新栄町２－５４" }, "geometry": { "type": "Point", "coordinates": [ 139.402595, 38.049004 ] } },
{ "type": "Feature", "properties": { "ID": "153DESHX00073", "正式名称": "鈴木歯科医院", "機関区分": 3, "都道府県コード": 15, "市区町村コード": 227, "所在地": "新潟県胎内市本町１－１９", "緯度": 38.052829, "経度": 139.403018, "url": "https://www.iryou.teikyouseido.mhlw.go.jp/znk-web/juminkanja/S2430/initialize?prefCd=15&kikanCd=DESHX00073&kikanKbn=3", "url2": null, "内容": "鈴木歯科医院【3:歯科】新潟県胎内市本町１－１９" }, "geometry": { "type": "Point", "coordinates": [ 139.403018, 38.052829 ] } },
{ "type": "Feature", "properties": { "ID": "153DESHX00074", "正式名称": "丹呉歯科医院", "機関区分": 3, "都道府県コード": 15, "市区町村コード": 227, "所在地": "新潟県胎内市本町２－２６", "緯度": 38.053124, "経度": 139.404095, "url": "https://www.iryou.teikyouseido.mhlw.go.jp/znk-web/juminkanja/S2430/initialize?prefCd=15&kikanCd=DESHX00074&kikanKbn=3", "url2": null, "内容": "丹呉歯科医院【3:歯科】新潟県胎内市本町２－２６" }, "geometry": { "type": "Point", "coordinates": [ 139.404095, 38.053124 ] } },
{ "type": "Feature", "properties": { "ID": "153DESHX00075", "正式名称": "ＮＯＺＡＷＡ　Ｄｅｎｔａｌ　Ｃｌｉｎｉｃ　野沢歯科医院", "機関区分": 3, "都道府県コード": 15, "市区町村コード": 227, "所在地": "新潟県胎内市東本町１ー４", "緯度": 38.053918, "経度": 139.403729, "url": "https://www.iryou.teikyouseido.mhlw.go.jp/znk-web/juminkanja/S2430/initialize?prefCd=15&kikanCd=DESHX00075&kikanKbn=3", "url2": null, "内容": "ＮＯＺＡＷＡ　Ｄｅｎｔａｌ　Ｃｌｉｎｉｃ　野沢歯科医院【3:歯科】新潟県胎内市東本町１ー４" }, "geometry": { "type": "Point", "coordinates": [ 139.403729, 38.053918 ] } },
{ "type": "Feature", "properties": { "ID": "153DESHX00076", "正式名称": "舟山歯科医院", "機関区分": 3, "都道府県コード": 15, "市区町村コード": 227, "所在地": "新潟県胎内市乙７１９－５", "緯度": 38.116017, "経度": 139.405163, "url": "https://www.iryou.teikyouseido.mhlw.go.jp/znk-web/juminkanja/S2430/initialize?prefCd=15&kikanCd=DESHX00076&kikanKbn=3", "url2": null, "内容": "舟山歯科医院【3:歯科】新潟県胎内市乙７１９－５" }, "geometry": { "type": "Point", "coordinates": [ 139.405163, 38.116017 ] } },
{ "type": "Feature", "properties": { "ID": "153DESHX00077", "正式名称": "村山歯科医院", "機関区分": 3, "都道府県コード": 15, "市区町村コード": 227, "所在地": "新潟県胎内市東本町２１－１３", "緯度": 38.057556, "経度": 139.413538, "url": "https://www.iryou.teikyouseido.mhlw.go.jp/znk-web/juminkanja/S2430/initialize?prefCd=15&kikanCd=DESHX00077&kikanKbn=3", "url2": null, "内容": "村山歯科医院【3:歯科】新潟県胎内市東本町２１－１３" }, "geometry": { "type": "Point", "coordinates": [ 139.413538, 38.057556 ] } },
{ "type": "Feature", "properties": { "ID": "153DESHX00079", "正式名称": "さとう歯科医院", "機関区分": 3, "都道府県コード": 15, "市区町村コード": 307, "所在地": "新潟県北蒲原郡聖籠町藤寄１３６１−２２", "緯度": 37.95629, "経度": 139.239588, "url": "https://www.iryou.teikyouseido.mhlw.go.jp/znk-web/juminkanja/S2430/initialize?prefCd=15&kikanCd=DESHX00079&kikanKbn=3", "url2": null, "内容": "さとう歯科医院【3:歯科】新潟県北蒲原郡聖籠町藤寄１３６１−２２" }, "geometry": { "type": "Point", "coordinates": [ 139.239588, 37.95629 ] } },
{ "type": "Feature", "properties": { "ID": "153DESHX00080", "正式名称": "鈴木歯科医院", "機関区分": 3, "都道府県コード": 15, "市区町村コード": 307, "所在地": "新潟県北蒲原郡聖籠町諏訪山１６４６－８", "緯度": 37.975321, "経度": 139.275576, "url": "https://www.iryou.teikyouseido.mhlw.go.jp/znk-web/juminkanja/S2430/initialize?prefCd=15&kikanCd=DESHX00080&kikanKbn=3", "url2": null, "内容": "鈴木歯科医院【3:歯科】新潟県北蒲原郡聖籠町諏訪山１６４６－８" }, "geometry": { "type": "Point", "coordinates": [ 139.275576, 37.975321 ] } },
{ "type": "Feature", "properties": { "ID": "153DESHX00081", "正式名称": "にしかた歯科医院", "機関区分": 3, "都道府県コード": 15, "市区町村コード": 307, "所在地": "新潟県北蒲原郡聖籠町大字大夫２１８０－６", "緯度": 37.968381, "経度": 139.277144, "url": "https://www.iryou.teikyouseido.mhlw.go.jp/znk-web/juminkanja/S2430/initialize?prefCd=15&kikanCd=DESHX00081&kikanKbn=3", "url2": null, "内容": "にしかた歯科医院【3:歯科】新潟県北蒲原郡聖籠町大字大夫２１８０－６" }, "geometry": { "type": "Point", "coordinates": [ 139.277144, 37.968381 ] } },
{ "type": "Feature", "properties": { "ID": "153DESHX00082", "正式名称": "みどり歯科", "機関区分": 3, "都道府県コード": 15, "市区町村コード": 307, "所在地": "新潟県北蒲原郡聖籠町諏訪山１１１８－１", "緯度": 37.97463, "経度": 139.280387, "url": "https://www.iryou.teikyouseido.mhlw.go.jp/znk-web/juminkanja/S2430/initialize?prefCd=15&kikanCd=DESHX00082&kikanKbn=3", "url2": null, "内容": "みどり歯科【3:歯科】新潟県北蒲原郡聖籠町諏訪山１１１８－１" }, "geometry": { "type": "Point", "coordinates": [ 139.280387, 37.97463 ] } },
{ "type": "Feature", "properties": { "ID": "153DESHX00084", "正式名称": "胎内ついじ歯科医院", "機関区分": 3, "都道府県コード": 15, "市区町村コード": 227, "所在地": "新潟県胎内市築地２０２５－１", "緯度": 38.059239, "経度": 139.357469, "url": "https://www.iryou.teikyouseido.mhlw.go.jp/znk-web/juminkanja/S2430/initialize?prefCd=15&kikanCd=DESHX00084&kikanKbn=3", "url2": null, "内容": "胎内ついじ歯科医院【3:歯科】新潟県胎内市築地２０２５－１" }, "geometry": { "type": "Point", "coordinates": [ 139.357469, 38.059239 ] } },
{ "type": "Feature", "properties": { "ID": "153DESHX00085", "正式名称": "いいじま歯科クリニック", "機関区分": 3, "都道府県コード": 15, "市区町村コード": 206, "所在地": "新潟県新発田市新栄町２－２－３", "緯度": 37.951548, "経度": 139.299087, "url": "https://www.iryou.teikyouseido.mhlw.go.jp/znk-web/juminkanja/S2430/initialize?prefCd=15&kikanCd=DESHX00085&kikanKbn=3", "url2": "https://iijimadental.com/", "内容": "いいじま歯科クリニック【3:歯科】新潟県新発田市新栄町２－２－３" }, "geometry": { "type": "Point", "coordinates": [ 139.299087, 37.951548 ] } },
{ "type": "Feature", "properties": { "ID": "153DESNX00001", "正式名称": "あいば歯科医院", "機関区分": 3, "都道府県コード": 15, "市区町村コード": 204, "所在地": "新潟県三条市桜木町２６番５号", "緯度": 37.618978, "経度": 138.946438, "url": "https://www.iryou.teikyouseido.mhlw.go.jp/znk-web/juminkanja/S2430/initialize?prefCd=15&kikanCd=DESNX00001&kikanKbn=3", "url2": null, "内容": "あいば歯科医院【3:歯科】新潟県三条市桜木町２６番５号" }, "geometry": { "type": "Point", "coordinates": [ 138.946438, 37.618978 ] } },
{ "type": "Feature", "properties": { "ID": "153DESNX00002", "正式名称": "あおぞら歯科クリニック", "機関区分": 3, "都道府県コード": 15, "市区町村コード": 204, "所在地": "新潟県三条市新保２３２－１あおぞら歯科クリニック", "緯度": 37.613407, "経度": 138.962159, "url": "https://www.iryou.teikyouseido.mhlw.go.jp/znk-web/juminkanja/S2430/initialize?prefCd=15&kikanCd=DESNX00002&kikanKbn=3", "url2": null, "内容": "あおぞら歯科クリニック【3:歯科】新潟県三条市新保２３２－１あおぞら歯科クリニック" }, "geometry": { "type": "Point", "coordinates": [ 138.962159, 37.613407 ] } },
{ "type": "Feature", "properties": { "ID": "153DESNX00003", "正式名称": "青葉デンタルクリニック", "機関区分": 3, "都道府県コード": 15, "市区町村コード": 204, "所在地": "新潟県三条市西本成寺１ー２４ー２５", "緯度": 37.620067, "経度": 138.941774, "url": "https://www.iryou.teikyouseido.mhlw.go.jp/znk-web/juminkanja/S2430/initialize?prefCd=15&kikanCd=DESNX00003&kikanKbn=3", "url2": null, "内容": "青葉デンタルクリニック【3:歯科】新潟県三条市西本成寺１ー２４ー２５" }, "geometry": { "type": "Point", "coordinates": [ 138.941774, 37.620067 ] } },
{ "type": "Feature", "properties": { "ID": "153DESNX00004", "正式名称": "あけぼの歯科", "機関区分": 3, "都道府県コード": 15, "市区町村コード": 202, "所在地": "新潟県長岡市曙１丁目３番２１号", "緯度": 37.426105, "経度": 138.848734, "url": "https://www.iryou.teikyouseido.mhlw.go.jp/znk-web/juminkanja/S2430/initialize?prefCd=15&kikanCd=DESNX00004&kikanKbn=3", "url2": null, "内容": "あけぼの歯科【3:歯科】新潟県長岡市曙１丁目３番２１号" }, "geometry": { "type": "Point", "coordinates": [ 138.848734, 37.426105 ] } },
{ "type": "Feature", "properties": { "ID": "153DESNX00005", "正式名称": "医療法人社団阿部歯科医院", "機関区分": 3, "都道府県コード": 15, "市区町村コード": 202, "所在地": "新潟県長岡市本町１－３－１", "緯度": 37.451969, "経度": 138.846993, "url": "https://www.iryou.teikyouseido.mhlw.go.jp/znk-web/juminkanja/S2430/initialize?prefCd=15&kikanCd=DESNX00005&kikanKbn=3", "url2": null, "内容": "医療法人社団阿部歯科医院【3:歯科】新潟県長岡市本町１－３－１" }, "geometry": { "type": "Point", "coordinates": [ 138.846993, 37.451969 ] } },
{ "type": "Feature", "properties": { "ID": "153DESNX00006", "正式名称": "阿部歯科医院", "機関区分": 3, "都道府県コード": 15, "市区町村コード": 202, "所在地": "新潟県長岡市江陽１－２－２８", "緯度": 37.474807, "経度": 138.837863, "url": "https://www.iryou.teikyouseido.mhlw.go.jp/znk-web/juminkanja/S2430/initialize?prefCd=15&kikanCd=DESNX00006&kikanKbn=3", "url2": null, "内容": "阿部歯科医院【3:歯科】新潟県長岡市江陽１－２－２８" }, "geometry": { "type": "Point", "coordinates": [ 138.837863, 37.474807 ] } },
{ "type": "Feature", "properties": { "ID": "153DESNX00007", "正式名称": "一ノ木戸大渓歯科医院", "機関区分": 3, "都道府県コード": 15, "市区町村コード": 204, "所在地": "新潟県三条市一ノ門２－４－４３", "緯度": 37.630889, "経度": 138.967567, "url": "https://www.iryou.teikyouseido.mhlw.go.jp/znk-web/juminkanja/S2430/initialize?prefCd=15&kikanCd=DESNX00007&kikanKbn=3", "url2": null, "内容": "一ノ木戸大渓歯科医院【3:歯科】新潟県三条市一ノ門２－４－４３" }, "geometry": { "type": "Point", "coordinates": [ 138.967567, 37.630889 ] } },
{ "type": "Feature", "properties": { "ID": "153DESNX00008", "正式名称": "駅南歯科小林", "機関区分": 3, "都道府県コード": 15, "市区町村コード": 204, "所在地": "新潟県三条市西大崎１－５－５５", "緯度": 37.62603, "経度": 138.986064, "url": "https://www.iryou.teikyouseido.mhlw.go.jp/znk-web/juminkanja/S2430/initialize?prefCd=15&kikanCd=DESNX00008&kikanKbn=3", "url2": null, "内容": "駅南歯科小林【3:歯科】新潟県三条市西大崎１－５－５５" }, "geometry": { "type": "Point", "coordinates": [ 138.986064, 37.62603 ] } },
{ "type": "Feature", "properties": { "ID": "153DESNX00009", "正式名称": "大滝歯科医院", "機関区分": 3, "都道府県コード": 15, "市区町村コード": 204, "所在地": "新潟県三条市荻堀７４２－１", "緯度": 37.574151, "経度": 139.030833, "url": "https://www.iryou.teikyouseido.mhlw.go.jp/znk-web/juminkanja/S2430/initialize?prefCd=15&kikanCd=DESNX00009&kikanKbn=3", "url2": "https://www.ootaki-dc01.com/", "内容": "大滝歯科医院【3:歯科】新潟県三条市荻堀７４２－１" }, "geometry": { "type": "Point", "coordinates": [ 139.030833, 37.574151 ] } },
{ "type": "Feature", "properties": { "ID": "153DESNX00010", "正式名称": "入江歯科医院", "機関区分": 3, "都道府県コード": 15, "市区町村コード": 202, "所在地": "新潟県長岡市本町２－４－２４", "緯度": 37.450643, "経度": 138.8468, "url": "https://www.iryou.teikyouseido.mhlw.go.jp/znk-web/juminkanja/S2430/initialize?prefCd=15&kikanCd=DESNX00010&kikanKbn=3", "url2": null, "内容": "入江歯科医院【3:歯科】新潟県長岡市本町２－４－２４" }, "geometry": { "type": "Point", "coordinates": [ 138.8468, 37.450643 ] } },
{ "type": "Feature", "properties": { "ID": "153DESNX00011", "正式名称": "上野歯科医院", "機関区分": 3, "都道府県コード": 15, "市区町村コード": 202, "所在地": "新潟県長岡市高見１－７－９", "緯度": 37.500029, "経度": 138.867694, "url": "https://www.iryou.teikyouseido.mhlw.go.jp/znk-web/juminkanja/S2430/initialize?prefCd=15&kikanCd=DESNX00011&kikanKbn=3", "url2": null, "内容": "上野歯科医院【3:歯科】新潟県長岡市高見１－７－９" }, "geometry": { "type": "Point", "coordinates": [ 138.867694, 37.500029 ] } },
{ "type": "Feature", "properties": { "ID": "153DESNX00012", "正式名称": "川崎歯科医院", "機関区分": 3, "都道府県コード": 15, "市区町村コード": 204, "所在地": "新潟県三条市本町２－４－１", "緯度": 37.628541, "経度": 138.954139, "url": "https://www.iryou.teikyouseido.mhlw.go.jp/znk-web/juminkanja/S2430/initialize?prefCd=15&kikanCd=DESNX00012&kikanKbn=3", "url2": null, "内容": "川崎歯科医院【3:歯科】新潟県三条市本町２－４－１" }, "geometry": { "type": "Point", "coordinates": [ 138.954139, 37.628541 ] } },
{ "type": "Feature", "properties": { "ID": "153DESNX00013", "正式名称": "大平歯科医院", "機関区分": 3, "都道府県コード": 15, "市区町村コード": 202, "所在地": "新潟県長岡市船江町３番地１１", "緯度": 37.448857, "経度": 138.844883, "url": "https://www.iryou.teikyouseido.mhlw.go.jp/znk-web/juminkanja/S2430/initialize?prefCd=15&kikanCd=DESNX00013&kikanKbn=3", "url2": null, "内容": "大平歯科医院【3:歯科】新潟県長岡市船江町３番地１１" }, "geometry": { "type": "Point", "coordinates": [ 138.844883, 37.448857 ] } },
{ "type": "Feature", "properties": { "ID": "153DESNX00014", "正式名称": "大塚歯科医院", "機関区分": 3, "都道府県コード": 15, "市区町村コード": 202, "所在地": "新潟県長岡市坂之上町３－３－１０", "緯度": 37.451153, "経度": 138.851169, "url": "https://www.iryou.teikyouseido.mhlw.go.jp/znk-web/juminkanja/S2430/initialize?prefCd=15&kikanCd=DESNX00014&kikanKbn=3", "url2": "https://haisha-yoyaku.jp/bun2sdental/detail/index/id/1530232295/", "内容": "大塚歯科医院【3:歯科】新潟県長岡市坂之上町３－３－１０" }, "geometry": { "type": "Point", "coordinates": [ 138.851169, 37.451153 ] } },
{ "type": "Feature", "properties": { "ID": "153DESNX00015", "正式名称": "北入蔵歯科ワタナベ", "機関区分": 3, "都道府県コード": 15, "市区町村コード": 204, "所在地": "新潟県三条市北入蔵１－３－１６", "緯度": 37.632604, "経度": 138.981724, "url": "https://www.iryou.teikyouseido.mhlw.go.jp/znk-web/juminkanja/S2430/initialize?prefCd=15&kikanCd=DESNX00015&kikanKbn=3", "url2": null, "内容": "北入蔵歯科ワタナベ【3:歯科】新潟県三条市北入蔵１－３－１６" }, "geometry": { "type": "Point", "coordinates": [ 138.981724, 37.632604 ] } },
{ "type": "Feature", "properties": { "ID": "153DESNX00016", "正式名称": "要町歯科", "機関区分": 3, "都道府県コード": 15, "市区町村コード": 202, "所在地": "新潟県長岡市要町２－８－６", "緯度": 37.428454, "経度": 138.840871, "url": "https://www.iryou.teikyouseido.mhlw.go.jp/znk-web/juminkanja/S2430/initialize?prefCd=15&kikanCd=DESNX00016&kikanKbn=3", "url2": null, "内容": "要町歯科【3:歯科】新潟県長岡市要町２－８－６" }, "geometry": { "type": "Point", "coordinates": [ 138.840871, 37.428454 ] } },
{ "type": "Feature", "properties": { "ID": "153DESNX00017", "正式名称": "くまがい歯科医院", "機関区分": 3, "都道府県コード": 15, "市区町村コード": 204, "所在地": "新潟県三条市林町２－２－５", "緯度": 37.633086, "経度": 138.965615, "url": "https://www.iryou.teikyouseido.mhlw.go.jp/znk-web/juminkanja/S2430/initialize?prefCd=15&kikanCd=DESNX00017&kikanKbn=3", "url2": null, "内容": "くまがい歯科医院【3:歯科】新潟県三条市林町２－２－５" }, "geometry": { "type": "Point", "coordinates": [ 138.965615, 37.633086 ] } },
{ "type": "Feature", "properties": { "ID": "153DESNX00018", "正式名称": "桑原歯科医院", "機関区分": 3, "都道府県コード": 15, "市区町村コード": 204, "所在地": "新潟県三条市本町３丁目４－１", "緯度": 37.630309, "経度": 138.955836, "url": "https://www.iryou.teikyouseido.mhlw.go.jp/znk-web/juminkanja/S2430/initialize?prefCd=15&kikanCd=DESNX00018&kikanKbn=3", "url2": null, "内容": "桑原歯科医院【3:歯科】新潟県三条市本町３丁目４－１" }, "geometry": { "type": "Point", "coordinates": [ 138.955836, 37.630309 ] } },
{ "type": "Feature", "properties": { "ID": "153DESNX00019", "正式名称": "かりや歯科医院", "機関区分": 3, "都道府県コード": 15, "市区町村コード": 202, "所在地": "新潟県長岡市東神田１－３－２３", "緯度": 37.455944, "経度": 138.86219, "url": "https://www.iryou.teikyouseido.mhlw.go.jp/znk-web/juminkanja/S2430/initialize?prefCd=15&kikanCd=DESNX00019&kikanKbn=3", "url2": "http://kariya-dc-nagaoka.net/", "内容": "かりや歯科医院【3:歯科】新潟県長岡市東神田１－３－２３" }, "geometry": { "type": "Point", "coordinates": [ 138.86219, 37.455944 ] } },
{ "type": "Feature", "properties": { "ID": "153DESNX00020", "正式名称": "小林歯科クリニック", "機関区分": 3, "都道府県コード": 15, "市区町村コード": 204, "所在地": "新潟県三条市荒町２－２２－１７", "緯度": 37.640161, "経度": 138.952807, "url": "https://www.iryou.teikyouseido.mhlw.go.jp/znk-web/juminkanja/S2430/initialize?prefCd=15&kikanCd=DESNX00020&kikanKbn=3", "url2": null, "内容": "小林歯科クリニック【3:歯科】新潟県三条市荒町２－２２－１７" }, "geometry": { "type": "Point", "coordinates": [ 138.952807, 37.640161 ] } },
{ "type": "Feature", "properties": { "ID": "153DESNX00021", "正式名称": "小山歯科医院", "機関区分": 3, "都道府県コード": 15, "市区町村コード": 204, "所在地": "新潟県三条市福島新田乙１３７２－１６", "緯度": 37.595554, "経度": 138.919221, "url": "https://www.iryou.teikyouseido.mhlw.go.jp/znk-web/juminkanja/S2430/initialize?prefCd=15&kikanCd=DESNX00021&kikanKbn=3", "url2": null, "内容": "小山歯科医院【3:歯科】新潟県三条市福島新田乙１３７２－１６" }, "geometry": { "type": "Point", "coordinates": [ 138.919221, 37.595554 ] } },
{ "type": "Feature", "properties": { "ID": "153DESNX00022", "正式名称": "北島歯科医院", "機関区分": 3, "都道府県コード": 15, "市区町村コード": 202, "所在地": "新潟県長岡市宮内２－８－６", "緯度": 37.420021, "経度": 138.84087, "url": "https://www.iryou.teikyouseido.mhlw.go.jp/znk-web/juminkanja/S2430/initialize?prefCd=15&kikanCd=DESNX00022&kikanKbn=3", "url2": null, "内容": "北島歯科医院【3:歯科】新潟県長岡市宮内２－８－６" }, "geometry": { "type": "Point", "coordinates": [ 138.84087, 37.420021 ] } },
{ "type": "Feature", "properties": { "ID": "153DESNX00023", "正式名称": "鞍立歯科医院", "機関区分": 3, "都道府県コード": 15, "市区町村コード": 202, "所在地": "新潟県長岡市本町２－３－２", "緯度": 37.450406, "経度": 138.847124, "url": "https://www.iryou.teikyouseido.mhlw.go.jp/znk-web/juminkanja/S2430/initialize?prefCd=15&kikanCd=DESNX00023&kikanKbn=3", "url2": null, "内容": "鞍立歯科医院【3:歯科】新潟県長岡市本町２－３－２" }, "geometry": { "type": "Point", "coordinates": [ 138.847124, 37.450406 ] } },
{ "type": "Feature", "properties": { "ID": "153DESNX00025", "正式名称": "小坂井歯科クリニック", "機関区分": 3, "都道府県コード": 15, "市区町村コード": 202, "所在地": "新潟県長岡市豊田町１１－４０", "緯度": 37.430697, "経度": 138.853727, "url": "https://www.iryou.teikyouseido.mhlw.go.jp/znk-web/juminkanja/S2430/initialize?prefCd=15&kikanCd=DESNX00025&kikanKbn=3", "url2": "http:/kozakai-shika.or.jp", "内容": "小坂井歯科クリニック【3:歯科】新潟県長岡市豊田町１１－４０" }, "geometry": { "type": "Point", "coordinates": [ 138.853727, 37.430697 ] } },
{ "type": "Feature", "properties": { "ID": "153DESNX00026", "正式名称": "医療法人社団腔友会　佐藤歯科診療所", "機関区分": 3, "都道府県コード": 15, "市区町村コード": 204, "所在地": "新潟県三条市本町４丁目２ー２８", "緯度": 37.62956, "経度": 138.953463, "url": "https://www.iryou.teikyouseido.mhlw.go.jp/znk-web/juminkanja/S2430/initialize?prefCd=15&kikanCd=DESNX00026&kikanKbn=3", "url2": "http://www.dental-sato.com/", "内容": "医療法人社団腔友会　佐藤歯科診療所【3:歯科】新潟県三条市本町４丁目２ー２８" }, "geometry": { "type": "Point", "coordinates": [ 138.953463, 37.62956 ] } },
{ "type": "Feature", "properties": { "ID": "153DESNX00027", "正式名称": "歯科榎本医院", "機関区分": 3, "都道府県コード": 15, "市区町村コード": 204, "所在地": "新潟県三条市一ノ門２丁目８−１５", "緯度": 37.629991, "経度": 138.969675, "url": "https://www.iryou.teikyouseido.mhlw.go.jp/znk-web/juminkanja/S2430/initialize?prefCd=15&kikanCd=DESNX00027&kikanKbn=3", "url2": null, "内容": "歯科榎本医院【3:歯科】新潟県三条市一ノ門２丁目８−１５" }, "geometry": { "type": "Point", "coordinates": [ 138.969675, 37.629991 ] } },
{ "type": "Feature", "properties": { "ID": "153DESNX00028", "正式名称": "斉藤歯科医院", "機関区分": 3, "都道府県コード": 15, "市区町村コード": 202, "所在地": "新潟県長岡市長町１－３－９", "緯度": 37.454639, "経度": 138.85446, "url": "https://www.iryou.teikyouseido.mhlw.go.jp/znk-web/juminkanja/S2430/initialize?prefCd=15&kikanCd=DESNX00028&kikanKbn=3", "url2": null, "内容": "斉藤歯科医院【3:歯科】新潟県長岡市長町１－３－９" }, "geometry": { "type": "Point", "coordinates": [ 138.85446, 37.454639 ] } },
{ "type": "Feature", "properties": { "ID": "153DESNX00029", "正式名称": "じろう歯科診療所", "機関区分": 3, "都道府県コード": 15, "市区町村コード": 204, "所在地": "新潟県三条市長野３３７番地", "緯度": 37.539975, "経度": 139.114157, "url": "https://www.iryou.teikyouseido.mhlw.go.jp/znk-web/juminkanja/S2430/initialize?prefCd=15&kikanCd=DESNX00029&kikanKbn=3", "url2": "https://www.shitada.jp/contents/jiro/", "内容": "じろう歯科診療所【3:歯科】新潟県三条市長野３３７番地" }, "geometry": { "type": "Point", "coordinates": [ 139.114157, 37.539975 ] } },
{ "type": "Feature", "properties": { "ID": "153DESNX00030", "正式名称": "さくら歯科", "機関区分": 3, "都道府県コード": 15, "市区町村コード": 202, "所在地": "新潟県長岡市浦瀬町４７８－２", "緯度": 37.467393, "経度": 138.903927, "url": "https://www.iryou.teikyouseido.mhlw.go.jp/znk-web/juminkanja/S2430/initialize?prefCd=15&kikanCd=DESNX00030&kikanKbn=3", "url2": null, "内容": "さくら歯科【3:歯科】新潟県長岡市浦瀬町４７８－２" }, "geometry": { "type": "Point", "coordinates": [ 138.903927, 37.467393 ] } },
{ "type": "Feature", "properties": { "ID": "153DESNX00031", "正式名称": "医療法人社団沢矯正歯科医院", "機関区分": 3, "都道府県コード": 15, "市区町村コード": 202, "所在地": "新潟県長岡市城内町２ー６ー１３さわビル", "緯度": 37.448717, "経度": 138.853441, "url": "https://www.iryou.teikyouseido.mhlw.go.jp/znk-web/juminkanja/S2430/initialize?prefCd=15&kikanCd=DESNX00031&kikanKbn=3", "url2": "http://www.sawa-kyousei.jp", "内容": "医療法人社団沢矯正歯科医院【3:歯科】新潟県長岡市城内町２ー６ー１３さわビル" }, "geometry": { "type": "Point", "coordinates": [ 138.853441, 37.448717 ] } },
{ "type": "Feature", "properties": { "ID": "153DESNX00032", "正式名称": "ナオ歯科", "機関区分": 3, "都道府県コード": 15, "市区町村コード": 204, "所在地": "新潟県三条市北入蔵１−１−１", "緯度": 37.631226, "経度": 138.978892, "url": "https://www.iryou.teikyouseido.mhlw.go.jp/znk-web/juminkanja/S2430/initialize?prefCd=15&kikanCd=DESNX00032&kikanKbn=3", "url2": "nao-dentalclinic.jp", "内容": "ナオ歯科【3:歯科】新潟県三条市北入蔵１−１−１" }, "geometry": { "type": "Point", "coordinates": [ 138.978892, 37.631226 ] } },
{ "type": "Feature", "properties": { "ID": "153DESNX00033", "正式名称": "しみず歯科医院", "機関区分": 3, "都道府県コード": 15, "市区町村コード": 202, "所在地": "新潟県長岡市東蔵王２－６－１２", "緯度": 37.471644, "経度": 138.855615, "url": "https://www.iryou.teikyouseido.mhlw.go.jp/znk-web/juminkanja/S2430/initialize?prefCd=15&kikanCd=DESNX00033&kikanKbn=3", "url2": null, "内容": "しみず歯科医院【3:歯科】新潟県長岡市東蔵王２－６－１２" }, "geometry": { "type": "Point", "coordinates": [ 138.855615, 37.471644 ] } },
{ "type": "Feature", "properties": { "ID": "153DESNX00034", "正式名称": "日本歯科大学在宅ケア新潟クリニック", "機関区分": 3, "都道府県コード": 15, "市区町村コード": 204, "所在地": "新潟県三条市須頃１丁目６５番地", "緯度": 37.646988, "経度": 138.936076, "url": "https://www.iryou.teikyouseido.mhlw.go.jp/znk-web/juminkanja/S2430/initialize?prefCd=15&kikanCd=DESNX00034&kikanKbn=3", "url2": "http://www.ngt.ndu.ac.jp", "内容": "日本歯科大学在宅ケア新潟クリニック【3:歯科】新潟県三条市須頃１丁目６５番地" }, "geometry": { "type": "Point", "coordinates": [ 138.936076, 37.646988 ] } },
{ "type": "Feature", "properties": { "ID": "153DESNX00035", "正式名称": "野島歯科医院", "機関区分": 3, "都道府県コード": 15, "市区町村コード": 204, "所在地": "新潟県三条市元町１８－３", "緯度": 37.632943, "経度": 138.955305, "url": "https://www.iryou.teikyouseido.mhlw.go.jp/znk-web/juminkanja/S2430/initialize?prefCd=15&kikanCd=DESNX00035&kikanKbn=3", "url2": null, "内容": "野島歯科医院【3:歯科】新潟県三条市元町１８－３" }, "geometry": { "type": "Point", "coordinates": [ 138.955305, 37.632943 ] } },
{ "type": "Feature", "properties": { "ID": "153DESNX00036", "正式名称": "はなみ矯正歯科", "機関区分": 3, "都道府県コード": 15, "市区町村コード": 204, "所在地": "新潟県三条市上須頃５９７", "緯度": 37.636161, "経度": 138.937061, "url": "https://www.iryou.teikyouseido.mhlw.go.jp/znk-web/juminkanja/S2430/initialize?prefCd=15&kikanCd=DESNX00036&kikanKbn=3", "url2": null, "内容": "はなみ矯正歯科【3:歯科】新潟県三条市上須頃５９７" }, "geometry": { "type": "Point", "coordinates": [ 138.937061, 37.636161 ] } },
{ "type": "Feature", "properties": { "ID": "153DESNX00037", "正式名称": "そりまち歯科医院", "機関区分": 3, "都道府県コード": 15, "市区町村コード": 202, "所在地": "新潟県長岡市宝１－２－２１", "緯度": 37.481155, "経度": 138.857372, "url": "https://www.iryou.teikyouseido.mhlw.go.jp/znk-web/juminkanja/S2430/initialize?prefCd=15&kikanCd=DESNX00037&kikanKbn=3", "url2": null, "内容": "そりまち歯科医院【3:歯科】新潟県長岡市宝１－２－２１" }, "geometry": { "type": "Point", "coordinates": [ 138.857372, 37.481155 ] } },
{ "type": "Feature", "properties": { "ID": "153DESNX00038", "正式名称": "たかはし歯科医院", "機関区分": 3, "都道府県コード": 15, "市区町村コード": 202, "所在地": "新潟県長岡市蓮潟１－１７－１２", "緯度": 37.465273, "経度": 138.820338, "url": "https://www.iryou.teikyouseido.mhlw.go.jp/znk-web/juminkanja/S2430/initialize?prefCd=15&kikanCd=DESNX00038&kikanKbn=3", "url2": null, "内容": "たかはし歯科医院【3:歯科】新潟県長岡市蓮潟１－１７－１２" }, "geometry": { "type": "Point", "coordinates": [ 138.820338, 37.465273 ] } },
{ "type": "Feature", "properties": { "ID": "153DESNX00039", "正式名称": "東三条歯科", "機関区分": 3, "都道府県コード": 15, "市区町村コード": 204, "所在地": "新潟県三条市東三条１－１８－９", "緯度": 37.628366, "経度": 138.972178, "url": "https://www.iryou.teikyouseido.mhlw.go.jp/znk-web/juminkanja/S2430/initialize?prefCd=15&kikanCd=DESNX00039&kikanKbn=3", "url2": null, "内容": "東三条歯科【3:歯科】新潟県三条市東三条１－１８－９" }, "geometry": { "type": "Point", "coordinates": [ 138.972178, 37.628366 ] } },
{ "type": "Feature", "properties": { "ID": "153DESNX00040", "正式名称": "ファミリー歯科診療所", "機関区分": 3, "都道府県コード": 15, "市区町村コード": 204, "所在地": "新潟県三条市西裏館２－４－２１", "緯度": 37.636856, "経度": 138.955774, "url": "https://www.iryou.teikyouseido.mhlw.go.jp/znk-web/juminkanja/S2430/initialize?prefCd=15&kikanCd=DESNX00040&kikanKbn=3", "url2": null, "内容": "ファミリー歯科診療所【3:歯科】新潟県三条市西裏館２－４－２１" }, "geometry": { "type": "Point", "coordinates": [ 138.955774, 37.636856 ] } },
{ "type": "Feature", "properties": { "ID": "153DESNX00041", "正式名称": "田村歯科クリニック", "機関区分": 3, "都道府県コード": 15, "市区町村コード": 202, "所在地": "新潟県長岡市泉１－２－１", "緯度": 37.463107, "経度": 138.853714, "url": "https://www.iryou.teikyouseido.mhlw.go.jp/znk-web/juminkanja/S2430/initialize?prefCd=15&kikanCd=DESNX00041&kikanKbn=3", "url2": null, "内容": "田村歯科クリニック【3:歯科】新潟県長岡市泉１－２－１" }, "geometry": { "type": "Point", "coordinates": [ 138.853714, 37.463107 ] } },
{ "type": "Feature", "properties": { "ID": "153DESNX00042", "正式名称": "星野歯科医院", "機関区分": 3, "都道府県コード": 15, "市区町村コード": 204, "所在地": "新潟県三条市西大崎１－２０－２２", "緯度": 37.62123, "経度": 138.98628, "url": "https://www.iryou.teikyouseido.mhlw.go.jp/znk-web/juminkanja/S2430/initialize?prefCd=15&kikanCd=DESNX00042&kikanKbn=3", "url2": null, "内容": "星野歯科医院【3:歯科】新潟県三条市西大崎１－２０－２２" }, "geometry": { "type": "Point", "coordinates": [ 138.98628, 37.62123 ] } },
{ "type": "Feature", "properties": { "ID": "153DESNX00043", "正式名称": "なかじま歯科クリニック", "機関区分": 3, "都道府県コード": 15, "市区町村コード": 202, "所在地": "新潟県長岡市西宮内２－３３", "緯度": 37.42784, "経度": 138.836764, "url": "https://www.iryou.teikyouseido.mhlw.go.jp/znk-web/juminkanja/S2430/initialize?prefCd=15&kikanCd=DESNX00043&kikanKbn=3", "url2": "https://www.nakajima-dental-cl.com/", "内容": "なかじま歯科クリニック【3:歯科】新潟県長岡市西宮内２－３３" }, "geometry": { "type": "Point", "coordinates": [ 138.836764, 37.42784 ] } },
{ "type": "Feature", "properties": { "ID": "153DESNX00044", "正式名称": "中野歯科医院", "機関区分": 3, "都道府県コード": 15, "市区町村コード": 202, "所在地": "新潟県長岡市大山２丁目３－１０", "緯度": 37.441813, "経度": 138.817753, "url": "https://www.iryou.teikyouseido.mhlw.go.jp/znk-web/juminkanja/S2430/initialize?prefCd=15&kikanCd=DESNX00044&kikanKbn=3", "url2": null, "内容": "中野歯科医院【3:歯科】新潟県長岡市大山２丁目３－１０" }, "geometry": { "type": "Point", "coordinates": [ 138.817753, 37.441813 ] } },
{ "type": "Feature", "properties": { "ID": "153DESNX00045", "正式名称": "八百枝歯科医院", "機関区分": 3, "都道府県コード": 15, "市区町村コード": 204, "所在地": "新潟県三条市本町３－６－１３", "緯度": 37.628541, "経度": 138.954139, "url": "https://www.iryou.teikyouseido.mhlw.go.jp/znk-web/juminkanja/S2430/initialize?prefCd=15&kikanCd=DESNX00045&kikanKbn=3", "url2": null, "内容": "八百枝歯科医院【3:歯科】新潟県三条市本町３－６－１３" }, "geometry": { "type": "Point", "coordinates": [ 138.954139, 37.628541 ] } },
{ "type": "Feature", "properties": { "ID": "153DESNX00046", "正式名称": "やちだ歯科医院", "機関区分": 3, "都道府県コード": 15, "市区町村コード": 204, "所在地": "新潟県三条市上保内乙２１６番地２", "緯度": 37.639434, "経度": 139.012444, "url": "https://www.iryou.teikyouseido.mhlw.go.jp/znk-web/juminkanja/S2430/initialize?prefCd=15&kikanCd=DESNX00046&kikanKbn=3", "url2": null, "内容": "やちだ歯科医院【3:歯科】新潟県三条市上保内乙２１６番地２" }, "geometry": { "type": "Point", "coordinates": [ 139.012444, 37.639434 ] } },
{ "type": "Feature", "properties": { "ID": "153DESNX00047", "正式名称": "横山歯科医院", "機関区分": 3, "都道府県コード": 15, "市区町村コード": 204, "所在地": "新潟県三条市島田２－６－２５", "緯度": 37.62655, "経度": 138.943856, "url": "https://www.iryou.teikyouseido.mhlw.go.jp/znk-web/juminkanja/S2430/initialize?prefCd=15&kikanCd=DESNX00047&kikanKbn=3", "url2": null, "内容": "横山歯科医院【3:歯科】新潟県三条市島田２－６－２５" }, "geometry": { "type": "Point", "coordinates": [ 138.943856, 37.62655 ] } },
{ "type": "Feature", "properties": { "ID": "153DESNX00048", "正式名称": "吉野矯正歯科", "機関区分": 3, "都道府県コード": 15, "市区町村コード": 204, "所在地": "新潟県三条市東三条１－５－１川商ビル４Ａ", "緯度": 37.631314, "経度": 138.972523, "url": "https://www.iryou.teikyouseido.mhlw.go.jp/znk-web/juminkanja/S2430/initialize?prefCd=15&kikanCd=DESNX00048&kikanKbn=3", "url2": "https://sanjo-ortho.com/", "内容": "吉野矯正歯科【3:歯科】新潟県三条市東三条１－５－１川商ビル４Ａ" }, "geometry": { "type": "Point", "coordinates": [ 138.972523, 37.631314 ] } },
{ "type": "Feature", "properties": { "ID": "153DESNX00049", "正式名称": "嵐南歯科金子", "機関区分": 3, "都道府県コード": 15, "市区町村コード": 204, "所在地": "新潟県三条市南四日町４－１１－４８", "緯度": 37.617407, "経度": 138.952672, "url": "https://www.iryou.teikyouseido.mhlw.go.jp/znk-web/juminkanja/S2430/initialize?prefCd=15&kikanCd=DESNX00049&kikanKbn=3", "url2": null, "内容": "嵐南歯科金子【3:歯科】新潟県三条市南四日町４－１１－４８" }, "geometry": { "type": "Point", "coordinates": [ 138.952672, 37.617407 ] } },
{ "type": "Feature", "properties": { "ID": "153DESNX0005", "正式名称": "旭町歯科クリニック", "機関区分": 3, "都道府県コード": 15, "市区町村コード": 204, "所在地": "新潟県三条市旭町２－２－２６", "緯度": 37.635307, "経度": 138.96109, "url": "https://www.iryou.teikyouseido.mhlw.go.jp/znk-web/juminkanja/S2430/initialize?prefCd=15&kikanCd=DESNX0005&kikanKbn=3", "url2": "https://asahicho-dc-niigata.com", "内容": "旭町歯科クリニック【3:歯科】新潟県三条市旭町２－２－２６" }, "geometry": { "type": "Point", "coordinates": [ 138.96109, 37.635307 ] } },
{ "type": "Feature", "properties": { "ID": "153DESNX00050", "正式名称": "医療法人社団愛育会愛育デンタルクリニック", "機関区分": 3, "都道府県コード": 15, "市区町村コード": 204, "所在地": "新潟県三条市興野２－２－５８りとるたうん内", "緯度": 37.631639, "経度": 138.971131, "url": "https://www.iryou.teikyouseido.mhlw.go.jp/znk-web/juminkanja/S2430/initialize?prefCd=15&kikanCd=DESNX00050&kikanKbn=3", "url2": null, "内容": "医療法人社団愛育会愛育デンタルクリニック【3:歯科】新潟県三条市興野２－２－５８りとるたうん内" }, "geometry": { "type": "Point", "coordinates": [ 138.971131, 37.631639 ] } },
{ "type": "Feature", "properties": { "ID": "153DESNX00052", "正式名称": "ささおか歯科医院", "機関区分": 3, "都道府県コード": 15, "市区町村コード": 209, "所在地": "新潟県加茂市寿町２０－１８", "緯度": 37.65824, "経度": 139.04343, "url": "https://www.iryou.teikyouseido.mhlw.go.jp/znk-web/juminkanja/S2430/initialize?prefCd=15&kikanCd=DESNX00052&kikanKbn=3", "url2": null, "内容": "ささおか歯科医院【3:歯科】新潟県加茂市寿町２０－１８" }, "geometry": { "type": "Point", "coordinates": [ 139.04343, 37.65824 ] } },
{ "type": "Feature", "properties": { "ID": "153DESNX00053", "正式名称": "ブレス・デザインデンタルオフィス", "機関区分": 3, "都道府県コード": 15, "市区町村コード": 202, "所在地": "新潟県長岡市殿町２－３－１２", "緯度": 37.444955, "経度": 138.849284, "url": "https://www.iryou.teikyouseido.mhlw.go.jp/znk-web/juminkanja/S2430/initialize?prefCd=15&kikanCd=DESNX00053&kikanKbn=3", "url2": null, "内容": "ブレス・デザインデンタルオフィス【3:歯科】新潟県長岡市殿町２－３－１２" }, "geometry": { "type": "Point", "coordinates": [ 138.849284, 37.444955 ] } },
{ "type": "Feature", "properties": { "ID": "153DESNX00054", "正式名称": "堀歯科医院", "機関区分": 3, "都道府県コード": 15, "市区町村コード": 202, "所在地": "新潟県長岡市神田町２－１－１９", "緯度": 37.458581, "経度": 138.852091, "url": "https://www.iryou.teikyouseido.mhlw.go.jp/znk-web/juminkanja/S2430/initialize?prefCd=15&kikanCd=DESNX00054&kikanKbn=3", "url2": null, "内容": "堀歯科医院【3:歯科】新潟県長岡市神田町２－１－１９" }, "geometry": { "type": "Point", "coordinates": [ 138.852091, 37.458581 ] } },
{ "type": "Feature", "properties": { "ID": "153DESNX00055", "正式名称": "武内歯科医院", "機関区分": 3, "都道府県コード": 15, "市区町村コード": 209, "所在地": "新潟県加茂市旭町１０－１８", "緯度": 37.659709, "経度": 139.04395, "url": "https://www.iryou.teikyouseido.mhlw.go.jp/znk-web/juminkanja/S2430/initialize?prefCd=15&kikanCd=DESNX00055&kikanKbn=3", "url2": null, "内容": "武内歯科医院【3:歯科】新潟県加茂市旭町１０－１８" }, "geometry": { "type": "Point", "coordinates": [ 139.04395, 37.659709 ] } },
{ "type": "Feature", "properties": { "ID": "153DESNX00056", "正式名称": "長岡デンタルオフィス", "機関区分": 3, "都道府県コード": 15, "市区町村コード": 202, "所在地": "新潟県長岡市千秋２ー２７８リバーサイド千秋２階", "緯度": 37.460668, "経度": 138.826703, "url": "https://www.iryou.teikyouseido.mhlw.go.jp/znk-web/juminkanja/S2430/initialize?prefCd=15&kikanCd=DESNX00056&kikanKbn=3", "url2": null, "内容": "長岡デンタルオフィス【3:歯科】新潟県長岡市千秋２ー２７８リバーサイド千秋２階" }, "geometry": { "type": "Point", "coordinates": [ 138.826703, 37.460668 ] } },
{ "type": "Feature", "properties": { "ID": "153DESNX00057", "正式名称": "松井歯科医院", "機関区分": 3, "都道府県コード": 15, "市区町村コード": 202, "所在地": "新潟県長岡市中島７－３－３６", "緯度": 37.45958, "経度": 138.850074, "url": "https://www.iryou.teikyouseido.mhlw.go.jp/znk-web/juminkanja/S2430/initialize?prefCd=15&kikanCd=DESNX00057&kikanKbn=3", "url2": null, "内容": "松井歯科医院【3:歯科】新潟県長岡市中島７－３－３６" }, "geometry": { "type": "Point", "coordinates": [ 138.850074, 37.45958 ] } },
{ "type": "Feature", "properties": { "ID": "153DESNX00058", "正式名称": "まつだ歯科医院", "機関区分": 3, "都道府県コード": 15, "市区町村コード": 202, "所在地": "新潟県長岡市十日町字西野々１００９－２", "緯度": 37.38194, "経度": 138.836558, "url": "https://www.iryou.teikyouseido.mhlw.go.jp/znk-web/juminkanja/S2430/initialize?prefCd=15&kikanCd=DESNX00058&kikanKbn=3", "url2": null, "内容": "まつだ歯科医院【3:歯科】新潟県長岡市十日町字西野々１００９－２" }, "geometry": { "type": "Point", "coordinates": [ 138.836558, 37.38194 ] } },
{ "type": "Feature", "properties": { "ID": "153DESNX00059", "正式名称": "医療法人厚徳会　まつむら第二歯科", "機関区分": 3, "都道府県コード": 15, "市区町村コード": 202, "所在地": "新潟県長岡市東栄１丁目２番３３号", "緯度": 37.458658, "経度": 138.863272, "url": "https://www.iryou.teikyouseido.mhlw.go.jp/znk-web/juminkanja/S2430/initialize?prefCd=15&kikanCd=DESNX00059&kikanKbn=3", "url2": "https://www.tokushinkai.or.jp/nagaoka2/", "内容": "医療法人厚徳会　まつむら第二歯科【3:歯科】新潟県長岡市東栄１丁目２番３３号" }, "geometry": { "type": "Point", "coordinates": [ 138.863272, 37.458658 ] } },
{ "type": "Feature", "properties": { "ID": "153DESNX00060", "正式名称": "医療法人徳真会　松村歯科長岡診療所", "機関区分": 3, "都道府県コード": 15, "市区町村コード": 202, "所在地": "新潟県長岡市古正寺町２９番地３", "緯度": 37.45233, "経度": 138.81959, "url": "https://www.iryou.teikyouseido.mhlw.go.jp/znk-web/juminkanja/S2430/initialize?prefCd=15&kikanCd=DESNX00060&kikanKbn=3", "url2": "https://www.tokushinkai.or.jp/nagaoka/", "内容": "医療法人徳真会　松村歯科長岡診療所【3:歯科】新潟県長岡市古正寺町２９番地３" }, "geometry": { "type": "Point", "coordinates": [ 138.81959, 37.45233 ] } },
{ "type": "Feature", "properties": { "ID": "153DESNX00061", "正式名称": "渡辺歯科医院", "機関区分": 3, "都道府県コード": 15, "市区町村コード": 209, "所在地": "新潟県加茂市松坂町２－２４", "緯度": 37.658125, "経度": 139.052261, "url": "https://www.iryou.teikyouseido.mhlw.go.jp/znk-web/juminkanja/S2430/initialize?prefCd=15&kikanCd=DESNX00061&kikanKbn=3", "url2": "https://watanabedentalclinic.net/", "内容": "渡辺歯科医院【3:歯科】新潟県加茂市松坂町２－２４" }, "geometry": { "type": "Point", "coordinates": [ 139.052261, 37.658125 ] } },
{ "type": "Feature", "properties": { "ID": "153DESNX00062", "正式名称": "東町歯科医院", "機関区分": 3, "都道府県コード": 15, "市区町村コード": 213, "所在地": "新潟県燕市吉田東町３２５７ー４", "緯度": 37.696232, "経度": 138.882536, "url": "https://www.iryou.teikyouseido.mhlw.go.jp/znk-web/juminkanja/S2430/initialize?prefCd=15&kikanCd=DESNX00062&kikanKbn=3", "url2": "https://azumacho.com", "内容": "東町歯科医院【3:歯科】新潟県燕市吉田東町３２５７ー４" }, "geometry": { "type": "Point", "coordinates": [ 138.882536, 37.696232 ] } },
{ "type": "Feature", "properties": { "ID": "153DESNX00064", "正式名称": "石田歯科医院", "機関区分": 3, "都道府県コード": 15, "市区町村コード": 213, "所在地": "新潟県燕市吉田日之出町２－１１", "緯度": 37.686077, "経度": 138.879292, "url": "https://www.iryou.teikyouseido.mhlw.go.jp/znk-web/juminkanja/S2430/initialize?prefCd=15&kikanCd=DESNX00064&kikanKbn=3", "url2": null, "内容": "石田歯科医院【3:歯科】新潟県燕市吉田日之出町２－１１" }, "geometry": { "type": "Point", "coordinates": [ 138.879292, 37.686077 ] } },
{ "type": "Feature", "properties": { "ID": "153DESNX00065", "正式名称": "井手口歯科クリニック", "機関区分": 3, "都道府県コード": 15, "市区町村コード": 213, "所在地": "新潟県燕市東太田７０４７番１", "緯度": 37.670747, "経度": 138.913695, "url": "https://www.iryou.teikyouseido.mhlw.go.jp/znk-web/juminkanja/S2430/initialize?prefCd=15&kikanCd=DESNX00065&kikanKbn=3", "url2": null, "内容": "井手口歯科クリニック【3:歯科】新潟県燕市東太田７０４７番１" }, "geometry": { "type": "Point", "coordinates": [ 138.913695, 37.670747 ] } },
{ "type": "Feature", "properties": { "ID": "153DESNX00066", "正式名称": "山田歯科医院", "機関区分": 3, "都道府県コード": 15, "市区町村コード": 202, "所在地": "新潟県長岡市表町１－４－１", "緯度": 37.445711, "経度": 138.846443, "url": "https://www.iryou.teikyouseido.mhlw.go.jp/znk-web/juminkanja/S2430/initialize?prefCd=15&kikanCd=DESNX00066&kikanKbn=3", "url2": "yamada-dent.net", "内容": "山田歯科医院【3:歯科】新潟県長岡市表町１－４－１" }, "geometry": { "type": "Point", "coordinates": [ 138.846443, 37.445711 ] } },
{ "type": "Feature", "properties": { "ID": "153DESNX00067", "正式名称": "江村歯科医院", "機関区分": 3, "都道府県コード": 15, "市区町村コード": 213, "所在地": "新潟県燕市八王寺７０３", "緯度": 37.645184, "経度": 138.920326, "url": "https://www.iryou.teikyouseido.mhlw.go.jp/znk-web/juminkanja/S2430/initialize?prefCd=15&kikanCd=DESNX00067&kikanKbn=3", "url2": null, "内容": "江村歯科医院【3:歯科】新潟県燕市八王寺７０３" }, "geometry": { "type": "Point", "coordinates": [ 138.920326, 37.645184 ] } },
{ "type": "Feature", "properties": { "ID": "153DESNX00068", "正式名称": "やまもと歯科医院", "機関区分": 3, "都道府県コード": 15, "市区町村コード": 202, "所在地": "新潟県長岡市新保３－１－４８", "緯度": 37.464909, "経度": 138.866503, "url": "https://www.iryou.teikyouseido.mhlw.go.jp/znk-web/juminkanja/S2430/initialize?prefCd=15&kikanCd=DESNX00068&kikanKbn=3", "url2": null, "内容": "やまもと歯科医院【3:歯科】新潟県長岡市新保３－１－４８" }, "geometry": { "type": "Point", "coordinates": [ 138.866503, 37.464909 ] } },
{ "type": "Feature", "properties": { "ID": "153DESNX00069", "正式名称": "ゆきの歯科医院", "機関区分": 3, "都道府県コード": 15, "市区町村コード": 202, "所在地": "新潟県長岡市高畑町７６－１", "緯度": 37.423932, "経度": 138.866323, "url": "https://www.iryou.teikyouseido.mhlw.go.jp/znk-web/juminkanja/S2430/initialize?prefCd=15&kikanCd=DESNX00069&kikanKbn=3", "url2": null, "内容": "ゆきの歯科医院【3:歯科】新潟県長岡市高畑町７６－１" }, "geometry": { "type": "Point", "coordinates": [ 138.866323, 37.423932 ] } },
{ "type": "Feature", "properties": { "ID": "153DESNX00070", "正式名称": "河田歯科醫院", "機関区分": 3, "都道府県コード": 15, "市区町村コード": 213, "所在地": "新潟県燕市吉田本所字本地９９－３", "緯度": 37.698222, "経度": 138.879175, "url": "https://www.iryou.teikyouseido.mhlw.go.jp/znk-web/juminkanja/S2430/initialize?prefCd=15&kikanCd=DESNX00070&kikanKbn=3", "url2": null, "内容": "河田歯科醫院【3:歯科】新潟県燕市吉田本所字本地９９－３" }, "geometry": { "type": "Point", "coordinates": [ 138.879175, 37.698222 ] } },
{ "type": "Feature", "properties": { "ID": "153DESNX00072", "正式名称": "吉川歯科医院", "機関区分": 3, "都道府県コード": 15, "市区町村コード": 202, "所在地": "新潟県長岡市川崎町７６５－１", "緯度": 37.462408, "経度": 138.865632, "url": "https://www.iryou.teikyouseido.mhlw.go.jp/znk-web/juminkanja/S2430/initialize?prefCd=15&kikanCd=DESNX00072&kikanKbn=3", "url2": null, "内容": "吉川歯科医院【3:歯科】新潟県長岡市川崎町７６５－１" }, "geometry": { "type": "Point", "coordinates": [ 138.865632, 37.462408 ] } },
{ "type": "Feature", "properties": { "ID": "153DESNX00073", "正式名称": "吉原歯科クリニック", "機関区分": 3, "都道府県コード": 15, "市区町村コード": 202, "所在地": "新潟県長岡市南七日町３０－８", "緯度": 37.444111, "経度": 138.80005, "url": "https://www.iryou.teikyouseido.mhlw.go.jp/znk-web/juminkanja/S2430/initialize?prefCd=15&kikanCd=DESNX00073&kikanKbn=3", "url2": null, "内容": "吉原歯科クリニック【3:歯科】新潟県長岡市南七日町３０－８" }, "geometry": { "type": "Point", "coordinates": [ 138.80005, 37.444111 ] } },
{ "type": "Feature", "properties": { "ID": "153DESNX00074", "正式名称": "米山歯科医院", "機関区分": 3, "都道府県コード": 15, "市区町村コード": 202, "所在地": "新潟県長岡市大島本町５－１１４－３", "緯度": 37.445031, "経度": 138.818723, "url": "https://www.iryou.teikyouseido.mhlw.go.jp/znk-web/juminkanja/S2430/initialize?prefCd=15&kikanCd=DESNX00074&kikanKbn=3", "url2": null, "内容": "米山歯科医院【3:歯科】新潟県長岡市大島本町５－１１４－３" }, "geometry": { "type": "Point", "coordinates": [ 138.818723, 37.445031 ] } },
{ "type": "Feature", "properties": { "ID": "153DESNX00075", "正式名称": "齋藤歯科医院", "機関区分": 3, "都道府県コード": 15, "市区町村コード": 213, "所在地": "新潟県燕市秋葉町４丁目６－２７", "緯度": 37.663227, "経度": 138.915049, "url": "https://www.iryou.teikyouseido.mhlw.go.jp/znk-web/juminkanja/S2430/initialize?prefCd=15&kikanCd=DESNX00075&kikanKbn=3", "url2": "https://tsubame-saito-shika.com/", "内容": "齋藤歯科医院【3:歯科】新潟県燕市秋葉町４丁目６－２７" }, "geometry": { "type": "Point", "coordinates": [ 138.915049, 37.663227 ] } },
{ "type": "Feature", "properties": { "ID": "153DESNX00076", "正式名称": "佐藤歯科医院", "機関区分": 3, "都道府県コード": 15, "市区町村コード": 213, "所在地": "新潟県燕市分水文京町２－１", "緯度": 37.633698, "経度": 138.841263, "url": "https://www.iryou.teikyouseido.mhlw.go.jp/znk-web/juminkanja/S2430/initialize?prefCd=15&kikanCd=DESNX00076&kikanKbn=3", "url2": null, "内容": "佐藤歯科医院【3:歯科】新潟県燕市分水文京町２－１" }, "geometry": { "type": "Point", "coordinates": [ 138.841263, 37.633698 ] } },
{ "type": "Feature", "properties": { "ID": "153DESNX00078", "正式名称": "長岡市山古志歯科診療所", "機関区分": 3, "都道府県コード": 15, "市区町村コード": 202, "所在地": "新潟県長岡市山古志竹沢甲２８３５番地", "緯度": 37.326167, "経度": 138.889895, "url": "https://www.iryou.teikyouseido.mhlw.go.jp/znk-web/juminkanja/S2430/initialize?prefCd=15&kikanCd=DESNX00078&kikanKbn=3", "url2": null, "内容": "長岡市山古志歯科診療所【3:歯科】新潟県長岡市山古志竹沢甲２８３５番地" }, "geometry": { "type": "Point", "coordinates": [ 138.889895, 37.326167 ] } },
{ "type": "Feature", "properties": { "ID": "153DESNX00079", "正式名称": "長岡市小国歯科診療所", "機関区分": 3, "都道府県コード": 15, "市区町村コード": 202, "所在地": "新潟県長岡市小国町七日町２６０７－６", "緯度": 37.319793, "経度": 138.717385, "url": "https://www.iryou.teikyouseido.mhlw.go.jp/znk-web/juminkanja/S2430/initialize?prefCd=15&kikanCd=DESNX00079&kikanKbn=3", "url2": null, "内容": "長岡市小国歯科診療所【3:歯科】新潟県長岡市小国町七日町２６０７－６" }, "geometry": { "type": "Point", "coordinates": [ 138.717385, 37.319793 ] } },
{ "type": "Feature", "properties": { "ID": "153DESNX00080", "正式名称": "かわうち歯科医院", "機関区分": 3, "都道府県コード": 15, "市区町村コード": 202, "所在地": "新潟県長岡市脇野町２１３６", "緯度": 37.499086, "経度": 138.783685, "url": "https://www.iryou.teikyouseido.mhlw.go.jp/znk-web/juminkanja/S2430/initialize?prefCd=15&kikanCd=DESNX00080&kikanKbn=3", "url2": null, "内容": "かわうち歯科医院【3:歯科】新潟県長岡市脇野町２１３６" }, "geometry": { "type": "Point", "coordinates": [ 138.783685, 37.499086 ] } },
{ "type": "Feature", "properties": { "ID": "153DESNX00082", "正式名称": "和田歯科医院", "機関区分": 3, "都道府県コード": 15, "市区町村コード": 202, "所在地": "新潟県長岡市三島新保字杉ノ木３０８２", "緯度": 37.490331, "経度": 138.801605, "url": "https://www.iryou.teikyouseido.mhlw.go.jp/znk-web/juminkanja/S2430/initialize?prefCd=15&kikanCd=DESNX00082&kikanKbn=3", "url2": null, "内容": "和田歯科医院【3:歯科】新潟県長岡市三島新保字杉ノ木３０８２" }, "geometry": { "type": "Point", "coordinates": [ 138.801605, 37.490331 ] } },
{ "type": "Feature", "properties": { "ID": "153DESNX00083", "正式名称": "すずらん歯科医院", "機関区分": 3, "都道府県コード": 15, "市区町村コード": 202, "所在地": "新潟県長岡市来迎寺２３９４", "緯度": 37.399008, "経度": 138.790858, "url": "https://www.iryou.teikyouseido.mhlw.go.jp/znk-web/juminkanja/S2430/initialize?prefCd=15&kikanCd=DESNX00083&kikanKbn=3", "url2": null, "内容": "すずらん歯科医院【3:歯科】新潟県長岡市来迎寺２３９４" }, "geometry": { "type": "Point", "coordinates": [ 138.790858, 37.399008 ] } },
{ "type": "Feature", "properties": { "ID": "153DESNX00084", "正式名称": "永井歯科医院", "機関区分": 3, "都道府県コード": 15, "市区町村コード": 202, "所在地": "新潟県長岡市来迎寺３８６２", "緯度": 37.394741, "経度": 138.783953, "url": "https://www.iryou.teikyouseido.mhlw.go.jp/znk-web/juminkanja/S2430/initialize?prefCd=15&kikanCd=DESNX00084&kikanKbn=3", "url2": null, "内容": "永井歯科医院【3:歯科】新潟県長岡市来迎寺３８６２" }, "geometry": { "type": "Point", "coordinates": [ 138.783953, 37.394741 ] } },
{ "type": "Feature", "properties": { "ID": "153DESNX00085", "正式名称": "田邊歯科医院", "機関区分": 3, "都道府県コード": 15, "市区町村コード": 213, "所在地": "新潟県燕市大川津１１２６－１０", "緯度": 37.616768, "経度": 138.845844, "url": "https://www.iryou.teikyouseido.mhlw.go.jp/znk-web/juminkanja/S2430/initialize?prefCd=15&kikanCd=DESNX00085&kikanKbn=3", "url2": null, "内容": "田邊歯科医院【3:歯科】新潟県燕市大川津１１２６－１０" }, "geometry": { "type": "Point", "coordinates": [ 138.845844, 37.616768 ] } },
{ "type": "Feature", "properties": { "ID": "153DESNX00086", "正式名称": "筒井歯科医院", "機関区分": 3, "都道府県コード": 15, "市区町村コード": 213, "所在地": "新潟県燕市本町２丁目３番１０号", "緯度": 37.666321, "経度": 138.928564, "url": "https://www.iryou.teikyouseido.mhlw.go.jp/znk-web/juminkanja/S2430/initialize?prefCd=15&kikanCd=DESNX00086&kikanKbn=3", "url2": null, "内容": "筒井歯科医院【3:歯科】新潟県燕市本町２丁目３番１０号" }, "geometry": { "type": "Point", "coordinates": [ 138.928564, 37.666321 ] } },
{ "type": "Feature", "properties": { "ID": "153DESNX00088", "正式名称": "さかいデンタルクリニック", "機関区分": 3, "都道府県コード": 15, "市区町村コード": 202, "所在地": "新潟県長岡市金町２－３－２７", "緯度": 37.48106, "経度": 138.994394, "url": "https://www.iryou.teikyouseido.mhlw.go.jp/znk-web/juminkanja/S2430/initialize?prefCd=15&kikanCd=DESNX00088&kikanKbn=3", "url2": null, "内容": "さかいデンタルクリニック【3:歯科】新潟県長岡市金町２－３－２７" }, "geometry": { "type": "Point", "coordinates": [ 138.994394, 37.48106 ] } },
{ "type": "Feature", "properties": { "ID": "153DESNX00089", "正式名称": "なかじま歯科医院", "機関区分": 3, "都道府県コード": 15, "市区町村コード": 213, "所在地": "新潟県燕市分水学校町１－１－１９", "緯度": 37.627394, "経度": 138.845741, "url": "https://www.iryou.teikyouseido.mhlw.go.jp/znk-web/juminkanja/S2430/initialize?prefCd=15&kikanCd=DESNX00089&kikanKbn=3", "url2": null, "内容": "なかじま歯科医院【3:歯科】新潟県燕市分水学校町１－１－１９" }, "geometry": { "type": "Point", "coordinates": [ 138.845741, 37.627394 ] } },
{ "type": "Feature", "properties": { "ID": "153DESNX00091", "正式名称": "歯のお医者さんしらとり", "機関区分": 3, "都道府県コード": 15, "市区町村コード": 213, "所在地": "新潟県燕市吉田３７３８－２", "緯度": 37.698611, "経度": 138.885428, "url": "https://www.iryou.teikyouseido.mhlw.go.jp/znk-web/juminkanja/S2430/initialize?prefCd=15&kikanCd=DESNX00091&kikanKbn=3", "url2": null, "内容": "歯のお医者さんしらとり【3:歯科】新潟県燕市吉田３７３８－２" }, "geometry": { "type": "Point", "coordinates": [ 138.885428, 37.698611 ] } },
{ "type": "Feature", "properties": { "ID": "153DESNX00092", "正式名称": "おぐろ歯科医院", "機関区分": 3, "都道府県コード": 15, "市区町村コード": 202, "所在地": "新潟県長岡市寺泊吉３６４－８", "緯度": 37.634826, "経度": 138.783171, "url": "https://www.iryou.teikyouseido.mhlw.go.jp/znk-web/juminkanja/S2430/initialize?prefCd=15&kikanCd=DESNX00092&kikanKbn=3", "url2": null, "内容": "おぐろ歯科医院【3:歯科】新潟県長岡市寺泊吉３６４－８" }, "geometry": { "type": "Point", "coordinates": [ 138.783171, 37.634826 ] } },
{ "type": "Feature", "properties": { "ID": "153DESNX00093", "正式名称": "桐原歯科医院", "機関区分": 3, "都道府県コード": 15, "市区町村コード": 202, "所在地": "新潟県長岡市寺泊五分一２８６２－１", "緯度": 37.602897, "経度": 138.793745, "url": "https://www.iryou.teikyouseido.mhlw.go.jp/znk-web/juminkanja/S2430/initialize?prefCd=15&kikanCd=DESNX00093&kikanKbn=3", "url2": null, "内容": "桐原歯科医院【3:歯科】新潟県長岡市寺泊五分一２８６２－１" }, "geometry": { "type": "Point", "coordinates": [ 138.793745, 37.602897 ] } },
{ "type": "Feature", "properties": { "ID": "153DESNX00094", "正式名称": "桑原歯科医院", "機関区分": 3, "都道府県コード": 15, "市区町村コード": 202, "所在地": "新潟県長岡市寺泊白岩７２２０－３", "緯度": 37.656028, "経度": 138.777793, "url": "https://www.iryou.teikyouseido.mhlw.go.jp/znk-web/juminkanja/S2430/initialize?prefCd=15&kikanCd=DESNX00094&kikanKbn=3", "url2": null, "内容": "桑原歯科医院【3:歯科】新潟県長岡市寺泊白岩７２２０－３" }, "geometry": { "type": "Point", "coordinates": [ 138.777793, 37.656028 ] } },
{ "type": "Feature", "properties": { "ID": "153DESNX00095", "正式名称": "美樹歯科クリニック", "機関区分": 3, "都道府県コード": 15, "市区町村コード": 213, "所在地": "新潟県燕市水道町４－４８４－１", "緯度": 37.660652, "経度": 138.913254, "url": "https://www.iryou.teikyouseido.mhlw.go.jp/znk-web/juminkanja/S2430/initialize?prefCd=15&kikanCd=DESNX00095&kikanKbn=3", "url2": null, "内容": "美樹歯科クリニック【3:歯科】新潟県燕市水道町４－４８４－１" }, "geometry": { "type": "Point", "coordinates": [ 138.913254, 37.660652 ] } },
{ "type": "Feature", "properties": { "ID": "153DESNX00096", "正式名称": "歯科斎藤医院", "機関区分": 3, "都道府県コード": 15, "市区町村コード": 202, "所在地": "新潟県長岡市寺泊北曽根２１６７－１", "緯度": 37.616953, "経度": 138.82205, "url": "https://www.iryou.teikyouseido.mhlw.go.jp/znk-web/juminkanja/S2430/initialize?prefCd=15&kikanCd=DESNX00096&kikanKbn=3", "url2": null, "内容": "歯科斎藤医院【3:歯科】新潟県長岡市寺泊北曽根２１６７－１" }, "geometry": { "type": "Point", "coordinates": [ 138.82205, 37.616953 ] } },
{ "type": "Feature", "properties": { "ID": "153DESNX00097", "正式名称": "八子歯科医院", "機関区分": 3, "都道府県コード": 15, "市区町村コード": 213, "所在地": "新潟県燕市五千石３６４９番地１", "緯度": 37.620736, "経度": 138.841238, "url": "https://www.iryou.teikyouseido.mhlw.go.jp/znk-web/juminkanja/S2430/initialize?prefCd=15&kikanCd=DESNX00097&kikanKbn=3", "url2": null, "内容": "八子歯科医院【3:歯科】新潟県燕市五千石３６４９番地１" }, "geometry": { "type": "Point", "coordinates": [ 138.841238, 37.620736 ] } },
{ "type": "Feature", "properties": { "ID": "153DESNX00098", "正式名称": "よしだ歯科クリニック", "機関区分": 3, "都道府県コード": 15, "市区町村コード": 213, "所在地": "新潟県燕市吉田浜首町２９－１８", "緯度": 37.691865, "経度": 138.870148, "url": "https://www.iryou.teikyouseido.mhlw.go.jp/znk-web/juminkanja/S2430/initialize?prefCd=15&kikanCd=DESNX00098&kikanKbn=3", "url2": null, "内容": "よしだ歯科クリニック【3:歯科】新潟県燕市吉田浜首町２９－１８" }, "geometry": { "type": "Point", "coordinates": [ 138.870148, 37.691865 ] } },
{ "type": "Feature", "properties": { "ID": "153DESNX00099", "正式名称": "渡部歯科医院", "機関区分": 3, "都道府県コード": 15, "市区町村コード": 213, "所在地": "新潟県燕市吉田２７８０－２", "緯度": 37.693641, "経度": 138.8863, "url": "https://www.iryou.teikyouseido.mhlw.go.jp/znk-web/juminkanja/S2430/initialize?prefCd=15&kikanCd=DESNX00099&kikanKbn=3", "url2": null, "内容": "渡部歯科医院【3:歯科】新潟県燕市吉田２７８０－２" }, "geometry": { "type": "Point", "coordinates": [ 138.8863, 37.693641 ] } },
{ "type": "Feature", "properties": { "ID": "153DESNX00100", "正式名称": "わたべ歯科クリニック", "機関区分": 3, "都道府県コード": 15, "市区町村コード": 213, "所在地": "新潟県燕市東太田１２０４－２", "緯度": 37.678548, "経度": 138.935931, "url": "https://www.iryou.teikyouseido.mhlw.go.jp/znk-web/juminkanja/S2430/initialize?prefCd=15&kikanCd=DESNX00100&kikanKbn=3", "url2": null, "内容": "わたべ歯科クリニック【3:歯科】新潟県燕市東太田１２０４－２" }, "geometry": { "type": "Point", "coordinates": [ 138.935931, 37.678548 ] } },
{ "type": "Feature", "properties": { "ID": "153DESNX00101", "正式名称": "川名歯科医院", "機関区分": 3, "都道府県コード": 15, "市区町村コード": 361, "所在地": "新潟県南蒲原郡田上町大字川船河甲１０７３番地１７", "緯度": 37.679668, "経度": 139.061089, "url": "https://www.iryou.teikyouseido.mhlw.go.jp/znk-web/juminkanja/S2430/initialize?prefCd=15&kikanCd=DESNX00101&kikanKbn=3", "url2": null, "内容": "川名歯科医院【3:歯科】新潟県南蒲原郡田上町大字川船河甲１０７３番地１７" }, "geometry": { "type": "Point", "coordinates": [ 139.061089, 37.679668 ] } },
{ "type": "Feature", "properties": { "ID": "153DESNX00102", "正式名称": "櫻木歯科医院", "機関区分": 3, "都道府県コード": 15, "市区町村コード": 361, "所在地": "新潟県南蒲原郡田上町田上町田上丙１２０９－８", "緯度": 37.711602, "経度": 139.073731, "url": "https://www.iryou.teikyouseido.mhlw.go.jp/znk-web/juminkanja/S2430/initialize?prefCd=15&kikanCd=DESNX00102&kikanKbn=3", "url2": null, "内容": "櫻木歯科医院【3:歯科】新潟県南蒲原郡田上町田上町田上丙１２０９－８" }, "geometry": { "type": "Point", "coordinates": [ 139.073731, 37.711602 ] } },
{ "type": "Feature", "properties": { "ID": "153DESNX00103", "正式名称": "潤歯科", "機関区分": 3, "都道府県コード": 15, "市区町村コード": 361, "所在地": "新潟県南蒲原郡田上町原ケ崎新田２０１９－４", "緯度": 37.696758, "経度": 139.063039, "url": "https://www.iryou.teikyouseido.mhlw.go.jp/znk-web/juminkanja/S2430/initialize?prefCd=15&kikanCd=DESNX00103&kikanKbn=3", "url2": null, "内容": "潤歯科【3:歯科】新潟県南蒲原郡田上町原ケ崎新田２０１９－４" }, "geometry": { "type": "Point", "coordinates": [ 139.063039, 37.696758 ] } },
{ "type": "Feature", "properties": { "ID": "153DESNX00104", "正式名称": "坂田歯科医院", "機関区分": 3, "都道府県コード": 15, "市区町村コード": 211, "所在地": "新潟県見附市新町２丁目１－４４", "緯度": 37.527158, "経度": 138.919729, "url": "https://www.iryou.teikyouseido.mhlw.go.jp/znk-web/juminkanja/S2430/initialize?prefCd=15&kikanCd=DESNX00104&kikanKbn=3", "url2": null, "内容": "坂田歯科医院【3:歯科】新潟県見附市新町２丁目１－４４" }, "geometry": { "type": "Point", "coordinates": [ 138.919729, 37.527158 ] } },
{ "type": "Feature", "properties": { "ID": "153DESNX00105", "正式名称": "さくら歯科医院", "機関区分": 3, "都道府県コード": 15, "市区町村コード": 211, "所在地": "新潟県見附市本町１－４－７", "緯度": 37.528271, "経度": 138.923048, "url": "https://www.iryou.teikyouseido.mhlw.go.jp/znk-web/juminkanja/S2430/initialize?prefCd=15&kikanCd=DESNX00105&kikanKbn=3", "url2": null, "内容": "さくら歯科医院【3:歯科】新潟県見附市本町１－４－７" }, "geometry": { "type": "Point", "coordinates": [ 138.923048, 37.528271 ] } },
{ "type": "Feature", "properties": { "ID": "153DESNX00106", "正式名称": "末広歯科", "機関区分": 3, "都道府県コード": 15, "市区町村コード": 211, "所在地": "新潟県見附市本町４丁目２番３７号", "緯度": 37.52972, "経度": 138.925516, "url": "https://www.iryou.teikyouseido.mhlw.go.jp/znk-web/juminkanja/S2430/initialize?prefCd=15&kikanCd=DESNX00106&kikanKbn=3", "url2": null, "内容": "末広歯科【3:歯科】新潟県見附市本町４丁目２番３７号" }, "geometry": { "type": "Point", "coordinates": [ 138.925516, 37.52972 ] } },
{ "type": "Feature", "properties": { "ID": "153DESNX00107", "正式名称": "田村歯科医院", "機関区分": 3, "都道府県コード": 15, "市区町村コード": 342, "所在地": "新潟県西蒲原郡弥彦村弥彦２３６６−３", "緯度": 37.701224, "経度": 138.825259, "url": "https://www.iryou.teikyouseido.mhlw.go.jp/znk-web/juminkanja/S2430/initialize?prefCd=15&kikanCd=DESNX00107&kikanKbn=3", "url2": null, "内容": "田村歯科医院【3:歯科】新潟県西蒲原郡弥彦村弥彦２３６６−３" }, "geometry": { "type": "Point", "coordinates": [ 138.825259, 37.701224 ] } },
{ "type": "Feature", "properties": { "ID": "153DESNX00108", "正式名称": "こもれびの森歯科医院", "機関区分": 3, "都道府県コード": 15, "市区町村コード": 204, "所在地": "新潟県三条市荒町２－２５－７０", "緯度": 37.64256, "経度": 138.955466, "url": "https://www.iryou.teikyouseido.mhlw.go.jp/znk-web/juminkanja/S2430/initialize?prefCd=15&kikanCd=DESNX00108&kikanKbn=3", "url2": null, "内容": "こもれびの森歯科医院【3:歯科】新潟県三条市荒町２－２５－７０" }, "geometry": { "type": "Point", "coordinates": [ 138.955466, 37.64256 ] } },
{ "type": "Feature", "properties": { "ID": "153DESNX00109", "正式名称": "中島歯科医院", "機関区分": 3, "都道府県コード": 15, "市区町村コード": 211, "所在地": "新潟県見附市元町２－１－１８", "緯度": 37.534186, "経度": 138.92906, "url": "https://www.iryou.teikyouseido.mhlw.go.jp/znk-web/juminkanja/S2430/initialize?prefCd=15&kikanCd=DESNX00109&kikanKbn=3", "url2": null, "内容": "中島歯科医院【3:歯科】新潟県見附市元町２－１－１８" }, "geometry": { "type": "Point", "coordinates": [ 138.92906, 37.534186 ] } },
{ "type": "Feature", "properties": { "ID": "153DESNX00110", "正式名称": "西澤歯科クリニック", "機関区分": 3, "都道府県コード": 15, "市区町村コード": 211, "所在地": "新潟県見附市柳橋町２６６ー１５", "緯度": 37.542433, "経度": 138.900432, "url": "https://www.iryou.teikyouseido.mhlw.go.jp/znk-web/juminkanja/S2430/initialize?prefCd=15&kikanCd=DESNX00110&kikanKbn=3", "url2": null, "内容": "西澤歯科クリニック【3:歯科】新潟県見附市柳橋町２６６ー１５" }, "geometry": { "type": "Point", "coordinates": [ 138.900432, 37.542433 ] } },
{ "type": "Feature", "properties": { "ID": "153DESNX00111", "正式名称": "はやかわ歯科医院", "機関区分": 3, "都道府県コード": 15, "市区町村コード": 211, "所在地": "新潟県見附市今町４丁目１０－２１", "緯度": 37.546333, "経度": 138.891846, "url": "https://www.iryou.teikyouseido.mhlw.go.jp/znk-web/juminkanja/S2430/initialize?prefCd=15&kikanCd=DESNX00111&kikanKbn=3", "url2": null, "内容": "はやかわ歯科医院【3:歯科】新潟県見附市今町４丁目１０－２１" }, "geometry": { "type": "Point", "coordinates": [ 138.891846, 37.546333 ] } },
{ "type": "Feature", "properties": { "ID": "153DESNX00112", "正式名称": "ひまわり歯科", "機関区分": 3, "都道府県コード": 15, "市区町村コード": 211, "所在地": "新潟県見附市新町３－１１－２４", "緯度": 37.523937, "経度": 138.917831, "url": "https://www.iryou.teikyouseido.mhlw.go.jp/znk-web/juminkanja/S2430/initialize?prefCd=15&kikanCd=DESNX00112&kikanKbn=3", "url2": null, "内容": "ひまわり歯科【3:歯科】新潟県見附市新町３－１１－２４" }, "geometry": { "type": "Point", "coordinates": [ 138.917831, 37.523937 ] } },
{ "type": "Feature", "properties": { "ID": "153DESNX00115", "正式名称": "やまざき歯科医院", "機関区分": 3, "都道府県コード": 15, "市区町村コード": 211, "所在地": "新潟県見附市本町２丁目２番７号山崎ビル２階", "緯度": 37.527017, "経度": 138.925256, "url": "https://www.iryou.teikyouseido.mhlw.go.jp/znk-web/juminkanja/S2430/initialize?prefCd=15&kikanCd=DESNX00115&kikanKbn=3", "url2": null, "内容": "やまざき歯科医院【3:歯科】新潟県見附市本町２丁目２番７号山崎ビル２階" }, "geometry": { "type": "Point", "coordinates": [ 138.925256, 37.527017 ] } },
{ "type": "Feature", "properties": { "ID": "153DESNX00116", "正式名称": "山田歯科医院", "機関区分": 3, "都道府県コード": 15, "市区町村コード": 211, "所在地": "新潟県見附市上新田町４２９－２５", "緯度": 37.543187, "経度": 138.886581, "url": "https://www.iryou.teikyouseido.mhlw.go.jp/znk-web/juminkanja/S2430/initialize?prefCd=15&kikanCd=DESNX00116&kikanKbn=3", "url2": "http://www.niigata-clinic.com/", "内容": "山田歯科医院【3:歯科】新潟県見附市上新田町４２９－２５" }, "geometry": { "type": "Point", "coordinates": [ 138.886581, 37.543187 ] } },
{ "type": "Feature", "properties": { "ID": "153DESNX00117", "正式名称": "山本歯科医院", "機関区分": 3, "都道府県コード": 15, "市区町村コード": 211, "所在地": "新潟県見附市新町１－９－３２", "緯度": 37.526887, "経度": 138.921812, "url": "https://www.iryou.teikyouseido.mhlw.go.jp/znk-web/juminkanja/S2430/initialize?prefCd=15&kikanCd=DESNX00117&kikanKbn=3", "url2": null, "内容": "山本歯科医院【3:歯科】新潟県見附市新町１－９－３２" }, "geometry": { "type": "Point", "coordinates": [ 138.921812, 37.526887 ] } },
{ "type": "Feature", "properties": { "ID": "153DESNX00118", "正式名称": "堀井スマイル歯科", "機関区分": 3, "都道府県コード": 15, "市区町村コード": 202, "所在地": "新潟県長岡市下柳２－５－３８", "緯度": 37.472378, "経度": 138.834118, "url": "https://www.iryou.teikyouseido.mhlw.go.jp/znk-web/juminkanja/S2430/initialize?prefCd=15&kikanCd=DESNX00118&kikanKbn=3", "url2": null, "内容": "堀井スマイル歯科【3:歯科】新潟県長岡市下柳２－５－３８" }, "geometry": { "type": "Point", "coordinates": [ 138.834118, 37.472378 ] } },
{ "type": "Feature", "properties": { "ID": "153DESNX00119", "正式名称": "たぐち歯科クリニック", "機関区分": 3, "都道府県コード": 15, "市区町村コード": 202, "所在地": "新潟県長岡市美沢３－６３７", "緯度": 37.442676, "経度": 138.868402, "url": "https://www.iryou.teikyouseido.mhlw.go.jp/znk-web/juminkanja/S2430/initialize?prefCd=15&kikanCd=DESNX00119&kikanKbn=3", "url2": null, "内容": "たぐち歯科クリニック【3:歯科】新潟県長岡市美沢３－６３７" }, "geometry": { "type": "Point", "coordinates": [ 138.868402, 37.442676 ] } },
{ "type": "Feature", "properties": { "ID": "153DESNX00120", "正式名称": "佐藤歯科医院", "機関区分": 3, "都道府県コード": 15, "市区町村コード": 208, "所在地": "新潟県小千谷市平成１－４－７", "緯度": 37.309163, "経度": 138.794286, "url": "https://www.iryou.teikyouseido.mhlw.go.jp/znk-web/juminkanja/S2430/initialize?prefCd=15&kikanCd=DESNX00120&kikanKbn=3", "url2": null, "内容": "佐藤歯科医院【3:歯科】新潟県小千谷市平成１－４－７" }, "geometry": { "type": "Point", "coordinates": [ 138.794286, 37.309163 ] } },
{ "type": "Feature", "properties": { "ID": "153DESNX00121", "正式名称": "安部歯科医院", "機関区分": 3, "都道府県コード": 15, "市区町村コード": 208, "所在地": "新潟県小千谷市片貝町６５１３", "緯度": 37.369109, "経度": 138.776044, "url": "https://www.iryou.teikyouseido.mhlw.go.jp/znk-web/juminkanja/S2430/initialize?prefCd=15&kikanCd=DESNX00121&kikanKbn=3", "url2": null, "内容": "安部歯科医院【3:歯科】新潟県小千谷市片貝町６５１３" }, "geometry": { "type": "Point", "coordinates": [ 138.776044, 37.369109 ] } },
{ "type": "Feature", "properties": { "ID": "153DESNX00123", "正式名称": "城内歯科医院", "機関区分": 3, "都道府県コード": 15, "市区町村コード": 208, "所在地": "新潟県小千谷市城内１－１４－２", "緯度": 37.31218, "経度": 138.793824, "url": "https://www.iryou.teikyouseido.mhlw.go.jp/znk-web/juminkanja/S2430/initialize?prefCd=15&kikanCd=DESNX00123&kikanKbn=3", "url2": "http://jounaishika.sakura.ne.jp", "内容": "城内歯科医院【3:歯科】新潟県小千谷市城内１－１４－２" }, "geometry": { "type": "Point", "coordinates": [ 138.793824, 37.31218 ] } },
{ "type": "Feature", "properties": { "ID": "153DESNX00124", "正式名称": "野沢歯科医院", "機関区分": 3, "都道府県コード": 15, "市区町村コード": 208, "所在地": "新潟県小千谷市栄町９－７", "緯度": 37.299184, "経度": 138.799559, "url": "https://www.iryou.teikyouseido.mhlw.go.jp/znk-web/juminkanja/S2430/initialize?prefCd=15&kikanCd=DESNX00124&kikanKbn=3", "url2": "www.nozawa.dr-clinic.jp", "内容": "野沢歯科医院【3:歯科】新潟県小千谷市栄町９－７" }, "geometry": { "type": "Point", "coordinates": [ 138.799559, 37.299184 ] } },
{ "type": "Feature", "properties": { "ID": "153DESNX00125", "正式名称": "星野歯科医院", "機関区分": 3, "都道府県コード": 15, "市区町村コード": 208, "所在地": "新潟県小千谷市千谷川４－７４１－２", "緯度": 37.319795, "経度": 138.798147, "url": "https://www.iryou.teikyouseido.mhlw.go.jp/znk-web/juminkanja/S2430/initialize?prefCd=15&kikanCd=DESNX00125&kikanKbn=3", "url2": null, "内容": "星野歯科医院【3:歯科】新潟県小千谷市千谷川４－７４１－２" }, "geometry": { "type": "Point", "coordinates": [ 138.798147, 37.319795 ] } },
{ "type": "Feature", "properties": { "ID": "153DESNX00126", "正式名称": "阿部歯科医院", "機関区分": 3, "都道府県コード": 15, "市区町村コード": 208, "所在地": "新潟県小千谷市城内２丁目９番１１号", "緯度": 37.315273, "経度": 138.796076, "url": "https://www.iryou.teikyouseido.mhlw.go.jp/znk-web/juminkanja/S2430/initialize?prefCd=15&kikanCd=DESNX00126&kikanKbn=3", "url2": "https://www.abedentalclinic.info/", "内容": "阿部歯科医院【3:歯科】新潟県小千谷市城内２丁目９番１１号" }, "geometry": { "type": "Point", "coordinates": [ 138.796076, 37.315273 ] } },
{ "type": "Feature", "properties": { "ID": "153DESNX00127", "正式名称": "わかば歯科", "機関区分": 3, "都道府県コード": 15, "市区町村コード": 208, "所在地": "新潟県小千谷市若葉２－１０１", "緯度": 37.305915, "経度": 138.782297, "url": "https://www.iryou.teikyouseido.mhlw.go.jp/znk-web/juminkanja/S2430/initialize?prefCd=15&kikanCd=DESNX00127&kikanKbn=3", "url2": null, "内容": "わかば歯科【3:歯科】新潟県小千谷市若葉２－１０１" }, "geometry": { "type": "Point", "coordinates": [ 138.782297, 37.305915 ] } },
{ "type": "Feature", "properties": { "ID": "153DESNX00128", "正式名称": "平和歯科医院", "機関区分": 3, "都道府県コード": 15, "市区町村コード": 208, "所在地": "新潟県小千谷市桜町４９８９－２", "緯度": 37.312526, "経度": 138.785501, "url": "https://www.iryou.teikyouseido.mhlw.go.jp/znk-web/juminkanja/S2430/initialize?prefCd=15&kikanCd=DESNX00128&kikanKbn=3", "url2": "www.heiwa-dc.jp", "内容": "平和歯科医院【3:歯科】新潟県小千谷市桜町４９８９－２" }, "geometry": { "type": "Point", "coordinates": [ 138.785501, 37.312526 ] } },
{ "type": "Feature", "properties": { "ID": "153DESNX00130", "正式名称": "なおえ歯科クリニック", "機関区分": 3, "都道府県コード": 15, "市区町村コード": 208, "所在地": "新潟県小千谷市三仏生３４８９－２ベイシア小千谷店", "緯度": 37.333201, "経度": 138.811543, "url": "https://www.iryou.teikyouseido.mhlw.go.jp/znk-web/juminkanja/S2430/initialize?prefCd=15&kikanCd=DESNX00130&kikanKbn=3", "url2": null, "内容": "なおえ歯科クリニック【3:歯科】新潟県小千谷市三仏生３４８９－２ベイシア小千谷店" }, "geometry": { "type": "Point", "coordinates": [ 138.811543, 37.333201 ] } },
{ "type": "Feature", "properties": { "ID": "153DESNX00132", "正式名称": "鈴木歯科医院", "機関区分": 3, "都道府県コード": 15, "市区町村コード": 208, "所在地": "新潟県小千谷市片貝町５２４８", "緯度": 37.366511, "経度": 138.776698, "url": "https://www.iryou.teikyouseido.mhlw.go.jp/znk-web/juminkanja/S2430/initialize?prefCd=15&kikanCd=DESNX00132&kikanKbn=3", "url2": null, "内容": "鈴木歯科医院【3:歯科】新潟県小千谷市片貝町５２４８" }, "geometry": { "type": "Point", "coordinates": [ 138.776698, 37.366511 ] } },
{ "type": "Feature", "properties": { "ID": "153DESNX00134", "正式名称": "あおやぎ歯科クリニック", "機関区分": 3, "都道府県コード": 15, "市区町村コード": 202, "所在地": "新潟県長岡市今朝白１－４－１", "緯度": 37.445864, "経度": 138.860076, "url": "https://www.iryou.teikyouseido.mhlw.go.jp/znk-web/juminkanja/S2430/initialize?prefCd=15&kikanCd=DESNX00134&kikanKbn=3", "url2": null, "内容": "あおやぎ歯科クリニック【3:歯科】新潟県長岡市今朝白１－４－１" }, "geometry": { "type": "Point", "coordinates": [ 138.860076, 37.445864 ] } },
{ "type": "Feature", "properties": { "ID": "153DESNX00135", "正式名称": "えぐち歯科クリニック", "機関区分": 3, "都道府県コード": 15, "市区町村コード": 202, "所在地": "新潟県長岡市中島５丁目１－１９", "緯度": 37.45324, "経度": 138.848406, "url": "https://www.iryou.teikyouseido.mhlw.go.jp/znk-web/juminkanja/S2430/initialize?prefCd=15&kikanCd=DESNX00135&kikanKbn=3", "url2": "www.eguchi-dc.com", "内容": "えぐち歯科クリニック【3:歯科】新潟県長岡市中島５丁目１－１９" }, "geometry": { "type": "Point", "coordinates": [ 138.848406, 37.45324 ] } },
{ "type": "Feature", "properties": { "ID": "153DESNX00136", "正式名称": "さつき歯科医院", "機関区分": 3, "都道府県コード": 15, "市区町村コード": 202, "所在地": "新潟県長岡市川崎６丁目７８３９ー１", "緯度": 37.454891, "経度": 138.871295, "url": "https://www.iryou.teikyouseido.mhlw.go.jp/znk-web/juminkanja/S2430/initialize?prefCd=15&kikanCd=DESNX00136&kikanKbn=3", "url2": null, "内容": "さつき歯科医院【3:歯科】新潟県長岡市川崎６丁目７８３９ー１" }, "geometry": { "type": "Point", "coordinates": [ 138.871295, 37.454891 ] } },
{ "type": "Feature", "properties": { "ID": "153DESNX00137", "正式名称": "とちお歯科クリニック", "機関区分": 3, "都道府県コード": 15, "市区町村コード": 202, "所在地": "新潟県長岡市新栄町２丁目３－３５", "緯度": 37.487768, "経度": 138.996958, "url": "https://www.iryou.teikyouseido.mhlw.go.jp/znk-web/juminkanja/S2430/initialize?prefCd=15&kikanCd=DESNX00137&kikanKbn=3", "url2": "https://www.tochioshika-clinic.com/", "内容": "とちお歯科クリニック【3:歯科】新潟県長岡市新栄町２丁目３－３５" }, "geometry": { "type": "Point", "coordinates": [ 138.996958, 37.487768 ] } },
{ "type": "Feature", "properties": { "ID": "153DESNX00138", "正式名称": "たなか歯科", "機関区分": 3, "都道府県コード": 15, "市区町村コード": 202, "所在地": "新潟県長岡市錦１－５－５", "緯度": 37.429777, "経度": 138.856514, "url": "https://www.iryou.teikyouseido.mhlw.go.jp/znk-web/juminkanja/S2430/initialize?prefCd=15&kikanCd=DESNX00138&kikanKbn=3", "url2": "tanakasika-nagaoka.com", "内容": "たなか歯科【3:歯科】新潟県長岡市錦１－５－５" }, "geometry": { "type": "Point", "coordinates": [ 138.856514, 37.429777 ] } },
{ "type": "Feature", "properties": { "ID": "153DESNX00139", "正式名称": "中央歯科", "機関区分": 3, "都道府県コード": 15, "市区町村コード": 202, "所在地": "新潟県長岡市新保６－２５０", "緯度": 37.469065, "経度": 138.867051, "url": "https://www.iryou.teikyouseido.mhlw.go.jp/znk-web/juminkanja/S2430/initialize?prefCd=15&kikanCd=DESNX00139&kikanKbn=3", "url2": "https://www.chuuoushika.com", "内容": "中央歯科【3:歯科】新潟県長岡市新保６－２５０" }, "geometry": { "type": "Point", "coordinates": [ 138.867051, 37.469065 ] } },
{ "type": "Feature", "properties": { "ID": "153DESNX00140", "正式名称": "杉村歯科医院", "機関区分": 3, "都道府県コード": 15, "市区町村コード": 208, "所在地": "新潟県小千谷市城内１－４－１８", "緯度": 37.312908, "経度": 138.797854, "url": "https://www.iryou.teikyouseido.mhlw.go.jp/znk-web/juminkanja/S2430/initialize?prefCd=15&kikanCd=DESNX00140&kikanKbn=3", "url2": null, "内容": "杉村歯科医院【3:歯科】新潟県小千谷市城内１－４－１８" }, "geometry": { "type": "Point", "coordinates": [ 138.797854, 37.312908 ] } },
{ "type": "Feature", "properties": { "ID": "153DESNX00141", "正式名称": "速水歯科医院", "機関区分": 3, "都道府県コード": 15, "市区町村コード": 211, "所在地": "新潟県見附市昭和町２－９－７", "緯度": 37.529961, "経度": 138.910359, "url": "https://www.iryou.teikyouseido.mhlw.go.jp/znk-web/juminkanja/S2430/initialize?prefCd=15&kikanCd=DESNX00141&kikanKbn=3", "url2": null, "内容": "速水歯科医院【3:歯科】新潟県見附市昭和町２－９－７" }, "geometry": { "type": "Point", "coordinates": [ 138.910359, 37.529961 ] } },
{ "type": "Feature", "properties": { "ID": "153DESNX00142", "正式名称": "近藤歯科医院", "機関区分": 3, "都道府県コード": 15, "市区町村コード": 202, "所在地": "新潟県長岡市学校町３－１１－２", "緯度": 37.444263, "経度": 138.858366, "url": "https://www.iryou.teikyouseido.mhlw.go.jp/znk-web/juminkanja/S2430/initialize?prefCd=15&kikanCd=DESNX00142&kikanKbn=3", "url2": null, "内容": "近藤歯科医院【3:歯科】新潟県長岡市学校町３－１１－２" }, "geometry": { "type": "Point", "coordinates": [ 138.858366, 37.444263 ] } },
{ "type": "Feature", "properties": { "ID": "153DESNX00143", "正式名称": "生協ながおかデンタルクリニック", "機関区分": 3, "都道府県コード": 15, "市区町村コード": 202, "所在地": "新潟県長岡市沢田１－２－１", "緯度": 37.425474, "経度": 138.845428, "url": "https://www.iryou.teikyouseido.mhlw.go.jp/znk-web/juminkanja/S2430/initialize?prefCd=15&kikanCd=DESNX00143&kikanKbn=3", "url2": "http://www.nagaoka-iryou-seikyou.jp/clinic_dental/", "内容": "生協ながおかデンタルクリニック【3:歯科】新潟県長岡市沢田１－２－１" }, "geometry": { "type": "Point", "coordinates": [ 138.845428, 37.425474 ] } },
{ "type": "Feature", "properties": { "ID": "153DESNX00144", "正式名称": "医療法人社団しんざわ矯正歯科クリニック", "機関区分": 3, "都道府県コード": 15, "市区町村コード": 202, "所在地": "新潟県長岡市古正寺３－２８９", "緯度": 37.457979, "経度": 138.817787, "url": "https://www.iryou.teikyouseido.mhlw.go.jp/znk-web/juminkanja/S2430/initialize?prefCd=15&kikanCd=DESNX00144&kikanKbn=3", "url2": null, "内容": "医療法人社団しんざわ矯正歯科クリニック【3:歯科】新潟県長岡市古正寺３－２８９" }, "geometry": { "type": "Point", "coordinates": [ 138.817787, 37.457979 ] } },
{ "type": "Feature", "properties": { "ID": "153DESNX00145", "正式名称": "ヒッポ歯科クリニック", "機関区分": 3, "都道府県コード": 15, "市区町村コード": 202, "所在地": "新潟県長岡市七日町字川原３７４アクロスプラザ長岡七日町内", "緯度": 37.445908, "経度": 138.80814, "url": "https://www.iryou.teikyouseido.mhlw.go.jp/znk-web/juminkanja/S2430/initialize?prefCd=15&kikanCd=DESNX00145&kikanKbn=3", "url2": null, "内容": "ヒッポ歯科クリニック【3:歯科】新潟県長岡市七日町字川原３７４アクロスプラザ長岡七日町内" }, "geometry": { "type": "Point", "coordinates": [ 138.80814, 37.445908 ] } },
{ "type": "Feature", "properties": { "ID": "153DESNX00146", "正式名称": "越後さんとう歯科診療所", "機関区分": 3, "都道府県コード": 15, "市区町村コード": 202, "所在地": "新潟県長岡市越路中沢２７４－１", "緯度": 37.413944, "経度": 138.797543, "url": "https://www.iryou.teikyouseido.mhlw.go.jp/znk-web/juminkanja/S2430/initialize?prefCd=15&kikanCd=DESNX00146&kikanKbn=3", "url2": "ttp://info03920.wixsite.com/koshiji/discription", "内容": "越後さんとう歯科診療所【3:歯科】新潟県長岡市越路中沢２７４－１" }, "geometry": { "type": "Point", "coordinates": [ 138.797543, 37.413944 ] } },
{ "type": "Feature", "properties": { "ID": "153DESNX00147", "正式名称": "佐藤歯科", "機関区分": 3, "都道府県コード": 15, "市区町村コード": 202, "所在地": "新潟県長岡市東坂之上町１－４－３スカイハイツ１０２", "緯度": 37.446916, "経度": 138.850604, "url": "https://www.iryou.teikyouseido.mhlw.go.jp/znk-web/juminkanja/S2430/initialize?prefCd=15&kikanCd=DESNX00147&kikanKbn=3", "url2": null, "内容": "佐藤歯科【3:歯科】新潟県長岡市東坂之上町１－４－３スカイハイツ１０２" }, "geometry": { "type": "Point", "coordinates": [ 138.850604, 37.446916 ] } },
{ "type": "Feature", "properties": { "ID": "153DESNX00148", "正式名称": "長岡おとな・こども歯科クリニック", "機関区分": 3, "都道府県コード": 15, "市区町村コード": 202, "所在地": "新潟県長岡市表町２丁目２−２１ながおか町口御門１階", "緯度": 37.448787, "経度": 138.847815, "url": "https://www.iryou.teikyouseido.mhlw.go.jp/znk-web/juminkanja/S2430/initialize?prefCd=15&kikanCd=DESNX00148&kikanKbn=3", "url2": "https://noc-dc.com/", "内容": "長岡おとな・こども歯科クリニック【3:歯科】新潟県長岡市表町２丁目２−２１ながおか町口御門１階" }, "geometry": { "type": "Point", "coordinates": [ 138.847815, 37.448787 ] } },
{ "type": "Feature", "properties": { "ID": "153DESNX00149", "正式名称": "医療法人社団　古正寺ファミリー歯科", "機関区分": 3, "都道府県コード": 15, "市区町村コード": 202, "所在地": "新潟県長岡市古正寺１丁目３０５８番地２", "緯度": 37.455481, "経度": 138.817122, "url": "https://www.iryou.teikyouseido.mhlw.go.jp/znk-web/juminkanja/S2430/initialize?prefCd=15&kikanCd=DESNX00149&kikanKbn=3", "url2": "http://family6480.dentalmall.jp", "内容": "医療法人社団　古正寺ファミリー歯科【3:歯科】新潟県長岡市古正寺１丁目３０５８番地２" }, "geometry": { "type": "Point", "coordinates": [ 138.817122, 37.455481 ] } },
{ "type": "Feature", "properties": { "ID": "153DESNX00150", "正式名称": "関　歯科医院", "機関区分": 3, "都道府県コード": 15, "市区町村コード": 202, "所在地": "新潟県長岡市宮内１－１－４", "緯度": 37.417562, "経度": 138.842072, "url": "https://www.iryou.teikyouseido.mhlw.go.jp/znk-web/juminkanja/S2430/initialize?prefCd=15&kikanCd=DESNX00150&kikanKbn=3", "url2": null, "内容": "関　歯科医院【3:歯科】新潟県長岡市宮内１－１－４" }, "geometry": { "type": "Point", "coordinates": [ 138.842072, 37.417562 ] } },
{ "type": "Feature", "properties": { "ID": "153DESNX00151", "正式名称": "北ながおか歯科診療所", "機関区分": 3, "都道府県コード": 15, "市区町村コード": 202, "所在地": "新潟県長岡市宝２－２－１６", "緯度": 37.483268, "経度": 138.857827, "url": "https://www.iryou.teikyouseido.mhlw.go.jp/znk-web/juminkanja/S2430/initialize?prefCd=15&kikanCd=DESNX00151&kikanKbn=3", "url2": null, "内容": "北ながおか歯科診療所【3:歯科】新潟県長岡市宝２－２－１６" }, "geometry": { "type": "Point", "coordinates": [ 138.857827, 37.483268 ] } },
{ "type": "Feature", "properties": { "ID": "153DESNX00152", "正式名称": "つるがや歯科クリニック", "機関区分": 3, "都道府県コード": 15, "市区町村コード": 211, "所在地": "新潟県見附市本所１－９－４１", "緯度": 37.538223, "経度": 138.909488, "url": "https://www.iryou.teikyouseido.mhlw.go.jp/znk-web/juminkanja/S2430/initialize?prefCd=15&kikanCd=DESNX00152&kikanKbn=3", "url2": null, "内容": "つるがや歯科クリニック【3:歯科】新潟県見附市本所１－９－４１" }, "geometry": { "type": "Point", "coordinates": [ 138.909488, 37.538223 ] } },
{ "type": "Feature", "properties": { "ID": "153DESNX00153", "正式名称": "医療法人みずほ　みずほ歯科口腔外科", "機関区分": 3, "都道府県コード": 15, "市区町村コード": 202, "所在地": "新潟県長岡市中之島１９０９－１５", "緯度": 37.537686, "経度": 138.876086, "url": "https://www.iryou.teikyouseido.mhlw.go.jp/znk-web/juminkanja/S2430/initialize?prefCd=15&kikanCd=DESNX00153&kikanKbn=3", "url2": "https://mizuhodental.com", "内容": "医療法人みずほ　みずほ歯科口腔外科【3:歯科】新潟県長岡市中之島１９０９－１５" }, "geometry": { "type": "Point", "coordinates": [ 138.876086, 37.537686 ] } },
{ "type": "Feature", "properties": { "ID": "153DESNX00154", "正式名称": "河内歯科クリニック", "機関区分": 3, "都道府県コード": 15, "市区町村コード": 202, "所在地": "新潟県長岡市日赤町１－４－１６", "緯度": 37.450394, "経度": 138.841433, "url": "https://www.iryou.teikyouseido.mhlw.go.jp/znk-web/juminkanja/S2430/initialize?prefCd=15&kikanCd=DESNX00154&kikanKbn=3", "url2": "http://kawauchi-shika.cihp2.jp/", "内容": "河内歯科クリニック【3:歯科】新潟県長岡市日赤町１－４－１６" }, "geometry": { "type": "Point", "coordinates": [ 138.841433, 37.450394 ] } },
{ "type": "Feature", "properties": { "ID": "153DESNX00155", "正式名称": "加藤歯科医院", "機関区分": 3, "都道府県コード": 15, "市区町村コード": 202, "所在地": "新潟県長岡市来迎寺３９３１", "緯度": 37.394792, "経度": 138.785753, "url": "https://www.iryou.teikyouseido.mhlw.go.jp/znk-web/juminkanja/S2430/initialize?prefCd=15&kikanCd=DESNX00155&kikanKbn=3", "url2": null, "内容": "加藤歯科医院【3:歯科】新潟県長岡市来迎寺３９３１" }, "geometry": { "type": "Point", "coordinates": [ 138.785753, 37.394792 ] } },
{ "type": "Feature", "properties": { "ID": "153DESNX00156", "正式名称": "大島通り歯科", "機関区分": 3, "都道府県コード": 15, "市区町村コード": 202, "所在地": "新潟県長岡市大島本町５－１１８－１８", "緯度": 37.446364, "経度": 138.818064, "url": "https://www.iryou.teikyouseido.mhlw.go.jp/znk-web/juminkanja/S2430/initialize?prefCd=15&kikanCd=DESNX00156&kikanKbn=3", "url2": "https://www.ojimadori-dc.com", "内容": "大島通り歯科【3:歯科】新潟県長岡市大島本町５－１１８－１８" }, "geometry": { "type": "Point", "coordinates": [ 138.818064, 37.446364 ] } },
{ "type": "Feature", "properties": { "ID": "153DESNX00157", "正式名称": "佐藤歯科医院", "機関区分": 3, "都道府県コード": 15, "市区町村コード": 202, "所在地": "新潟県長岡市長町１－１－７", "緯度": 37.4518, "経度": 138.853292, "url": "https://www.iryou.teikyouseido.mhlw.go.jp/znk-web/juminkanja/S2430/initialize?prefCd=15&kikanCd=DESNX00157&kikanKbn=3", "url2": null, "内容": "佐藤歯科医院【3:歯科】新潟県長岡市長町１－１－７" }, "geometry": { "type": "Point", "coordinates": [ 138.853292, 37.4518 ] } },
{ "type": "Feature", "properties": { "ID": "153DESNX00158", "正式名称": "エルク歯科", "機関区分": 3, "都道府県コード": 15, "市区町村コード": 211, "所在地": "新潟県見附市葛巻町１６６５－１見附ショッピングセンター１０４号", "緯度": 37.530232, "経度": 138.908467, "url": "https://www.iryou.teikyouseido.mhlw.go.jp/znk-web/juminkanja/S2430/initialize?prefCd=15&kikanCd=DESNX00158&kikanKbn=3", "url2": null, "内容": "エルク歯科【3:歯科】新潟県見附市葛巻町１６６５－１見附ショッピングセンター１０４号" }, "geometry": { "type": "Point", "coordinates": [ 138.908467, 37.530232 ] } },
{ "type": "Feature", "properties": { "ID": "153DESNX00159", "正式名称": "キューアンドエー歯科医院", "機関区分": 3, "都道府県コード": 15, "市区町村コード": 202, "所在地": "新潟県長岡市旭岡２－２", "緯度": 37.425408, "経度": 138.857627, "url": "https://www.iryou.teikyouseido.mhlw.go.jp/znk-web/juminkanja/S2430/initialize?prefCd=15&kikanCd=DESNX00159&kikanKbn=3", "url2": null, "内容": "キューアンドエー歯科医院【3:歯科】新潟県長岡市旭岡２－２" }, "geometry": { "type": "Point", "coordinates": [ 138.857627, 37.425408 ] } },
{ "type": "Feature", "properties": { "ID": "153DESNX00162", "正式名称": "おかべ歯科医院", "機関区分": 3, "都道府県コード": 15, "市区町村コード": 204, "所在地": "新潟県三条市月岡１－２６－５４", "緯度": 37.613666, "経度": 138.971689, "url": "https://www.iryou.teikyouseido.mhlw.go.jp/znk-web/juminkanja/S2430/initialize?prefCd=15&kikanCd=DESNX00162&kikanKbn=3", "url2": null, "内容": "おかべ歯科医院【3:歯科】新潟県三条市月岡１－２６－５４" }, "geometry": { "type": "Point", "coordinates": [ 138.971689, 37.613666 ] } },
{ "type": "Feature", "properties": { "ID": "153DESNX00163", "正式名称": "きずな歯科クリニック", "機関区分": 3, "都道府県コード": 15, "市区町村コード": 204, "所在地": "新潟県三条市南四日町１丁目５番７－１号", "緯度": 37.623051, "経度": 138.955802, "url": "https://www.iryou.teikyouseido.mhlw.go.jp/znk-web/juminkanja/S2430/initialize?prefCd=15&kikanCd=DESNX00163&kikanKbn=3", "url2": null, "内容": "きずな歯科クリニック【3:歯科】新潟県三条市南四日町１丁目５番７－１号" }, "geometry": { "type": "Point", "coordinates": [ 138.955802, 37.623051 ] } },
{ "type": "Feature", "properties": { "ID": "153DESNX00164", "正式名称": "桐生歯科医院", "機関区分": 3, "都道府県コード": 15, "市区町村コード": 204, "所在地": "新潟県三条市三竹２丁目４番３１－３号", "緯度": 37.625762, "経度": 138.981776, "url": "https://www.iryou.teikyouseido.mhlw.go.jp/znk-web/juminkanja/S2430/initialize?prefCd=15&kikanCd=DESNX00164&kikanKbn=3", "url2": null, "内容": "桐生歯科医院【3:歯科】新潟県三条市三竹２丁目４番３１－３号" }, "geometry": { "type": "Point", "coordinates": [ 138.981776, 37.625762 ] } },
{ "type": "Feature", "properties": { "ID": "153DESNX00165", "正式名称": "後藤歯科医院", "機関区分": 3, "都道府県コード": 15, "市区町村コード": 204, "所在地": "新潟県三条市南新保４－１８", "緯度": 37.621289, "経度": 138.95986, "url": "https://www.iryou.teikyouseido.mhlw.go.jp/znk-web/juminkanja/S2430/initialize?prefCd=15&kikanCd=DESNX00165&kikanKbn=3", "url2": null, "内容": "後藤歯科医院【3:歯科】新潟県三条市南新保４－１８" }, "geometry": { "type": "Point", "coordinates": [ 138.95986, 37.621289 ] } },
{ "type": "Feature", "properties": { "ID": "153DESNX00166", "正式名称": "近藤歯科医院", "機関区分": 3, "都道府県コード": 15, "市区町村コード": 204, "所在地": "新潟県三条市島田２丁目７ー１８", "緯度": 37.626224, "経度": 138.945287, "url": "https://www.iryou.teikyouseido.mhlw.go.jp/znk-web/juminkanja/S2430/initialize?prefCd=15&kikanCd=DESNX00166&kikanKbn=3", "url2": null, "内容": "近藤歯科医院【3:歯科】新潟県三条市島田２丁目７ー１８" }, "geometry": { "type": "Point", "coordinates": [ 138.945287, 37.626224 ] } },
{ "type": "Feature", "properties": { "ID": "153DESNX00167", "正式名称": "しただ歯科", "機関区分": 3, "都道府県コード": 15, "市区町村コード": 204, "所在地": "新潟県三条市荻堀字七ツ新田１２７５－２", "緯度": 37.57507, "経度": 139.027887, "url": "https://www.iryou.teikyouseido.mhlw.go.jp/znk-web/juminkanja/S2430/initialize?prefCd=15&kikanCd=DESNX00167&kikanKbn=3", "url2": "shitadashika.com", "内容": "しただ歯科【3:歯科】新潟県三条市荻堀字七ツ新田１２７５－２" }, "geometry": { "type": "Point", "coordinates": [ 139.027887, 37.57507 ] } },
{ "type": "Feature", "properties": { "ID": "153DESNX00168", "正式名称": "新光歯科クリニック", "機関区分": 3, "都道府県コード": 15, "市区町村コード": 204, "所在地": "新潟県三条市新光町１４－１", "緯度": 37.641603, "経度": 138.967145, "url": "https://www.iryou.teikyouseido.mhlw.go.jp/znk-web/juminkanja/S2430/initialize?prefCd=15&kikanCd=DESNX00168&kikanKbn=3", "url2": null, "内容": "新光歯科クリニック【3:歯科】新潟県三条市新光町１４－１" }, "geometry": { "type": "Point", "coordinates": [ 138.967145, 37.641603 ] } },
{ "type": "Feature", "properties": { "ID": "153DESNX00171", "正式名称": "羽生歯科医院", "機関区分": 3, "都道府県コード": 15, "市区町村コード": 204, "所在地": "新潟県三条市塚野目４丁目１３－５", "緯度": 37.637329, "経度": 138.974721, "url": "https://www.iryou.teikyouseido.mhlw.go.jp/znk-web/juminkanja/S2430/initialize?prefCd=15&kikanCd=DESNX00171&kikanKbn=3", "url2": null, "内容": "羽生歯科医院【3:歯科】新潟県三条市塚野目４丁目１３－５" }, "geometry": { "type": "Point", "coordinates": [ 138.974721, 37.637329 ] } },
{ "type": "Feature", "properties": { "ID": "153DESNX00172", "正式名称": "林町歯科医院", "機関区分": 3, "都道府県コード": 15, "市区町村コード": 204, "所在地": "新潟県三条市林町２－１４－３", "緯度": 37.633086, "経度": 138.965615, "url": "https://www.iryou.teikyouseido.mhlw.go.jp/znk-web/juminkanja/S2430/initialize?prefCd=15&kikanCd=DESNX00172&kikanKbn=3", "url2": null, "内容": "林町歯科医院【3:歯科】新潟県三条市林町２－１４－３" }, "geometry": { "type": "Point", "coordinates": [ 138.965615, 37.633086 ] } },
{ "type": "Feature", "properties": { "ID": "153DESNX00173", "正式名称": "ふるかわ歯科医院", "機関区分": 3, "都道府県コード": 15, "市区町村コード": 204, "所在地": "新潟県三条市石上２－１４－１５", "緯度": 37.644246, "経度": 138.954828, "url": "https://www.iryou.teikyouseido.mhlw.go.jp/znk-web/juminkanja/S2430/initialize?prefCd=15&kikanCd=DESNX00173&kikanKbn=3", "url2": null, "内容": "ふるかわ歯科医院【3:歯科】新潟県三条市石上２－１４－１５" }, "geometry": { "type": "Point", "coordinates": [ 138.954828, 37.644246 ] } },
{ "type": "Feature", "properties": { "ID": "153DESNX00174", "正式名称": "あおやぎ歯科医院", "機関区分": 3, "都道府県コード": 15, "市区町村コード": 209, "所在地": "新潟県加茂市下条甲５０３番地１６", "緯度": 37.650194, "経度": 139.035154, "url": "https://www.iryou.teikyouseido.mhlw.go.jp/znk-web/juminkanja/S2430/initialize?prefCd=15&kikanCd=DESNX00174&kikanKbn=3", "url2": null, "内容": "あおやぎ歯科医院【3:歯科】新潟県加茂市下条甲５０３番地１６" }, "geometry": { "type": "Point", "coordinates": [ 139.035154, 37.650194 ] } },
{ "type": "Feature", "properties": { "ID": "153DESNX00175", "正式名称": "上条渡辺歯科医院", "機関区分": 3, "都道府県コード": 15, "市区町村コード": 209, "所在地": "新潟県加茂市上条４番３６号", "緯度": 37.658325, "経度": 139.062696, "url": "https://www.iryou.teikyouseido.mhlw.go.jp/znk-web/juminkanja/S2430/initialize?prefCd=15&kikanCd=DESNX00175&kikanKbn=3", "url2": null, "内容": "上条渡辺歯科医院【3:歯科】新潟県加茂市上条４番３６号" }, "geometry": { "type": "Point", "coordinates": [ 139.062696, 37.658325 ] } },
{ "type": "Feature", "properties": { "ID": "153DESNX00176", "正式名称": "医療社団法人永井こども歯科医院", "機関区分": 3, "都道府県コード": 15, "市区町村コード": 209, "所在地": "新潟県加茂市新栄町２ー２", "緯度": 37.664391, "経度": 139.041192, "url": "https://www.iryou.teikyouseido.mhlw.go.jp/znk-web/juminkanja/S2430/initialize?prefCd=15&kikanCd=DESNX00176&kikanKbn=3", "url2": null, "内容": "医療社団法人永井こども歯科医院【3:歯科】新潟県加茂市新栄町２ー２" }, "geometry": { "type": "Point", "coordinates": [ 139.041192, 37.664391 ] } },
{ "type": "Feature", "properties": { "ID": "153DESNX00177", "正式名称": "皆川歯科医院", "機関区分": 3, "都道府県コード": 15, "市区町村コード": 209, "所在地": "新潟県加茂市穀町６－１７", "緯度": 37.659882, "経度": 139.052981, "url": "https://www.iryou.teikyouseido.mhlw.go.jp/znk-web/juminkanja/S2430/initialize?prefCd=15&kikanCd=DESNX00177&kikanKbn=3", "url2": null, "内容": "皆川歯科医院【3:歯科】新潟県加茂市穀町６－１７" }, "geometry": { "type": "Point", "coordinates": [ 139.052981, 37.659882 ] } },
{ "type": "Feature", "properties": { "ID": "153DESNX00179", "正式名称": "米山歯科医院", "機関区分": 3, "都道府県コード": 15, "市区町村コード": 209, "所在地": "新潟県加茂市旭町１３－２５", "緯度": 37.660348, "経度": 139.042241, "url": "https://www.iryou.teikyouseido.mhlw.go.jp/znk-web/juminkanja/S2430/initialize?prefCd=15&kikanCd=DESNX00179&kikanKbn=3", "url2": null, "内容": "米山歯科医院【3:歯科】新潟県加茂市旭町１３－２５" }, "geometry": { "type": "Point", "coordinates": [ 139.042241, 37.660348 ] } },
{ "type": "Feature", "properties": { "ID": "153DESNX00180", "正式名称": "ロイヤル歯科クリニック", "機関区分": 3, "都道府県コード": 15, "市区町村コード": 209, "所在地": "新潟県加茂市駅前５－１８　２階", "緯度": 37.659083, "経度": 139.051119, "url": "https://www.iryou.teikyouseido.mhlw.go.jp/znk-web/juminkanja/S2430/initialize?prefCd=15&kikanCd=DESNX00180&kikanKbn=3", "url2": null, "内容": "ロイヤル歯科クリニック【3:歯科】新潟県加茂市駅前５－１８　２階" }, "geometry": { "type": "Point", "coordinates": [ 139.051119, 37.659083 ] } },
{ "type": "Feature", "properties": { "ID": "153DESNX00181", "正式名称": "いとう歯科医院", "機関区分": 3, "都道府県コード": 15, "市区町村コード": 213, "所在地": "新潟県燕市横田５１９－３", "緯度": 37.627267, "経度": 138.881919, "url": "https://www.iryou.teikyouseido.mhlw.go.jp/znk-web/juminkanja/S2430/initialize?prefCd=15&kikanCd=DESNX00181&kikanKbn=3", "url2": null, "内容": "いとう歯科医院【3:歯科】新潟県燕市横田５１９－３" }, "geometry": { "type": "Point", "coordinates": [ 138.881919, 37.627267 ] } },
{ "type": "Feature", "properties": { "ID": "153DESNX00182", "正式名称": "奥山歯科医院", "機関区分": 3, "都道府県コード": 15, "市区町村コード": 213, "所在地": "新潟県燕市杣木３１６７－１", "緯度": 37.677113, "経度": 138.904611, "url": "https://www.iryou.teikyouseido.mhlw.go.jp/znk-web/juminkanja/S2430/initialize?prefCd=15&kikanCd=DESNX00182&kikanKbn=3", "url2": null, "内容": "奥山歯科医院【3:歯科】新潟県燕市杣木３１６７－１" }, "geometry": { "type": "Point", "coordinates": [ 138.904611, 37.677113 ] } },
{ "type": "Feature", "properties": { "ID": "153DESNX00183", "正式名称": "亀倉歯科医院", "機関区分": 3, "都道府県コード": 15, "市区町村コード": 213, "所在地": "新潟県燕市吉田堤町１１－５", "緯度": 37.688109, "経度": 138.879779, "url": "https://www.iryou.teikyouseido.mhlw.go.jp/znk-web/juminkanja/S2430/initialize?prefCd=15&kikanCd=DESNX00183&kikanKbn=3", "url2": null, "内容": "亀倉歯科医院【3:歯科】新潟県燕市吉田堤町１１－５" }, "geometry": { "type": "Point", "coordinates": [ 138.879779, 37.688109 ] } },
{ "type": "Feature", "properties": { "ID": "153DESNX00185", "正式名称": "県央ランドマーク歯科", "機関区分": 3, "都道府県コード": 15, "市区町村コード": 213, "所在地": "新潟県燕市南７丁目１７番９－５号", "緯度": 37.657581, "経度": 138.936506, "url": "https://www.iryou.teikyouseido.mhlw.go.jp/znk-web/juminkanja/S2430/initialize?prefCd=15&kikanCd=DESNX00185&kikanKbn=3", "url2": null, "内容": "県央ランドマーク歯科【3:歯科】新潟県燕市南７丁目１７番９－５号" }, "geometry": { "type": "Point", "coordinates": [ 138.936506, 37.657581 ] } },
{ "type": "Feature", "properties": { "ID": "153DESNX00187", "正式名称": "小司歯科医院", "機関区分": 3, "都道府県コード": 15, "市区町村コード": 213, "所在地": "新潟県燕市吉田東栄町５１－１７", "緯度": 37.680806, "経度": 138.876794, "url": "https://www.iryou.teikyouseido.mhlw.go.jp/znk-web/juminkanja/S2430/initialize?prefCd=15&kikanCd=DESNX00187&kikanKbn=3", "url2": null, "内容": "小司歯科医院【3:歯科】新潟県燕市吉田東栄町５１－１７" }, "geometry": { "type": "Point", "coordinates": [ 138.876794, 37.680806 ] } },
{ "type": "Feature", "properties": { "ID": "153DESNX00188", "正式名称": "七里歯科医院", "機関区分": 3, "都道府県コード": 15, "市区町村コード": 213, "所在地": "新潟県燕市南１－１６－１３", "緯度": 37.659662, "経度": 138.92473, "url": "https://www.iryou.teikyouseido.mhlw.go.jp/znk-web/juminkanja/S2430/initialize?prefCd=15&kikanCd=DESNX00188&kikanKbn=3", "url2": null, "内容": "七里歯科医院【3:歯科】新潟県燕市南１－１６－１３" }, "geometry": { "type": "Point", "coordinates": [ 138.92473, 37.659662 ] } },
{ "type": "Feature", "properties": { "ID": "153DESNX00189", "正式名称": "篠原歯科医院", "機関区分": 3, "都道府県コード": 15, "市区町村コード": 213, "所在地": "新潟県燕市中央通３ー６ー２０", "緯度": 37.668308, "経度": 138.93328, "url": "https://www.iryou.teikyouseido.mhlw.go.jp/znk-web/juminkanja/S2430/initialize?prefCd=15&kikanCd=DESNX00189&kikanKbn=3", "url2": null, "内容": "篠原歯科医院【3:歯科】新潟県燕市中央通３ー６ー２０" }, "geometry": { "type": "Point", "coordinates": [ 138.93328, 37.668308 ] } },
{ "type": "Feature", "properties": { "ID": "153DESNX00190", "正式名称": "親水公園前歯科", "機関区分": 3, "都道府県コード": 15, "市区町村コード": 213, "所在地": "新潟県燕市吉田下中野３４０６", "緯度": 37.677712, "経度": 138.8743, "url": "https://www.iryou.teikyouseido.mhlw.go.jp/znk-web/juminkanja/S2430/initialize?prefCd=15&kikanCd=DESNX00190&kikanKbn=3", "url2": "https://shinsui-dc.com/", "内容": "親水公園前歯科【3:歯科】新潟県燕市吉田下中野３４０６" }, "geometry": { "type": "Point", "coordinates": [ 138.8743, 37.677712 ] } },
{ "type": "Feature", "properties": { "ID": "153DESNX00191", "正式名称": "高井歯科医院", "機関区分": 3, "都道府県コード": 15, "市区町村コード": 213, "所在地": "新潟県燕市秋葉町３－７－２３", "緯度": 37.661233, "経度": 138.917727, "url": "https://www.iryou.teikyouseido.mhlw.go.jp/znk-web/juminkanja/S2430/initialize?prefCd=15&kikanCd=DESNX00191&kikanKbn=3", "url2": "https://takai-dent.com/", "内容": "高井歯科医院【3:歯科】新潟県燕市秋葉町３－７－２３" }, "geometry": { "type": "Point", "coordinates": [ 138.917727, 37.661233 ] } },
{ "type": "Feature", "properties": { "ID": "153DESNX00192", "正式名称": "高桑歯科医院", "機関区分": 3, "都道府県コード": 15, "市区町村コード": 213, "所在地": "新潟県燕市新町２－３７", "緯度": 37.663708, "経度": 138.931443, "url": "https://www.iryou.teikyouseido.mhlw.go.jp/znk-web/juminkanja/S2430/initialize?prefCd=15&kikanCd=DESNX00192&kikanKbn=3", "url2": "https://takakuwa-dental.com", "内容": "高桑歯科医院【3:歯科】新潟県燕市新町２－３７" }, "geometry": { "type": "Point", "coordinates": [ 138.931443, 37.663708 ] } },
{ "type": "Feature", "properties": { "ID": "153DESNX00193", "正式名称": "タグチ歯科医院", "機関区分": 3, "都道府県コード": 15, "市区町村コード": 213, "所在地": "新潟県燕市新興野８－３３", "緯度": 37.625453, "経度": 138.852908, "url": "https://www.iryou.teikyouseido.mhlw.go.jp/znk-web/juminkanja/S2430/initialize?prefCd=15&kikanCd=DESNX00193&kikanKbn=3", "url2": null, "内容": "タグチ歯科医院【3:歯科】新潟県燕市新興野８－３３" }, "geometry": { "type": "Point", "coordinates": [ 138.852908, 37.625453 ] } },
{ "type": "Feature", "properties": { "ID": "153DESNX00194", "正式名称": "デンタルクリニック　ツチヤ", "機関区分": 3, "都道府県コード": 15, "市区町村コード": 213, "所在地": "新潟県燕市吉田３７５１番地", "緯度": 37.698911, "経度": 138.883807, "url": "https://www.iryou.teikyouseido.mhlw.go.jp/znk-web/juminkanja/S2430/initialize?prefCd=15&kikanCd=DESNX00194&kikanKbn=3", "url2": "http://www.dct1182.com/", "内容": "デンタルクリニック　ツチヤ【3:歯科】新潟県燕市吉田３７５１番地" }, "geometry": { "type": "Point", "coordinates": [ 138.883807, 37.698911 ] } },
{ "type": "Feature", "properties": { "ID": "153DESNX00195", "正式名称": "とさかデンタルクリニック", "機関区分": 3, "都道府県コード": 15, "市区町村コード": 213, "所在地": "新潟県燕市井土巻２丁目２３７番地", "緯度": 37.653316, "経度": 138.93224, "url": "https://www.iryou.teikyouseido.mhlw.go.jp/znk-web/juminkanja/S2430/initialize?prefCd=15&kikanCd=DESNX00195&kikanKbn=3", "url2": "https://tosa-den.com", "内容": "とさかデンタルクリニック【3:歯科】新潟県燕市井土巻２丁目２３７番地" }, "geometry": { "type": "Point", "coordinates": [ 138.93224, 37.653316 ] } },
{ "type": "Feature", "properties": { "ID": "153DESNX00197", "正式名称": "本多歯科医院", "機関区分": 3, "都道府県コード": 15, "市区町村コード": 213, "所在地": "新潟県燕市白山町１－１－１４", "緯度": 37.666008, "経度": 138.920427, "url": "https://www.iryou.teikyouseido.mhlw.go.jp/znk-web/juminkanja/S2430/initialize?prefCd=15&kikanCd=DESNX00197&kikanKbn=3", "url2": null, "内容": "本多歯科医院【3:歯科】新潟県燕市白山町１－１－１４" }, "geometry": { "type": "Point", "coordinates": [ 138.920427, 37.666008 ] } },
{ "type": "Feature", "properties": { "ID": "153DESNX00200", "正式名称": "ひまわり歯科医院", "機関区分": 3, "都道府県コード": 15, "市区町村コード": 361, "所在地": "新潟県南蒲原郡田上町大字田上丁２４０２－４９", "緯度": 37.701794, "経度": 139.067195, "url": "https://www.iryou.teikyouseido.mhlw.go.jp/znk-web/juminkanja/S2430/initialize?prefCd=15&kikanCd=DESNX00200&kikanKbn=3", "url2": null, "内容": "ひまわり歯科医院【3:歯科】新潟県南蒲原郡田上町大字田上丁２４０２－４９" }, "geometry": { "type": "Point", "coordinates": [ 139.067195, 37.701794 ] } },
{ "type": "Feature", "properties": { "ID": "153DESNX00203", "正式名称": "すぎもと歯科医院", "機関区分": 3, "都道府県コード": 15, "市区町村コード": 209, "所在地": "新潟県加茂市五番町４－６", "緯度": 37.656791, "経度": 139.060624, "url": "https://www.iryou.teikyouseido.mhlw.go.jp/znk-web/juminkanja/S2430/initialize?prefCd=15&kikanCd=DESNX00203&kikanKbn=3", "url2": null, "内容": "すぎもと歯科医院【3:歯科】新潟県加茂市五番町４－６" }, "geometry": { "type": "Point", "coordinates": [ 139.060624, 37.656791 ] } },
{ "type": "Feature", "properties": { "ID": "153DESNX00204", "正式名称": "さとう歯科クリニック", "機関区分": 3, "都道府県コード": 15, "市区町村コード": 213, "所在地": "新潟県燕市吉田文京町２－１５", "緯度": 37.701568, "経度": 138.881204, "url": "https://www.iryou.teikyouseido.mhlw.go.jp/znk-web/juminkanja/S2430/initialize?prefCd=15&kikanCd=DESNX00204&kikanKbn=3", "url2": null, "内容": "さとう歯科クリニック【3:歯科】新潟県燕市吉田文京町２－１５" }, "geometry": { "type": "Point", "coordinates": [ 138.881204, 37.701568 ] } },
{ "type": "Feature", "properties": { "ID": "153DESNX00205", "正式名称": "さとう歯科クリニック", "機関区分": 3, "都道府県コード": 15, "市区町村コード": 213, "所在地": "新潟県燕市井土巻５丁目３３", "緯度": 37.652451, "経度": 138.938543, "url": "https://www.iryou.teikyouseido.mhlw.go.jp/znk-web/juminkanja/S2430/initialize?prefCd=15&kikanCd=DESNX00205&kikanKbn=3", "url2": "http://dc-satou.com", "内容": "さとう歯科クリニック【3:歯科】新潟県燕市井土巻５丁目３３" }, "geometry": { "type": "Point", "coordinates": [ 138.938543, 37.652451 ] } },
{ "type": "Feature", "properties": { "ID": "153DESNX00206", "正式名称": "市川歯科医院", "機関区分": 3, "都道府県コード": 15, "市区町村コード": 204, "所在地": "新潟県三条市東裏館二丁目十番十一号", "緯度": 37.637229, "経度": 138.959842, "url": "https://www.iryou.teikyouseido.mhlw.go.jp/znk-web/juminkanja/S2430/initialize?prefCd=15&kikanCd=DESNX00206&kikanKbn=3", "url2": null, "内容": "市川歯科医院【3:歯科】新潟県三条市東裏館二丁目十番十一号" }, "geometry": { "type": "Point", "coordinates": [ 138.959842, 37.637229 ] } },
{ "type": "Feature", "properties": { "ID": "153DESNX00209", "正式名称": "大橋歯科医院", "機関区分": 3, "都道府県コード": 15, "市区町村コード": 342, "所在地": "新潟県西蒲原郡弥彦村大字矢作７４３５番地", "緯度": 37.691361, "経度": 138.858869, "url": "https://www.iryou.teikyouseido.mhlw.go.jp/znk-web/juminkanja/S2430/initialize?prefCd=15&kikanCd=DESNX00209&kikanKbn=3", "url2": null, "内容": "大橋歯科医院【3:歯科】新潟県西蒲原郡弥彦村大字矢作７４３５番地" }, "geometry": { "type": "Point", "coordinates": [ 138.858869, 37.691361 ] } },
{ "type": "Feature", "properties": { "ID": "153DESNX00210", "正式名称": "青栁歯科医院", "機関区分": 3, "都道府県コード": 15, "市区町村コード": 204, "所在地": "新潟県三条市西四日町４－１４－１６", "緯度": 37.621172, "経度": 138.951438, "url": "https://www.iryou.teikyouseido.mhlw.go.jp/znk-web/juminkanja/S2430/initialize?prefCd=15&kikanCd=DESNX00210&kikanKbn=3", "url2": null, "内容": "青栁歯科医院【3:歯科】新潟県三条市西四日町４－１４－１６" }, "geometry": { "type": "Point", "coordinates": [ 138.951438, 37.621172 ] } },
{ "type": "Feature", "properties": { "ID": "153DESNX00211", "正式名称": "医療法人社団　土田歯科・矯正歯科医院", "機関区分": 3, "都道府県コード": 15, "市区町村コード": 204, "所在地": "新潟県三条市島田２－７－１", "緯度": 37.626526, "経度": 138.946428, "url": "https://www.iryou.teikyouseido.mhlw.go.jp/znk-web/juminkanja/S2430/initialize?prefCd=15&kikanCd=DESNX00211&kikanKbn=3", "url2": null, "内容": "医療法人社団　土田歯科・矯正歯科医院【3:歯科】新潟県三条市島田２－７－１" }, "geometry": { "type": "Point", "coordinates": [ 138.946428, 37.626526 ] } },
{ "type": "Feature", "properties": { "ID": "153DESNX00212", "正式名称": "穂苅歯科医院", "機関区分": 3, "都道府県コード": 15, "市区町村コード": 213, "所在地": "新潟県燕市笈ケ島１２２３－１", "緯度": 37.62741, "経度": 138.852696, "url": "https://www.iryou.teikyouseido.mhlw.go.jp/znk-web/juminkanja/S2430/initialize?prefCd=15&kikanCd=DESNX00212&kikanKbn=3", "url2": null, "内容": "穂苅歯科医院【3:歯科】新潟県燕市笈ケ島１２２３－１" }, "geometry": { "type": "Point", "coordinates": [ 138.852696, 37.62741 ] } },
{ "type": "Feature", "properties": { "ID": "153DESNX00301", "正式名称": "めぐみデンタルクリニック", "機関区分": 3, "都道府県コード": 15, "市区町村コード": 213, "所在地": "新潟県燕市秋葉町１－８－１１", "緯度": 37.662117, "経度": 138.923433, "url": "https://www.iryou.teikyouseido.mhlw.go.jp/znk-web/juminkanja/S2430/initialize?prefCd=15&kikanCd=DESNX00301&kikanKbn=3", "url2": null, "内容": "めぐみデンタルクリニック【3:歯科】新潟県燕市秋葉町１－８－１１" }, "geometry": { "type": "Point", "coordinates": [ 138.923433, 37.662117 ] } },
{ "type": "Feature", "properties": { "ID": "153DESNX00303", "正式名称": "田巻歯科医院", "機関区分": 3, "都道府県コード": 15, "市区町村コード": 204, "所在地": "新潟県三条市元町２－２９", "緯度": 37.631309, "経度": 138.95542, "url": "https://www.iryou.teikyouseido.mhlw.go.jp/znk-web/juminkanja/S2430/initialize?prefCd=15&kikanCd=DESNX00303&kikanKbn=3", "url2": null, "内容": "田巻歯科医院【3:歯科】新潟県三条市元町２－２９" }, "geometry": { "type": "Point", "coordinates": [ 138.95542, 37.631309 ] } },
{ "type": "Feature", "properties": { "ID": "153DESNX00304", "正式名称": "みや歯科医院", "機関区分": 3, "都道府県コード": 15, "市区町村コード": 213, "所在地": "新潟県燕市地蔵堂本町３丁目６番１号", "緯度": 37.627403, "経度": 138.842392, "url": "https://www.iryou.teikyouseido.mhlw.go.jp/znk-web/juminkanja/S2430/initialize?prefCd=15&kikanCd=DESNX00304&kikanKbn=3", "url2": null, "内容": "みや歯科医院【3:歯科】新潟県燕市地蔵堂本町３丁目６番１号" }, "geometry": { "type": "Point", "coordinates": [ 138.842392, 37.627403 ] } },
{ "type": "Feature", "properties": { "ID": "153DESNX00305", "正式名称": "さくま歯科医院", "機関区分": 3, "都道府県コード": 15, "市区町村コード": 209, "所在地": "新潟県加茂市幸町１－１２－１４", "緯度": 37.663339, "経度": 139.047858, "url": "https://www.iryou.teikyouseido.mhlw.go.jp/znk-web/juminkanja/S2430/initialize?prefCd=15&kikanCd=DESNX00305&kikanKbn=3", "url2": "https://shika-sakuma.com", "内容": "さくま歯科医院【3:歯科】新潟県加茂市幸町１－１２－１４" }, "geometry": { "type": "Point", "coordinates": [ 139.047858, 37.663339 ] } },
{ "type": "Feature", "properties": { "ID": "153DESNX0043", "正式名称": "本成寺歯科クリニック", "機関区分": 3, "都道府県コード": 15, "市区町村コード": 204, "所在地": "新潟県三条市東本成寺４８８－１", "緯度": 37.616489, "経度": 138.947328, "url": "https://www.iryou.teikyouseido.mhlw.go.jp/znk-web/juminkanja/S2430/initialize?prefCd=15&kikanCd=DESNX0043&kikanKbn=3", "url2": null, "内容": "本成寺歯科クリニック【3:歯科】新潟県三条市東本成寺４８８－１" }, "geometry": { "type": "Point", "coordinates": [ 138.947328, 37.616489 ] } },
{ "type": "Feature", "properties": { "ID": "153DETGX00001", "正式名称": "医療法人社団愛永会永野歯科矯正歯科医院", "機関区分": 3, "都道府県コード": 15, "市区町村コード": 216, "所在地": "新潟県糸魚川市本町１０－１", "緯度": 37.045629, "経度": 137.85776, "url": "https://www.iryou.teikyouseido.mhlw.go.jp/znk-web/juminkanja/S2430/initialize?prefCd=15&kikanCd=DETGX00001&kikanKbn=3", "url2": null, "内容": "医療法人社団愛永会永野歯科矯正歯科医院【3:歯科】新潟県糸魚川市本町１０－１" }, "geometry": { "type": "Point", "coordinates": [ 137.85776, 37.045629 ] } },
{ "type": "Feature", "properties": { "ID": "153DETGX00002", "正式名称": "あべ歯科クリニック", "機関区分": 3, "都道府県コード": 15, "市区町村コード": 216, "所在地": "新潟県糸魚川市新鉄２－１２－１４", "緯度": 37.039014, "経度": 137.859062, "url": "https://www.iryou.teikyouseido.mhlw.go.jp/znk-web/juminkanja/S2430/initialize?prefCd=15&kikanCd=DETGX00002&kikanKbn=3", "url2": "https://www.jda.or.jp/search/detail_12113.html", "内容": "あべ歯科クリニック【3:歯科】新潟県糸魚川市新鉄２－１２－１４" }, "geometry": { "type": "Point", "coordinates": [ 137.859062, 37.039014 ] } },
{ "type": "Feature", "properties": { "ID": "153DETGX00003", "正式名称": "早川歯科医院", "機関区分": 3, "都道府県コード": 15, "市区町村コード": 216, "所在地": "新潟県糸魚川市滝川原７００－１", "緯度": 37.034078, "経度": 137.930336, "url": "https://www.iryou.teikyouseido.mhlw.go.jp/znk-web/juminkanja/S2430/initialize?prefCd=15&kikanCd=DETGX00003&kikanKbn=3", "url2": null, "内容": "早川歯科医院【3:歯科】新潟県糸魚川市滝川原７００－１" }, "geometry": { "type": "Point", "coordinates": [ 137.930336, 37.034078 ] } },
{ "type": "Feature", "properties": { "ID": "153DETGX00004", "正式名称": "新田歯科医院", "機関区分": 3, "都道府県コード": 15, "市区町村コード": 216, "所在地": "新潟県糸魚川市南押上２－２－２０", "緯度": 37.047025, "経度": 137.87913, "url": "https://www.iryou.teikyouseido.mhlw.go.jp/znk-web/juminkanja/S2430/initialize?prefCd=15&kikanCd=DETGX00004&kikanKbn=3", "url2": null, "内容": "新田歯科医院【3:歯科】新潟県糸魚川市南押上２－２－２０" }, "geometry": { "type": "Point", "coordinates": [ 137.87913, 37.047025 ] } },
{ "type": "Feature", "properties": { "ID": "153DETGX00005", "正式名称": "細山歯科医院", "機関区分": 3, "都道府県コード": 15, "市区町村コード": 216, "所在地": "新潟県糸魚川市寺町３−５−３４", "緯度": 37.04747, "経度": 137.869013, "url": "https://www.iryou.teikyouseido.mhlw.go.jp/znk-web/juminkanja/S2430/initialize?prefCd=15&kikanCd=DETGX00005&kikanKbn=3", "url2": null, "内容": "細山歯科医院【3:歯科】新潟県糸魚川市寺町３−５−３４" }, "geometry": { "type": "Point", "coordinates": [ 137.869013, 37.04747 ] } },
{ "type": "Feature", "properties": { "ID": "153DETGX00006", "正式名称": "月岡歯科医院", "機関区分": 3, "都道府県コード": 15, "市区町村コード": 216, "所在地": "新潟県糸魚川市新鉄１－３－３", "緯度": 37.043983, "経度": 137.856705, "url": "https://www.iryou.teikyouseido.mhlw.go.jp/znk-web/juminkanja/S2430/initialize?prefCd=15&kikanCd=DETGX00006&kikanKbn=3", "url2": null, "内容": "月岡歯科医院【3:歯科】新潟県糸魚川市新鉄１－３－３" }, "geometry": { "type": "Point", "coordinates": [ 137.856705, 37.043983 ] } },
{ "type": "Feature", "properties": { "ID": "153DETGX00007", "正式名称": "医療法人社団正仁会インター歯科", "機関区分": 3, "都道府県コード": 15, "市区町村コード": 216, "所在地": "新潟県糸魚川市横町５－５－２４", "緯度": 37.041162, "経度": 137.849428, "url": "https://www.iryou.teikyouseido.mhlw.go.jp/znk-web/juminkanja/S2430/initialize?prefCd=15&kikanCd=DETGX00007&kikanKbn=3", "url2": null, "内容": "医療法人社団正仁会インター歯科【3:歯科】新潟県糸魚川市横町５－５－２４" }, "geometry": { "type": "Point", "coordinates": [ 137.849428, 37.041162 ] } },
{ "type": "Feature", "properties": { "ID": "153DETGX00008", "正式名称": "倉石歯科医院", "機関区分": 3, "都道府県コード": 15, "市区町村コード": 216, "所在地": "新潟県糸魚川市東寺町２ー２ー６３", "緯度": 37.045156, "経度": 137.872704, "url": "https://www.iryou.teikyouseido.mhlw.go.jp/znk-web/juminkanja/S2430/initialize?prefCd=15&kikanCd=DETGX00008&kikanKbn=3", "url2": null, "内容": "倉石歯科医院【3:歯科】新潟県糸魚川市東寺町２ー２ー６３" }, "geometry": { "type": "Point", "coordinates": [ 137.872704, 37.045156 ] } },
{ "type": "Feature", "properties": { "ID": "153DETGX00010", "正式名称": "高鳥歯科医院", "機関区分": 3, "都道府県コード": 15, "市区町村コード": 216, "所在地": "新潟県糸魚川市能生７００６", "緯度": 37.102973, "経度": 137.987669, "url": "https://www.iryou.teikyouseido.mhlw.go.jp/znk-web/juminkanja/S2430/initialize?prefCd=15&kikanCd=DETGX00010&kikanKbn=3", "url2": null, "内容": "高鳥歯科医院【3:歯科】新潟県糸魚川市能生７００６" }, "geometry": { "type": "Point", "coordinates": [ 137.987669, 37.102973 ] } },
{ "type": "Feature", "properties": { "ID": "153DETGX00011", "正式名称": "山岸歯科医院", "機関区分": 3, "都道府県コード": 15, "市区町村コード": 216, "所在地": "新潟県糸魚川市能生２３１８－１", "緯度": 37.098258, "経度": 137.987886, "url": "https://www.iryou.teikyouseido.mhlw.go.jp/znk-web/juminkanja/S2430/initialize?prefCd=15&kikanCd=DETGX00011&kikanKbn=3", "url2": null, "内容": "山岸歯科医院【3:歯科】新潟県糸魚川市能生２３１８－１" }, "geometry": { "type": "Point", "coordinates": [ 137.987886, 37.098258 ] } },
{ "type": "Feature", "properties": { "ID": "153DETGX00012", "正式名称": "森歯科医院", "機関区分": 3, "都道府県コード": 15, "市区町村コード": 216, "所在地": "新潟県糸魚川市田海５３３３番地", "緯度": 37.02691, "経度": 137.815157, "url": "https://www.iryou.teikyouseido.mhlw.go.jp/znk-web/juminkanja/S2430/initialize?prefCd=15&kikanCd=DETGX00012&kikanKbn=3", "url2": null, "内容": "森歯科医院【3:歯科】新潟県糸魚川市田海５３３３番地" }, "geometry": { "type": "Point", "coordinates": [ 137.815157, 37.02691 ] } },
{ "type": "Feature", "properties": { "ID": "153DETGX00013", "正式名称": "渡辺歯科医院", "機関区分": 3, "都道府県コード": 15, "市区町村コード": 216, "所在地": "新潟県糸魚川市大字須沢３４５９", "緯度": 37.032474, "経度": 137.832178, "url": "https://www.iryou.teikyouseido.mhlw.go.jp/znk-web/juminkanja/S2430/initialize?prefCd=15&kikanCd=DETGX00013&kikanKbn=3", "url2": null, "内容": "渡辺歯科医院【3:歯科】新潟県糸魚川市大字須沢３４５９" }, "geometry": { "type": "Point", "coordinates": [ 137.832178, 37.032474 ] } },
{ "type": "Feature", "properties": { "ID": "153DETGX00014", "正式名称": "藤浪歯科医院", "機関区分": 3, "都道府県コード": 15, "市区町村コード": 216, "所在地": "新潟県糸魚川市青海４６０８－１", "緯度": 37.024442, "経度": 137.797158, "url": "https://www.iryou.teikyouseido.mhlw.go.jp/znk-web/juminkanja/S2430/initialize?prefCd=15&kikanCd=DETGX00014&kikanKbn=3", "url2": null, "内容": "藤浪歯科医院【3:歯科】新潟県糸魚川市青海４６０８－１" }, "geometry": { "type": "Point", "coordinates": [ 137.797158, 37.024442 ] } },
{ "type": "Feature", "properties": { "ID": "153DETGX00015", "正式名称": "すがはら歯科医院", "機関区分": 3, "都道府県コード": 15, "市区町村コード": 216, "所在地": "新潟県糸魚川市須沢２６３６", "緯度": 37.030791, "経度": 137.825547, "url": "https://www.iryou.teikyouseido.mhlw.go.jp/znk-web/juminkanja/S2430/initialize?prefCd=15&kikanCd=DETGX00015&kikanKbn=3", "url2": null, "内容": "すがはら歯科医院【3:歯科】新潟県糸魚川市須沢２６３６" }, "geometry": { "type": "Point", "coordinates": [ 137.825547, 37.030791 ] } },
{ "type": "Feature", "properties": { "ID": "153DETKX00001", "正式名称": "医療法人社団　田村歯科医院", "機関区分": 3, "都道府県コード": 15, "市区町村コード": 210, "所在地": "新潟県十日町市昭和町３－２２", "緯度": 37.133549, "経度": 138.757833, "url": "https://www.iryou.teikyouseido.mhlw.go.jp/znk-web/juminkanja/S2430/initialize?prefCd=15&kikanCd=DETKX00001&kikanKbn=3", "url2": null, "内容": "医療法人社団　田村歯科医院【3:歯科】新潟県十日町市昭和町３－２２" }, "geometry": { "type": "Point", "coordinates": [ 138.757833, 37.133549 ] } },
{ "type": "Feature", "properties": { "ID": "153DETKX00002", "正式名称": "中林歯科医院", "機関区分": 3, "都道府県コード": 15, "市区町村コード": 210, "所在地": "新潟県十日町市七軒町２５９－７", "緯度": 37.131832, "経度": 138.758822, "url": "https://www.iryou.teikyouseido.mhlw.go.jp/znk-web/juminkanja/S2430/initialize?prefCd=15&kikanCd=DETKX00002&kikanKbn=3", "url2": null, "内容": "中林歯科医院【3:歯科】新潟県十日町市七軒町２５９－７" }, "geometry": { "type": "Point", "coordinates": [ 138.758822, 37.131832 ] } },
{ "type": "Feature", "properties": { "ID": "153DETKX00003", "正式名称": "中町歯科医院", "機関区分": 3, "都道府県コード": 15, "市区町村コード": 210, "所在地": "新潟県十日町市下条３ー４８２", "緯度": 37.195714, "経度": 138.778779, "url": "https://www.iryou.teikyouseido.mhlw.go.jp/znk-web/juminkanja/S2430/initialize?prefCd=15&kikanCd=DETKX00003&kikanKbn=3", "url2": null, "内容": "中町歯科医院【3:歯科】新潟県十日町市下条３ー４８２" }, "geometry": { "type": "Point", "coordinates": [ 138.778779, 37.195714 ] } },
{ "type": "Feature", "properties": { "ID": "153DETKX00005", "正式名称": "二瓶歯科医院", "機関区分": 3, "都道府県コード": 15, "市区町村コード": 210, "所在地": "新潟県十日町市四日町１４６２番地", "緯度": 37.148998, "経度": 138.763977, "url": "https://www.iryou.teikyouseido.mhlw.go.jp/znk-web/juminkanja/S2430/initialize?prefCd=15&kikanCd=DETKX00005&kikanKbn=3", "url2": null, "内容": "二瓶歯科医院【3:歯科】新潟県十日町市四日町１４６２番地" }, "geometry": { "type": "Point", "coordinates": [ 138.763977, 37.148998 ] } },
{ "type": "Feature", "properties": { "ID": "153DETKX00006", "正式名称": "和歯科医院", "機関区分": 3, "都道府県コード": 15, "市区町村コード": 210, "所在地": "新潟県十日町市卯１２３番地", "緯度": 37.134078, "経度": 138.764011, "url": "https://www.iryou.teikyouseido.mhlw.go.jp/znk-web/juminkanja/S2430/initialize?prefCd=15&kikanCd=DETKX00006&kikanKbn=3", "url2": null, "内容": "和歯科医院【3:歯科】新潟県十日町市卯１２３番地" }, "geometry": { "type": "Point", "coordinates": [ 138.764011, 37.134078 ] } },
{ "type": "Feature", "properties": { "ID": "153DETKX00007", "正式名称": "西野歯科医院", "機関区分": 3, "都道府県コード": 15, "市区町村コード": 210, "所在地": "新潟県十日町市駅通り２３８番地１", "緯度": 37.134668, "経度": 138.757699, "url": "https://www.iryou.teikyouseido.mhlw.go.jp/znk-web/juminkanja/S2430/initialize?prefCd=15&kikanCd=DETKX00007&kikanKbn=3", "url2": null, "内容": "西野歯科医院【3:歯科】新潟県十日町市駅通り２３８番地１" }, "geometry": { "type": "Point", "coordinates": [ 138.757699, 37.134668 ] } },
{ "type": "Feature", "properties": { "ID": "153DETKX00008", "正式名称": "鈴木歯科医院", "機関区分": 3, "都道府県コード": 15, "市区町村コード": 210, "所在地": "新潟県十日町市錦町１－４８", "緯度": 37.128673, "経度": 138.75026, "url": "https://www.iryou.teikyouseido.mhlw.go.jp/znk-web/juminkanja/S2430/initialize?prefCd=15&kikanCd=DETKX00008&kikanKbn=3", "url2": null, "内容": "鈴木歯科医院【3:歯科】新潟県十日町市錦町１－４８" }, "geometry": { "type": "Point", "coordinates": [ 138.75026, 37.128673 ] } },
{ "type": "Feature", "properties": { "ID": "153DETKX00010", "正式名称": "水沢歯科医院", "機関区分": 3, "都道府県コード": 15, "市区町村コード": 210, "所在地": "新潟県十日町市馬場丙１５０７", "緯度": 37.093211, "経度": 138.727535, "url": "https://www.iryou.teikyouseido.mhlw.go.jp/znk-web/juminkanja/S2430/initialize?prefCd=15&kikanCd=DETKX00010&kikanKbn=3", "url2": null, "内容": "水沢歯科医院【3:歯科】新潟県十日町市馬場丙１５０７" }, "geometry": { "type": "Point", "coordinates": [ 138.727535, 37.093211 ] } },
{ "type": "Feature", "properties": { "ID": "153DETKX00012", "正式名称": "田中歯科医院", "機関区分": 3, "都道府県コード": 15, "市区町村コード": 210, "所在地": "新潟県十日町市水口沢６６", "緯度": 37.160834, "経度": 138.737714, "url": "https://www.iryou.teikyouseido.mhlw.go.jp/znk-web/juminkanja/S2430/initialize?prefCd=15&kikanCd=DETKX00012&kikanKbn=3", "url2": null, "内容": "田中歯科医院【3:歯科】新潟県十日町市水口沢６６" }, "geometry": { "type": "Point", "coordinates": [ 138.737714, 37.160834 ] } },
{ "type": "Feature", "properties": { "ID": "153DETKX00014", "正式名称": "医療法人津南デンタルクリニック", "機関区分": 3, "都道府県コード": 15, "市区町村コード": 482, "所在地": "新潟県中魚沼郡津南町大字下船渡丁７９６２ー１", "緯度": 37.016014, "経度": 138.650689, "url": "https://www.iryou.teikyouseido.mhlw.go.jp/znk-web/juminkanja/S2430/initialize?prefCd=15&kikanCd=DETKX00014&kikanKbn=3", "url2": null, "内容": "医療法人津南デンタルクリニック【3:歯科】新潟県中魚沼郡津南町大字下船渡丁７９６２ー１" }, "geometry": { "type": "Point", "coordinates": [ 138.650689, 37.016014 ] } },
{ "type": "Feature", "properties": { "ID": "153DETKX00015", "正式名称": "村山歯科医院", "機関区分": 3, "都道府県コード": 15, "市区町村コード": 482, "所在地": "新潟県中魚沼郡津南町下船渡甲４５９２番地", "緯度": 37.031899, "経度": 138.668413, "url": "https://www.iryou.teikyouseido.mhlw.go.jp/znk-web/juminkanja/S2430/initialize?prefCd=15&kikanCd=DETKX00015&kikanKbn=3", "url2": null, "内容": "村山歯科医院【3:歯科】新潟県中魚沼郡津南町下船渡甲４５９２番地" }, "geometry": { "type": "Point", "coordinates": [ 138.668413, 37.031899 ] } },
{ "type": "Feature", "properties": { "ID": "153DETKX00016", "正式名称": "伊藤歯科クリニック", "機関区分": 3, "都道府県コード": 15, "市区町村コード": 210, "所在地": "新潟県十日町市松之山１６０３－２", "緯度": 37.08734, "経度": 138.608159, "url": "https://www.iryou.teikyouseido.mhlw.go.jp/znk-web/juminkanja/S2430/initialize?prefCd=15&kikanCd=DETKX00016&kikanKbn=3", "url2": null, "内容": "伊藤歯科クリニック【3:歯科】新潟県十日町市松之山１６０３－２" }, "geometry": { "type": "Point", "coordinates": [ 138.608159, 37.08734 ] } },
{ "type": "Feature", "properties": { "ID": "153DETKX00017", "正式名称": "ひまわり歯科クリニック", "機関区分": 3, "都道府県コード": 15, "市区町村コード": 210, "所在地": "新潟県十日町市山崎己１４１５", "緯度": 37.051485, "経度": 138.69663, "url": "https://www.iryou.teikyouseido.mhlw.go.jp/znk-web/juminkanja/S2430/initialize?prefCd=15&kikanCd=DETKX00017&kikanKbn=3", "url2": null, "内容": "ひまわり歯科クリニック【3:歯科】新潟県十日町市山崎己１４１５" }, "geometry": { "type": "Point", "coordinates": [ 138.69663, 37.051485 ] } },
{ "type": "Feature", "properties": { "ID": "153DETKX00018", "正式名称": "Ｎａｋａｊｉｍａ　Ｄｅｎｔａｌ　Ｓｔｕｄｉｏ", "機関区分": 3, "都道府県コード": 15, "市区町村コード": 482, "所在地": "新潟県中魚沼郡津南町外丸丁１４８１－１", "緯度": 37.022668, "経度": 138.639321, "url": "https://www.iryou.teikyouseido.mhlw.go.jp/znk-web/juminkanja/S2430/initialize?prefCd=15&kikanCd=DETKX00018&kikanKbn=3", "url2": null, "内容": "Ｎａｋａｊｉｍａ　Ｄｅｎｔａｌ　Ｓｔｕｄｉｏ【3:歯科】新潟県中魚沼郡津南町外丸丁１４８１－１" }, "geometry": { "type": "Point", "coordinates": [ 138.639321, 37.022668 ] } },
{ "type": "Feature", "properties": { "ID": "153DETKX00019", "正式名称": "医療法人雅美会　中条歯科クリニック", "機関区分": 3, "都道府県コード": 15, "市区町村コード": 210, "所在地": "新潟県十日町市中条甲８２６−９", "緯度": 37.162089, "経度": 138.772317, "url": "https://www.iryou.teikyouseido.mhlw.go.jp/znk-web/juminkanja/S2430/initialize?prefCd=15&kikanCd=DETKX00019&kikanKbn=3", "url2": null, "内容": "医療法人雅美会　中条歯科クリニック【3:歯科】新潟県十日町市中条甲８２６−９" }, "geometry": { "type": "Point", "coordinates": [ 138.772317, 37.162089 ] } },
{ "type": "Feature", "properties": { "ID": "153DETKX00021", "正式名称": "つまり歯科", "機関区分": 3, "都道府県コード": 15, "市区町村コード": 210, "所在地": "新潟県十日町市高山３－４９３－９", "緯度": 37.131281, "経度": 138.753073, "url": "https://www.iryou.teikyouseido.mhlw.go.jp/znk-web/juminkanja/S2430/initialize?prefCd=15&kikanCd=DETKX00021&kikanKbn=3", "url2": null, "内容": "つまり歯科【3:歯科】新潟県十日町市高山３－４９３－９" }, "geometry": { "type": "Point", "coordinates": [ 138.753073, 37.131281 ] } },
{ "type": "Feature", "properties": { "ID": "153DETKX00022", "正式名称": "蕪木歯科医院", "機関区分": 3, "都道府県コード": 15, "市区町村コード": 210, "所在地": "新潟県十日町市本町三丁目２番地３", "緯度": 37.132513, "経度": 138.760653, "url": "https://www.iryou.teikyouseido.mhlw.go.jp/znk-web/juminkanja/S2430/initialize?prefCd=15&kikanCd=DETKX00022&kikanKbn=3", "url2": null, "内容": "蕪木歯科医院【3:歯科】新潟県十日町市本町三丁目２番地３" }, "geometry": { "type": "Point", "coordinates": [ 138.760653, 37.132513 ] } },
{ "type": "Feature", "properties": { "ID": "153DETKY00011", "正式名称": "ホープ歯科クリニック", "機関区分": 3, "都道府県コード": 15, "市区町村コード": 210, "所在地": "新潟県十日町市寿町２－６－２５", "緯度": 37.12749, "経度": 138.753207, "url": "https://www.iryou.teikyouseido.mhlw.go.jp/znk-web/juminkanja/S2430/initialize?prefCd=15&kikanCd=DETKY00011&kikanKbn=3", "url2": "http;//www.hope-dental.com", "内容": "ホープ歯科クリニック【3:歯科】新潟県十日町市寿町２－６－２５" }, "geometry": { "type": "Point", "coordinates": [ 138.753207, 37.12749 ] } },
{ "type": "Feature", "properties": { "ID": "153DEUNX00001", "正式名称": "医療法人社団双也会石上歯科医院", "機関区分": 3, "都道府県コード": 15, "市区町村コード": 225, "所在地": "新潟県魚沼市堀之内４０１１－８", "緯度": 37.240421, "経度": 138.92742, "url": "https://www.iryou.teikyouseido.mhlw.go.jp/znk-web/juminkanja/S2430/initialize?prefCd=15&kikanCd=DEUNX00001&kikanKbn=3", "url2": null, "内容": "医療法人社団双也会石上歯科医院【3:歯科】新潟県魚沼市堀之内４０１１－８" }, "geometry": { "type": "Point", "coordinates": [ 138.92742, 37.240421 ] } },
{ "type": "Feature", "properties": { "ID": "153DEUNX00002", "正式名称": "黒岩歯科医院", "機関区分": 3, "都道府県コード": 15, "市区町村コード": 225, "所在地": "新潟県魚沼市佐梨６４５－８", "緯度": 37.227619, "経度": 138.968063, "url": "https://www.iryou.teikyouseido.mhlw.go.jp/znk-web/juminkanja/S2430/initialize?prefCd=15&kikanCd=DEUNX00002&kikanKbn=3", "url2": null, "内容": "黒岩歯科医院【3:歯科】新潟県魚沼市佐梨６４５－８" }, "geometry": { "type": "Point", "coordinates": [ 138.968063, 37.227619 ] } },
{ "type": "Feature", "properties": { "ID": "153DEUNX00003", "正式名称": "医療法人社団　星歯科医院", "機関区分": 3, "都道府県コード": 15, "市区町村コード": 225, "所在地": "新潟県魚沼市井口新田３１２－２湯之谷星歯科医院", "緯度": 37.233181, "経度": 138.96212, "url": "https://www.iryou.teikyouseido.mhlw.go.jp/znk-web/juminkanja/S2430/initialize?prefCd=15&kikanCd=DEUNX00003&kikanKbn=3", "url2": "https://www.hoshi-dental.com", "内容": "医療法人社団　星歯科医院【3:歯科】新潟県魚沼市井口新田３１２－２湯之谷星歯科医院" }, "geometry": { "type": "Point", "coordinates": [ 138.96212, 37.233181 ] } },
{ "type": "Feature", "properties": { "ID": "153DEUNX00005", "正式名称": "高木歯科クリニック", "機関区分": 3, "都道府県コード": 15, "市区町村コード": 225, "所在地": "新潟県魚沼市稲荷町１－１２", "緯度": 37.232662, "経度": 138.958395, "url": "https://www.iryou.teikyouseido.mhlw.go.jp/znk-web/juminkanja/S2430/initialize?prefCd=15&kikanCd=DEUNX00005&kikanKbn=3", "url2": null, "内容": "高木歯科クリニック【3:歯科】新潟県魚沼市稲荷町１－１２" }, "geometry": { "type": "Point", "coordinates": [ 138.958395, 37.232662 ] } },
{ "type": "Feature", "properties": { "ID": "153DEUNX00006", "正式名称": "おがわ歯科クリニック", "機関区分": 3, "都道府県コード": 15, "市区町村コード": 225, "所在地": "新潟県魚沼市小出島３２１ー１", "緯度": 37.23105, "経度": 138.958437, "url": "https://www.iryou.teikyouseido.mhlw.go.jp/znk-web/juminkanja/S2430/initialize?prefCd=15&kikanCd=DEUNX00006&kikanKbn=3", "url2": null, "内容": "おがわ歯科クリニック【3:歯科】新潟県魚沼市小出島３２１ー１" }, "geometry": { "type": "Point", "coordinates": [ 138.958437, 37.23105 ] } },
{ "type": "Feature", "properties": { "ID": "153DEUNX00008", "正式名称": "かみむら歯科医院", "機関区分": 3, "都道府県コード": 15, "市区町村コード": 225, "所在地": "新潟県魚沼市井口新田１５７－１", "緯度": 37.231558, "経度": 138.973256, "url": "https://www.iryou.teikyouseido.mhlw.go.jp/znk-web/juminkanja/S2430/initialize?prefCd=15&kikanCd=DEUNX00008&kikanKbn=3", "url2": null, "内容": "かみむら歯科医院【3:歯科】新潟県魚沼市井口新田１５７－１" }, "geometry": { "type": "Point", "coordinates": [ 138.973256, 37.231558 ] } },
{ "type": "Feature", "properties": { "ID": "153DEUNX00009", "正式名称": "さとう歯科医院", "機関区分": 3, "都道府県コード": 15, "市区町村コード": 225, "所在地": "新潟県魚沼市井口新田９４８－６", "緯度": 37.229117, "経度": 138.969513, "url": "https://www.iryou.teikyouseido.mhlw.go.jp/znk-web/juminkanja/S2430/initialize?prefCd=15&kikanCd=DEUNX00009&kikanKbn=3", "url2": null, "内容": "さとう歯科医院【3:歯科】新潟県魚沼市井口新田９４８－６" }, "geometry": { "type": "Point", "coordinates": [ 138.969513, 37.229117 ] } },
{ "type": "Feature", "properties": { "ID": "153DEUNX00011", "正式名称": "ゆのたに歯科", "機関区分": 3, "都道府県コード": 15, "市区町村コード": 225, "所在地": "新潟県魚沼市井口新田５４７－１２", "緯度": 37.232809, "経度": 138.968459, "url": "https://www.iryou.teikyouseido.mhlw.go.jp/znk-web/juminkanja/S2430/initialize?prefCd=15&kikanCd=DEUNX00011&kikanKbn=3", "url2": null, "内容": "ゆのたに歯科【3:歯科】新潟県魚沼市井口新田５４７－１２" }, "geometry": { "type": "Point", "coordinates": [ 138.968459, 37.232809 ] } },
{ "type": "Feature", "properties": { "ID": "153DEUNX00012", "正式名称": "医療法人星仁会星歯科医院", "機関区分": 3, "都道府県コード": 15, "市区町村コード": 225, "所在地": "新潟県魚沼市四日町１９−２", "緯度": 37.237949, "経度": 138.960702, "url": "https://www.iryou.teikyouseido.mhlw.go.jp/znk-web/juminkanja/S2430/initialize?prefCd=15&kikanCd=DEUNX00012&kikanKbn=3", "url2": null, "内容": "医療法人星仁会星歯科医院【3:歯科】新潟県魚沼市四日町１９−２" }, "geometry": { "type": "Point", "coordinates": [ 138.960702, 37.237949 ] } },
{ "type": "Feature", "properties": { "ID": "153DEUNX00013", "正式名称": "守門みまもり歯科", "機関区分": 3, "都道府県コード": 15, "市区町村コード": 225, "所在地": "新潟県魚沼市須原１２３７－１", "緯度": 37.317985, "経度": 139.017755, "url": "https://www.iryou.teikyouseido.mhlw.go.jp/znk-web/juminkanja/S2430/initialize?prefCd=15&kikanCd=DEUNX00013&kikanKbn=3", "url2": null, "内容": "守門みまもり歯科【3:歯科】新潟県魚沼市須原１２３７－１" }, "geometry": { "type": "Point", "coordinates": [ 139.017755, 37.317985 ] } },
{ "type": "Feature", "properties": { "ID": "153SEJTX00106", "正式名称": "Ｄｅｎｔａｌ　ＮＥＳＴ　Ｒｅｇａｌｏ", "機関区分": 3, "都道府県コード": 15, "市区町村コード": 222, "所在地": "新潟県上越市下門前２２５５", "緯度": 37.162246, "経度": 138.252518, "url": "https://www.iryou.teikyouseido.mhlw.go.jp/znk-web/juminkanja/S2430/initialize?prefCd=15&kikanCd=SEJTX00106&kikanKbn=3", "url2": "https://dn-regalo.jp/", "内容": "Ｄｅｎｔａｌ　ＮＥＳＴ　Ｒｅｇａｌｏ【3:歯科】新潟県上越市下門前２２５５" }, "geometry": { "type": "Point", "coordinates": [ 138.252518, 37.162246 ] } }
]
}
