{
"type": "FeatureCollection",
"name": "geo_15_5",
"crs": { "type": "name", "properties": { "name": "urn:ogc:def:crs:OGC:1.3:CRS84" } },
"features": [
{ "type": "Feature", "properties": { "ID": "155150002", "正式名称": "共栄堂薬局すごろ店", "機関区分": 5, "都道府県コード": 15, "市区町村コード": 204, "所在地": "新潟県三条市須頃３－１１８", "緯度": 37.647687, "経度": 138.944557, "url": "https://www.iryou.teikyouseido.mhlw.go.jp/znk-web/juminkanja/S2430/initialize?prefCd=15&kikanCd=150002&kikanKbn=5", "url2": "https://kyoueido.net/shop/7573/", "内容": "共栄堂薬局すごろ店【5:薬局】新潟県三条市須頃３－１１８" }, "geometry": { "type": "Point", "coordinates": [ 138.944557, 37.647687 ] } },
{ "type": "Feature", "properties": { "ID": "155YAJTQ00001", "正式名称": "横尾薬局", "機関区分": 5, "都道府県コード": 15, "市区町村コード": 222, "所在地": "新潟県上越市安塚区安塚９９９－甲", "緯度": 37.132652, "経度": 138.444618, "url": "https://www.iryou.teikyouseido.mhlw.go.jp/znk-web/juminkanja/S2430/initialize?prefCd=15&kikanCd=YAJTQ00001&kikanKbn=5", "url2": null, "内容": "横尾薬局【5:薬局】新潟県上越市安塚区安塚９９９－甲" }, "geometry": { "type": "Point", "coordinates": [ 138.444618, 37.132652 ] } },
{ "type": "Feature", "properties": { "ID": "155YAJTQ00002", "正式名称": "有限会社　金谷雄三薬局", "機関区分": 5, "都道府県コード": 15, "市区町村コード": 222, "所在地": "新潟県上越市中央１－２４－７", "緯度": 37.174011, "経度": 138.246233, "url": "https://www.iryou.teikyouseido.mhlw.go.jp/znk-web/juminkanja/S2430/initialize?prefCd=15&kikanCd=YAJTQ00002&kikanKbn=5", "url2": "https://www.yuzokanaya.com", "内容": "有限会社　金谷雄三薬局【5:薬局】新潟県上越市中央１－２４－７" }, "geometry": { "type": "Point", "coordinates": [ 138.246233, 37.174011 ] } },
{ "type": "Feature", "properties": { "ID": "155YAJTQ00003", "正式名称": "有限会社ヱビスヤ薬局", "機関区分": 5, "都道府県コード": 15, "市区町村コード": 217, "所在地": "新潟県妙高市上町７番４号", "緯度": 37.024465, "経度": 138.251886, "url": "https://www.iryou.teikyouseido.mhlw.go.jp/znk-web/juminkanja/S2430/initialize?prefCd=15&kikanCd=YAJTQ00003&kikanKbn=5", "url2": null, "内容": "有限会社ヱビスヤ薬局【5:薬局】新潟県妙高市上町７番４号" }, "geometry": { "type": "Point", "coordinates": [ 138.251886, 37.024465 ] } },
{ "type": "Feature", "properties": { "ID": "155YAJTQ00005", "正式名称": "大町調剤薬局", "機関区分": 5, "都道府県コード": 15, "市区町村コード": 222, "所在地": "新潟県上越市大町４丁目４番４号", "緯度": 37.114474, "経度": 138.245912, "url": "https://www.iryou.teikyouseido.mhlw.go.jp/znk-web/juminkanja/S2430/initialize?prefCd=15&kikanCd=YAJTQ00005&kikanKbn=5", "url2": "http://www.oomati-4193.co.jp", "内容": "大町調剤薬局【5:薬局】新潟県上越市大町４丁目４番４号" }, "geometry": { "type": "Point", "coordinates": [ 138.245912, 37.114474 ] } },
{ "type": "Feature", "properties": { "ID": "155YAJTQ00006", "正式名称": "ますや薬局", "機関区分": 5, "都道府県コード": 15, "市区町村コード": 222, "所在地": "新潟県上越市板倉区針７９９番地", "緯度": 37.049008, "経度": 138.29227, "url": "https://www.iryou.teikyouseido.mhlw.go.jp/znk-web/juminkanja/S2430/initialize?prefCd=15&kikanCd=YAJTQ00006&kikanKbn=5", "url2": "http://www.meron-net.jp//masuya-m/", "内容": "ますや薬局【5:薬局】新潟県上越市板倉区針７９９番地" }, "geometry": { "type": "Point", "coordinates": [ 138.29227, 37.049008 ] } },
{ "type": "Feature", "properties": { "ID": "155YAJTQ00007", "正式名称": "薬局・ドラッグゲンちゃん", "機関区分": 5, "都道府県コード": 15, "市区町村コード": 222, "所在地": "新潟県上越市東城町３丁目１０番２号", "緯度": 37.108497, "経度": 138.261455, "url": "https://www.iryou.teikyouseido.mhlw.go.jp/znk-web/juminkanja/S2430/initialize?prefCd=15&kikanCd=YAJTQ00007&kikanKbn=5", "url2": null, "内容": "薬局・ドラッグゲンちゃん【5:薬局】新潟県上越市東城町３丁目１０番２号" }, "geometry": { "type": "Point", "coordinates": [ 138.261455, 37.108497 ] } },
{ "type": "Feature", "properties": { "ID": "155YAJTQ00008", "正式名称": "有限会社グリーン薬局", "機関区分": 5, "都道府県コード": 15, "市区町村コード": 222, "所在地": "新潟県上越市柿崎区柿崎５６９８－５", "緯度": 37.275321, "経度": 138.394944, "url": "https://www.iryou.teikyouseido.mhlw.go.jp/znk-web/juminkanja/S2430/initialize?prefCd=15&kikanCd=YAJTQ00008&kikanKbn=5", "url2": null, "内容": "有限会社グリーン薬局【5:薬局】新潟県上越市柿崎区柿崎５６９８－５" }, "geometry": { "type": "Point", "coordinates": [ 138.394944, 37.275321 ] } },
{ "type": "Feature", "properties": { "ID": "155YAJTQ00009", "正式名称": "吉岡薬局", "機関区分": 5, "都道府県コード": 15, "市区町村コード": 222, "所在地": "新潟県上越市春日新田１－２２－３４", "緯度": 37.170009, "経度": 138.254568, "url": "https://www.iryou.teikyouseido.mhlw.go.jp/znk-web/juminkanja/S2430/initialize?prefCd=15&kikanCd=YAJTQ00009&kikanKbn=5", "url2": "http://jouetuchuuou.co.jp/index.html", "内容": "吉岡薬局【5:薬局】新潟県上越市春日新田１－２２－３４" }, "geometry": { "type": "Point", "coordinates": [ 138.254568, 37.170009 ] } },
{ "type": "Feature", "properties": { "ID": "155YAJTQ00010", "正式名称": "オタケ薬局", "機関区分": 5, "都道府県コード": 15, "市区町村コード": 222, "所在地": "新潟県上越市新保古新田５５５", "緯度": 37.110008, "経度": 138.291304, "url": "https://www.iryou.teikyouseido.mhlw.go.jp/znk-web/juminkanja/S2430/initialize?prefCd=15&kikanCd=YAJTQ00010&kikanKbn=5", "url2": "http://jouetuchuuou.co.jp/", "内容": "オタケ薬局【5:薬局】新潟県上越市新保古新田５５５" }, "geometry": { "type": "Point", "coordinates": [ 138.291304, 37.110008 ] } },
{ "type": "Feature", "properties": { "ID": "155YAJTQ00011", "正式名称": "いわしや高土町薬局", "機関区分": 5, "都道府県コード": 15, "市区町村コード": 222, "所在地": "新潟県上越市高土町１ー９ー１２", "緯度": 37.123908, "経度": 138.252578, "url": "https://www.iryou.teikyouseido.mhlw.go.jp/znk-web/juminkanja/S2430/initialize?prefCd=15&kikanCd=YAJTQ00011&kikanKbn=5", "url2": null, "内容": "いわしや高土町薬局【5:薬局】新潟県上越市高土町１ー９ー１２" }, "geometry": { "type": "Point", "coordinates": [ 138.252578, 37.123908 ] } },
{ "type": "Feature", "properties": { "ID": "155YAJTQ00012", "正式名称": "春日野調剤薬局", "機関区分": 5, "都道府県コード": 15, "市区町村コード": 222, "所在地": "新潟県上越市春日野１丁目５番１４号", "緯度": 37.149204, "経度": 138.229071, "url": "https://www.iryou.teikyouseido.mhlw.go.jp/znk-web/juminkanja/S2430/initialize?prefCd=15&kikanCd=YAJTQ00012&kikanKbn=5", "url2": "http://keirin-net.co.jp/", "内容": "春日野調剤薬局【5:薬局】新潟県上越市春日野１丁目５番１４号" }, "geometry": { "type": "Point", "coordinates": [ 138.229071, 37.149204 ] } },
{ "type": "Feature", "properties": { "ID": "155YAJTQ00013", "正式名称": "グリーン薬局北城", "機関区分": 5, "都道府県コード": 15, "市区町村コード": 222, "所在地": "新潟県上越市北城町１丁目６番３号", "緯度": 37.116971, "経度": 138.259202, "url": "https://www.iryou.teikyouseido.mhlw.go.jp/znk-web/juminkanja/S2430/initialize?prefCd=15&kikanCd=YAJTQ00013&kikanKbn=5", "url2": null, "内容": "グリーン薬局北城【5:薬局】新潟県上越市北城町１丁目６番３号" }, "geometry": { "type": "Point", "coordinates": [ 138.259202, 37.116971 ] } },
{ "type": "Feature", "properties": { "ID": "155YAJTQ00015", "正式名称": "有限会社大山薬局", "機関区分": 5, "都道府県コード": 15, "市区町村コード": 222, "所在地": "新潟県上越市本町１－４－１７", "緯度": 37.102857, "経度": 138.243112, "url": "https://www.iryou.teikyouseido.mhlw.go.jp/znk-web/juminkanja/S2430/initialize?prefCd=15&kikanCd=YAJTQ00015&kikanKbn=5", "url2": null, "内容": "有限会社大山薬局【5:薬局】新潟県上越市本町１－４－１７" }, "geometry": { "type": "Point", "coordinates": [ 138.243112, 37.102857 ] } },
{ "type": "Feature", "properties": { "ID": "155YAJTQ00016", "正式名称": "有限会社たから薬局", "機関区分": 5, "都道府県コード": 15, "市区町村コード": 222, "所在地": "新潟県上越市大手町１－２２", "緯度": 37.109575, "経度": 138.246611, "url": "https://www.iryou.teikyouseido.mhlw.go.jp/znk-web/juminkanja/S2430/initialize?prefCd=15&kikanCd=YAJTQ00016&kikanKbn=5", "url2": null, "内容": "有限会社たから薬局【5:薬局】新潟県上越市大手町１－２２" }, "geometry": { "type": "Point", "coordinates": [ 138.246611, 37.109575 ] } },
{ "type": "Feature", "properties": { "ID": "155YAJTQ00017", "正式名称": "おおまち薬局鴨島店", "機関区分": 5, "都道府県コード": 15, "市区町村コード": 222, "所在地": "新潟県上越市鴨島３丁目６−６８", "緯度": 37.107583, "経度": 138.26921, "url": "https://www.iryou.teikyouseido.mhlw.go.jp/znk-web/juminkanja/S2430/initialize?prefCd=15&kikanCd=YAJTQ00017&kikanKbn=5", "url2": "http://www.oomati-4193.co.jp/", "内容": "おおまち薬局鴨島店【5:薬局】新潟県上越市鴨島３丁目６−６８" }, "geometry": { "type": "Point", "coordinates": [ 138.26921, 37.107583 ] } },
{ "type": "Feature", "properties": { "ID": "155YAJTQ00018", "正式名称": "自然堂つるや薬局　春日山店", "機関区分": 5, "都道府県コード": 15, "市区町村コード": 222, "所在地": "新潟県上越市大豆１－９－１", "緯度": 37.150699, "経度": 138.227813, "url": "https://www.iryou.teikyouseido.mhlw.go.jp/znk-web/juminkanja/S2430/initialize?prefCd=15&kikanCd=YAJTQ00018&kikanKbn=5", "url2": "https://100saiclub.jp/", "内容": "自然堂つるや薬局　春日山店【5:薬局】新潟県上越市大豆１－９－１" }, "geometry": { "type": "Point", "coordinates": [ 138.227813, 37.150699 ] } },
{ "type": "Feature", "properties": { "ID": "155YAJTQ00019", "正式名称": "中央調剤薬局大町店", "機関区分": 5, "都道府県コード": 15, "市区町村コード": 222, "所在地": "新潟県上越市大町３－３－２１", "緯度": 37.110948, "経度": 138.245897, "url": "https://www.iryou.teikyouseido.mhlw.go.jp/znk-web/juminkanja/S2430/initialize?prefCd=15&kikanCd=YAJTQ00019&kikanKbn=5", "url2": "http://jouetuchuuou.co.jp", "内容": "中央調剤薬局大町店【5:薬局】新潟県上越市大町３－３－２１" }, "geometry": { "type": "Point", "coordinates": [ 138.245897, 37.110948 ] } },
{ "type": "Feature", "properties": { "ID": "155YAJTQ00020", "正式名称": "コクブ薬局", "機関区分": 5, "都道府県コード": 15, "市区町村コード": 222, "所在地": "新潟県上越市国府４－６－１７", "緯度": 37.161529, "経度": 138.228842, "url": "https://www.iryou.teikyouseido.mhlw.go.jp/znk-web/juminkanja/S2430/initialize?prefCd=15&kikanCd=YAJTQ00020&kikanKbn=5", "url2": "https://ho-rai.co.jp/", "内容": "コクブ薬局【5:薬局】新潟県上越市国府４－６－１７" }, "geometry": { "type": "Point", "coordinates": [ 138.228842, 37.161529 ] } },
{ "type": "Feature", "properties": { "ID": "155YAJTQ00021", "正式名称": "中央調剤薬局駅南店", "機関区分": 5, "都道府県コード": 15, "市区町村コード": 222, "所在地": "新潟県上越市東雲町２－６－２４", "緯度": 37.028572, "経度": 138.254391, "url": "https://www.iryou.teikyouseido.mhlw.go.jp/znk-web/juminkanja/S2430/initialize?prefCd=15&kikanCd=YAJTQ00021&kikanKbn=5", "url2": "http://jouetuchuuou.co.jp/index.html", "内容": "中央調剤薬局駅南店【5:薬局】新潟県上越市東雲町２－６－２４" }, "geometry": { "type": "Point", "coordinates": [ 138.254391, 37.028572 ] } },
{ "type": "Feature", "properties": { "ID": "155YAJTQ00022", "正式名称": "大学前薬局", "機関区分": 5, "都道府県コード": 15, "市区町村コード": 222, "所在地": "新潟県上越市大学前２０３番地", "緯度": 37.134525, "経度": 138.230836, "url": "https://www.iryou.teikyouseido.mhlw.go.jp/znk-web/juminkanja/S2430/initialize?prefCd=15&kikanCd=YAJTQ00022&kikanKbn=5", "url2": null, "内容": "大学前薬局【5:薬局】新潟県上越市大学前２０３番地" }, "geometry": { "type": "Point", "coordinates": [ 138.230836, 37.134525 ] } },
{ "type": "Feature", "properties": { "ID": "155YAJTQ00023", "正式名称": "ほたる調剤薬局", "機関区分": 5, "都道府県コード": 15, "市区町村コード": 222, "所在地": "新潟県上越市頸城区上吉４３７－６８", "緯度": 37.181964, "経度": 138.284635, "url": "https://www.iryou.teikyouseido.mhlw.go.jp/znk-web/juminkanja/S2430/initialize?prefCd=15&kikanCd=YAJTQ00023&kikanKbn=5", "url2": "https://ho-rai.co.jp/", "内容": "ほたる調剤薬局【5:薬局】新潟県上越市頸城区上吉４３７－６８" }, "geometry": { "type": "Point", "coordinates": [ 138.284635, 37.181964 ] } },
{ "type": "Feature", "properties": { "ID": "155YAJTQ00024", "正式名称": "自然堂つるや薬局新井店", "機関区分": 5, "都道府県コード": 15, "市区町村コード": 217, "所在地": "新潟県妙高市朝日町１－２－１３", "緯度": 37.027318, "経度": 138.253729, "url": "https://www.iryou.teikyouseido.mhlw.go.jp/znk-web/juminkanja/S2430/initialize?prefCd=15&kikanCd=YAJTQ00024&kikanKbn=5", "url2": "https://100saiclub.jp/", "内容": "自然堂つるや薬局新井店【5:薬局】新潟県妙高市朝日町１－２－１３" }, "geometry": { "type": "Point", "coordinates": [ 138.253729, 37.027318 ] } },
{ "type": "Feature", "properties": { "ID": "155YAJTQ00025", "正式名称": "駅前薬局", "機関区分": 5, "都道府県コード": 15, "市区町村コード": 222, "所在地": "新潟県上越市仲町４−２−２２駅前薬局", "緯度": 37.115265, "経度": 138.243245, "url": "https://www.iryou.teikyouseido.mhlw.go.jp/znk-web/juminkanja/S2430/initialize?prefCd=15&kikanCd=YAJTQ00025&kikanKbn=5", "url2": null, "内容": "駅前薬局【5:薬局】新潟県上越市仲町４−２−２２駅前薬局" }, "geometry": { "type": "Point", "coordinates": [ 138.243245, 37.115265 ] } },
{ "type": "Feature", "properties": { "ID": "155YAJTQ00026", "正式名称": "ミユキ調剤薬局", "機関区分": 5, "都道府県コード": 15, "市区町村コード": 222, "所在地": "新潟県上越市西本町４―５―３２", "緯度": 37.173333, "経度": 138.239812, "url": "https://www.iryou.teikyouseido.mhlw.go.jp/znk-web/juminkanja/S2430/initialize?prefCd=15&kikanCd=YAJTQ00026&kikanKbn=5", "url2": "http://www.ho-rai.co.jp", "内容": "ミユキ調剤薬局【5:薬局】新潟県上越市西本町４―５―３２" }, "geometry": { "type": "Point", "coordinates": [ 138.239812, 37.173333 ] } },
{ "type": "Feature", "properties": { "ID": "155YAJTQ00027", "正式名称": "さんわ薬局", "機関区分": 5, "都道府県コード": 15, "市区町村コード": 222, "所在地": "新潟県上越市三和区下中", "緯度": 37.125717, "経度": 138.337657, "url": "https://www.iryou.teikyouseido.mhlw.go.jp/znk-web/juminkanja/S2430/initialize?prefCd=15&kikanCd=YAJTQ00027&kikanKbn=5", "url2": null, "内容": "さんわ薬局【5:薬局】新潟県上越市三和区下中" }, "geometry": { "type": "Point", "coordinates": [ 138.337657, 37.125717 ] } },
{ "type": "Feature", "properties": { "ID": "155YAJTQ00028", "正式名称": "あおぞら薬局", "機関区分": 5, "都道府県コード": 15, "市区町村コード": 222, "所在地": "新潟県上越市下荒浜８４８番４", "緯度": 37.195914, "経度": 138.280452, "url": "https://www.iryou.teikyouseido.mhlw.go.jp/znk-web/juminkanja/S2430/initialize?prefCd=15&kikanCd=YAJTQ00028&kikanKbn=5", "url2": null, "内容": "あおぞら薬局【5:薬局】新潟県上越市下荒浜８４８番４" }, "geometry": { "type": "Point", "coordinates": [ 138.280452, 37.195914 ] } },
{ "type": "Feature", "properties": { "ID": "155YAJTQ00029", "正式名称": "たかし薬局", "機関区分": 5, "都道府県コード": 15, "市区町村コード": 222, "所在地": "新潟県上越市木田新田２－３－１３", "緯度": 37.13828, "経度": 138.238296, "url": "https://www.iryou.teikyouseido.mhlw.go.jp/znk-web/juminkanja/S2430/initialize?prefCd=15&kikanCd=YAJTQ00029&kikanKbn=5", "url2": null, "内容": "たかし薬局【5:薬局】新潟県上越市木田新田２－３－１３" }, "geometry": { "type": "Point", "coordinates": [ 138.238296, 37.13828 ] } },
{ "type": "Feature", "properties": { "ID": "155YAJTQ00031", "正式名称": "あおい調剤薬局", "機関区分": 5, "都道府県コード": 15, "市区町村コード": 222, "所在地": "新潟県上越市北城町４－６－５", "緯度": 37.118458, "経度": 138.255626, "url": "https://www.iryou.teikyouseido.mhlw.go.jp/znk-web/juminkanja/S2430/initialize?prefCd=15&kikanCd=YAJTQ00031&kikanKbn=5", "url2": null, "内容": "あおい調剤薬局【5:薬局】新潟県上越市北城町４－６－５" }, "geometry": { "type": "Point", "coordinates": [ 138.255626, 37.118458 ] } },
{ "type": "Feature", "properties": { "ID": "155YAJTQ00032", "正式名称": "アオノ調剤薬局", "機関区分": 5, "都道府県コード": 15, "市区町村コード": 222, "所在地": "新潟県上越市青野字沢田２３９－４", "緯度": 37.165762, "経度": 138.344465, "url": "https://www.iryou.teikyouseido.mhlw.go.jp/znk-web/juminkanja/S2430/initialize?prefCd=15&kikanCd=YAJTQ00032&kikanKbn=5", "url2": "https://ho-rai.co.jp/", "内容": "アオノ調剤薬局【5:薬局】新潟県上越市青野字沢田２３９－４" }, "geometry": { "type": "Point", "coordinates": [ 138.344465, 37.165762 ] } },
{ "type": "Feature", "properties": { "ID": "155YAJTQ00033", "正式名称": "有限会社不二よしかわ薬局", "機関区分": 5, "都道府県コード": 15, "市区町村コード": 222, "所在地": "新潟県上越市吉川区下町１１６１番地３", "緯度": 37.222689, "経度": 138.407327, "url": "https://www.iryou.teikyouseido.mhlw.go.jp/znk-web/juminkanja/S2430/initialize?prefCd=15&kikanCd=YAJTQ00033&kikanKbn=5", "url2": null, "内容": "有限会社不二よしかわ薬局【5:薬局】新潟県上越市吉川区下町１１６１番地３" }, "geometry": { "type": "Point", "coordinates": [ 138.407327, 37.222689 ] } },
{ "type": "Feature", "properties": { "ID": "155YAJTQ00034", "正式名称": "タカダ南薬局", "機関区分": 5, "都道府県コード": 15, "市区町村コード": 222, "所在地": "新潟県上越市上中田１０７１", "緯度": 37.091862, "経度": 138.238234, "url": "https://www.iryou.teikyouseido.mhlw.go.jp/znk-web/juminkanja/S2430/initialize?prefCd=15&kikanCd=YAJTQ00034&kikanKbn=5", "url2": "http://jouetuchuuou.co.jp/tempo.html#takada", "内容": "タカダ南薬局【5:薬局】新潟県上越市上中田１０７１" }, "geometry": { "type": "Point", "coordinates": [ 138.238234, 37.091862 ] } },
{ "type": "Feature", "properties": { "ID": "155YAJTQ00035", "正式名称": "あさひ薬局くびき店", "機関区分": 5, "都道府県コード": 15, "市区町村コード": 222, "所在地": "新潟県上越市頸城区諏訪６６", "緯度": 37.187379, "経度": 138.325018, "url": "https://www.iryou.teikyouseido.mhlw.go.jp/znk-web/juminkanja/S2430/initialize?prefCd=15&kikanCd=YAJTQ00035&kikanKbn=5", "url2": null, "内容": "あさひ薬局くびき店【5:薬局】新潟県上越市頸城区諏訪６６" }, "geometry": { "type": "Point", "coordinates": [ 138.325018, 37.187379 ] } },
{ "type": "Feature", "properties": { "ID": "155YAJTQ00036", "正式名称": "あさひ薬局春日新田店", "機関区分": 5, "都道府県コード": 15, "市区町村コード": 222, "所在地": "新潟県上越市春日新田２－１０－３０", "緯度": 37.172765, "経度": 138.259394, "url": "https://www.iryou.teikyouseido.mhlw.go.jp/znk-web/juminkanja/S2430/initialize?prefCd=15&kikanCd=YAJTQ00036&kikanKbn=5", "url2": null, "内容": "あさひ薬局春日新田店【5:薬局】新潟県上越市春日新田２－１０－３０" }, "geometry": { "type": "Point", "coordinates": [ 138.259394, 37.172765 ] } },
{ "type": "Feature", "properties": { "ID": "155YAJTQ00037", "正式名称": "薬局・ゲンちゃん北城", "機関区分": 5, "都道府県コード": 15, "市区町村コード": 222, "所在地": "新潟県上越市北城町４丁目４番１９号", "緯度": 37.118638, "経度": 138.256111, "url": "https://www.iryou.teikyouseido.mhlw.go.jp/znk-web/juminkanja/S2430/initialize?prefCd=15&kikanCd=YAJTQ00037&kikanKbn=5", "url2": "https://www.genchan.co.jp/store/kitashiro/", "内容": "薬局・ゲンちゃん北城【5:薬局】新潟県上越市北城町４丁目４番１９号" }, "geometry": { "type": "Point", "coordinates": [ 138.256111, 37.118638 ] } },
{ "type": "Feature", "properties": { "ID": "155YAJTQ00038", "正式名称": "エム・ケイ薬局さいがた店", "機関区分": 5, "都道府県コード": 15, "市区町村コード": 222, "所在地": "新潟県上越市大潟区犀潟６５８番地２", "緯度": 37.2128, "経度": 138.30819, "url": "https://www.iryou.teikyouseido.mhlw.go.jp/znk-web/juminkanja/S2430/initialize?prefCd=15&kikanCd=YAJTQ00038&kikanKbn=5", "url2": "https://www.mk-m.co.jp/", "内容": "エム・ケイ薬局さいがた店【5:薬局】新潟県上越市大潟区犀潟６５８番地２" }, "geometry": { "type": "Point", "coordinates": [ 138.30819, 37.2128 ] } },
{ "type": "Feature", "properties": { "ID": "155YAJTQ00039", "正式名称": "有限会社　フジ薬局", "機関区分": 5, "都道府県コード": 15, "市区町村コード": 222, "所在地": "新潟県上越市高土町２丁目６番１号", "緯度": 37.123313, "経度": 138.256218, "url": "https://www.iryou.teikyouseido.mhlw.go.jp/znk-web/juminkanja/S2430/initialize?prefCd=15&kikanCd=YAJTQ00039&kikanKbn=5", "url2": null, "内容": "有限会社　フジ薬局【5:薬局】新潟県上越市高土町２丁目６番１号" }, "geometry": { "type": "Point", "coordinates": [ 138.256218, 37.123313 ] } },
{ "type": "Feature", "properties": { "ID": "155YAJTQ00040", "正式名称": "田中薬局", "機関区分": 5, "都道府県コード": 15, "市区町村コード": 222, "所在地": "新潟県上越市中央１－６－４", "緯度": 37.173, "経度": 138.243305, "url": "https://www.iryou.teikyouseido.mhlw.go.jp/znk-web/juminkanja/S2430/initialize?prefCd=15&kikanCd=YAJTQ00040&kikanKbn=5", "url2": null, "内容": "田中薬局【5:薬局】新潟県上越市中央１－６－４" }, "geometry": { "type": "Point", "coordinates": [ 138.243305, 37.173 ] } },
{ "type": "Feature", "properties": { "ID": "155YAJTQ00041", "正式名称": "グリーン薬局加賀", "機関区分": 5, "都道府県コード": 15, "市区町村コード": 222, "所在地": "新潟県上越市大豆２－９－１７", "緯度": 37.151992, "経度": 138.223138, "url": "https://www.iryou.teikyouseido.mhlw.go.jp/znk-web/juminkanja/S2430/initialize?prefCd=15&kikanCd=YAJTQ00041&kikanKbn=5", "url2": null, "内容": "グリーン薬局加賀【5:薬局】新潟県上越市大豆２－９－１７" }, "geometry": { "type": "Point", "coordinates": [ 138.223138, 37.151992 ] } },
{ "type": "Feature", "properties": { "ID": "155YAJTQ00042", "正式名称": "くるみ調剤薬局", "機関区分": 5, "都道府県コード": 15, "市区町村コード": 222, "所在地": "新潟県上越市高土町２ー１２ー１６", "緯度": 37.124291, "経度": 138.257982, "url": "https://www.iryou.teikyouseido.mhlw.go.jp/znk-web/juminkanja/S2430/initialize?prefCd=15&kikanCd=YAJTQ00042&kikanKbn=5", "url2": "http://kyoueido.net/shop/255/", "内容": "くるみ調剤薬局【5:薬局】新潟県上越市高土町２ー１２ー１６" }, "geometry": { "type": "Point", "coordinates": [ 138.257982, 37.124291 ] } },
{ "type": "Feature", "properties": { "ID": "155YAJTQ00043", "正式名称": "やまと薬局", "機関区分": 5, "都道府県コード": 15, "市区町村コード": 222, "所在地": "新潟県上越市大和２－１５－２０やまと薬局", "緯度": 37.086583, "経度": 138.252039, "url": "https://www.iryou.teikyouseido.mhlw.go.jp/znk-web/juminkanja/S2430/initialize?prefCd=15&kikanCd=YAJTQ00043&kikanKbn=5", "url2": "https://yamato-joetsu.jp/", "内容": "やまと薬局【5:薬局】新潟県上越市大和２－１５－２０やまと薬局" }, "geometry": { "type": "Point", "coordinates": [ 138.252039, 37.086583 ] } },
{ "type": "Feature", "properties": { "ID": "155YAJTQ00044", "正式名称": "中央調剤薬局中央店", "機関区分": 5, "都道府県コード": 15, "市区町村コード": 222, "所在地": "新潟県上越市中央１－２３－５", "緯度": 37.174521, "経度": 138.245665, "url": "https://www.iryou.teikyouseido.mhlw.go.jp/znk-web/juminkanja/S2430/initialize?prefCd=15&kikanCd=YAJTQ00044&kikanKbn=5", "url2": "http://jouetuchuuou.co.jp/index.html", "内容": "中央調剤薬局中央店【5:薬局】新潟県上越市中央１－２３－５" }, "geometry": { "type": "Point", "coordinates": [ 138.245665, 37.174521 ] } },
{ "type": "Feature", "properties": { "ID": "155YAJTQ00045", "正式名称": "吉沢薬局", "機関区分": 5, "都道府県コード": 15, "市区町村コード": 217, "所在地": "新潟県妙高市関川６４３", "緯度": 36.866419, "経度": 138.205541, "url": "https://www.iryou.teikyouseido.mhlw.go.jp/znk-web/juminkanja/S2430/initialize?prefCd=15&kikanCd=YAJTQ00045&kikanKbn=5", "url2": null, "内容": "吉沢薬局【5:薬局】新潟県妙高市関川６４３" }, "geometry": { "type": "Point", "coordinates": [ 138.205541, 36.866419 ] } },
{ "type": "Feature", "properties": { "ID": "155YAJTQ00047", "正式名称": "アライ調剤薬局", "機関区分": 5, "都道府県コード": 15, "市区町村コード": 217, "所在地": "新潟県妙高市石塚町１ー１４ー２", "緯度": 37.032792, "経度": 138.250497, "url": "https://www.iryou.teikyouseido.mhlw.go.jp/znk-web/juminkanja/S2430/initialize?prefCd=15&kikanCd=YAJTQ00047&kikanKbn=5", "url2": "http://www.ho-rai.co.jp", "内容": "アライ調剤薬局【5:薬局】新潟県妙高市石塚町１ー１４ー２" }, "geometry": { "type": "Point", "coordinates": [ 138.250497, 37.032792 ] } },
{ "type": "Feature", "properties": { "ID": "155YAJTQ00050", "正式名称": "コダマ調剤薬局", "機関区分": 5, "都道府県コード": 15, "市区町村コード": 222, "所在地": "新潟県上越市子安新田２９－３", "緯度": 37.108825, "経度": 138.273176, "url": "https://www.iryou.teikyouseido.mhlw.go.jp/znk-web/juminkanja/S2430/initialize?prefCd=15&kikanCd=YAJTQ00050&kikanKbn=5", "url2": "https://store.ainj.co.jp/detail/1101217/", "内容": "コダマ調剤薬局【5:薬局】新潟県上越市子安新田２９－３" }, "geometry": { "type": "Point", "coordinates": [ 138.273176, 37.108825 ] } },
{ "type": "Feature", "properties": { "ID": "155YAJTQ00051", "正式名称": "ミナミ調剤薬局", "機関区分": 5, "都道府県コード": 15, "市区町村コード": 222, "所在地": "新潟県上越市名立区名立大町字家添１９６－２", "緯度": 37.162449, "経度": 138.088675, "url": "https://www.iryou.teikyouseido.mhlw.go.jp/znk-web/juminkanja/S2430/initialize?prefCd=15&kikanCd=YAJTQ00051&kikanKbn=5", "url2": null, "内容": "ミナミ調剤薬局【5:薬局】新潟県上越市名立区名立大町字家添１９６－２" }, "geometry": { "type": "Point", "coordinates": [ 138.088675, 37.162449 ] } },
{ "type": "Feature", "properties": { "ID": "155YAJTQ00052", "正式名称": "清里薬局", "機関区分": 5, "都道府県コード": 15, "市区町村コード": 222, "所在地": "新潟県上越市清里区荒牧２０７ー１", "緯度": 37.077784, "経度": 138.33198, "url": "https://www.iryou.teikyouseido.mhlw.go.jp/znk-web/juminkanja/S2430/initialize?prefCd=15&kikanCd=YAJTQ00052&kikanKbn=5", "url2": null, "内容": "清里薬局【5:薬局】新潟県上越市清里区荒牧２０７ー１" }, "geometry": { "type": "Point", "coordinates": [ 138.33198, 37.077784 ] } },
{ "type": "Feature", "properties": { "ID": "155YAJTQ00053", "正式名称": "日本調剤高田薬局", "機関区分": 5, "都道府県コード": 15, "市区町村コード": 222, "所在地": "新潟県上越市とよば５", "緯度": 37.105357, "経度": 138.271891, "url": "https://www.iryou.teikyouseido.mhlw.go.jp/znk-web/juminkanja/S2430/initialize?prefCd=15&kikanCd=YAJTQ00053&kikanKbn=5", "url2": "https://www.nicho.co.jp/tenpo/takada/", "内容": "日本調剤高田薬局【5:薬局】新潟県上越市とよば５" }, "geometry": { "type": "Point", "coordinates": [ 138.271891, 37.105357 ] } },
{ "type": "Feature", "properties": { "ID": "155YAJTQ00054", "正式名称": "アイン薬局　高田店", "機関区分": 5, "都道府県コード": 15, "市区町村コード": 222, "所在地": "新潟県上越市とよば２", "緯度": 37.106045, "経度": 138.272095, "url": "https://www.iryou.teikyouseido.mhlw.go.jp/znk-web/juminkanja/S2430/initialize?prefCd=15&kikanCd=YAJTQ00054&kikanKbn=5", "url2": "https://store.ainj.co.jp/detail/1100533/", "内容": "アイン薬局　高田店【5:薬局】新潟県上越市とよば２" }, "geometry": { "type": "Point", "coordinates": [ 138.272095, 37.106045 ] } },
{ "type": "Feature", "properties": { "ID": "155YAJTQ00055", "正式名称": "有限会社アリエル　きたあらい薬局", "機関区分": 5, "都道府県コード": 15, "市区町村コード": 217, "所在地": "新潟県妙高市柳井田町二丁目８番１７号", "緯度": 37.052752, "経度": 138.259209, "url": "https://www.iryou.teikyouseido.mhlw.go.jp/znk-web/juminkanja/S2430/initialize?prefCd=15&kikanCd=YAJTQ00055&kikanKbn=5", "url2": null, "内容": "有限会社アリエル　きたあらい薬局【5:薬局】新潟県妙高市柳井田町二丁目８番１７号" }, "geometry": { "type": "Point", "coordinates": [ 138.259209, 37.052752 ] } },
{ "type": "Feature", "properties": { "ID": "155YAJTQ00056", "正式名称": "エム・ケイ薬局かきざき店", "機関区分": 5, "都道府県コード": 15, "市区町村コード": 222, "所在地": "新潟県上越市柿崎区柿崎６４１１－２", "緯度": 37.277105, "経度": 138.39264, "url": "https://www.iryou.teikyouseido.mhlw.go.jp/znk-web/juminkanja/S2430/initialize?prefCd=15&kikanCd=YAJTQ00056&kikanKbn=5", "url2": "http://www.mk-m.co.jp/", "内容": "エム・ケイ薬局かきざき店【5:薬局】新潟県上越市柿崎区柿崎６４１１－２" }, "geometry": { "type": "Point", "coordinates": [ 138.39264, 37.277105 ] } },
{ "type": "Feature", "properties": { "ID": "155YAJTQ00057", "正式名称": "あおば薬局　木田店", "機関区分": 5, "都道府県コード": 15, "市区町村コード": 222, "所在地": "新潟県上越市木田新田２－２－２１", "緯度": 37.13828, "経度": 138.238296, "url": "https://www.iryou.teikyouseido.mhlw.go.jp/znk-web/juminkanja/S2430/initialize?prefCd=15&kikanCd=YAJTQ00057&kikanKbn=5", "url2": "http://www.add-vantage.jp", "内容": "あおば薬局　木田店【5:薬局】新潟県上越市木田新田２－２－２１" }, "geometry": { "type": "Point", "coordinates": [ 138.238296, 37.13828 ] } },
{ "type": "Feature", "properties": { "ID": "155YAJTQ00058", "正式名称": "有限会社　さくら調剤薬局", "機関区分": 5, "都道府県コード": 15, "市区町村コード": 222, "所在地": "新潟県上越市本町１ー４－７", "緯度": 37.10402, "経度": 138.24335, "url": "https://www.iryou.teikyouseido.mhlw.go.jp/znk-web/juminkanja/S2430/initialize?prefCd=15&kikanCd=YAJTQ00058&kikanKbn=5", "url2": null, "内容": "有限会社　さくら調剤薬局【5:薬局】新潟県上越市本町１ー４－７" }, "geometry": { "type": "Point", "coordinates": [ 138.24335, 37.10402 ] } },
{ "type": "Feature", "properties": { "ID": "155YAJTQ00059", "正式名称": "望月薬局", "機関区分": 5, "都道府県コード": 15, "市区町村コード": 222, "所在地": "新潟県上越市鴨島１０７２", "緯度": 37.111305, "経度": 138.27397, "url": "https://www.iryou.teikyouseido.mhlw.go.jp/znk-web/juminkanja/S2430/initialize?prefCd=15&kikanCd=YAJTQ00059&kikanKbn=5", "url2": null, "内容": "望月薬局【5:薬局】新潟県上越市鴨島１０７２" }, "geometry": { "type": "Point", "coordinates": [ 138.27397, 37.111305 ] } },
{ "type": "Feature", "properties": { "ID": "155YAJTQ00060", "正式名称": "にしき薬局", "機関区分": 5, "都道府県コード": 15, "市区町村コード": 222, "所在地": "新潟県上越市三和区錦字向坪３２３－１", "緯度": 37.138282, "経度": 138.340272, "url": "https://www.iryou.teikyouseido.mhlw.go.jp/znk-web/juminkanja/S2430/initialize?prefCd=15&kikanCd=YAJTQ00060&kikanKbn=5", "url2": "https://www.phstr.co.jp", "内容": "にしき薬局【5:薬局】新潟県上越市三和区錦字向坪３２３－１" }, "geometry": { "type": "Point", "coordinates": [ 138.340272, 37.138282 ] } },
{ "type": "Feature", "properties": { "ID": "155YAJTQ00061", "正式名称": "中央調剤薬局藤野店", "機関区分": 5, "都道府県コード": 15, "市区町村コード": 222, "所在地": "新潟県上越市藤野新田１３２５", "緯度": 37.14944, "経度": 138.253682, "url": "https://www.iryou.teikyouseido.mhlw.go.jp/znk-web/juminkanja/S2430/initialize?prefCd=15&kikanCd=YAJTQ00061&kikanKbn=5", "url2": "http://jouetuchuuou.co.jp/index.html", "内容": "中央調剤薬局藤野店【5:薬局】新潟県上越市藤野新田１３２５" }, "geometry": { "type": "Point", "coordinates": [ 138.253682, 37.14944 ] } },
{ "type": "Feature", "properties": { "ID": "155YAJTQ00063", "正式名称": "中央調剤薬局　石橋店", "機関区分": 5, "都道府県コード": 15, "市区町村コード": 222, "所在地": "新潟県上越市石橋２－５－２", "緯度": 37.162243, "経度": 138.237103, "url": "https://www.iryou.teikyouseido.mhlw.go.jp/znk-web/juminkanja/S2430/initialize?prefCd=15&kikanCd=YAJTQ00063&kikanKbn=5", "url2": "https://chuopharmacy.group/", "内容": "中央調剤薬局　石橋店【5:薬局】新潟県上越市石橋２－５－２" }, "geometry": { "type": "Point", "coordinates": [ 138.237103, 37.162243 ] } },
{ "type": "Feature", "properties": { "ID": "155YAJTQ00064", "正式名称": "世伸堂薬局", "機関区分": 5, "都道府県コード": 15, "市区町村コード": 222, "所在地": "新潟県上越市大潟区渋柿浜３８２番地１", "緯度": 37.216788, "経度": 138.313108, "url": "https://www.iryou.teikyouseido.mhlw.go.jp/znk-web/juminkanja/S2430/initialize?prefCd=15&kikanCd=YAJTQ00064&kikanKbn=5", "url2": "https://www.seisindou.jp/", "内容": "世伸堂薬局【5:薬局】新潟県上越市大潟区渋柿浜３８２番地１" }, "geometry": { "type": "Point", "coordinates": [ 138.313108, 37.216788 ] } },
{ "type": "Feature", "properties": { "ID": "155YAJTQ00065", "正式名称": "あすなろ調剤薬局", "機関区分": 5, "都道府県コード": 15, "市区町村コード": 222, "所在地": "新潟県上越市大潟区潟町", "緯度": 37.234974, "経度": 138.334267, "url": "https://www.iryou.teikyouseido.mhlw.go.jp/znk-web/juminkanja/S2430/initialize?prefCd=15&kikanCd=YAJTQ00065&kikanKbn=5", "url2": null, "内容": "あすなろ調剤薬局【5:薬局】新潟県上越市大潟区潟町" }, "geometry": { "type": "Point", "coordinates": [ 138.334267, 37.234974 ] } },
{ "type": "Feature", "properties": { "ID": "155YAJTQ00066", "正式名称": "クスリのアオキ鴨島薬局", "機関区分": 5, "都道府県コード": 15, "市区町村コード": 222, "所在地": "新潟県上越市鴨島一丁目３番１２号", "緯度": 37.112037, "経度": 138.274415, "url": "https://www.iryou.teikyouseido.mhlw.go.jp/znk-web/juminkanja/S2430/initialize?prefCd=15&kikanCd=YAJTQ00066&kikanKbn=5", "url2": null, "内容": "クスリのアオキ鴨島薬局【5:薬局】新潟県上越市鴨島一丁目３番１２号" }, "geometry": { "type": "Point", "coordinates": [ 138.274415, 37.112037 ] } },
{ "type": "Feature", "properties": { "ID": "155YAJTQ00067", "正式名称": "ＡＬＰＨＡＳ薬局　西高田店", "機関区分": 5, "都道府県コード": 15, "市区町村コード": 222, "所在地": "新潟県上越市大字飯１３７７－１", "緯度": 37.125088, "経度": 138.231771, "url": "https://www.iryou.teikyouseido.mhlw.go.jp/znk-web/juminkanja/S2430/initialize?prefCd=15&kikanCd=YAJTQ00067&kikanKbn=5", "url2": "http://www.nmi-net.com", "内容": "ＡＬＰＨＡＳ薬局　西高田店【5:薬局】新潟県上越市大字飯１３７７－１" }, "geometry": { "type": "Point", "coordinates": [ 138.231771, 37.125088 ] } },
{ "type": "Feature", "properties": { "ID": "155YAJTQ00069", "正式名称": "しなの薬局関山店", "機関区分": 5, "都道府県コード": 15, "市区町村コード": 217, "所在地": "新潟県妙高市大字関山１６６８－１０", "緯度": 36.932813, "経度": 138.225736, "url": "https://www.iryou.teikyouseido.mhlw.go.jp/znk-web/juminkanja/S2430/initialize?prefCd=15&kikanCd=YAJTQ00069&kikanKbn=5", "url2": null, "内容": "しなの薬局関山店【5:薬局】新潟県妙高市大字関山１６６８－１０" }, "geometry": { "type": "Point", "coordinates": [ 138.225736, 36.932813 ] } },
{ "type": "Feature", "properties": { "ID": "155YAJTQ00070", "正式名称": "きたしろ薬局", "機関区分": 5, "都道府県コード": 15, "市区町村コード": 222, "所在地": "新潟県上越市北城町２丁目３番１７号", "緯度": 37.116852, "経度": 138.256268, "url": "https://www.iryou.teikyouseido.mhlw.go.jp/znk-web/juminkanja/S2430/initialize?prefCd=15&kikanCd=YAJTQ00070&kikanKbn=5", "url2": null, "内容": "きたしろ薬局【5:薬局】新潟県上越市北城町２丁目３番１７号" }, "geometry": { "type": "Point", "coordinates": [ 138.256268, 37.116852 ] } },
{ "type": "Feature", "properties": { "ID": "155YAJTQ00071", "正式名称": "望月薬局昭和町店", "機関区分": 5, "都道府県コード": 15, "市区町村コード": 222, "所在地": "新潟県上越市昭和町１－３－３", "緯度": 37.120217, "経度": 138.235133, "url": "https://www.iryou.teikyouseido.mhlw.go.jp/znk-web/juminkanja/S2430/initialize?prefCd=15&kikanCd=YAJTQ00071&kikanKbn=5", "url2": null, "内容": "望月薬局昭和町店【5:薬局】新潟県上越市昭和町１－３－３" }, "geometry": { "type": "Point", "coordinates": [ 138.235133, 37.120217 ] } },
{ "type": "Feature", "properties": { "ID": "155YAJTQ00072", "正式名称": "クスリのアオキ上越昭和町薬局", "機関区分": 5, "都道府県コード": 15, "市区町村コード": 222, "所在地": "新潟県上越市昭和町二丁目２０番１０号", "緯度": 37.123378, "経度": 138.234453, "url": "https://www.iryou.teikyouseido.mhlw.go.jp/znk-web/juminkanja/S2430/initialize?prefCd=15&kikanCd=YAJTQ00072&kikanKbn=5", "url2": "https://www.kusuri-aoki.co.jp/", "内容": "クスリのアオキ上越昭和町薬局【5:薬局】新潟県上越市昭和町二丁目２０番１０号" }, "geometry": { "type": "Point", "coordinates": [ 138.234453, 37.123378 ] } },
{ "type": "Feature", "properties": { "ID": "155YAJTQ00073", "正式名称": "山崎薬局", "機関区分": 5, "都道府県コード": 15, "市区町村コード": 222, "所在地": "新潟県上越市浦川原区飯室１９５５－１", "緯度": 37.160927, "経度": 138.380531, "url": "https://www.iryou.teikyouseido.mhlw.go.jp/znk-web/juminkanja/S2430/initialize?prefCd=15&kikanCd=YAJTQ00073&kikanKbn=5", "url2": null, "内容": "山崎薬局【5:薬局】新潟県上越市浦川原区飯室１９５５－１" }, "geometry": { "type": "Point", "coordinates": [ 138.380531, 37.160927 ] } },
{ "type": "Feature", "properties": { "ID": "155YAJTQ00074", "正式名称": "株式会社本町薬局", "機関区分": 5, "都道府県コード": 15, "市区町村コード": 222, "所在地": "新潟県上越市本町２－２－３", "緯度": 37.108774, "経度": 138.244767, "url": "https://www.iryou.teikyouseido.mhlw.go.jp/znk-web/juminkanja/S2430/initialize?prefCd=15&kikanCd=YAJTQ00074&kikanKbn=5", "url2": null, "内容": "株式会社本町薬局【5:薬局】新潟県上越市本町２－２－３" }, "geometry": { "type": "Point", "coordinates": [ 138.244767, 37.108774 ] } },
{ "type": "Feature", "properties": { "ID": "155YAJTQ00075", "正式名称": "大山薬局三交店", "機関区分": 5, "都道府県コード": 15, "市区町村コード": 222, "所在地": "新潟県上越市新光町３丁目１１－１７", "緯度": 37.159291, "経度": 138.241394, "url": "https://www.iryou.teikyouseido.mhlw.go.jp/znk-web/juminkanja/S2430/initialize?prefCd=15&kikanCd=YAJTQ00075&kikanKbn=5", "url2": null, "内容": "大山薬局三交店【5:薬局】新潟県上越市新光町３丁目１１－１７" }, "geometry": { "type": "Point", "coordinates": [ 138.241394, 37.159291 ] } },
{ "type": "Feature", "properties": { "ID": "155YAJTQ00076", "正式名称": "クスリのアオキ五智薬局", "機関区分": 5, "都道府県コード": 15, "市区町村コード": 222, "所在地": "新潟県上越市五智一丁目１２番６号", "緯度": 37.147895, "経度": 138.236135, "url": "https://www.iryou.teikyouseido.mhlw.go.jp/znk-web/juminkanja/S2430/initialize?prefCd=15&kikanCd=YAJTQ00076&kikanKbn=5", "url2": "https://www.kusuri-aoki.co.jp/", "内容": "クスリのアオキ五智薬局【5:薬局】新潟県上越市五智一丁目１２番６号" }, "geometry": { "type": "Point", "coordinates": [ 138.236135, 37.147895 ] } },
{ "type": "Feature", "properties": { "ID": "155YAJTQ00077", "正式名称": "みなと調剤薬局", "機関区分": 5, "都道府県コード": 15, "市区町村コード": 222, "所在地": "新潟県上越市港町１丁目２７－３", "緯度": 37.179586, "経度": 138.25108, "url": "https://www.iryou.teikyouseido.mhlw.go.jp/znk-web/juminkanja/S2430/initialize?prefCd=15&kikanCd=YAJTQ00077&kikanKbn=5", "url2": "http://www.ho-rai.co.jp", "内容": "みなと調剤薬局【5:薬局】新潟県上越市港町１丁目２７－３" }, "geometry": { "type": "Point", "coordinates": [ 138.25108, 37.179586 ] } },
{ "type": "Feature", "properties": { "ID": "155YAJTQ00078", "正式名称": "昭和町調剤薬局", "機関区分": 5, "都道府県コード": 15, "市区町村コード": 222, "所在地": "新潟県上越市昭和町２丁目２９－３２", "緯度": 37.124179, "経度": 138.237972, "url": "https://www.iryou.teikyouseido.mhlw.go.jp/znk-web/juminkanja/S2430/initialize?prefCd=15&kikanCd=YAJTQ00078&kikanKbn=5", "url2": "http://keirin-net.co.jp/", "内容": "昭和町調剤薬局【5:薬局】新潟県上越市昭和町２丁目２９－３２" }, "geometry": { "type": "Point", "coordinates": [ 138.237972, 37.124179 ] } },
{ "type": "Feature", "properties": { "ID": "155YAJTQ00079", "正式名称": "いわしや薬局", "機関区分": 5, "都道府県コード": 15, "市区町村コード": 222, "所在地": "新潟県上越市本町", "緯度": 37.10975, "経度": 138.244649, "url": "https://www.iryou.teikyouseido.mhlw.go.jp/znk-web/juminkanja/S2430/initialize?prefCd=15&kikanCd=YAJTQ00079&kikanKbn=5", "url2": null, "内容": "いわしや薬局【5:薬局】新潟県上越市本町" }, "geometry": { "type": "Point", "coordinates": [ 138.244649, 37.10975 ] } },
{ "type": "Feature", "properties": { "ID": "155YAJTQ00080", "正式名称": "すみれ薬局木田店", "機関区分": 5, "都道府県コード": 15, "市区町村コード": 222, "所在地": "新潟県上越市木田１－３－３２", "緯度": 37.147553, "経度": 138.238907, "url": "https://www.iryou.teikyouseido.mhlw.go.jp/znk-web/juminkanja/S2430/initialize?prefCd=15&kikanCd=YAJTQ00080&kikanKbn=5", "url2": "http://www.medinet-pharmacy.co.jp/", "内容": "すみれ薬局木田店【5:薬局】新潟県上越市木田１－３－３２" }, "geometry": { "type": "Point", "coordinates": [ 138.238907, 37.147553 ] } },
{ "type": "Feature", "properties": { "ID": "155YAJTQ00081", "正式名称": "いちご薬局下門前", "機関区分": 5, "都道府県コード": 15, "市区町村コード": 222, "所在地": "新潟県上越市下門前１８４７", "緯度": 37.157675, "経度": 138.250036, "url": "https://www.iryou.teikyouseido.mhlw.go.jp/znk-web/juminkanja/S2430/initialize?prefCd=15&kikanCd=YAJTQ00081&kikanKbn=5", "url2": null, "内容": "いちご薬局下門前【5:薬局】新潟県上越市下門前１８４７" }, "geometry": { "type": "Point", "coordinates": [ 138.250036, 37.157675 ] } },
{ "type": "Feature", "properties": { "ID": "155YAJTQ00082", "正式名称": "クスリのアオキ藤野新田薬局", "機関区分": 5, "都道府県コード": 15, "市区町村コード": 222, "所在地": "新潟県上越市藤野新田１１６８番", "緯度": 37.152193, "経度": 138.252835, "url": "https://www.iryou.teikyouseido.mhlw.go.jp/znk-web/juminkanja/S2430/initialize?prefCd=15&kikanCd=YAJTQ00082&kikanKbn=5", "url2": "https://www.kusuri-aoki.co.jp/", "内容": "クスリのアオキ藤野新田薬局【5:薬局】新潟県上越市藤野新田１１６８番" }, "geometry": { "type": "Point", "coordinates": [ 138.252835, 37.152193 ] } },
{ "type": "Feature", "properties": { "ID": "155YAJTQ00083", "正式名称": "ウエルシア薬局妙高栗原店", "機関区分": 5, "都道府県コード": 15, "市区町村コード": 217, "所在地": "新潟県妙高市栗原２－５－１０", "緯度": 37.042966, "経度": 138.261341, "url": "https://www.iryou.teikyouseido.mhlw.go.jp/znk-web/juminkanja/S2430/initialize?prefCd=15&kikanCd=YAJTQ00083&kikanKbn=5", "url2": "https://store.welcia.co.jp/welcia/spot/detail?code=106D", "内容": "ウエルシア薬局妙高栗原店【5:薬局】新潟県妙高市栗原２－５－１０" }, "geometry": { "type": "Point", "coordinates": [ 138.261341, 37.042966 ] } },
{ "type": "Feature", "properties": { "ID": "155YAJTQ00084", "正式名称": "トモエ薬局春日野店", "機関区分": 5, "都道府県コード": 15, "市区町村コード": 222, "所在地": "新潟県上越市春日野１－１４－９", "緯度": 37.151213, "経度": 138.228307, "url": "https://www.iryou.teikyouseido.mhlw.go.jp/znk-web/juminkanja/S2430/initialize?prefCd=15&kikanCd=YAJTQ00084&kikanKbn=5", "url2": "http://www.tomoe-ph.co.jp", "内容": "トモエ薬局春日野店【5:薬局】新潟県上越市春日野１－１４－９" }, "geometry": { "type": "Point", "coordinates": [ 138.228307, 37.151213 ] } },
{ "type": "Feature", "properties": { "ID": "155YAJTQ00085", "正式名称": "トモエ薬局高田店", "機関区分": 5, "都道府県コード": 15, "市区町村コード": 222, "所在地": "新潟県上越市とよば７８", "緯度": 37.104936, "経度": 138.271897, "url": "https://www.iryou.teikyouseido.mhlw.go.jp/znk-web/juminkanja/S2430/initialize?prefCd=15&kikanCd=YAJTQ00085&kikanKbn=5", "url2": "http://www.tomoe-ph.co.jp", "内容": "トモエ薬局高田店【5:薬局】新潟県上越市とよば７８" }, "geometry": { "type": "Point", "coordinates": [ 138.271897, 37.104936 ] } },
{ "type": "Feature", "properties": { "ID": "155YAJTQ00086", "正式名称": "おおまち薬局二本木店", "機関区分": 5, "都道府県コード": 15, "市区町村コード": 222, "所在地": "新潟県上越市中郷区藤沢１０６６ー１", "緯度": 36.986666, "経度": 138.22828, "url": "https://www.iryou.teikyouseido.mhlw.go.jp/znk-web/juminkanja/S2430/initialize?prefCd=15&kikanCd=YAJTQ00086&kikanKbn=5", "url2": "http://www.oomati-4193.co.jp/company_info.html", "内容": "おおまち薬局二本木店【5:薬局】新潟県上越市中郷区藤沢１０６６ー１" }, "geometry": { "type": "Point", "coordinates": [ 138.22828, 36.986666 ] } },
{ "type": "Feature", "properties": { "ID": "155YAJTQ00087", "正式名称": "ウエルシア薬局上越今泉店", "機関区分": 5, "都道府県コード": 15, "市区町村コード": 222, "所在地": "新潟県上越市今泉１３１０－２－１", "緯度": 37.093293, "経度": 138.248635, "url": "https://www.iryou.teikyouseido.mhlw.go.jp/znk-web/juminkanja/S2430/initialize?prefCd=15&kikanCd=YAJTQ00087&kikanKbn=5", "url2": "http://www.welcia-yakkyoku.co.jp", "内容": "ウエルシア薬局上越今泉店【5:薬局】新潟県上越市今泉１３１０－２－１" }, "geometry": { "type": "Point", "coordinates": [ 138.248635, 37.093293 ] } },
{ "type": "Feature", "properties": { "ID": "155YAJTQ00089", "正式名称": "ウエルシア薬局上越大潟店", "機関区分": 5, "都道府県コード": 15, "市区町村コード": 222, "所在地": "新潟県上越市大潟区下小船津浜１１６５－１６", "緯度": 37.221375, "経度": 138.320761, "url": "https://www.iryou.teikyouseido.mhlw.go.jp/znk-web/juminkanja/S2430/initialize?prefCd=15&kikanCd=YAJTQ00089&kikanKbn=5", "url2": "https://store.welcia.co.jp/welcia/spot/detail?code=103D", "内容": "ウエルシア薬局上越大潟店【5:薬局】新潟県上越市大潟区下小船津浜１１６５－１６" }, "geometry": { "type": "Point", "coordinates": [ 138.320761, 37.221375 ] } },
{ "type": "Feature", "properties": { "ID": "155YAJTQ00091", "正式名称": "共創未来　はまなす薬局", "機関区分": 5, "都道府県コード": 15, "市区町村コード": 222, "所在地": "新潟県上越市柿崎区柿崎６４１１番地１号", "緯度": 37.277174, "経度": 138.392525, "url": "https://www.iryou.teikyouseido.mhlw.go.jp/znk-web/juminkanja/S2430/initialize?prefCd=15&kikanCd=YAJTQ00091&kikanKbn=5", "url2": "https://www.phmirai.co.jp/", "内容": "共創未来　はまなす薬局【5:薬局】新潟県上越市柿崎区柿崎６４１１番地１号" }, "geometry": { "type": "Point", "coordinates": [ 138.392525, 37.277174 ] } },
{ "type": "Feature", "properties": { "ID": "155YAJTQ00092", "正式名称": "共創未来とよば薬局", "機関区分": 5, "都道府県コード": 15, "市区町村コード": 222, "所在地": "新潟県上越市とよば４番地", "緯度": 37.105756, "経度": 138.271997, "url": "https://www.iryou.teikyouseido.mhlw.go.jp/znk-web/juminkanja/S2430/initialize?prefCd=15&kikanCd=YAJTQ00092&kikanKbn=5", "url2": "https://www.phmirai.co.jp/shops/detail.php?id=258", "内容": "共創未来とよば薬局【5:薬局】新潟県上越市とよば４番地" }, "geometry": { "type": "Point", "coordinates": [ 138.271997, 37.105756 ] } },
{ "type": "Feature", "properties": { "ID": "155YAJTQ00093", "正式名称": "共創未来　妙高薬局", "機関区分": 5, "都道府県コード": 15, "市区町村コード": 217, "所在地": "新潟県妙高市田口１４４", "緯度": 36.868844, "経度": 138.205403, "url": "https://www.iryou.teikyouseido.mhlw.go.jp/znk-web/juminkanja/S2430/initialize?prefCd=15&kikanCd=YAJTQ00093&kikanKbn=5", "url2": "https://www.phmirai.co.jp/shops/detail.php?id=262", "内容": "共創未来　妙高薬局【5:薬局】新潟県妙高市田口１４４" }, "geometry": { "type": "Point", "coordinates": [ 138.205403, 36.868844 ] } },
{ "type": "Feature", "properties": { "ID": "155YAJTQ00094", "正式名称": "かもじま薬局", "機関区分": 5, "都道府県コード": 15, "市区町村コード": 222, "所在地": "新潟県上越市鴨島１丁目１－１０", "緯度": 37.113539, "経度": 138.271457, "url": "https://www.iryou.teikyouseido.mhlw.go.jp/znk-web/juminkanja/S2430/initialize?prefCd=15&kikanCd=YAJTQ00094&kikanKbn=5", "url2": "https://www.phstr.co.jp/kamojima", "内容": "かもじま薬局【5:薬局】新潟県上越市鴨島１丁目１－１０" }, "geometry": { "type": "Point", "coordinates": [ 138.271457, 37.113539 ] } },
{ "type": "Feature", "properties": { "ID": "155YAJTQ00095", "正式名称": "アイン薬局　上越妙高駅前店", "機関区分": 5, "都道府県コード": 15, "市区町村コード": 222, "所在地": "新潟県上越市大和２丁目４番７号", "緯度": 37.08303, "経度": 138.250255, "url": "https://www.iryou.teikyouseido.mhlw.go.jp/znk-web/juminkanja/S2430/initialize?prefCd=15&kikanCd=YAJTQ00095&kikanKbn=5", "url2": "https://www.ainj.co.jp/", "内容": "アイン薬局　上越妙高駅前店【5:薬局】新潟県上越市大和２丁目４番７号" }, "geometry": { "type": "Point", "coordinates": [ 138.250255, 37.08303 ] } },
{ "type": "Feature", "properties": { "ID": "155YAJTQ00096", "正式名称": "ウエルシア薬局上越本町店", "機関区分": 5, "都道府県コード": 15, "市区町村コード": 222, "所在地": "新潟県上越市本町４－４－８", "緯度": 37.111302, "経度": 138.244271, "url": "https://www.iryou.teikyouseido.mhlw.go.jp/znk-web/juminkanja/S2430/initialize?prefCd=15&kikanCd=YAJTQ00096&kikanKbn=5", "url2": "https://store.welcia.co.jp/welcia/spot/detail?code=126D", "内容": "ウエルシア薬局上越本町店【5:薬局】新潟県上越市本町４－４－８" }, "geometry": { "type": "Point", "coordinates": [ 138.244271, 37.111302 ] } },
{ "type": "Feature", "properties": { "ID": "155YAJTQ00097", "正式名称": "大手薬局上越店", "機関区分": 5, "都道府県コード": 15, "市区町村コード": 222, "所在地": "新潟県上越市稲田３－６－１７", "緯度": 37.121396, "経度": 138.268706, "url": "https://www.iryou.teikyouseido.mhlw.go.jp/znk-web/juminkanja/S2430/initialize?prefCd=15&kikanCd=YAJTQ00097&kikanKbn=5", "url2": "http://www.ohte.info", "内容": "大手薬局上越店【5:薬局】新潟県上越市稲田３－６－１７" }, "geometry": { "type": "Point", "coordinates": [ 138.268706, 37.121396 ] } },
{ "type": "Feature", "properties": { "ID": "155YAJTQ00098", "正式名称": "わきの田薬局", "機関区分": 5, "都道府県コード": 15, "市区町村コード": 222, "所在地": "新潟県上越市大和五丁目２０番１４号", "緯度": 37.078336, "経度": 138.247031, "url": "https://www.iryou.teikyouseido.mhlw.go.jp/znk-web/juminkanja/S2430/initialize?prefCd=15&kikanCd=YAJTQ00098&kikanKbn=5", "url2": "https://ho-rai.co.jp", "内容": "わきの田薬局【5:薬局】新潟県上越市大和五丁目２０番１４号" }, "geometry": { "type": "Point", "coordinates": [ 138.247031, 37.078336 ] } },
{ "type": "Feature", "properties": { "ID": "155YAJTQ00100", "正式名称": "アイン薬局　サカエ店", "機関区分": 5, "都道府県コード": 15, "市区町村コード": 222, "所在地": "新潟県上越市幸町１４番１０号", "緯度": 37.124241, "経度": 138.246106, "url": "https://www.iryou.teikyouseido.mhlw.go.jp/znk-web/juminkanja/S2430/initialize?prefCd=15&kikanCd=YAJTQ00100&kikanKbn=5", "url2": "https://store.ainj.co.jp/", "内容": "アイン薬局　サカエ店【5:薬局】新潟県上越市幸町１４番１０号" }, "geometry": { "type": "Point", "coordinates": [ 138.246106, 37.124241 ] } },
{ "type": "Feature", "properties": { "ID": "155YAJTQ00101", "正式名称": "坂田薬局", "機関区分": 5, "都道府県コード": 15, "市区町村コード": 222, "所在地": "新潟県上越市中郷区板橋５５５－１", "緯度": 36.990166, "経度": 138.233494, "url": "https://www.iryou.teikyouseido.mhlw.go.jp/znk-web/juminkanja/S2430/initialize?prefCd=15&kikanCd=YAJTQ00101&kikanKbn=5", "url2": "https://sakata-pharmacy.com/", "内容": "坂田薬局【5:薬局】新潟県上越市中郷区板橋５５５－１" }, "geometry": { "type": "Point", "coordinates": [ 138.233494, 36.990166 ] } },
{ "type": "Feature", "properties": { "ID": "155YAJTQ00102", "正式名称": "坂田薬局「オタテ」", "機関区分": 5, "都道府県コード": 15, "市区町村コード": 222, "所在地": "新潟県上越市西本町３－２－５", "緯度": 37.171443, "経度": 138.237018, "url": "https://www.iryou.teikyouseido.mhlw.go.jp/znk-web/juminkanja/S2430/initialize?prefCd=15&kikanCd=YAJTQ00102&kikanKbn=5", "url2": "https://sakata-pharmacy.com/", "内容": "坂田薬局「オタテ」【5:薬局】新潟県上越市西本町３－２－５" }, "geometry": { "type": "Point", "coordinates": [ 138.237018, 37.171443 ] } },
{ "type": "Feature", "properties": { "ID": "155YAJTQ00103", "正式名称": "すみよし調剤薬局", "機関区分": 5, "都道府県コード": 15, "市区町村コード": 222, "所在地": "新潟県上越市住吉町６３", "緯度": 37.17642, "経度": 138.246602, "url": "https://www.iryou.teikyouseido.mhlw.go.jp/znk-web/juminkanja/S2430/initialize?prefCd=15&kikanCd=YAJTQ00103&kikanKbn=5", "url2": null, "内容": "すみよし調剤薬局【5:薬局】新潟県上越市住吉町６３" }, "geometry": { "type": "Point", "coordinates": [ 138.246602, 37.17642 ] } },
{ "type": "Feature", "properties": { "ID": "155YAJTQ00104", "正式名称": "ウエルシア薬局上越下門前", "機関区分": 5, "都道府県コード": 15, "市区町村コード": 222, "所在地": "新潟県上越市下門前１６５３", "緯度": 37.155623, "経度": 138.255093, "url": "https://www.iryou.teikyouseido.mhlw.go.jp/znk-web/juminkanja/S2430/initialize?prefCd=15&kikanCd=YAJTQ00104&kikanKbn=5", "url2": "https://store.welcia.co.jp/welcia/spot/detail?code=172D", "内容": "ウエルシア薬局上越下門前【5:薬局】新潟県上越市下門前１６５３" }, "geometry": { "type": "Point", "coordinates": [ 138.255093, 37.155623 ] } },
{ "type": "Feature", "properties": { "ID": "155YAJTQ00105", "正式名称": "共栄堂薬局直江津店", "機関区分": 5, "都道府県コード": 15, "市区町村コード": 222, "所在地": "新潟県上越市下門前２２７２番地", "緯度": 37.162187, "経度": 138.252072, "url": "https://www.iryou.teikyouseido.mhlw.go.jp/znk-web/juminkanja/S2430/initialize?prefCd=15&kikanCd=YAJTQ00105&kikanKbn=5", "url2": "https://kyoueido.net/shop/1983/", "内容": "共栄堂薬局直江津店【5:薬局】新潟県上越市下門前２２７２番地" }, "geometry": { "type": "Point", "coordinates": [ 138.252072, 37.162187 ] } },
{ "type": "Feature", "properties": { "ID": "155YAJTQ00106", "正式名称": "あさひ薬局やまと店", "機関区分": 5, "都道府県コード": 15, "市区町村コード": 222, "所在地": "新潟県上越市大和２－８－９", "緯度": 37.083849, "経度": 138.24988, "url": "https://www.iryou.teikyouseido.mhlw.go.jp/znk-web/juminkanja/S2430/initialize?prefCd=15&kikanCd=YAJTQ00106&kikanKbn=5", "url2": null, "内容": "あさひ薬局やまと店【5:薬局】新潟県上越市大和２－８－９" }, "geometry": { "type": "Point", "coordinates": [ 138.24988, 37.083849 ] } },
{ "type": "Feature", "properties": { "ID": "155YAJTQ00107", "正式名称": "自然堂つるや薬局西高田店", "機関区分": 5, "都道府県コード": 15, "市区町村コード": 222, "所在地": "新潟県上越市大貫４－６－１１", "緯度": 37.11448, "経度": 138.232654, "url": "https://www.iryou.teikyouseido.mhlw.go.jp/znk-web/juminkanja/S2430/initialize?prefCd=15&kikanCd=YAJTQ00107&kikanKbn=5", "url2": "100sai-club", "内容": "自然堂つるや薬局西高田店【5:薬局】新潟県上越市大貫４－６－１１" }, "geometry": { "type": "Point", "coordinates": [ 138.232654, 37.11448 ] } },
{ "type": "Feature", "properties": { "ID": "155YAJTQ00108", "正式名称": "クスリのアオキ藤巻薬局", "機関区分": 5, "都道府県コード": 15, "市区町村コード": 222, "所在地": "新潟県上越市藤巻５番８号", "緯度": 37.137101, "経度": 138.241016, "url": "https://www.iryou.teikyouseido.mhlw.go.jp/znk-web/juminkanja/S2430/initialize?prefCd=15&kikanCd=YAJTQ00108&kikanKbn=5", "url2": "https://www.kusuri-aoki.co.jp/", "内容": "クスリのアオキ藤巻薬局【5:薬局】新潟県上越市藤巻５番８号" }, "geometry": { "type": "Point", "coordinates": [ 138.241016, 37.137101 ] } },
{ "type": "Feature", "properties": { "ID": "155YAJTQ00109", "正式名称": "ゆう調剤薬局", "機関区分": 5, "都道府県コード": 15, "市区町村コード": 222, "所在地": "新潟県上越市昭和町２－１７－１１", "緯度": 37.120217, "経度": 138.235133, "url": "https://www.iryou.teikyouseido.mhlw.go.jp/znk-web/juminkanja/S2430/initialize?prefCd=15&kikanCd=YAJTQ00109&kikanKbn=5", "url2": null, "内容": "ゆう調剤薬局【5:薬局】新潟県上越市昭和町２－１７－１１" }, "geometry": { "type": "Point", "coordinates": [ 138.235133, 37.120217 ] } },
{ "type": "Feature", "properties": { "ID": "155YAJTQ00110", "正式名称": "げんき薬局", "機関区分": 5, "都道府県コード": 15, "市区町村コード": 222, "所在地": "新潟県上越市東雲町１－６－１０", "緯度": 37.168469, "経度": 138.246201, "url": "https://www.iryou.teikyouseido.mhlw.go.jp/znk-web/juminkanja/S2430/initialize?prefCd=15&kikanCd=YAJTQ00110&kikanKbn=5", "url2": "genki-ph.com", "内容": "げんき薬局【5:薬局】新潟県上越市東雲町１－６－１０" }, "geometry": { "type": "Point", "coordinates": [ 138.246201, 37.168469 ] } },
{ "type": "Feature", "properties": { "ID": "155YAJTQ00111", "正式名称": "トリム薬局　新井店", "機関区分": 5, "都道府県コード": 15, "市区町村コード": 217, "所在地": "新潟県妙高市田町２－３－２１", "緯度": 37.020339, "経度": 138.25281, "url": "https://www.iryou.teikyouseido.mhlw.go.jp/znk-web/juminkanja/S2430/initialize?prefCd=15&kikanCd=YAJTQ00111&kikanKbn=5", "url2": "https://www.pharmarise.com/company/store/store.php?store_id=502", "内容": "トリム薬局　新井店【5:薬局】新潟県妙高市田町２－３－２１" }, "geometry": { "type": "Point", "coordinates": [ 138.25281, 37.020339 ] } },
{ "type": "Feature", "properties": { "ID": "155YAJTQ00112", "正式名称": "トリム薬局　春日新田店", "機関区分": 5, "都道府県コード": 15, "市区町村コード": 222, "所在地": "新潟県上越市春日新田１－２０－３０", "緯度": 37.170299, "経度": 138.25516, "url": "https://www.iryou.teikyouseido.mhlw.go.jp/znk-web/juminkanja/S2430/initialize?prefCd=15&kikanCd=YAJTQ00112&kikanKbn=5", "url2": "http://www.pharmarise.com", "内容": "トリム薬局　春日新田店【5:薬局】新潟県上越市春日新田１－２０－３０" }, "geometry": { "type": "Point", "coordinates": [ 138.25516, 37.170299 ] } },
{ "type": "Feature", "properties": { "ID": "155YAJTQ00113", "正式名称": "共栄堂薬局　南高田町店", "機関区分": 5, "都道府県コード": 15, "市区町村コード": 222, "所在地": "新潟県上越市南高田町４－２１", "緯度": 37.096909, "経度": 138.247188, "url": "https://www.iryou.teikyouseido.mhlw.go.jp/znk-web/juminkanja/S2430/initialize?prefCd=15&kikanCd=YAJTQ00113&kikanKbn=5", "url2": "https://kyoueido.net/shop/3359/", "内容": "共栄堂薬局　南高田町店【5:薬局】新潟県上越市南高田町４－２１" }, "geometry": { "type": "Point", "coordinates": [ 138.247188, 37.096909 ] } },
{ "type": "Feature", "properties": { "ID": "155YAJTQ00114", "正式名称": "中央調剤薬局　栗原店", "機関区分": 5, "都道府県コード": 15, "市区町村コード": 217, "所在地": "新潟県妙高市栗原２丁目３番３号", "緯度": 37.043101, "経度": 138.260669, "url": "https://www.iryou.teikyouseido.mhlw.go.jp/znk-web/juminkanja/S2430/initialize?prefCd=15&kikanCd=YAJTQ00114&kikanKbn=5", "url2": "http://jouetuchuuou.co.jp/", "内容": "中央調剤薬局　栗原店【5:薬局】新潟県妙高市栗原２丁目３番３号" }, "geometry": { "type": "Point", "coordinates": [ 138.260669, 37.043101 ] } },
{ "type": "Feature", "properties": { "ID": "155YAJTQ00115", "正式名称": "メッツ有田薬局", "機関区分": 5, "都道府県コード": 15, "市区町村コード": 222, "所在地": "新潟県上越市下源入５８５ー３", "緯度": 37.162833, "経度": 138.254858, "url": "https://www.iryou.teikyouseido.mhlw.go.jp/znk-web/juminkanja/S2430/initialize?prefCd=15&kikanCd=YAJTQ00115&kikanKbn=5", "url2": "https://medic-taiyo.co.jp/pharmacy/mets-arita/", "内容": "メッツ有田薬局【5:薬局】新潟県上越市下源入５８５ー３" }, "geometry": { "type": "Point", "coordinates": [ 138.254858, 37.162833 ] } },
{ "type": "Feature", "properties": { "ID": "155YAJTQ00116", "正式名称": "げんき薬局　安塚店", "機関区分": 5, "都道府県コード": 15, "市区町村コード": 222, "所在地": "新潟県上越市安塚区安塚２５５７", "緯度": 37.127654, "経度": 138.444063, "url": "https://www.iryou.teikyouseido.mhlw.go.jp/znk-web/juminkanja/S2430/initialize?prefCd=15&kikanCd=YAJTQ00116&kikanKbn=5", "url2": "https://www.genki-ph.com/", "内容": "げんき薬局　安塚店【5:薬局】新潟県上越市安塚区安塚２５５７" }, "geometry": { "type": "Point", "coordinates": [ 138.444063, 37.127654 ] } },
{ "type": "Feature", "properties": { "ID": "155YAJTQ00117", "正式名称": "すみれ薬局下門前店", "機関区分": 5, "都道府県コード": 15, "市区町村コード": 222, "所在地": "新潟県上越市上源入", "緯度": 37.158732, "経度": 138.257071, "url": "https://www.iryou.teikyouseido.mhlw.go.jp/znk-web/juminkanja/S2430/initialize?prefCd=15&kikanCd=YAJTQ00117&kikanKbn=5", "url2": null, "内容": "すみれ薬局下門前店【5:薬局】新潟県上越市上源入" }, "geometry": { "type": "Point", "coordinates": [ 138.257071, 37.158732 ] } },
{ "type": "Feature", "properties": { "ID": "155YAJTQ00118", "正式名称": "クスリのアオキ北城薬局", "機関区分": 5, "都道府県コード": 15, "市区町村コード": 222, "所在地": "新潟県上越市北城町四丁目１８番１８号", "緯度": 37.11845, "経度": 138.258856, "url": "https://www.iryou.teikyouseido.mhlw.go.jp/znk-web/juminkanja/S2430/initialize?prefCd=15&kikanCd=YAJTQ00118&kikanKbn=5", "url2": "https://www.kusuri-aoki.co.jp/", "内容": "クスリのアオキ北城薬局【5:薬局】新潟県上越市北城町四丁目１８番１８号" }, "geometry": { "type": "Point", "coordinates": [ 138.258856, 37.11845 ] } },
{ "type": "Feature", "properties": { "ID": "155YAJTQ00119", "正式名称": "クスリのアオキ上越大和薬局", "機関区分": 5, "都道府県コード": 15, "市区町村コード": 222, "所在地": "新潟県上越市大和二丁目８番１８号", "緯度": 37.087936, "経度": 138.252177, "url": "https://www.iryou.teikyouseido.mhlw.go.jp/znk-web/juminkanja/S2430/initialize?prefCd=15&kikanCd=YAJTQ00119&kikanKbn=5", "url2": "https://www.kusuri-aoki.co.jp/", "内容": "クスリのアオキ上越大和薬局【5:薬局】新潟県上越市大和二丁目８番１８号" }, "geometry": { "type": "Point", "coordinates": [ 138.252177, 37.087936 ] } },
{ "type": "Feature", "properties": { "ID": "155YAJTQ00120", "正式名称": "クオール薬局　直江津店", "機関区分": 5, "都道府県コード": 15, "市区町村コード": 222, "所在地": "新潟県上越市西本町３－８－８直江津ショッピングセンター２階", "緯度": 37.170833, "経度": 138.237654, "url": "https://www.iryou.teikyouseido.mhlw.go.jp/znk-web/juminkanja/S2430/initialize?prefCd=15&kikanCd=YAJTQ00120&kikanKbn=5", "url2": "https://www.qol-net.co.jp", "内容": "クオール薬局　直江津店【5:薬局】新潟県上越市西本町３－８－８直江津ショッピングセンター２階" }, "geometry": { "type": "Point", "coordinates": [ 138.237654, 37.170833 ] } },
{ "type": "Feature", "properties": { "ID": "155YAJTQ00121", "正式名称": "安江調剤薬局", "機関区分": 5, "都道府県コード": 15, "市区町村コード": 222, "所在地": "新潟県上越市安江１－２－１９", "緯度": 37.173303, "経度": 138.262172, "url": "https://www.iryou.teikyouseido.mhlw.go.jp/znk-web/juminkanja/S2430/initialize?prefCd=15&kikanCd=YAJTQ00121&kikanKbn=5", "url2": null, "内容": "安江調剤薬局【5:薬局】新潟県上越市安江１－２－１９" }, "geometry": { "type": "Point", "coordinates": [ 138.262172, 37.173303 ] } },
{ "type": "Feature", "properties": { "ID": "155YAJTQ00122", "正式名称": "上越下門前薬局", "機関区分": 5, "都道府県コード": 15, "市区町村コード": 222, "所在地": "新潟県上越市上源入６３４－３", "緯度": 37.16014, "経度": 138.256448, "url": "https://www.iryou.teikyouseido.mhlw.go.jp/znk-web/juminkanja/S2430/initialize?prefCd=15&kikanCd=YAJTQ00122&kikanKbn=5", "url2": "https://www.phstr.co.jp/", "内容": "上越下門前薬局【5:薬局】新潟県上越市上源入６３４－３" }, "geometry": { "type": "Point", "coordinates": [ 138.256448, 37.16014 ] } },
{ "type": "Feature", "properties": { "ID": "155YAJTQ00123", "正式名称": "潟町薬局", "機関区分": 5, "都道府県コード": 15, "市区町村コード": 222, "所在地": "新潟県上越市大潟区潟町３８９－４潟町薬局", "緯度": 37.230665, "経度": 138.3329, "url": "https://www.iryou.teikyouseido.mhlw.go.jp/znk-web/juminkanja/S2430/initialize?prefCd=15&kikanCd=YAJTQ00123&kikanKbn=5", "url2": "https://www.phstr.co.jp/", "内容": "潟町薬局【5:薬局】新潟県上越市大潟区潟町３８９－４潟町薬局" }, "geometry": { "type": "Point", "coordinates": [ 138.3329, 37.230665 ] } },
{ "type": "Feature", "properties": { "ID": "155YAJTQ00124", "正式名称": "イオン薬局上越店", "機関区分": 5, "都道府県コード": 15, "市区町村コード": 222, "所在地": "新潟県上越市富岡３４５７", "緯度": 37.152779, "経度": 138.25853, "url": "https://www.iryou.teikyouseido.mhlw.go.jp/znk-web/juminkanja/S2430/initialize?prefCd=15&kikanCd=YAJTQ00124&kikanKbn=5", "url2": null, "内容": "イオン薬局上越店【5:薬局】新潟県上越市富岡３４５７" }, "geometry": { "type": "Point", "coordinates": [ 138.25853, 37.152779 ] } },
{ "type": "Feature", "properties": { "ID": "155YAJTQ00126", "正式名称": "ひかり薬局", "機関区分": 5, "都道府県コード": 15, "市区町村コード": 222, "所在地": "新潟県上越市板倉区針９４０－１", "緯度": 37.05175, "経度": 138.294475, "url": "https://www.iryou.teikyouseido.mhlw.go.jp/znk-web/juminkanja/S2430/initialize?prefCd=15&kikanCd=YAJTQ00126&kikanKbn=5", "url2": null, "内容": "ひかり薬局【5:薬局】新潟県上越市板倉区針９４０－１" }, "geometry": { "type": "Point", "coordinates": [ 138.294475, 37.05175 ] } },
{ "type": "Feature", "properties": { "ID": "155YAJTQ00127", "正式名称": "クスリのアオキ浦川原薬局", "機関区分": 5, "都道府県コード": 15, "市区町村コード": 222, "所在地": "新潟県上越市浦川原区六日町１６１番地３", "緯度": 37.160886, "経度": 138.405909, "url": "https://www.iryou.teikyouseido.mhlw.go.jp/znk-web/juminkanja/S2430/initialize?prefCd=15&kikanCd=YAJTQ00127&kikanKbn=5", "url2": "https://www.kusuri-aoki.co.jp/", "内容": "クスリのアオキ浦川原薬局【5:薬局】新潟県上越市浦川原区六日町１６１番地３" }, "geometry": { "type": "Point", "coordinates": [ 138.405909, 37.160886 ] } },
{ "type": "Feature", "properties": { "ID": "155YAJTQ00128", "正式名称": "クスリのアオキ春日山町薬局", "機関区分": 5, "都道府県コード": 15, "市区町村コード": 222, "所在地": "新潟県上越市春日山町三丁目１５番８号", "緯度": 37.144689, "経度": 138.231626, "url": "https://www.iryou.teikyouseido.mhlw.go.jp/znk-web/juminkanja/S2430/initialize?prefCd=15&kikanCd=YAJTQ00128&kikanKbn=5", "url2": "https://www.kusuri-aoki.co.jp/", "内容": "クスリのアオキ春日山町薬局【5:薬局】新潟県上越市春日山町三丁目１５番８号" }, "geometry": { "type": "Point", "coordinates": [ 138.231626, 37.144689 ] } },
{ "type": "Feature", "properties": { "ID": "155YAJTQ00129", "正式名称": "すみれ薬局　富岡店", "機関区分": 5, "都道府県コード": 15, "市区町村コード": 222, "所在地": "新潟県上越市富岡１８７９－１ビオレ１階", "緯度": 37.147083, "経度": 138.259899, "url": "https://www.iryou.teikyouseido.mhlw.go.jp/znk-web/juminkanja/S2430/initialize?prefCd=15&kikanCd=YAJTQ00129&kikanKbn=5", "url2": null, "内容": "すみれ薬局　富岡店【5:薬局】新潟県上越市富岡１８７９－１ビオレ１階" }, "geometry": { "type": "Point", "coordinates": [ 138.259899, 37.147083 ] } },
{ "type": "Feature", "properties": { "ID": "155YAJTQ00130", "正式名称": "いなだ薬局", "機関区分": 5, "都道府県コード": 15, "市区町村コード": 222, "所在地": "新潟県上越市稲田３丁目１２３－２", "緯度": 37.121892, "経度": 138.268686, "url": "https://www.iryou.teikyouseido.mhlw.go.jp/znk-web/juminkanja/S2430/initialize?prefCd=15&kikanCd=YAJTQ00130&kikanKbn=5", "url2": "https://ho-rai.co.jp", "内容": "いなだ薬局【5:薬局】新潟県上越市稲田３丁目１２３－２" }, "geometry": { "type": "Point", "coordinates": [ 138.268686, 37.121892 ] } },
{ "type": "Feature", "properties": { "ID": "155YAJTQ00131", "正式名称": "ウエルシア薬局上越新光町店", "機関区分": 5, "都道府県コード": 15, "市区町村コード": 222, "所在地": "新潟県上越市新光町一丁目５番３号", "緯度": 37.15204, "経度": 138.23792, "url": "https://www.iryou.teikyouseido.mhlw.go.jp/znk-web/juminkanja/S2430/initialize?prefCd=15&kikanCd=YAJTQ00131&kikanKbn=5", "url2": null, "内容": "ウエルシア薬局上越新光町店【5:薬局】新潟県上越市新光町一丁目５番３号" }, "geometry": { "type": "Point", "coordinates": [ 138.23792, 37.15204 ] } },
{ "type": "Feature", "properties": { "ID": "155YAJTQ00132", "正式名称": "げんき薬局浦川原店", "機関区分": 5, "都道府県コード": 15, "市区町村コード": 222, "所在地": "新潟県上越市浦川原区有島６６", "緯度": 37.15844, "経度": 138.427033, "url": "https://www.iryou.teikyouseido.mhlw.go.jp/znk-web/juminkanja/S2430/initialize?prefCd=15&kikanCd=YAJTQ00132&kikanKbn=5", "url2": "https://www.genki-ph.com/", "内容": "げんき薬局浦川原店【5:薬局】新潟県上越市浦川原区有島６６" }, "geometry": { "type": "Point", "coordinates": [ 138.427033, 37.15844 ] } },
{ "type": "Feature", "properties": { "ID": "155YAKZQ00001", "正式名称": "ひまわり薬局", "機関区分": 5, "都道府県コード": 15, "市区町村コード": 205, "所在地": "新潟県柏崎市北半田２丁目１４番１２号", "緯度": 37.363879, "経度": 138.577599, "url": "https://www.iryou.teikyouseido.mhlw.go.jp/znk-web/juminkanja/S2430/initialize?prefCd=15&kikanCd=YAKZQ00001&kikanKbn=5", "url2": null, "内容": "ひまわり薬局【5:薬局】新潟県柏崎市北半田２丁目１４番１２号" }, "geometry": { "type": "Point", "coordinates": [ 138.577599, 37.363879 ] } },
{ "type": "Feature", "properties": { "ID": "155YAKZQ00002", "正式名称": "わかくさ薬局", "機関区分": 5, "都道府県コード": 15, "市区町村コード": 205, "所在地": "新潟県柏崎市北半田１丁目１番地４１", "緯度": 37.36458, "経度": 138.57192, "url": "https://www.iryou.teikyouseido.mhlw.go.jp/znk-web/juminkanja/S2430/initialize?prefCd=15&kikanCd=YAKZQ00002&kikanKbn=5", "url2": "https://www.kusurinomadoguchi.com/niigata/s1000067509", "内容": "わかくさ薬局【5:薬局】新潟県柏崎市北半田１丁目１番地４１" }, "geometry": { "type": "Point", "coordinates": [ 138.57192, 37.36458 ] } },
{ "type": "Feature", "properties": { "ID": "155YAKZQ00003", "正式名称": "大手薬局柏崎店", "機関区分": 5, "都道府県コード": 15, "市区町村コード": 205, "所在地": "新潟県柏崎市扇町３－８２", "緯度": 37.367387, "経度": 138.570934, "url": "https://www.iryou.teikyouseido.mhlw.go.jp/znk-web/juminkanja/S2430/initialize?prefCd=15&kikanCd=YAKZQ00003&kikanKbn=5", "url2": "https://ohte.info/", "内容": "大手薬局柏崎店【5:薬局】新潟県柏崎市扇町３－８２" }, "geometry": { "type": "Point", "coordinates": [ 138.570934, 37.367387 ] } },
{ "type": "Feature", "properties": { "ID": "155YAKZQ00004", "正式名称": "一般社団法人柏崎薬剤師会会営薬局", "機関区分": 5, "都道府県コード": 15, "市区町村コード": 205, "所在地": "新潟県柏崎市茨目１丁目５ー２０", "緯度": 37.361942, "経度": 138.578414, "url": "https://www.iryou.teikyouseido.mhlw.go.jp/znk-web/juminkanja/S2430/initialize?prefCd=15&kikanCd=YAKZQ00004&kikanKbn=5", "url2": null, "内容": "一般社団法人柏崎薬剤師会会営薬局【5:薬局】新潟県柏崎市茨目１丁目５ー２０" }, "geometry": { "type": "Point", "coordinates": [ 138.578414, 37.361942 ] } },
{ "type": "Feature", "properties": { "ID": "155YAKZQ00006", "正式名称": "有限会社中村本町薬局", "機関区分": 5, "都道府県コード": 15, "市区町村コード": 205, "所在地": "新潟県柏崎市東本町１－１０－８", "緯度": 37.369479, "経度": 138.555349, "url": "https://www.iryou.teikyouseido.mhlw.go.jp/znk-web/juminkanja/S2430/initialize?prefCd=15&kikanCd=YAKZQ00006&kikanKbn=5", "url2": null, "内容": "有限会社中村本町薬局【5:薬局】新潟県柏崎市東本町１－１０－８" }, "geometry": { "type": "Point", "coordinates": [ 138.555349, 37.369479 ] } },
{ "type": "Feature", "properties": { "ID": "155YAKZQ00007", "正式名称": "アイン薬局柏崎店", "機関区分": 5, "都道府県コード": 15, "市区町村コード": 205, "所在地": "新潟県柏崎市茨目１丁目４ー４", "緯度": 37.362989, "経度": 138.580737, "url": "https://www.iryou.teikyouseido.mhlw.go.jp/znk-web/juminkanja/S2430/initialize?prefCd=15&kikanCd=YAKZQ00007&kikanKbn=5", "url2": "https://www.ainj.co.jp/", "内容": "アイン薬局柏崎店【5:薬局】新潟県柏崎市茨目１丁目４ー４" }, "geometry": { "type": "Point", "coordinates": [ 138.580737, 37.362989 ] } },
{ "type": "Feature", "properties": { "ID": "155YAKZQ00008", "正式名称": "ＡＬＰＨＡＳ薬局　東長浜店", "機関区分": 5, "都道府県コード": 15, "市区町村コード": 205, "所在地": "新潟県柏崎市東長浜町３－１４", "緯度": 37.368664, "経度": 138.578048, "url": "https://www.iryou.teikyouseido.mhlw.go.jp/znk-web/juminkanja/S2430/initialize?prefCd=15&kikanCd=YAKZQ00008&kikanKbn=5", "url2": "http://www.nmi-net.com", "内容": "ＡＬＰＨＡＳ薬局　東長浜店【5:薬局】新潟県柏崎市東長浜町３－１４" }, "geometry": { "type": "Point", "coordinates": [ 138.578048, 37.368664 ] } },
{ "type": "Feature", "properties": { "ID": "155YAKZQ00009", "正式名称": "石黒薬局田中店", "機関区分": 5, "都道府県コード": 15, "市区町村コード": 205, "所在地": "新潟県柏崎市田中２４－１２", "緯度": 37.358418, "経度": 138.567567, "url": "https://www.iryou.teikyouseido.mhlw.go.jp/znk-web/juminkanja/S2430/initialize?prefCd=15&kikanCd=YAKZQ00009&kikanKbn=5", "url2": "ﾅｼ", "内容": "石黒薬局田中店【5:薬局】新潟県柏崎市田中２４－１２" }, "geometry": { "type": "Point", "coordinates": [ 138.567567, 37.358418 ] } },
{ "type": "Feature", "properties": { "ID": "155YAKZQ00010", "正式名称": "エム・ケイ薬局かしわざき店", "機関区分": 5, "都道府県コード": 15, "市区町村コード": 205, "所在地": "新潟県柏崎市寿町６ー２７", "緯度": 37.357441, "経度": 138.535731, "url": "https://www.iryou.teikyouseido.mhlw.go.jp/znk-web/juminkanja/S2430/initialize?prefCd=15&kikanCd=YAKZQ00010&kikanKbn=5", "url2": "https://www.mk-m.co.jp/", "内容": "エム・ケイ薬局かしわざき店【5:薬局】新潟県柏崎市寿町６ー２７" }, "geometry": { "type": "Point", "coordinates": [ 138.535731, 37.357441 ] } },
{ "type": "Feature", "properties": { "ID": "155YAKZQ00011", "正式名称": "アイン薬局柏崎駅前店", "機関区分": 5, "都道府県コード": 15, "市区町村コード": 205, "所在地": "新潟県柏崎市駅前２－２－５０", "緯度": 37.366261, "経度": 138.554988, "url": "https://www.iryou.teikyouseido.mhlw.go.jp/znk-web/juminkanja/S2430/initialize?prefCd=15&kikanCd=YAKZQ00011&kikanKbn=5", "url2": "https://store.ainj.co.jp/detail/1101215/", "内容": "アイン薬局柏崎駅前店【5:薬局】新潟県柏崎市駅前２－２－５０" }, "geometry": { "type": "Point", "coordinates": [ 138.554988, 37.366261 ] } },
{ "type": "Feature", "properties": { "ID": "155YAKZQ00012", "正式名称": "石川薬局中央店", "機関区分": 5, "都道府県コード": 15, "市区町村コード": 205, "所在地": "新潟県柏崎市中央町４－１１", "緯度": 37.371595, "経度": 138.559379, "url": "https://www.iryou.teikyouseido.mhlw.go.jp/znk-web/juminkanja/S2430/initialize?prefCd=15&kikanCd=YAKZQ00012&kikanKbn=5", "url2": "ishikawa-kusuri.com/chuo", "内容": "石川薬局中央店【5:薬局】新潟県柏崎市中央町４－１１" }, "geometry": { "type": "Point", "coordinates": [ 138.559379, 37.371595 ] } },
{ "type": "Feature", "properties": { "ID": "155YAKZQ00013", "正式名称": "あさひ薬局", "機関区分": 5, "都道府県コード": 15, "市区町村コード": 205, "所在地": "新潟県柏崎市新橋２番１２号", "緯度": 37.365598, "経度": 138.552894, "url": "https://www.iryou.teikyouseido.mhlw.go.jp/znk-web/juminkanja/S2430/initialize?prefCd=15&kikanCd=YAKZQ00013&kikanKbn=5", "url2": "http:/www.medinet-phamacy.co.jp", "内容": "あさひ薬局【5:薬局】新潟県柏崎市新橋２番１２号" }, "geometry": { "type": "Point", "coordinates": [ 138.552894, 37.365598 ] } },
{ "type": "Feature", "properties": { "ID": "155YAKZQ00014", "正式名称": "ＡＬＰＨＡＳ薬局　春日店", "機関区分": 5, "都道府県コード": 15, "市区町村コード": 205, "所在地": "新潟県柏崎市春日１ー６ー２３ー７", "緯度": 37.379787, "経度": 138.568746, "url": "https://www.iryou.teikyouseido.mhlw.go.jp/znk-web/juminkanja/S2430/initialize?prefCd=15&kikanCd=YAKZQ00014&kikanKbn=5", "url2": "http://www.nmi-net.com", "内容": "ＡＬＰＨＡＳ薬局　春日店【5:薬局】新潟県柏崎市春日１ー６ー２３ー７" }, "geometry": { "type": "Point", "coordinates": [ 138.568746, 37.379787 ] } },
{ "type": "Feature", "properties": { "ID": "155YAKZQ00015", "正式名称": "石川薬局　松美店", "機関区分": 5, "都道府県コード": 15, "市区町村コード": 205, "所在地": "新潟県柏崎市松美１丁目１－３６", "緯度": 37.373284, "経度": 138.574453, "url": "https://www.iryou.teikyouseido.mhlw.go.jp/znk-web/juminkanja/S2430/initialize?prefCd=15&kikanCd=YAKZQ00015&kikanKbn=5", "url2": null, "内容": "石川薬局　松美店【5:薬局】新潟県柏崎市松美１丁目１－３６" }, "geometry": { "type": "Point", "coordinates": [ 138.574453, 37.373284 ] } },
{ "type": "Feature", "properties": { "ID": "155YAKZQ00016", "正式名称": "アイン薬局柏崎東本町店", "機関区分": 5, "都道府県コード": 15, "市区町村コード": 205, "所在地": "新潟県柏崎市東本町１丁目１－２３－１", "緯度": 37.367875, "経度": 138.554134, "url": "https://www.iryou.teikyouseido.mhlw.go.jp/znk-web/juminkanja/S2430/initialize?prefCd=15&kikanCd=YAKZQ00016&kikanKbn=5", "url2": "https://www.ainj.co.jp/", "内容": "アイン薬局柏崎東本町店【5:薬局】新潟県柏崎市東本町１丁目１－２３－１" }, "geometry": { "type": "Point", "coordinates": [ 138.554134, 37.367875 ] } },
{ "type": "Feature", "properties": { "ID": "155YAKZQ00017", "正式名称": "アイン薬局柏崎西山店", "機関区分": 5, "都道府県コード": 15, "市区町村コード": 205, "所在地": "新潟県柏崎市西山町礼拝字前田４３０ー２", "緯度": 37.457063, "経度": 138.665883, "url": "https://www.iryou.teikyouseido.mhlw.go.jp/znk-web/juminkanja/S2430/initialize?prefCd=15&kikanCd=YAKZQ00017&kikanKbn=5", "url2": null, "内容": "アイン薬局柏崎西山店【5:薬局】新潟県柏崎市西山町礼拝字前田４３０ー２" }, "geometry": { "type": "Point", "coordinates": [ 138.665883, 37.457063 ] } },
{ "type": "Feature", "properties": { "ID": "155YAKZQ00018", "正式名称": "石黒薬局", "機関区分": 5, "都道府県コード": 15, "市区町村コード": 205, "所在地": "新潟県柏崎市東本町２－７－３６", "緯度": 37.370212, "経度": 138.559992, "url": "https://www.iryou.teikyouseido.mhlw.go.jp/znk-web/juminkanja/S2430/initialize?prefCd=15&kikanCd=YAKZQ00018&kikanKbn=5", "url2": null, "内容": "石黒薬局【5:薬局】新潟県柏崎市東本町２－７－３６" }, "geometry": { "type": "Point", "coordinates": [ 138.559992, 37.370212 ] } },
{ "type": "Feature", "properties": { "ID": "155YAKZQ00019", "正式名称": "クスリのアオキ松美薬局", "機関区分": 5, "都道府県コード": 15, "市区町村コード": 205, "所在地": "新潟県柏崎市松美二丁目２番２７号", "緯度": 37.376114, "経度": 138.578887, "url": "https://www.iryou.teikyouseido.mhlw.go.jp/znk-web/juminkanja/S2430/initialize?prefCd=15&kikanCd=YAKZQ00019&kikanKbn=5", "url2": "https://www.kusuri-aoki.co.jp/", "内容": "クスリのアオキ松美薬局【5:薬局】新潟県柏崎市松美二丁目２番２７号" }, "geometry": { "type": "Point", "coordinates": [ 138.578887, 37.376114 ] } },
{ "type": "Feature", "properties": { "ID": "155YAKZQ00020", "正式名称": "共創未来柳田町薬局", "機関区分": 5, "都道府県コード": 15, "市区町村コード": 205, "所在地": "新潟県柏崎市柳田町７－３６", "緯度": 37.381928, "経度": 138.579076, "url": "https://www.iryou.teikyouseido.mhlw.go.jp/znk-web/juminkanja/S2430/initialize?prefCd=15&kikanCd=YAKZQ00020&kikanKbn=5", "url2": "https://www.phmirai.co.jp/shops/detail.php?id=261", "内容": "共創未来柳田町薬局【5:薬局】新潟県柏崎市柳田町７－３６" }, "geometry": { "type": "Point", "coordinates": [ 138.579076, 37.381928 ] } },
{ "type": "Feature", "properties": { "ID": "155YAKZQ00021", "正式名称": "共創未来北半田薬局", "機関区分": 5, "都道府県コード": 15, "市区町村コード": 205, "所在地": "新潟県柏崎市北半田２－７－２４", "緯度": 37.364642, "経度": 138.577656, "url": "https://www.iryou.teikyouseido.mhlw.go.jp/znk-web/juminkanja/S2430/initialize?prefCd=15&kikanCd=YAKZQ00021&kikanKbn=5", "url2": "https://www.phmirai.co.jp", "内容": "共創未来北半田薬局【5:薬局】新潟県柏崎市北半田２－７－２４" }, "geometry": { "type": "Point", "coordinates": [ 138.577656, 37.364642 ] } },
{ "type": "Feature", "properties": { "ID": "155YAKZQ00022", "正式名称": "共創未来柏崎薬局", "機関区分": 5, "都道府県コード": 15, "市区町村コード": 205, "所在地": "新潟県柏崎市北半田２－１３－８", "緯度": 37.363098, "経度": 138.578165, "url": "https://www.iryou.teikyouseido.mhlw.go.jp/znk-web/juminkanja/S2430/initialize?prefCd=15&kikanCd=YAKZQ00022&kikanKbn=5", "url2": "http://www.phmirai.co.jp", "内容": "共創未来柏崎薬局【5:薬局】新潟県柏崎市北半田２－１３－８" }, "geometry": { "type": "Point", "coordinates": [ 138.578165, 37.363098 ] } },
{ "type": "Feature", "properties": { "ID": "155YAKZQ00023", "正式名称": "シナダ調剤薬局", "機関区分": 5, "都道府県コード": 15, "市区町村コード": 205, "所在地": "新潟県柏崎市土合６６４－３", "緯度": 37.392866, "経度": 138.600008, "url": "https://www.iryou.teikyouseido.mhlw.go.jp/znk-web/juminkanja/S2430/initialize?prefCd=15&kikanCd=YAKZQ00023&kikanKbn=5", "url2": "https://www.shinada-ph.com/", "内容": "シナダ調剤薬局【5:薬局】新潟県柏崎市土合６６４－３" }, "geometry": { "type": "Point", "coordinates": [ 138.600008, 37.392866 ] } },
{ "type": "Feature", "properties": { "ID": "155YAKZQ00024", "正式名称": "石川薬局", "機関区分": 5, "都道府県コード": 15, "市区町村コード": 205, "所在地": "新潟県柏崎市東本町２－７－３７", "緯度": 37.370215, "経度": 138.559916, "url": "https://www.iryou.teikyouseido.mhlw.go.jp/znk-web/juminkanja/S2430/initialize?prefCd=15&kikanCd=YAKZQ00024&kikanKbn=5", "url2": "https://ishikawa-kusuri.com/", "内容": "石川薬局【5:薬局】新潟県柏崎市東本町２－７－３７" }, "geometry": { "type": "Point", "coordinates": [ 138.559916, 37.370215 ] } },
{ "type": "Feature", "properties": { "ID": "155YAKZQ00025", "正式名称": "おうぎまち薬局", "機関区分": 5, "都道府県コード": 15, "市区町村コード": 205, "所在地": "新潟県柏崎市扇町１番７８ー７", "緯度": 37.368839, "経度": 138.567722, "url": "https://www.iryou.teikyouseido.mhlw.go.jp/znk-web/juminkanja/S2430/initialize?prefCd=15&kikanCd=YAKZQ00025&kikanKbn=5", "url2": "https://kyoueido.net/shop/253/", "内容": "おうぎまち薬局【5:薬局】新潟県柏崎市扇町１番７８ー７" }, "geometry": { "type": "Point", "coordinates": [ 138.567722, 37.368839 ] } },
{ "type": "Feature", "properties": { "ID": "155YAKZQ00027", "正式名称": "中央町薬局", "機関区分": 5, "都道府県コード": 15, "市区町村コード": 205, "所在地": "新潟県柏崎市中央町１１－３１", "緯度": 37.374039, "経度": 138.56017, "url": "https://www.iryou.teikyouseido.mhlw.go.jp/znk-web/juminkanja/S2430/initialize?prefCd=15&kikanCd=YAKZQ00027&kikanKbn=5", "url2": null, "内容": "中央町薬局【5:薬局】新潟県柏崎市中央町１１－３１" }, "geometry": { "type": "Point", "coordinates": [ 138.56017, 37.374039 ] } },
{ "type": "Feature", "properties": { "ID": "155YAKZQ00028", "正式名称": "クスリのアオキ柏崎中央薬局", "機関区分": 5, "都道府県コード": 15, "市区町村コード": 205, "所在地": "新潟県柏崎市日吉町３番３７号", "緯度": 37.367597, "経度": 138.573912, "url": "https://www.iryou.teikyouseido.mhlw.go.jp/znk-web/juminkanja/S2430/initialize?prefCd=15&kikanCd=YAKZQ00028&kikanKbn=5", "url2": "https://www.kusuri-aoki.co.jp/", "内容": "クスリのアオキ柏崎中央薬局【5:薬局】新潟県柏崎市日吉町３番３７号" }, "geometry": { "type": "Point", "coordinates": [ 138.573912, 37.367597 ] } },
{ "type": "Feature", "properties": { "ID": "155YAKZQ00029", "正式名称": "ひかりの調剤薬局", "機関区分": 5, "都道府県コード": 15, "市区町村コード": 205, "所在地": "新潟県柏崎市三和町３－１０", "緯度": 37.365886, "経度": 138.577414, "url": "https://www.iryou.teikyouseido.mhlw.go.jp/znk-web/juminkanja/S2430/initialize?prefCd=15&kikanCd=YAKZQ00029&kikanKbn=5", "url2": "https://kyoueido.net/shop/1147/", "内容": "ひかりの調剤薬局【5:薬局】新潟県柏崎市三和町３－１０" }, "geometry": { "type": "Point", "coordinates": [ 138.577414, 37.365886 ] } },
{ "type": "Feature", "properties": { "ID": "155YAKZQ00030", "正式名称": "共栄堂薬局柏崎店", "機関区分": 5, "都道府県コード": 15, "市区町村コード": 205, "所在地": "新潟県柏崎市茨目１丁目３番１８号", "緯度": 37.362963, "経度": 138.578472, "url": "https://www.iryou.teikyouseido.mhlw.go.jp/znk-web/juminkanja/S2430/initialize?prefCd=15&kikanCd=YAKZQ00030&kikanKbn=5", "url2": "https://kyoueido.net/shop/2875/", "内容": "共栄堂薬局柏崎店【5:薬局】新潟県柏崎市茨目１丁目３番１８号" }, "geometry": { "type": "Point", "coordinates": [ 138.578472, 37.362963 ] } },
{ "type": "Feature", "properties": { "ID": "155YAKZQ00031", "正式名称": "ウエルシア薬局柏崎錦町店", "機関区分": 5, "都道府県コード": 15, "市区町村コード": 205, "所在地": "新潟県柏崎市錦町１－８", "緯度": 37.368433, "経度": 138.561212, "url": "https://www.iryou.teikyouseido.mhlw.go.jp/znk-web/juminkanja/S2430/initialize?prefCd=15&kikanCd=YAKZQ00031&kikanKbn=5", "url2": "https://store.welcia.co.jp/welcia/spot/detail?code=146D", "内容": "ウエルシア薬局柏崎錦町店【5:薬局】新潟県柏崎市錦町１－８" }, "geometry": { "type": "Point", "coordinates": [ 138.561212, 37.368433 ] } },
{ "type": "Feature", "properties": { "ID": "155YAKZQ00032", "正式名称": "ほなみ薬局", "機関区分": 5, "都道府県コード": 15, "市区町村コード": 205, "所在地": "新潟県柏崎市穂波町３－２８", "緯度": 37.359583, "経度": 138.55695, "url": "https://www.iryou.teikyouseido.mhlw.go.jp/znk-web/juminkanja/S2430/initialize?prefCd=15&kikanCd=YAKZQ00032&kikanKbn=5", "url2": null, "内容": "ほなみ薬局【5:薬局】新潟県柏崎市穂波町３－２８" }, "geometry": { "type": "Point", "coordinates": [ 138.55695, 37.359583 ] } },
{ "type": "Feature", "properties": { "ID": "155YAKZQ00033", "正式名称": "クスリのアオキ半田薬局", "機関区分": 5, "都道府県コード": 15, "市区町村コード": 205, "所在地": "新潟県柏崎市半田二丁目６番２３号", "緯度": 37.357089, "経度": 138.578586, "url": "https://www.iryou.teikyouseido.mhlw.go.jp/znk-web/juminkanja/S2430/initialize?prefCd=15&kikanCd=YAKZQ00033&kikanKbn=5", "url2": "https://www.kusuri-aoki.co.jp/", "内容": "クスリのアオキ半田薬局【5:薬局】新潟県柏崎市半田二丁目６番２３号" }, "geometry": { "type": "Point", "coordinates": [ 138.578586, 37.357089 ] } },
{ "type": "Feature", "properties": { "ID": "155YAKZQ00035", "正式名称": "アップル薬局柏崎店", "機関区分": 5, "都道府県コード": 15, "市区町村コード": 205, "所在地": "新潟県柏崎市東本町１－１－２２", "緯度": 37.367941, "経度": 138.554163, "url": "https://www.iryou.teikyouseido.mhlw.go.jp/znk-web/juminkanja/S2430/initialize?prefCd=15&kikanCd=YAKZQ00035&kikanKbn=5", "url2": null, "内容": "アップル薬局柏崎店【5:薬局】新潟県柏崎市東本町１－１－２２" }, "geometry": { "type": "Point", "coordinates": [ 138.554163, 37.367941 ] } },
{ "type": "Feature", "properties": { "ID": "155YAKZQ00036", "正式名称": "クスリのアオキ穂波薬局", "機関区分": 5, "都道府県コード": 15, "市区町村コード": 205, "所在地": "新潟県柏崎市穂波町１３番３７号", "緯度": 37.359811, "経度": 138.560767, "url": "https://www.iryou.teikyouseido.mhlw.go.jp/znk-web/juminkanja/S2430/initialize?prefCd=15&kikanCd=YAKZQ00036&kikanKbn=5", "url2": "https://www.kusuri-aoki.co.jp/", "内容": "クスリのアオキ穂波薬局【5:薬局】新潟県柏崎市穂波町１３番３７号" }, "geometry": { "type": "Point", "coordinates": [ 138.560767, 37.359811 ] } },
{ "type": "Feature", "properties": { "ID": "155YAKZQ00037", "正式名称": "かりわ薬局", "機関区分": 5, "都道府県コード": 15, "市区町村コード": 504, "所在地": "新潟県刈羽郡刈羽村刈羽３９６６番地", "緯度": 37.413273, "経度": 138.607745, "url": "https://www.iryou.teikyouseido.mhlw.go.jp/znk-web/juminkanja/S2430/initialize?prefCd=15&kikanCd=YAKZQ00037&kikanKbn=5", "url2": "https://www.cure-ph.co.jp", "内容": "かりわ薬局【5:薬局】新潟県刈羽郡刈羽村刈羽３９６６番地" }, "geometry": { "type": "Point", "coordinates": [ 138.607745, 37.413273 ] } },
{ "type": "Feature", "properties": { "ID": "155YAKZQ00038", "正式名称": "柏崎扇町薬局", "機関区分": 5, "都道府県コード": 15, "市区町村コード": 205, "所在地": "新潟県柏崎市扇町２－７３", "緯度": 37.369086, "経度": 138.57007, "url": "https://www.iryou.teikyouseido.mhlw.go.jp/znk-web/juminkanja/S2430/initialize?prefCd=15&kikanCd=YAKZQ00038&kikanKbn=5", "url2": "https://www.phstr.co.jp/", "内容": "柏崎扇町薬局【5:薬局】新潟県柏崎市扇町２－７３" }, "geometry": { "type": "Point", "coordinates": [ 138.57007, 37.369086 ] } },
{ "type": "Feature", "properties": { "ID": "155YAMNQ00001", "正式名称": "合資会社仲源商店", "機関区分": 5, "都道府県コード": 15, "市区町村コード": 226, "所在地": "新潟県南魚沼市大崎１６５番地", "緯度": 37.132114, "経度": 138.946104, "url": "https://www.iryou.teikyouseido.mhlw.go.jp/znk-web/juminkanja/S2430/initialize?prefCd=15&kikanCd=YAMNQ00001&kikanKbn=5", "url2": null, "内容": "合資会社仲源商店【5:薬局】新潟県南魚沼市大崎１６５番地" }, "geometry": { "type": "Point", "coordinates": [ 138.946104, 37.132114 ] } },
{ "type": "Feature", "properties": { "ID": "155YAMNQ00003", "正式名称": "株式会社和光堂薬局", "機関区分": 5, "都道府県コード": 15, "市区町村コード": 226, "所在地": "新潟県南魚沼市塩沢１４３９－１", "緯度": 37.039839, "経度": 138.850295, "url": "https://www.iryou.teikyouseido.mhlw.go.jp/znk-web/juminkanja/S2430/initialize?prefCd=15&kikanCd=YAMNQ00003&kikanKbn=5", "url2": null, "内容": "株式会社和光堂薬局【5:薬局】新潟県南魚沼市塩沢１４３９－１" }, "geometry": { "type": "Point", "coordinates": [ 138.850295, 37.039839 ] } },
{ "type": "Feature", "properties": { "ID": "155YAMNQ00004", "正式名称": "合資会社　金生堂薬局", "機関区分": 5, "都道府県コード": 15, "市区町村コード": 461, "所在地": "新潟県南魚沼郡湯沢町湯沢３－３－１", "緯度": 36.937379, "経度": 138.811597, "url": "https://www.iryou.teikyouseido.mhlw.go.jp/znk-web/juminkanja/S2430/initialize?prefCd=15&kikanCd=YAMNQ00004&kikanKbn=5", "url2": "kusurinomadoguchi.com", "内容": "合資会社　金生堂薬局【5:薬局】新潟県南魚沼郡湯沢町湯沢３－３－１" }, "geometry": { "type": "Point", "coordinates": [ 138.811597, 36.937379 ] } },
{ "type": "Feature", "properties": { "ID": "155YAMNQ00005", "正式名称": "戸田薬局", "機関区分": 5, "都道府県コード": 15, "市区町村コード": 226, "所在地": "新潟県南魚沼市津久野７０９ー１３", "緯度": 37.077164, "経度": 138.90877, "url": "https://www.iryou.teikyouseido.mhlw.go.jp/znk-web/juminkanja/S2430/initialize?prefCd=15&kikanCd=YAMNQ00005&kikanKbn=5", "url2": null, "内容": "戸田薬局【5:薬局】新潟県南魚沼市津久野７０９ー１３" }, "geometry": { "type": "Point", "coordinates": [ 138.90877, 37.077164 ] } },
{ "type": "Feature", "properties": { "ID": "155YAMNQ00007", "正式名称": "ときのや薬局", "機関区分": 5, "都道府県コード": 15, "市区町村コード": 226, "所在地": "新潟県南魚沼市六日町８７番地１９", "緯度": 37.066126, "経度": 138.878176, "url": "https://www.iryou.teikyouseido.mhlw.go.jp/znk-web/juminkanja/S2430/initialize?prefCd=15&kikanCd=YAMNQ00007&kikanKbn=5", "url2": "http://tokinoya-kanpou.com/", "内容": "ときのや薬局【5:薬局】新潟県南魚沼市六日町８７番地１９" }, "geometry": { "type": "Point", "coordinates": [ 138.878176, 37.066126 ] } },
{ "type": "Feature", "properties": { "ID": "155YAMNQ00008", "正式名称": "中信薬局", "機関区分": 5, "都道府県コード": 15, "市区町村コード": 461, "所在地": "新潟県南魚沼郡湯沢町大字湯沢２８７２－１", "緯度": 36.938019, "経度": 138.813184, "url": "https://www.iryou.teikyouseido.mhlw.go.jp/znk-web/juminkanja/S2430/initialize?prefCd=15&kikanCd=YAMNQ00008&kikanKbn=5", "url2": null, "内容": "中信薬局【5:薬局】新潟県南魚沼郡湯沢町大字湯沢２８７２－１" }, "geometry": { "type": "Point", "coordinates": [ 138.813184, 36.938019 ] } },
{ "type": "Feature", "properties": { "ID": "155YAMNQ00009", "正式名称": "おおまち薬局　大和店", "機関区分": 5, "都道府県コード": 15, "市区町村コード": 226, "所在地": "新潟県南魚沼市浦佐４０６２－３", "緯度": 37.170197, "経度": 138.937295, "url": "https://www.iryou.teikyouseido.mhlw.go.jp/znk-web/juminkanja/S2430/initialize?prefCd=15&kikanCd=YAMNQ00009&kikanKbn=5", "url2": "http://www.oomati-4193.co.jp/", "内容": "おおまち薬局　大和店【5:薬局】新潟県南魚沼市浦佐４０６２－３" }, "geometry": { "type": "Point", "coordinates": [ 138.937295, 37.170197 ] } },
{ "type": "Feature", "properties": { "ID": "155YAMNQ00010", "正式名称": "エム・ケイ薬局　むいかまち店", "機関区分": 5, "都道府県コード": 15, "市区町村コード": 226, "所在地": "新潟県南魚沼市六日町２６３５－１", "緯度": 37.05714, "経度": 138.866195, "url": "https://www.iryou.teikyouseido.mhlw.go.jp/znk-web/juminkanja/S2430/initialize?prefCd=15&kikanCd=YAMNQ00010&kikanKbn=5", "url2": "https://www.mk-m.co.jp", "内容": "エム・ケイ薬局　むいかまち店【5:薬局】新潟県南魚沼市六日町２６３５－１" }, "geometry": { "type": "Point", "coordinates": [ 138.866195, 37.05714 ] } },
{ "type": "Feature", "properties": { "ID": "155YAMNQ00011", "正式名称": "ホシの薬局", "機関区分": 5, "都道府県コード": 15, "市区町村コード": 226, "所在地": "新潟県南魚沼市長崎４９１－３", "緯度": 37.023213, "経度": 138.873696, "url": "https://www.iryou.teikyouseido.mhlw.go.jp/znk-web/juminkanja/S2430/initialize?prefCd=15&kikanCd=YAMNQ00011&kikanKbn=5", "url2": null, "内容": "ホシの薬局【5:薬局】新潟県南魚沼市長崎４９１－３" }, "geometry": { "type": "Point", "coordinates": [ 138.873696, 37.023213 ] } },
{ "type": "Feature", "properties": { "ID": "155YAMNQ00012", "正式名称": "ＡＬＰＨＡＳ薬局　六日町店", "機関区分": 5, "都道府県コード": 15, "市区町村コード": 226, "所在地": "新潟県南魚沼市六日町１４０", "緯度": 37.066769, "経度": 138.876723, "url": "https://www.iryou.teikyouseido.mhlw.go.jp/znk-web/juminkanja/S2430/initialize?prefCd=15&kikanCd=YAMNQ00012&kikanKbn=5", "url2": "http://www.nmi-net.com", "内容": "ＡＬＰＨＡＳ薬局　六日町店【5:薬局】新潟県南魚沼市六日町１４０" }, "geometry": { "type": "Point", "coordinates": [ 138.876723, 37.066769 ] } },
{ "type": "Feature", "properties": { "ID": "155YAMNQ00013", "正式名称": "わかば薬局", "機関区分": 5, "都道府県コード": 15, "市区町村コード": 226, "所在地": "新潟県南魚沼市塩沢１０７４－８", "緯度": 37.042704, "経度": 138.853921, "url": "https://www.iryou.teikyouseido.mhlw.go.jp/znk-web/juminkanja/S2430/initialize?prefCd=15&kikanCd=YAMNQ00013&kikanKbn=5", "url2": null, "内容": "わかば薬局【5:薬局】新潟県南魚沼市塩沢１０７４－８" }, "geometry": { "type": "Point", "coordinates": [ 138.853921, 37.042704 ] } },
{ "type": "Feature", "properties": { "ID": "155YAMNQ00014", "正式名称": "アイン薬局六日町店", "機関区分": 5, "都道府県コード": 15, "市区町村コード": 226, "所在地": "新潟県南魚沼市六日町２６４６－５", "緯度": 37.056595, "経度": 138.866106, "url": "https://www.iryou.teikyouseido.mhlw.go.jp/znk-web/juminkanja/S2430/initialize?prefCd=15&kikanCd=YAMNQ00014&kikanKbn=5", "url2": "https://store.ainj.co.jp/detail/1100548/", "内容": "アイン薬局六日町店【5:薬局】新潟県南魚沼市六日町２６４６－５" }, "geometry": { "type": "Point", "coordinates": [ 138.866106, 37.056595 ] } },
{ "type": "Feature", "properties": { "ID": "155YAMNQ00015", "正式名称": "あるも薬局　六日町店", "機関区分": 5, "都道府県コード": 15, "市区町村コード": 226, "所在地": "新潟県南魚沼市六日町１８８２−１", "緯度": 37.062018, "経度": 138.877747, "url": "https://www.iryou.teikyouseido.mhlw.go.jp/znk-web/juminkanja/S2430/initialize?prefCd=15&kikanCd=YAMNQ00015&kikanKbn=5", "url2": "http://www.almo-ph.com/", "内容": "あるも薬局　六日町店【5:薬局】新潟県南魚沼市六日町１８８２−１" }, "geometry": { "type": "Point", "coordinates": [ 138.877747, 37.062018 ] } },
{ "type": "Feature", "properties": { "ID": "155YAMNQ00016", "正式名称": "ゆきあかり調剤薬局", "機関区分": 5, "都道府県コード": 15, "市区町村コード": 226, "所在地": "新潟県南魚沼市下一日市", "緯度": 37.0046, "経度": 138.81802, "url": "https://www.iryou.teikyouseido.mhlw.go.jp/znk-web/juminkanja/S2430/initialize?prefCd=15&kikanCd=YAMNQ00016&kikanKbn=5", "url2": "https://www.yukiakariyakkyoku.com/", "内容": "ゆきあかり調剤薬局【5:薬局】新潟県南魚沼市下一日市" }, "geometry": { "type": "Point", "coordinates": [ 138.81802, 37.0046 ] } },
{ "type": "Feature", "properties": { "ID": "155YAMNQ00017", "正式名称": "共創未来　六日町薬局", "機関区分": 5, "都道府県コード": 15, "市区町村コード": 226, "所在地": "新潟県南魚沼市六日町２６４８ー１", "緯度": 37.056561, "経度": 138.866444, "url": "https://www.iryou.teikyouseido.mhlw.go.jp/znk-web/juminkanja/S2430/initialize?prefCd=15&kikanCd=YAMNQ00017&kikanKbn=5", "url2": "https://www.phmirai.co.jp/shops/detail.php?id=269", "内容": "共創未来　六日町薬局【5:薬局】新潟県南魚沼市六日町２６４８ー１" }, "geometry": { "type": "Point", "coordinates": [ 138.866444, 37.056561 ] } },
{ "type": "Feature", "properties": { "ID": "155YAMNQ00018", "正式名称": "共創未来舞子薬局", "機関区分": 5, "都道府県コード": 15, "市区町村コード": 226, "所在地": "新潟県南魚沼市仙石１－１７", "緯度": 37.005873, "経度": 138.840983, "url": "https://www.iryou.teikyouseido.mhlw.go.jp/znk-web/juminkanja/S2430/initialize?prefCd=15&kikanCd=YAMNQ00018&kikanKbn=5", "url2": "https://www.phmirai.co.jp/", "内容": "共創未来舞子薬局【5:薬局】新潟県南魚沼市仙石１－１７" }, "geometry": { "type": "Point", "coordinates": [ 138.840983, 37.005873 ] } },
{ "type": "Feature", "properties": { "ID": "155YAMNQ00019", "正式名称": "共創未来　浦佐薬局", "機関区分": 5, "都道府県コード": 15, "市区町村コード": 226, "所在地": "新潟県南魚沼市浦佐４０４９―３", "緯度": 37.169179, "経度": 138.936845, "url": "https://www.iryou.teikyouseido.mhlw.go.jp/znk-web/juminkanja/S2430/initialize?prefCd=15&kikanCd=YAMNQ00019&kikanKbn=5", "url2": "https://www.phmirai.co.jp/shops/detail.php?id=382", "内容": "共創未来　浦佐薬局【5:薬局】新潟県南魚沼市浦佐４０４９―３" }, "geometry": { "type": "Point", "coordinates": [ 138.936845, 37.169179 ] } },
{ "type": "Feature", "properties": { "ID": "155YAMNQ00020", "正式名称": "ウエルシア薬局南魚沼浦佐店", "機関区分": 5, "都道府県コード": 15, "市区町村コード": 226, "所在地": "新潟県南魚沼市浦佐４００１", "緯度": 37.169717, "経度": 138.933689, "url": "https://www.iryou.teikyouseido.mhlw.go.jp/znk-web/juminkanja/S2430/initialize?prefCd=15&kikanCd=YAMNQ00020&kikanKbn=5", "url2": "https://store.welcia.co.jp/welcia/spot/detail?code=168D", "内容": "ウエルシア薬局南魚沼浦佐店【5:薬局】新潟県南魚沼市浦佐４００１" }, "geometry": { "type": "Point", "coordinates": [ 138.933689, 37.169717 ] } },
{ "type": "Feature", "properties": { "ID": "155YAMNQ00021", "正式名称": "ＡＬＰＨＡＳ薬局　美佐島店", "機関区分": 5, "都道府県コード": 15, "市区町村コード": 226, "所在地": "新潟県南魚沼市余川３３６１－３", "緯度": 37.078386, "経度": 138.883421, "url": "https://www.iryou.teikyouseido.mhlw.go.jp/znk-web/juminkanja/S2430/initialize?prefCd=15&kikanCd=YAMNQ00021&kikanKbn=5", "url2": "http://www.nmi-net.com", "内容": "ＡＬＰＨＡＳ薬局　美佐島店【5:薬局】新潟県南魚沼市余川３３６１－３" }, "geometry": { "type": "Point", "coordinates": [ 138.883421, 37.078386 ] } },
{ "type": "Feature", "properties": { "ID": "155YAMNQ00022", "正式名称": "なのはな調剤薬局", "機関区分": 5, "都道府県コード": 15, "市区町村コード": 226, "所在地": "新潟県南魚沼市浦佐４１３５番地４", "緯度": 37.17034, "経度": 138.936992, "url": "https://www.iryou.teikyouseido.mhlw.go.jp/znk-web/juminkanja/S2430/initialize?prefCd=15&kikanCd=YAMNQ00022&kikanKbn=5", "url2": "https://kyoueido.net/shop/3176/", "内容": "なのはな調剤薬局【5:薬局】新潟県南魚沼市浦佐４１３５番地４" }, "geometry": { "type": "Point", "coordinates": [ 138.936992, 37.17034 ] } },
{ "type": "Feature", "properties": { "ID": "155YAMNQ00024", "正式名称": "やまと調剤薬局", "機関区分": 5, "都道府県コード": 15, "市区町村コード": 226, "所在地": "新潟県南魚沼市浦佐５２７８番地２４", "緯度": 37.168573, "経度": 138.930165, "url": "https://www.iryou.teikyouseido.mhlw.go.jp/znk-web/juminkanja/S2430/initialize?prefCd=15&kikanCd=YAMNQ00024&kikanKbn=5", "url2": "https://kyoueido.net/shop/3179/", "内容": "やまと調剤薬局【5:薬局】新潟県南魚沼市浦佐５２７８番地２４" }, "geometry": { "type": "Point", "coordinates": [ 138.930165, 37.168573 ] } },
{ "type": "Feature", "properties": { "ID": "155YAMNQ00025", "正式名称": "六日町調剤薬局二日町店", "機関区分": 5, "都道府県コード": 15, "市区町村コード": 226, "所在地": "新潟県南魚沼市二日町２１２番地８", "緯度": 37.083892, "経度": 138.899104, "url": "https://www.iryou.teikyouseido.mhlw.go.jp/znk-web/juminkanja/S2430/initialize?prefCd=15&kikanCd=YAMNQ00025&kikanKbn=5", "url2": "https://kyoueido.net/shop/3185/", "内容": "六日町調剤薬局二日町店【5:薬局】新潟県南魚沼市二日町２１２番地８" }, "geometry": { "type": "Point", "coordinates": [ 138.899104, 37.083892 ] } },
{ "type": "Feature", "properties": { "ID": "155YAMNQ00026", "正式名称": "南魚沼センター薬局", "機関区分": 5, "都道府県コード": 15, "市区町村コード": 226, "所在地": "新潟県南魚沼市六日町２６３４－４", "緯度": 37.056976, "経度": 138.866178, "url": "https://www.iryou.teikyouseido.mhlw.go.jp/znk-web/juminkanja/S2430/initialize?prefCd=15&kikanCd=YAMNQ00026&kikanKbn=5", "url2": "http://www.pharmarise.co.jp", "内容": "南魚沼センター薬局【5:薬局】新潟県南魚沼市六日町２６３４－４" }, "geometry": { "type": "Point", "coordinates": [ 138.866178, 37.056976 ] } },
{ "type": "Feature", "properties": { "ID": "155YAMNQ00027", "正式名称": "トリム薬局　湯沢店", "機関区分": 5, "都道府県コード": 15, "市区町村コード": 461, "所在地": "新潟県南魚沼郡湯沢町神立２５－６", "緯度": 36.938348, "経度": 138.814103, "url": "https://www.iryou.teikyouseido.mhlw.go.jp/znk-web/juminkanja/S2430/initialize?prefCd=15&kikanCd=YAMNQ00027&kikanKbn=5", "url2": "https://www.pharmarise.com/", "内容": "トリム薬局　湯沢店【5:薬局】新潟県南魚沼郡湯沢町神立２５－６" }, "geometry": { "type": "Point", "coordinates": [ 138.814103, 36.938348 ] } },
{ "type": "Feature", "properties": { "ID": "155YAMNQ00028", "正式名称": "さりら薬局", "機関区分": 5, "都道府県コード": 15, "市区町村コード": 226, "所在地": "新潟県南魚沼市浦佐１５３４－４", "緯度": 37.169482, "経度": 138.924696, "url": "https://www.iryou.teikyouseido.mhlw.go.jp/znk-web/juminkanja/S2430/initialize?prefCd=15&kikanCd=YAMNQ00028&kikanKbn=5", "url2": null, "内容": "さりら薬局【5:薬局】新潟県南魚沼市浦佐１５３４－４" }, "geometry": { "type": "Point", "coordinates": [ 138.924696, 37.169482 ] } },
{ "type": "Feature", "properties": { "ID": "155YAMNQ00029", "正式名称": "ウエルシア薬局南魚沼六日町店", "機関区分": 5, "都道府県コード": 15, "市区町村コード": 226, "所在地": "新潟県南魚沼市川窪１００１－１", "緯度": 37.085527, "経度": 138.881038, "url": "https://www.iryou.teikyouseido.mhlw.go.jp/znk-web/juminkanja/S2430/initialize?prefCd=15&kikanCd=YAMNQ00029&kikanKbn=5", "url2": "https://store.welcia.co.jp/welcia/spot/detail?code=109D", "内容": "ウエルシア薬局南魚沼六日町店【5:薬局】新潟県南魚沼市川窪１００１－１" }, "geometry": { "type": "Point", "coordinates": [ 138.881038, 37.085527 ] } },
{ "type": "Feature", "properties": { "ID": "155YAMNQ00030", "正式名称": "共栄堂薬局南うおぬま店", "機関区分": 5, "都道府県コード": 15, "市区町村コード": 226, "所在地": "新潟県南魚沼市泉字大道下甲４０１番６", "緯度": 37.09779, "経度": 138.911285, "url": "https://www.iryou.teikyouseido.mhlw.go.jp/znk-web/juminkanja/S2430/initialize?prefCd=15&kikanCd=YAMNQ00030&kikanKbn=5", "url2": "https://kyoueido.net/shop/6295/", "内容": "共栄堂薬局南うおぬま店【5:薬局】新潟県南魚沼市泉字大道下甲４０１番６" }, "geometry": { "type": "Point", "coordinates": [ 138.911285, 37.09779 ] } },
{ "type": "Feature", "properties": { "ID": "155YAMRQ00001", "正式名称": "十字堂薬局", "機関区分": 5, "都道府県コード": 15, "市区町村コード": 212, "所在地": "新潟県村上市松原町１－１０ー１５", "緯度": 38.227143, "経度": 139.460081, "url": "https://www.iryou.teikyouseido.mhlw.go.jp/znk-web/juminkanja/S2430/initialize?prefCd=15&kikanCd=YAMRQ00001&kikanKbn=5", "url2": null, "内容": "十字堂薬局【5:薬局】新潟県村上市松原町１－１０ー１５" }, "geometry": { "type": "Point", "coordinates": [ 139.460081, 38.227143 ] } },
{ "type": "Feature", "properties": { "ID": "155YAMRQ00002", "正式名称": "かみはやし調剤薬局", "機関区分": 5, "都道府県コード": 15, "市区町村コード": 212, "所在地": "新潟県村上市北新保６８０－７", "緯度": 38.159752, "経度": 139.428118, "url": "https://www.iryou.teikyouseido.mhlw.go.jp/znk-web/juminkanja/S2430/initialize?prefCd=15&kikanCd=YAMRQ00002&kikanKbn=5", "url2": "https://kyoueido.net/shop/200/", "内容": "かみはやし調剤薬局【5:薬局】新潟県村上市北新保６８０－７" }, "geometry": { "type": "Point", "coordinates": [ 139.428118, 38.159752 ] } },
{ "type": "Feature", "properties": { "ID": "155YAMRQ00003", "正式名称": "ドラッグさとう", "機関区分": 5, "都道府県コード": 15, "市区町村コード": 212, "所在地": "新潟県村上市藤沢９１番地５アコス内", "緯度": 38.118941, "経度": 139.453784, "url": "https://www.iryou.teikyouseido.mhlw.go.jp/znk-web/juminkanja/S2430/initialize?prefCd=15&kikanCd=YAMRQ00003&kikanKbn=5", "url2": null, "内容": "ドラッグさとう【5:薬局】新潟県村上市藤沢９１番地５アコス内" }, "geometry": { "type": "Point", "coordinates": [ 139.453784, 38.118941 ] } },
{ "type": "Feature", "properties": { "ID": "155YAMRQ00005", "正式名称": "せきかわ調剤薬局", "機関区分": 5, "都道府県コード": 15, "市区町村コード": 581, "所在地": "新潟県岩船郡関川村大字下関８９６", "緯度": 38.090284, "経度": 139.563771, "url": "https://www.iryou.teikyouseido.mhlw.go.jp/znk-web/juminkanja/S2430/initialize?prefCd=15&kikanCd=YAMRQ00005&kikanKbn=5", "url2": null, "内容": "せきかわ調剤薬局【5:薬局】新潟県岩船郡関川村大字下関８９６" }, "geometry": { "type": "Point", "coordinates": [ 139.563771, 38.090284 ] } },
{ "type": "Feature", "properties": { "ID": "155YAMRQ00006", "正式名称": "まいづる調剤薬局", "機関区分": 5, "都道府県コード": 15, "市区町村コード": 212, "所在地": "新潟県村上市南町２丁目８番３１号", "緯度": 38.216944, "経度": 139.473761, "url": "https://www.iryou.teikyouseido.mhlw.go.jp/znk-web/juminkanja/S2430/initialize?prefCd=15&kikanCd=YAMRQ00006&kikanKbn=5", "url2": "http://kk-pharmacy.com", "内容": "まいづる調剤薬局【5:薬局】新潟県村上市南町２丁目８番３１号" }, "geometry": { "type": "Point", "coordinates": [ 139.473761, 38.216944 ] } },
{ "type": "Feature", "properties": { "ID": "155YAMRQ00007", "正式名称": "しんまち調剤薬局", "機関区分": 5, "都道府県コード": 15, "市区町村コード": 212, "所在地": "新潟県村上市新町９番８０号", "緯度": 38.223746, "経度": 139.490335, "url": "https://www.iryou.teikyouseido.mhlw.go.jp/znk-web/juminkanja/S2430/initialize?prefCd=15&kikanCd=YAMRQ00007&kikanKbn=5", "url2": "http://kk-pharmacy.com", "内容": "しんまち調剤薬局【5:薬局】新潟県村上市新町９番８０号" }, "geometry": { "type": "Point", "coordinates": [ 139.490335, 38.223746 ] } },
{ "type": "Feature", "properties": { "ID": "155YAMRQ00008", "正式名称": "しなの薬局坂町店", "機関区分": 5, "都道府県コード": 15, "市区町村コード": 212, "所在地": "新潟県村上市下鍜冶屋５９２－１", "緯度": 38.112171, "経度": 139.448437, "url": "https://www.iryou.teikyouseido.mhlw.go.jp/znk-web/juminkanja/S2430/initialize?prefCd=15&kikanCd=YAMRQ00008&kikanKbn=5", "url2": "https://www.shinano-pharmacy.com/", "内容": "しなの薬局坂町店【5:薬局】新潟県村上市下鍜冶屋５９２－１" }, "geometry": { "type": "Point", "coordinates": [ 139.448437, 38.112171 ] } },
{ "type": "Feature", "properties": { "ID": "155YAMRQ00009", "正式名称": "アイン薬局　坂町店", "機関区分": 5, "都道府県コード": 15, "市区町村コード": 212, "所在地": "新潟県村上市下鍜冶屋字長面５７９－１", "緯度": 38.112331, "経度": 139.447869, "url": "https://www.iryou.teikyouseido.mhlw.go.jp/znk-web/juminkanja/S2430/initialize?prefCd=15&kikanCd=YAMRQ00009&kikanKbn=5", "url2": "http://www.ainj.co.jp/", "内容": "アイン薬局　坂町店【5:薬局】新潟県村上市下鍜冶屋字長面５７９－１" }, "geometry": { "type": "Point", "coordinates": [ 139.447869, 38.112331 ] } },
{ "type": "Feature", "properties": { "ID": "155YAMRQ00010", "正式名称": "すがいやっきょく上海府店", "機関区分": 5, "都道府県コード": 15, "市区町村コード": 212, "所在地": "新潟県村上市吉浦２９９８－１９", "緯度": 38.315771, "経度": 139.449249, "url": "https://www.iryou.teikyouseido.mhlw.go.jp/znk-web/juminkanja/S2430/initialize?prefCd=15&kikanCd=YAMRQ00010&kikanKbn=5", "url2": null, "内容": "すがいやっきょく上海府店【5:薬局】新潟県村上市吉浦２９９８－１９" }, "geometry": { "type": "Point", "coordinates": [ 139.449249, 38.315771 ] } },
{ "type": "Feature", "properties": { "ID": "155YAMRQ00011", "正式名称": "大町キムラ薬局駅前店", "機関区分": 5, "都道府県コード": 15, "市区町村コード": 212, "所在地": "新潟県村上市田端町３―３８", "緯度": 38.220484, "経度": 139.468096, "url": "https://www.iryou.teikyouseido.mhlw.go.jp/znk-web/juminkanja/S2430/initialize?prefCd=15&kikanCd=YAMRQ00011&kikanKbn=5", "url2": "omachi-kimura-phamacy.com", "内容": "大町キムラ薬局駅前店【5:薬局】新潟県村上市田端町３―３８" }, "geometry": { "type": "Point", "coordinates": [ 139.468096, 38.220484 ] } },
{ "type": "Feature", "properties": { "ID": "155YAMRQ00012", "正式名称": "中安調剤薬局国道店", "機関区分": 5, "都道府県コード": 15, "市区町村コード": 212, "所在地": "新潟県村上市仲間町２２５－２", "緯度": 38.220469, "経度": 139.490843, "url": "https://www.iryou.teikyouseido.mhlw.go.jp/znk-web/juminkanja/S2430/initialize?prefCd=15&kikanCd=YAMRQ00012&kikanKbn=5", "url2": "https://www.nakayasu-ph.com/", "内容": "中安調剤薬局国道店【5:薬局】新潟県村上市仲間町２２５－２" }, "geometry": { "type": "Point", "coordinates": [ 139.490843, 38.220469 ] } },
{ "type": "Feature", "properties": { "ID": "155YAMRQ00013", "正式名称": "ラベンダー薬局", "機関区分": 5, "都道府県コード": 15, "市区町村コード": 212, "所在地": "新潟県村上市有明８４９－３", "緯度": 38.181419, "経度": 139.479136, "url": "https://www.iryou.teikyouseido.mhlw.go.jp/znk-web/juminkanja/S2430/initialize?prefCd=15&kikanCd=YAMRQ00013&kikanKbn=5", "url2": null, "内容": "ラベンダー薬局【5:薬局】新潟県村上市有明８４９－３" }, "geometry": { "type": "Point", "coordinates": [ 139.479136, 38.181419 ] } },
{ "type": "Feature", "properties": { "ID": "155YAMRQ00014", "正式名称": "ＡＬＰＨＡＳ薬局　坂町店", "機関区分": 5, "都道府県コード": 15, "市区町村コード": 212, "所在地": "新潟県村上市坂町３２６２－１４", "緯度": 38.114066, "経度": 139.444028, "url": "https://www.iryou.teikyouseido.mhlw.go.jp/znk-web/juminkanja/S2430/initialize?prefCd=15&kikanCd=YAMRQ00014&kikanKbn=5", "url2": "http://www.nmi-net.com", "内容": "ＡＬＰＨＡＳ薬局　坂町店【5:薬局】新潟県村上市坂町３２６２－１４" }, "geometry": { "type": "Point", "coordinates": [ 139.444028, 38.114066 ] } },
{ "type": "Feature", "properties": { "ID": "155YAMRQ00015", "正式名称": "くすのき調剤薬局", "機関区分": 5, "都道府県コード": 15, "市区町村コード": 212, "所在地": "新潟県村上市新町９番８８号", "緯度": 38.223994, "経度": 139.489386, "url": "https://www.iryou.teikyouseido.mhlw.go.jp/znk-web/juminkanja/S2430/initialize?prefCd=15&kikanCd=YAMRQ00015&kikanKbn=5", "url2": "http://kk-pharmacy.com", "内容": "くすのき調剤薬局【5:薬局】新潟県村上市新町９番８８号" }, "geometry": { "type": "Point", "coordinates": [ 139.489386, 38.223994 ] } },
{ "type": "Feature", "properties": { "ID": "155YAMRQ00016", "正式名称": "かんまち調剤薬局", "機関区分": 5, "都道府県コード": 15, "市区町村コード": 212, "所在地": "新潟県村上市岩船上町", "緯度": 38.192651, "経度": 139.437991, "url": "https://www.iryou.teikyouseido.mhlw.go.jp/znk-web/juminkanja/S2430/initialize?prefCd=15&kikanCd=YAMRQ00016&kikanKbn=5", "url2": "https://kyoueido.net/shop/202/", "内容": "かんまち調剤薬局【5:薬局】新潟県村上市岩船上町" }, "geometry": { "type": "Point", "coordinates": [ 139.437991, 38.192651 ] } },
{ "type": "Feature", "properties": { "ID": "155YAMRQ00017", "正式名称": "アイン薬局瀬波店", "機関区分": 5, "都道府県コード": 15, "市区町村コード": 212, "所在地": "新潟県村上市瀬波中町１２－２４", "緯度": 38.227216, "経度": 139.452068, "url": "https://www.iryou.teikyouseido.mhlw.go.jp/znk-web/juminkanja/S2430/initialize?prefCd=15&kikanCd=YAMRQ00017&kikanKbn=5", "url2": "https:www.ainj.co.jp", "内容": "アイン薬局瀬波店【5:薬局】新潟県村上市瀬波中町１２－２４" }, "geometry": { "type": "Point", "coordinates": [ 139.452068, 38.227216 ] } },
{ "type": "Feature", "properties": { "ID": "155YAMRQ00018", "正式名称": "アイン薬局村上新町店", "機関区分": 5, "都道府県コード": 15, "市区町村コード": 212, "所在地": "新潟県村上市新町６番５２号", "緯度": 38.224136, "経度": 139.488906, "url": "https://www.iryou.teikyouseido.mhlw.go.jp/znk-web/juminkanja/S2430/initialize?prefCd=15&kikanCd=YAMRQ00018&kikanKbn=5", "url2": "http://www.ainj.co.jp", "内容": "アイン薬局村上新町店【5:薬局】新潟県村上市新町６番５２号" }, "geometry": { "type": "Point", "coordinates": [ 139.488906, 38.224136 ] } },
{ "type": "Feature", "properties": { "ID": "155YAMRQ00019", "正式名称": "共創未来大場沢薬局", "機関区分": 5, "都道府県コード": 15, "市区町村コード": 212, "所在地": "新潟県村上市大場沢字三改新田３３７０番３", "緯度": 38.251108, "経度": 139.535243, "url": "https://www.iryou.teikyouseido.mhlw.go.jp/znk-web/juminkanja/S2430/initialize?prefCd=15&kikanCd=YAMRQ00019&kikanKbn=5", "url2": "http://www.phmirai.co.jp/", "内容": "共創未来大場沢薬局【5:薬局】新潟県村上市大場沢字三改新田３３７０番３" }, "geometry": { "type": "Point", "coordinates": [ 139.535243, 38.251108 ] } },
{ "type": "Feature", "properties": { "ID": "155YAMRQ00021", "正式名称": "むらかみ調剤薬局", "機関区分": 5, "都道府県コード": 15, "市区町村コード": 212, "所在地": "新潟県村上市新町６番３号", "緯度": 38.225335, "経度": 139.485708, "url": "https://www.iryou.teikyouseido.mhlw.go.jp/znk-web/juminkanja/S2430/initialize?prefCd=15&kikanCd=YAMRQ00021&kikanKbn=5", "url2": "http://kk-pharmacy.com", "内容": "むらかみ調剤薬局【5:薬局】新潟県村上市新町６番３号" }, "geometry": { "type": "Point", "coordinates": [ 139.485708, 38.225335 ] } },
{ "type": "Feature", "properties": { "ID": "155YAMRQ00022", "正式名称": "南町薬局", "機関区分": 5, "都道府県コード": 15, "市区町村コード": 212, "所在地": "新潟県村上市南町２－４－５０", "緯度": 38.216748, "経度": 139.471051, "url": "https://www.iryou.teikyouseido.mhlw.go.jp/znk-web/juminkanja/S2430/initialize?prefCd=15&kikanCd=YAMRQ00022&kikanKbn=5", "url2": null, "内容": "南町薬局【5:薬局】新潟県村上市南町２－４－５０" }, "geometry": { "type": "Point", "coordinates": [ 139.471051, 38.216748 ] } },
{ "type": "Feature", "properties": { "ID": "155YAMRQ00023", "正式名称": "調剤薬局ツルハドラッグ村上荒川店", "機関区分": 5, "都道府県コード": 15, "市区町村コード": 212, "所在地": "新潟県村上市下鍜冶屋６３９番", "緯度": 38.111932, "経度": 139.449427, "url": "https://www.iryou.teikyouseido.mhlw.go.jp/znk-web/juminkanja/S2430/initialize?prefCd=15&kikanCd=YAMRQ00023&kikanKbn=5", "url2": "https://shop.tsuruha-g.com/1566c", "内容": "調剤薬局ツルハドラッグ村上荒川店【5:薬局】新潟県村上市下鍜冶屋６３９番" }, "geometry": { "type": "Point", "coordinates": [ 139.449427, 38.111932 ] } },
{ "type": "Feature", "properties": { "ID": "155YAMRQ00024", "正式名称": "あさひ調剤薬局", "機関区分": 5, "都道府県コード": 15, "市区町村コード": 212, "所在地": "新潟県村上市猿沢２２８７", "緯度": 38.286254, "経度": 139.525783, "url": "https://www.iryou.teikyouseido.mhlw.go.jp/znk-web/juminkanja/S2430/initialize?prefCd=15&kikanCd=YAMRQ00024&kikanKbn=5", "url2": "https://www.yu-sugaiyakuhin293chozai.com/", "内容": "あさひ調剤薬局【5:薬局】新潟県村上市猿沢２２８７" }, "geometry": { "type": "Point", "coordinates": [ 139.525783, 38.286254 ] } },
{ "type": "Feature", "properties": { "ID": "155YAMRQ00025", "正式名称": "ココカラファイン薬局村上西店", "機関区分": 5, "都道府県コード": 15, "市区町村コード": 212, "所在地": "新潟県村上市緑町５丁目７番２６号", "緯度": 38.220035, "経度": 139.462115, "url": "https://www.iryou.teikyouseido.mhlw.go.jp/znk-web/juminkanja/S2430/initialize?prefCd=15&kikanCd=YAMRQ00025&kikanKbn=5", "url2": null, "内容": "ココカラファイン薬局村上西店【5:薬局】新潟県村上市緑町５丁目７番２６号" }, "geometry": { "type": "Point", "coordinates": [ 139.462115, 38.220035 ] } },
{ "type": "Feature", "properties": { "ID": "155YAMRQ00026", "正式名称": "共創未来　村上中央薬局", "機関区分": 5, "都道府県コード": 15, "市区町村コード": 212, "所在地": "新潟県村上市村上３４９７番地３", "緯度": 38.217513, "経度": 139.462176, "url": "https://www.iryou.teikyouseido.mhlw.go.jp/znk-web/juminkanja/S2430/initialize?prefCd=15&kikanCd=YAMRQ00026&kikanKbn=5", "url2": "http://www.phmirai.co.jp/", "内容": "共創未来　村上中央薬局【5:薬局】新潟県村上市村上３４９７番地３" }, "geometry": { "type": "Point", "coordinates": [ 139.462176, 38.217513 ] } },
{ "type": "Feature", "properties": { "ID": "155YAMRQ00027", "正式名称": "すがいやっきょく緑町店", "機関区分": 5, "都道府県コード": 15, "市区町村コード": 212, "所在地": "新潟県村上市緑町２－１－１２", "緯度": 38.220302, "経度": 139.458795, "url": "https://www.iryou.teikyouseido.mhlw.go.jp/znk-web/juminkanja/S2430/initialize?prefCd=15&kikanCd=YAMRQ00027&kikanKbn=5", "url2": "https://www.yu-sugaiyakuhin293chozai.com/home", "内容": "すがいやっきょく緑町店【5:薬局】新潟県村上市緑町２－１－１２" }, "geometry": { "type": "Point", "coordinates": [ 139.458795, 38.220302 ] } },
{ "type": "Feature", "properties": { "ID": "155YAMRQ00029", "正式名称": "中安調剤薬局", "機関区分": 5, "都道府県コード": 15, "市区町村コード": 212, "所在地": "新潟県村上市緑町５丁目５番３０号", "緯度": 38.218687, "経度": 139.460291, "url": "https://www.iryou.teikyouseido.mhlw.go.jp/znk-web/juminkanja/S2430/initialize?prefCd=15&kikanCd=YAMRQ00029&kikanKbn=5", "url2": "https://www.nakayasu-ph.com/", "内容": "中安調剤薬局【5:薬局】新潟県村上市緑町５丁目５番３０号" }, "geometry": { "type": "Point", "coordinates": [ 139.460291, 38.218687 ] } },
{ "type": "Feature", "properties": { "ID": "155YAMRQ00030", "正式名称": "アイン薬局村上店", "機関区分": 5, "都道府県コード": 15, "市区町村コード": 212, "所在地": "新潟県村上市緑町５丁目８－１－２", "緯度": 38.218733, "経度": 139.460627, "url": "https://www.iryou.teikyouseido.mhlw.go.jp/znk-web/juminkanja/S2430/initialize?prefCd=15&kikanCd=YAMRQ00030&kikanKbn=5", "url2": "https://www.ainj.co.jp/", "内容": "アイン薬局村上店【5:薬局】新潟県村上市緑町５丁目８－１－２" }, "geometry": { "type": "Point", "coordinates": [ 139.460627, 38.218733 ] } },
{ "type": "Feature", "properties": { "ID": "155YAMRQ00032", "正式名称": "エール薬局さんぽく店", "機関区分": 5, "都道府県コード": 15, "市区町村コード": 212, "所在地": "新潟県村上市勝木１３４０ー１", "緯度": 38.490321, "経度": 139.516478, "url": "https://www.iryou.teikyouseido.mhlw.go.jp/znk-web/juminkanja/S2430/initialize?prefCd=15&kikanCd=YAMRQ00032&kikanKbn=5", "url2": "https://www.yell-group.net/", "内容": "エール薬局さんぽく店【5:薬局】新潟県村上市勝木１３４０ー１" }, "geometry": { "type": "Point", "coordinates": [ 139.516478, 38.490321 ] } },
{ "type": "Feature", "properties": { "ID": "155YAMRQ00033", "正式名称": "有限会社　坂町薬局", "機関区分": 5, "都道府県コード": 15, "市区町村コード": 212, "所在地": "新潟県村上市藤沢７ー１６", "緯度": 38.118514, "経度": 139.44951, "url": "https://www.iryou.teikyouseido.mhlw.go.jp/znk-web/juminkanja/S2430/initialize?prefCd=15&kikanCd=YAMRQ00033&kikanKbn=5", "url2": "https://www.sakamachi-yakkyoku.com/", "内容": "有限会社　坂町薬局【5:薬局】新潟県村上市藤沢７ー１６" }, "geometry": { "type": "Point", "coordinates": [ 139.44951, 38.118514 ] } },
{ "type": "Feature", "properties": { "ID": "155YAMRQ00034", "正式名称": "共栄堂薬局むらかみ店", "機関区分": 5, "都道府県コード": 15, "市区町村コード": 212, "所在地": "新潟県村上市大町３番２６号２", "緯度": 38.224095, "経度": 139.478146, "url": "https://www.iryou.teikyouseido.mhlw.go.jp/znk-web/juminkanja/S2430/initialize?prefCd=15&kikanCd=YAMRQ00034&kikanKbn=5", "url2": "https://kyoueido.net/shop/4954/", "内容": "共栄堂薬局むらかみ店【5:薬局】新潟県村上市大町３番２６号２" }, "geometry": { "type": "Point", "coordinates": [ 139.478146, 38.224095 ] } },
{ "type": "Feature", "properties": { "ID": "155YAMRQ00035", "正式名称": "大町キムラ薬局いいの店", "機関区分": 5, "都道府県コード": 15, "市区町村コード": 212, "所在地": "新潟県村上市飯野３－１６－１１", "緯度": 38.218615, "経度": 139.46949, "url": "https://www.iryou.teikyouseido.mhlw.go.jp/znk-web/juminkanja/S2430/initialize?prefCd=15&kikanCd=YAMRQ00035&kikanKbn=5", "url2": "https://omachi-kimura-pharmacy.com/", "内容": "大町キムラ薬局いいの店【5:薬局】新潟県村上市飯野３－１６－１１" }, "geometry": { "type": "Point", "coordinates": [ 139.46949, 38.218615 ] } },
{ "type": "Feature", "properties": { "ID": "155YANCX00008", "正式名称": "アイン薬局　上木戸店", "機関区分": 5, "都道府県コード": 15, "市区町村コード": 102, "所在地": "新潟県新潟市東区上木戸５－３－７", "緯度": 37.920324, "経度": 139.103787, "url": "https://www.iryou.teikyouseido.mhlw.go.jp/znk-web/juminkanja/S2430/initialize?prefCd=15&kikanCd=YANCX00008&kikanKbn=5", "url2": "https://www.ainj.co.jp/", "内容": "アイン薬局　上木戸店【5:薬局】新潟県新潟市東区上木戸５－３－７" }, "geometry": { "type": "Point", "coordinates": [ 139.103787, 37.920324 ] } },
{ "type": "Feature", "properties": { "ID": "155YANCX00010", "正式名称": "だんくろう調剤薬局", "機関区分": 5, "都道府県コード": 15, "市区町村コード": 103, "所在地": "新潟県新潟市中央区関屋大川前１－１１－８", "緯度": 37.901735, "経度": 139.014204, "url": "https://www.iryou.teikyouseido.mhlw.go.jp/znk-web/juminkanja/S2430/initialize?prefCd=15&kikanCd=YANCX00010&kikanKbn=5", "url2": null, "内容": "だんくろう調剤薬局【5:薬局】新潟県新潟市中央区関屋大川前１－１１－８" }, "geometry": { "type": "Point", "coordinates": [ 139.014204, 37.901735 ] } },
{ "type": "Feature", "properties": { "ID": "155YANCX00011", "正式名称": "にいざき調剤薬局", "機関区分": 5, "都道府県コード": 15, "市区町村コード": 101, "所在地": "新潟県新潟市北区新崎", "緯度": 37.92519, "経度": 139.15564, "url": "https://www.iryou.teikyouseido.mhlw.go.jp/znk-web/juminkanja/S2430/initialize?prefCd=15&kikanCd=YANCX00011&kikanKbn=5", "url2": "https://kyoueido.net/shop/86/", "内容": "にいざき調剤薬局【5:薬局】新潟県新潟市北区新崎" }, "geometry": { "type": "Point", "coordinates": [ 139.15564, 37.92519 ] } },
{ "type": "Feature", "properties": { "ID": "155YANCX00017", "正式名称": "新光調剤薬局", "機関区分": 5, "都道府県コード": 15, "市区町村コード": 103, "所在地": "新潟県新潟市中央区新光町１－６", "緯度": 37.903992, "経度": 139.025885, "url": "https://www.iryou.teikyouseido.mhlw.go.jp/znk-web/juminkanja/S2430/initialize?prefCd=15&kikanCd=YANCX00017&kikanKbn=5", "url2": "https://kyoueido.net/shop/119/", "内容": "新光調剤薬局【5:薬局】新潟県新潟市中央区新光町１－６" }, "geometry": { "type": "Point", "coordinates": [ 139.025885, 37.903992 ] } },
{ "type": "Feature", "properties": { "ID": "155YANCX00026", "正式名称": "サワダ調剤薬局", "機関区分": 5, "都道府県コード": 15, "市区町村コード": 102, "所在地": "新潟県新潟市東区逢谷内１－２－３", "緯度": 37.917319, "経度": 139.116003, "url": "https://www.iryou.teikyouseido.mhlw.go.jp/znk-web/juminkanja/S2430/initialize?prefCd=15&kikanCd=YANCX00026&kikanKbn=5", "url2": null, "内容": "サワダ調剤薬局【5:薬局】新潟県新潟市東区逢谷内１－２－３" }, "geometry": { "type": "Point", "coordinates": [ 139.116003, 37.917319 ] } },
{ "type": "Feature", "properties": { "ID": "155YANCX00028", "正式名称": "大学みなみ薬局", "機関区分": 5, "都道府県コード": 15, "市区町村コード": 107, "所在地": "新潟県新潟市西区大学南１丁目７８０４－１０", "緯度": 37.867753, "経度": 138.947633, "url": "https://www.iryou.teikyouseido.mhlw.go.jp/znk-web/juminkanja/S2430/initialize?prefCd=15&kikanCd=YANCX00028&kikanKbn=5", "url2": null, "内容": "大学みなみ薬局【5:薬局】新潟県新潟市西区大学南１丁目７８０４－１０" }, "geometry": { "type": "Point", "coordinates": [ 138.947633, 37.867753 ] } },
{ "type": "Feature", "properties": { "ID": "155YANCX00029", "正式名称": "かがやき薬局", "機関区分": 5, "都道府県コード": 15, "市区町村コード": 107, "所在地": "新潟県新潟市西区坂井砂山４丁目１４－１０", "緯度": 37.868282, "経度": 138.95573, "url": "https://www.iryou.teikyouseido.mhlw.go.jp/znk-web/juminkanja/S2430/initialize?prefCd=15&kikanCd=YANCX00029&kikanKbn=5", "url2": "http://www.oomati-4193.co.jp", "内容": "かがやき薬局【5:薬局】新潟県新潟市西区坂井砂山４丁目１４－１０" }, "geometry": { "type": "Point", "coordinates": [ 138.95573, 37.868282 ] } },
{ "type": "Feature", "properties": { "ID": "155YANCX00031", "正式名称": "あさひが丘調剤薬局", "機関区分": 5, "都道府県コード": 15, "市区町村コード": 102, "所在地": "新潟県新潟市東区中野山６丁目１番１８号", "緯度": 37.899778, "経度": 139.104311, "url": "https://www.iryou.teikyouseido.mhlw.go.jp/znk-web/juminkanja/S2430/initialize?prefCd=15&kikanCd=YANCX00031&kikanKbn=5", "url2": null, "内容": "あさひが丘調剤薬局【5:薬局】新潟県新潟市東区中野山６丁目１番１８号" }, "geometry": { "type": "Point", "coordinates": [ 139.104311, 37.899778 ] } },
{ "type": "Feature", "properties": { "ID": "155YANCX00035", "正式名称": "はなみずき調剤薬局", "機関区分": 5, "都道府県コード": 15, "市区町村コード": 102, "所在地": "新潟県新潟市東区はなみずき１ー１４ー２", "緯度": 37.915108, "経度": 139.102225, "url": "https://www.iryou.teikyouseido.mhlw.go.jp/znk-web/juminkanja/S2430/initialize?prefCd=15&kikanCd=YANCX00035&kikanKbn=5", "url2": null, "内容": "はなみずき調剤薬局【5:薬局】新潟県新潟市東区はなみずき１ー１４ー２" }, "geometry": { "type": "Point", "coordinates": [ 139.102225, 37.915108 ] } },
{ "type": "Feature", "properties": { "ID": "155YANCX00036", "正式名称": "坂井調剤薬局", "機関区分": 5, "都道府県コード": 15, "市区町村コード": 107, "所在地": "新潟県新潟市西区坂井９５１番地", "緯度": 37.869818, "経度": 138.960555, "url": "https://www.iryou.teikyouseido.mhlw.go.jp/znk-web/juminkanja/S2430/initialize?prefCd=15&kikanCd=YANCX00036&kikanKbn=5", "url2": "https://www.sasakiku.co.jp/", "内容": "坂井調剤薬局【5:薬局】新潟県新潟市西区坂井９５１番地" }, "geometry": { "type": "Point", "coordinates": [ 138.960555, 37.869818 ] } },
{ "type": "Feature", "properties": { "ID": "155YANCX00050", "正式名称": "さかえ調剤薬局", "機関区分": 5, "都道府県コード": 15, "市区町村コード": 102, "所在地": "新潟県新潟市東区東中野山５ー１ー３５", "緯度": 37.90472, "経度": 139.113033, "url": "https://www.iryou.teikyouseido.mhlw.go.jp/znk-web/juminkanja/S2430/initialize?prefCd=15&kikanCd=YANCX00050&kikanKbn=5", "url2": "http://www.kyoueido.net", "内容": "さかえ調剤薬局【5:薬局】新潟県新潟市東区東中野山５ー１ー３５" }, "geometry": { "type": "Point", "coordinates": [ 139.113033, 37.90472 ] } },
{ "type": "Feature", "properties": { "ID": "155YANCX00052", "正式名称": "はづき調剤薬局", "機関区分": 5, "都道府県コード": 15, "市区町村コード": 107, "所在地": "新潟県新潟市西区浦山３ー３ー６", "緯度": 37.900024, "経度": 139.00243, "url": "https://www.iryou.teikyouseido.mhlw.go.jp/znk-web/juminkanja/S2430/initialize?prefCd=15&kikanCd=YANCX00052&kikanKbn=5", "url2": "https://www.azoth-hadukipharmacy.jp/home", "内容": "はづき調剤薬局【5:薬局】新潟県新潟市西区浦山３ー３ー６" }, "geometry": { "type": "Point", "coordinates": [ 139.00243, 37.900024 ] } },
{ "type": "Feature", "properties": { "ID": "155YANCX00058", "正式名称": "おおぞら調剤薬局", "機関区分": 5, "都道府県コード": 15, "市区町村コード": 102, "所在地": "新潟県新潟市東区太平二丁目二十二番地一", "緯度": 37.943453, "経度": 139.113931, "url": "https://www.iryou.teikyouseido.mhlw.go.jp/znk-web/juminkanja/S2430/initialize?prefCd=15&kikanCd=YANCX00058&kikanKbn=5", "url2": "www.oozoratyouzaiyakkyokuniigata.com/", "内容": "おおぞら調剤薬局【5:薬局】新潟県新潟市東区太平二丁目二十二番地一" }, "geometry": { "type": "Point", "coordinates": [ 139.113931, 37.943453 ] } },
{ "type": "Feature", "properties": { "ID": "155YANCX00060", "正式名称": "だるま薬局", "機関区分": 5, "都道府県コード": 15, "市区町村コード": 103, "所在地": "新潟県新潟市中央区姥ケ山４ー１－４", "緯度": 37.889411, "経度": 139.076737, "url": "https://www.iryou.teikyouseido.mhlw.go.jp/znk-web/juminkanja/S2430/initialize?prefCd=15&kikanCd=YANCX00060&kikanKbn=5", "url2": null, "内容": "だるま薬局【5:薬局】新潟県新潟市中央区姥ケ山４ー１－４" }, "geometry": { "type": "Point", "coordinates": [ 139.076737, 37.889411 ] } },
{ "type": "Feature", "properties": { "ID": "155YANCX00063", "正式名称": "一般財団法人　協和会薬局", "機関区分": 5, "都道府県コード": 15, "市区町村コード": 103, "所在地": "新潟県新潟市中央区医学町通２－７２－３", "緯度": 37.917658, "経度": 139.0378, "url": "https://www.iryou.teikyouseido.mhlw.go.jp/znk-web/juminkanja/S2430/initialize?prefCd=15&kikanCd=YANCX00063&kikanKbn=5", "url2": "https://www.kyowakai-niigata.jp/", "内容": "一般財団法人　協和会薬局【5:薬局】新潟県新潟市中央区医学町通２－７２－３" }, "geometry": { "type": "Point", "coordinates": [ 139.0378, 37.917658 ] } },
{ "type": "Feature", "properties": { "ID": "155YANCX00064", "正式名称": "紫竹おおぞら調剤薬局", "機関区分": 5, "都道府県コード": 15, "市区町村コード": 103, "所在地": "新潟県新潟市中央区紫竹１丁目１９番５号", "緯度": 37.909675, "経度": 139.077216, "url": "https://www.iryou.teikyouseido.mhlw.go.jp/znk-web/juminkanja/S2430/initialize?prefCd=15&kikanCd=YANCX00064&kikanKbn=5", "url2": "https://oozoratyouzai.wixsite.com/website", "内容": "紫竹おおぞら調剤薬局【5:薬局】新潟県新潟市中央区紫竹１丁目１９番５号" }, "geometry": { "type": "Point", "coordinates": [ 139.077216, 37.909675 ] } },
{ "type": "Feature", "properties": { "ID": "155YANCX00070", "正式名称": "沼垂調剤薬局", "機関区分": 5, "都道府県コード": 15, "市区町村コード": 103, "所在地": "新潟県新潟市中央区沼垂東２－１－１７", "緯度": 37.918964, "経度": 139.070068, "url": "https://www.iryou.teikyouseido.mhlw.go.jp/znk-web/juminkanja/S2430/initialize?prefCd=15&kikanCd=YANCX00070&kikanKbn=5", "url2": null, "内容": "沼垂調剤薬局【5:薬局】新潟県新潟市中央区沼垂東２－１－１７" }, "geometry": { "type": "Point", "coordinates": [ 139.070068, 37.918964 ] } },
{ "type": "Feature", "properties": { "ID": "155YANCX00093", "正式名称": "クスリのたかはし薬局", "機関区分": 5, "都道府県コード": 15, "市区町村コード": 102, "所在地": "新潟県新潟市東区中山７－２８－７", "緯度": 37.91494, "経度": 139.084028, "url": "https://www.iryou.teikyouseido.mhlw.go.jp/znk-web/juminkanja/S2430/initialize?prefCd=15&kikanCd=YANCX00093&kikanKbn=5", "url2": null, "内容": "クスリのたかはし薬局【5:薬局】新潟県新潟市東区中山７－２８－７" }, "geometry": { "type": "Point", "coordinates": [ 139.084028, 37.91494 ] } },
{ "type": "Feature", "properties": { "ID": "155YANCX00116", "正式名称": "晃調剤薬局", "機関区分": 5, "都道府県コード": 15, "市区町村コード": 102, "所在地": "新潟県新潟市東区中木戸２８５ー５", "緯度": 37.926363, "経度": 139.098645, "url": "https://www.iryou.teikyouseido.mhlw.go.jp/znk-web/juminkanja/S2430/initialize?prefCd=15&kikanCd=YANCX00116&kikanKbn=5", "url2": null, "内容": "晃調剤薬局【5:薬局】新潟県新潟市東区中木戸２８５ー５" }, "geometry": { "type": "Point", "coordinates": [ 139.098645, 37.926363 ] } },
{ "type": "Feature", "properties": { "ID": "155YANCX00125", "正式名称": "景山薬局", "機関区分": 5, "都道府県コード": 15, "市区町村コード": 107, "所在地": "新潟県新潟市西区内野町１００８ー１", "緯度": 37.857293, "経度": 138.939255, "url": "https://www.iryou.teikyouseido.mhlw.go.jp/znk-web/juminkanja/S2430/initialize?prefCd=15&kikanCd=YANCX00125&kikanKbn=5", "url2": null, "内容": "景山薬局【5:薬局】新潟県新潟市西区内野町１００８ー１" }, "geometry": { "type": "Point", "coordinates": [ 138.939255, 37.857293 ] } },
{ "type": "Feature", "properties": { "ID": "155YANCX00130", "正式名称": "有限会社誠和調剤薬局", "機関区分": 5, "都道府県コード": 15, "市区町村コード": 107, "所在地": "新潟県新潟市西区青山５丁目１０番２１号", "緯度": 37.899305, "経度": 138.996607, "url": "https://www.iryou.teikyouseido.mhlw.go.jp/znk-web/juminkanja/S2430/initialize?prefCd=15&kikanCd=YANCX00130&kikanKbn=5", "url2": null, "内容": "有限会社誠和調剤薬局【5:薬局】新潟県新潟市西区青山５丁目１０番２１号" }, "geometry": { "type": "Point", "coordinates": [ 138.996607, 37.899305 ] } },
{ "type": "Feature", "properties": { "ID": "155YANCX00135", "正式名称": "有限会社県庁前調剤薬局", "機関区分": 5, "都道府県コード": 15, "市区町村コード": 103, "所在地": "新潟県新潟市中央区出来島１－６－１", "緯度": 37.900524, "経度": 139.023651, "url": "https://www.iryou.teikyouseido.mhlw.go.jp/znk-web/juminkanja/S2430/initialize?prefCd=15&kikanCd=YANCX00135&kikanKbn=5", "url2": "https://www.honcho-pharmacy.co.jp/", "内容": "有限会社県庁前調剤薬局【5:薬局】新潟県新潟市中央区出来島１－６－１" }, "geometry": { "type": "Point", "coordinates": [ 139.023651, 37.900524 ] } },
{ "type": "Feature", "properties": { "ID": "155YANCX00137", "正式名称": "かんどうじ調剤薬局", "機関区分": 5, "都道府県コード": 15, "市区町村コード": 103, "所在地": "新潟県新潟市中央区神道寺１丁目５－４６", "緯度": 37.899239, "経度": 139.057188, "url": "https://www.iryou.teikyouseido.mhlw.go.jp/znk-web/juminkanja/S2430/initialize?prefCd=15&kikanCd=YANCX00137&kikanKbn=5", "url2": null, "内容": "かんどうじ調剤薬局【5:薬局】新潟県新潟市中央区神道寺１丁目５－４６" }, "geometry": { "type": "Point", "coordinates": [ 139.057188, 37.899239 ] } },
{ "type": "Feature", "properties": { "ID": "155YANCX00139", "正式名称": "よつば薬局　上大川前店", "機関区分": 5, "都道府県コード": 15, "市区町村コード": 103, "所在地": "新潟県新潟市中央区上大川前通５番町６３－１", "緯度": 37.918681, "経度": 139.047158, "url": "https://www.iryou.teikyouseido.mhlw.go.jp/znk-web/juminkanja/S2430/initialize?prefCd=15&kikanCd=YANCX00139&kikanKbn=5", "url2": "http://www.yotsuba-p.com/", "内容": "よつば薬局　上大川前店【5:薬局】新潟県新潟市中央区上大川前通５番町６３－１" }, "geometry": { "type": "Point", "coordinates": [ 139.047158, 37.918681 ] } },
{ "type": "Feature", "properties": { "ID": "155YANCX00143", "正式名称": "寺尾前調剤薬局", "機関区分": 5, "都道府県コード": 15, "市区町村コード": 107, "所在地": "新潟県新潟市西区寺尾前通３－２－１９", "緯度": 37.879093, "経度": 138.982139, "url": "https://www.iryou.teikyouseido.mhlw.go.jp/znk-web/juminkanja/S2430/initialize?prefCd=15&kikanCd=YANCX00143&kikanKbn=5", "url2": "https://kyoueido.net/shop/181/", "内容": "寺尾前調剤薬局【5:薬局】新潟県新潟市西区寺尾前通３－２－１９" }, "geometry": { "type": "Point", "coordinates": [ 138.982139, 37.879093 ] } },
{ "type": "Feature", "properties": { "ID": "155YANCX00144", "正式名称": "ＡＬＰＨＡＳ薬局　五十嵐東店", "機関区分": 5, "都道府県コード": 15, "市区町村コード": 107, "所在地": "新潟県新潟市西区五十嵐東１－１０－５", "緯度": 37.872781, "経度": 138.957352, "url": "https://www.iryou.teikyouseido.mhlw.go.jp/znk-web/juminkanja/S2430/initialize?prefCd=15&kikanCd=YANCX00144&kikanKbn=5", "url2": "http://www.nmi-net.com", "内容": "ＡＬＰＨＡＳ薬局　五十嵐東店【5:薬局】新潟県新潟市西区五十嵐東１－１０－５" }, "geometry": { "type": "Point", "coordinates": [ 138.957352, 37.872781 ] } },
{ "type": "Feature", "properties": { "ID": "155YANCX00147", "正式名称": "クスミ薬局", "機関区分": 5, "都道府県コード": 15, "市区町村コード": 102, "所在地": "新潟県新潟市東区古川町", "緯度": 37.938313, "経度": 139.07376, "url": "https://www.iryou.teikyouseido.mhlw.go.jp/znk-web/juminkanja/S2430/initialize?prefCd=15&kikanCd=YANCX00147&kikanKbn=5", "url2": "https://daiwaseibutsu.co.jp/lp/sasahealth/store/kusumi.php", "内容": "クスミ薬局【5:薬局】新潟県新潟市東区古川町" }, "geometry": { "type": "Point", "coordinates": [ 139.07376, 37.938313 ] } },
{ "type": "Feature", "properties": { "ID": "155YANCX00155", "正式名称": "セイケン調剤薬局　赤塚店", "機関区分": 5, "都道府県コード": 15, "市区町村コード": 107, "所在地": "新潟県新潟市西区山崎１１３８", "緯度": 37.824466, "経度": 138.883587, "url": "https://www.iryou.teikyouseido.mhlw.go.jp/znk-web/juminkanja/S2430/initialize?prefCd=15&kikanCd=YANCX00155&kikanKbn=5", "url2": null, "内容": "セイケン調剤薬局　赤塚店【5:薬局】新潟県新潟市西区山崎１１３８" }, "geometry": { "type": "Point", "coordinates": [ 138.883587, 37.824466 ] } },
{ "type": "Feature", "properties": { "ID": "155YANCX00156", "正式名称": "ありあけ調剤薬局", "機関区分": 5, "都道府県コード": 15, "市区町村コード": 107, "所在地": "新潟県新潟市西区真砂１－１３－１７", "緯度": 37.892064, "経度": 138.984893, "url": "https://www.iryou.teikyouseido.mhlw.go.jp/znk-web/juminkanja/S2430/initialize?prefCd=15&kikanCd=YANCX00156&kikanKbn=5", "url2": "https://kyoueido.net/shop/166/", "内容": "ありあけ調剤薬局【5:薬局】新潟県新潟市西区真砂１－１３－１７" }, "geometry": { "type": "Point", "coordinates": [ 138.984893, 37.892064 ] } },
{ "type": "Feature", "properties": { "ID": "155YANCX00173", "正式名称": "みなみ調剤薬局　小新西店", "機関区分": 5, "都道府県コード": 15, "市区町村コード": 107, "所在地": "新潟県新潟市西区小新西３－１４－９", "緯度": 37.873242, "経度": 138.992214, "url": "https://www.iryou.teikyouseido.mhlw.go.jp/znk-web/juminkanja/S2430/initialize?prefCd=15&kikanCd=YANCX00173&kikanKbn=5", "url2": "https://minami-pharmacy.net/company/", "内容": "みなみ調剤薬局　小新西店【5:薬局】新潟県新潟市西区小新西３－１４－９" }, "geometry": { "type": "Point", "coordinates": [ 138.992214, 37.873242 ] } },
{ "type": "Feature", "properties": { "ID": "155YANCX00177", "正式名称": "有限会社　マギヤ薬局", "機関区分": 5, "都道府県コード": 15, "市区町村コード": 103, "所在地": "新潟県新潟市中央区本町通８番町１３１１番地", "緯度": 37.923777, "経度": 139.047735, "url": "https://www.iryou.teikyouseido.mhlw.go.jp/znk-web/juminkanja/S2430/initialize?prefCd=15&kikanCd=YANCX00177&kikanKbn=5", "url2": "https://magiya.jp", "内容": "有限会社　マギヤ薬局【5:薬局】新潟県新潟市中央区本町通８番町１３１１番地" }, "geometry": { "type": "Point", "coordinates": [ 139.047735, 37.923777 ] } },
{ "type": "Feature", "properties": { "ID": "155YANCX00178", "正式名称": "ＡＬＰＨＡＳ薬局　米山店", "機関区分": 5, "都道府県コード": 15, "市区町村コード": 103, "所在地": "新潟県新潟市中央区米山５丁目９－１０", "緯度": 37.904461, "経度": 139.056542, "url": "https://www.iryou.teikyouseido.mhlw.go.jp/znk-web/juminkanja/S2430/initialize?prefCd=15&kikanCd=YANCX00178&kikanKbn=5", "url2": "http://www.nmi-net.com", "内容": "ＡＬＰＨＡＳ薬局　米山店【5:薬局】新潟県新潟市中央区米山５丁目９－１０" }, "geometry": { "type": "Point", "coordinates": [ 139.056542, 37.904461 ] } },
{ "type": "Feature", "properties": { "ID": "155YANCX00187", "正式名称": "ケンユウ学校町薬局", "機関区分": 5, "都道府県コード": 15, "市区町村コード": 103, "所在地": "新潟県新潟市中央区学校町通２番町５９５番地２１", "緯度": 37.9176, "経度": 139.033628, "url": "https://www.iryou.teikyouseido.mhlw.go.jp/znk-web/juminkanja/S2430/initialize?prefCd=15&kikanCd=YANCX00187&kikanKbn=5", "url2": "https://www.kennyuu.co.jp/", "内容": "ケンユウ学校町薬局【5:薬局】新潟県新潟市中央区学校町通２番町５９５番地２１" }, "geometry": { "type": "Point", "coordinates": [ 139.033628, 37.9176 ] } },
{ "type": "Feature", "properties": { "ID": "155YANCX00191", "正式名称": "ホーム調剤薬局", "機関区分": 5, "都道府県コード": 15, "市区町村コード": 103, "所在地": "新潟県新潟市中央区川岸町２丁目１３－１", "緯度": 37.910065, "経度": 139.030104, "url": "https://www.iryou.teikyouseido.mhlw.go.jp/znk-web/juminkanja/S2430/initialize?prefCd=15&kikanCd=YANCX00191&kikanKbn=5", "url2": "http://kyoueido.net/shop/123/", "内容": "ホーム調剤薬局【5:薬局】新潟県新潟市中央区川岸町２丁目１３－１" }, "geometry": { "type": "Point", "coordinates": [ 139.030104, 37.910065 ] } },
{ "type": "Feature", "properties": { "ID": "155YANCX00193", "正式名称": "おおがた調剤薬局", "機関区分": 5, "都道府県コード": 15, "市区町村コード": 102, "所在地": "新潟県新潟市東区逢谷内４－２－１８", "緯度": 37.923432, "経度": 139.11597, "url": "https://www.iryou.teikyouseido.mhlw.go.jp/znk-web/juminkanja/S2430/initialize?prefCd=15&kikanCd=YANCX00193&kikanKbn=5", "url2": "https://kyoueido.net/shop/92/", "内容": "おおがた調剤薬局【5:薬局】新潟県新潟市東区逢谷内４－２－１８" }, "geometry": { "type": "Point", "coordinates": [ 139.11597, 37.923432 ] } },
{ "type": "Feature", "properties": { "ID": "155YANCX00197", "正式名称": "前田薬局", "機関区分": 5, "都道府県コード": 15, "市区町村コード": 107, "所在地": "新潟県新潟市西区坂井東２－２－３７", "緯度": 37.877156, "経度": 138.981721, "url": "https://www.iryou.teikyouseido.mhlw.go.jp/znk-web/juminkanja/S2430/initialize?prefCd=15&kikanCd=YANCX00197&kikanKbn=5", "url2": "https://www.m-yakkyoku-group.com/", "内容": "前田薬局【5:薬局】新潟県新潟市西区坂井東２－２－３７" }, "geometry": { "type": "Point", "coordinates": [ 138.981721, 37.877156 ] } },
{ "type": "Feature", "properties": { "ID": "155YANCX00200", "正式名称": "たけのこ調剤薬局", "機関区分": 5, "都道府県コード": 15, "市区町村コード": 102, "所在地": "新潟県新潟市東区竹尾", "緯度": 37.913883, "経度": 139.097, "url": "https://www.iryou.teikyouseido.mhlw.go.jp/znk-web/juminkanja/S2430/initialize?prefCd=15&kikanCd=YANCX00200&kikanKbn=5", "url2": null, "内容": "たけのこ調剤薬局【5:薬局】新潟県新潟市東区竹尾" }, "geometry": { "type": "Point", "coordinates": [ 139.097, 37.913883 ] } },
{ "type": "Feature", "properties": { "ID": "155YANCX00207", "正式名称": "アイン薬局　ときめき店", "機関区分": 5, "都道府県コード": 15, "市区町村コード": 107, "所在地": "新潟県新潟市西区ときめき西４－１３－２", "緯度": 37.882896, "経度": 139.011145, "url": "https://www.iryou.teikyouseido.mhlw.go.jp/znk-web/juminkanja/S2430/initialize?prefCd=15&kikanCd=YANCX00207&kikanKbn=5", "url2": "http://www.ainj.co.jp/", "内容": "アイン薬局　ときめき店【5:薬局】新潟県新潟市西区ときめき西４－１３－２" }, "geometry": { "type": "Point", "coordinates": [ 139.011145, 37.882896 ] } },
{ "type": "Feature", "properties": { "ID": "155YANCX00211", "正式名称": "フロンティア薬局　五十嵐店", "機関区分": 5, "都道府県コード": 15, "市区町村コード": 107, "所在地": "新潟県新潟市西区五十嵐三の町東２２－３２", "緯度": 37.86241, "経度": 138.927218, "url": "https://www.iryou.teikyouseido.mhlw.go.jp/znk-web/juminkanja/S2430/initialize?prefCd=15&kikanCd=YANCX00211&kikanKbn=5", "url2": null, "内容": "フロンティア薬局　五十嵐店【5:薬局】新潟県新潟市西区五十嵐三の町東２２－３２" }, "geometry": { "type": "Point", "coordinates": [ 138.927218, 37.86241 ] } },
{ "type": "Feature", "properties": { "ID": "155YANCX00212", "正式名称": "つかもと調剤薬局", "機関区分": 5, "都道府県コード": 15, "市区町村コード": 103, "所在地": "新潟県新潟市中央区女池６－５－３６", "緯度": 37.892539, "経度": 139.041941, "url": "https://www.iryou.teikyouseido.mhlw.go.jp/znk-web/juminkanja/S2430/initialize?prefCd=15&kikanCd=YANCX00212&kikanKbn=5", "url2": null, "内容": "つかもと調剤薬局【5:薬局】新潟県新潟市中央区女池６－５－３６" }, "geometry": { "type": "Point", "coordinates": [ 139.041941, 37.892539 ] } },
{ "type": "Feature", "properties": { "ID": "155YANCX00213", "正式名称": "日本調剤　空港西薬局", "機関区分": 5, "都道府県コード": 15, "市区町村コード": 102, "所在地": "新潟県新潟市東区空港西２－２０－２４", "緯度": 37.948178, "経度": 139.099595, "url": "https://www.iryou.teikyouseido.mhlw.go.jp/znk-web/juminkanja/S2430/initialize?prefCd=15&kikanCd=YANCX00213&kikanKbn=5", "url2": "https://www.nicho.co.jp/tenpo/?area=&keyword=%E7%A9%BA%E6%B8%AF%E8%A5%BF", "内容": "日本調剤　空港西薬局【5:薬局】新潟県新潟市東区空港西２－２０－２４" }, "geometry": { "type": "Point", "coordinates": [ 139.099595, 37.948178 ] } },
{ "type": "Feature", "properties": { "ID": "155YANCX00214", "正式名称": "ハーブ調剤薬局", "機関区分": 5, "都道府県コード": 15, "市区町村コード": 102, "所在地": "新潟県新潟市東区逢谷内３丁目１番２８号", "緯度": 37.920812, "経度": 139.118218, "url": "https://www.iryou.teikyouseido.mhlw.go.jp/znk-web/juminkanja/S2430/initialize?prefCd=15&kikanCd=YANCX00214&kikanKbn=5", "url2": "htt://www.kyoueidou.net", "内容": "ハーブ調剤薬局【5:薬局】新潟県新潟市東区逢谷内３丁目１番２８号" }, "geometry": { "type": "Point", "coordinates": [ 139.118218, 37.920812 ] } },
{ "type": "Feature", "properties": { "ID": "155YANCX00215", "正式名称": "ゆうらく調剤薬局", "機関区分": 5, "都道府県コード": 15, "市区町村コード": 102, "所在地": "新潟県新潟市東区有楽１丁目８－３", "緯度": 37.939472, "経度": 139.105619, "url": "https://www.iryou.teikyouseido.mhlw.go.jp/znk-web/juminkanja/S2430/initialize?prefCd=15&kikanCd=YANCX00215&kikanKbn=5", "url2": null, "内容": "ゆうらく調剤薬局【5:薬局】新潟県新潟市東区有楽１丁目８－３" }, "geometry": { "type": "Point", "coordinates": [ 139.105619, 37.939472 ] } },
{ "type": "Feature", "properties": { "ID": "155YANCX00217", "正式名称": "やすらぎ薬局", "機関区分": 5, "都道府県コード": 15, "市区町村コード": 102, "所在地": "新潟県新潟市東区空港西２－２０－２０", "緯度": 37.948577, "経度": 139.099521, "url": "https://www.iryou.teikyouseido.mhlw.go.jp/znk-web/juminkanja/S2430/initialize?prefCd=15&kikanCd=YANCX00217&kikanKbn=5", "url2": null, "内容": "やすらぎ薬局【5:薬局】新潟県新潟市東区空港西２－２０－２０" }, "geometry": { "type": "Point", "coordinates": [ 139.099521, 37.948577 ] } },
{ "type": "Feature", "properties": { "ID": "155YANCX00218", "正式名称": "ハート調剤薬局", "機関区分": 5, "都道府県コード": 15, "市区町村コード": 102, "所在地": "新潟県新潟市東区中島２丁目１番４７号", "緯度": 37.90855, "経度": 139.108592, "url": "https://www.iryou.teikyouseido.mhlw.go.jp/znk-web/juminkanja/S2430/initialize?prefCd=15&kikanCd=YANCX00218&kikanKbn=5", "url2": null, "内容": "ハート調剤薬局【5:薬局】新潟県新潟市東区中島２丁目１番４７号" }, "geometry": { "type": "Point", "coordinates": [ 139.108592, 37.90855 ] } },
{ "type": "Feature", "properties": { "ID": "155YANCX00224", "正式名称": "はづき調剤薬局　けやき通店", "機関区分": 5, "都道府県コード": 15, "市区町村コード": 103, "所在地": "新潟県新潟市中央区米山１丁目１０番１５号", "緯度": 37.908889, "経度": 139.060181, "url": "https://www.iryou.teikyouseido.mhlw.go.jp/znk-web/juminkanja/S2430/initialize?prefCd=15&kikanCd=YANCX00224&kikanKbn=5", "url2": null, "内容": "はづき調剤薬局　けやき通店【5:薬局】新潟県新潟市中央区米山１丁目１０番１５号" }, "geometry": { "type": "Point", "coordinates": [ 139.060181, 37.908889 ] } },
{ "type": "Feature", "properties": { "ID": "155YANCX00226", "正式名称": "ウエルシア薬局　南笹口店", "機関区分": 5, "都道府県コード": 15, "市区町村コード": 103, "所在地": "新潟県新潟市中央区南笹口２丁目３番地５５", "緯度": 37.907807, "経度": 139.07023, "url": "https://www.iryou.teikyouseido.mhlw.go.jp/znk-web/juminkanja/S2430/initialize?prefCd=15&kikanCd=YANCX00226&kikanKbn=5", "url2": "https://store.welcia.co.jp/welcia/spot/detail?code=43D", "内容": "ウエルシア薬局　南笹口店【5:薬局】新潟県新潟市中央区南笹口２丁目３番地５５" }, "geometry": { "type": "Point", "coordinates": [ 139.07023, 37.907807 ] } },
{ "type": "Feature", "properties": { "ID": "155YANCX00230", "正式名称": "明石通調剤薬局", "機関区分": 5, "都道府県コード": 15, "市区町村コード": 103, "所在地": "新潟県新潟市中央区蒲原町２－２４", "緯度": 37.918093, "経度": 139.06798, "url": "https://www.iryou.teikyouseido.mhlw.go.jp/znk-web/juminkanja/S2430/initialize?prefCd=15&kikanCd=YANCX00230&kikanKbn=5", "url2": "https://www.honcho-pharmacy.co.jp/", "内容": "明石通調剤薬局【5:薬局】新潟県新潟市中央区蒲原町２－２４" }, "geometry": { "type": "Point", "coordinates": [ 139.06798, 37.918093 ] } },
{ "type": "Feature", "properties": { "ID": "155YANCX00233", "正式名称": "山二ツ調剤薬局", "機関区分": 5, "都道府県コード": 15, "市区町村コード": 103, "所在地": "新潟県新潟市中央区山二ツ４－１９－２８", "緯度": 37.891961, "経度": 139.089408, "url": "https://www.iryou.teikyouseido.mhlw.go.jp/znk-web/juminkanja/S2430/initialize?prefCd=15&kikanCd=YANCX00233&kikanKbn=5", "url2": null, "内容": "山二ツ調剤薬局【5:薬局】新潟県新潟市中央区山二ツ４－１９－２８" }, "geometry": { "type": "Point", "coordinates": [ 139.089408, 37.891961 ] } },
{ "type": "Feature", "properties": { "ID": "155YANCX00234", "正式名称": "まつぞの調剤薬局", "機関区分": 5, "都道府県コード": 15, "市区町村コード": 102, "所在地": "新潟県新潟市東区松園１丁目１－２１", "緯度": 37.937861, "経度": 139.101949, "url": "https://www.iryou.teikyouseido.mhlw.go.jp/znk-web/juminkanja/S2430/initialize?prefCd=15&kikanCd=YANCX00234&kikanKbn=5", "url2": null, "内容": "まつぞの調剤薬局【5:薬局】新潟県新潟市東区松園１丁目１－２１" }, "geometry": { "type": "Point", "coordinates": [ 139.101949, 37.937861 ] } },
{ "type": "Feature", "properties": { "ID": "155YANCX00235", "正式名称": "せきしん調剤薬局", "機関区分": 5, "都道府県コード": 15, "市区町村コード": 103, "所在地": "新潟県新潟市中央区関新１－８－２３", "緯度": 37.909278, "経度": 139.020367, "url": "https://www.iryou.teikyouseido.mhlw.go.jp/znk-web/juminkanja/S2430/initialize?prefCd=15&kikanCd=YANCX00235&kikanKbn=5", "url2": "https://kyoueido.net/shop/125/", "内容": "せきしん調剤薬局【5:薬局】新潟県新潟市中央区関新１－８－２３" }, "geometry": { "type": "Point", "coordinates": [ 139.020367, 37.909278 ] } },
{ "type": "Feature", "properties": { "ID": "155YANCX00241", "正式名称": "平和堂薬局", "機関区分": 5, "都道府県コード": 15, "市区町村コード": 107, "所在地": "新潟県新潟市西区五十嵐中島５－１－２８", "緯度": 37.847097, "経度": 138.917139, "url": "https://www.iryou.teikyouseido.mhlw.go.jp/znk-web/juminkanja/S2430/initialize?prefCd=15&kikanCd=YANCX00241&kikanKbn=5", "url2": null, "内容": "平和堂薬局【5:薬局】新潟県新潟市西区五十嵐中島５－１－２８" }, "geometry": { "type": "Point", "coordinates": [ 138.917139, 37.847097 ] } },
{ "type": "Feature", "properties": { "ID": "155YANCX00242", "正式名称": "有限会社誠和調剤薬局　万代店", "機関区分": 5, "都道府県コード": 15, "市区町村コード": 103, "所在地": "新潟県新潟市中央区万代１丁目２－１４　シルバー流通ビル１Ｆ", "緯度": 37.915326, "経度": 139.056727, "url": "https://www.iryou.teikyouseido.mhlw.go.jp/znk-web/juminkanja/S2430/initialize?prefCd=15&kikanCd=YANCX00242&kikanKbn=5", "url2": null, "内容": "有限会社誠和調剤薬局　万代店【5:薬局】新潟県新潟市中央区万代１丁目２－１４　シルバー流通ビル１Ｆ" }, "geometry": { "type": "Point", "coordinates": [ 139.056727, 37.915326 ] } },
{ "type": "Feature", "properties": { "ID": "155YANCX00244", "正式名称": "できじま調剤薬局", "機関区分": 5, "都道府県コード": 15, "市区町村コード": 103, "所在地": "新潟県新潟市中央区上近江４－１２－２０　ＤＥＫＫＹ４０１　１Ｆ", "緯度": 37.898983, "経度": 139.028672, "url": "https://www.iryou.teikyouseido.mhlw.go.jp/znk-web/juminkanja/S2430/initialize?prefCd=15&kikanCd=YANCX00244&kikanKbn=5", "url2": "https://e-classa.net/dekijimatyouzai/information.html", "内容": "できじま調剤薬局【5:薬局】新潟県新潟市中央区上近江４－１２－２０　ＤＥＫＫＹ４０１　１Ｆ" }, "geometry": { "type": "Point", "coordinates": [ 139.028672, 37.898983 ] } },
{ "type": "Feature", "properties": { "ID": "155YANCX00246", "正式名称": "坂井東調剤薬局", "機関区分": 5, "都道府県コード": 15, "市区町村コード": 107, "所在地": "新潟県新潟市西区坂井東６－２９－３２", "緯度": 37.870843, "経度": 138.968619, "url": "https://www.iryou.teikyouseido.mhlw.go.jp/znk-web/juminkanja/S2430/initialize?prefCd=15&kikanCd=YANCX00246&kikanKbn=5", "url2": null, "内容": "坂井東調剤薬局【5:薬局】新潟県新潟市西区坂井東６－２９－３２" }, "geometry": { "type": "Point", "coordinates": [ 138.968619, 37.870843 ] } },
{ "type": "Feature", "properties": { "ID": "155YANCX00254", "正式名称": "みどり薬局", "機関区分": 5, "都道府県コード": 15, "市区町村コード": 101, "所在地": "新潟県新潟市北区松浜東町１－３－６", "緯度": 37.95221, "経度": 139.148803, "url": "https://www.iryou.teikyouseido.mhlw.go.jp/znk-web/juminkanja/S2430/initialize?prefCd=15&kikanCd=YANCX00254&kikanKbn=5", "url2": null, "内容": "みどり薬局【5:薬局】新潟県新潟市北区松浜東町１－３－６" }, "geometry": { "type": "Point", "coordinates": [ 139.148803, 37.95221 ] } },
{ "type": "Feature", "properties": { "ID": "155YANCX00257", "正式名称": "ＡＬＰＨＡＳ薬局　女池店", "機関区分": 5, "都道府県コード": 15, "市区町村コード": 103, "所在地": "新潟県新潟市中央区女池４丁目１９番９号", "緯度": 37.895365, "経度": 139.037603, "url": "https://www.iryou.teikyouseido.mhlw.go.jp/znk-web/juminkanja/S2430/initialize?prefCd=15&kikanCd=YANCX00257&kikanKbn=5", "url2": "http://www.nmi-net.com", "内容": "ＡＬＰＨＡＳ薬局　女池店【5:薬局】新潟県新潟市中央区女池４丁目１９番９号" }, "geometry": { "type": "Point", "coordinates": [ 139.037603, 37.895365 ] } },
{ "type": "Feature", "properties": { "ID": "155YANCX00266", "正式名称": "フロンティア薬局　西新潟店", "機関区分": 5, "都道府県コード": 15, "市区町村コード": 107, "所在地": "新潟県新潟市西区松海が丘２丁目２５番２９号", "緯度": 37.887557, "経度": 138.97239, "url": "https://www.iryou.teikyouseido.mhlw.go.jp/znk-web/juminkanja/S2430/initialize?prefCd=15&kikanCd=YANCX00266&kikanKbn=5", "url2": "https://www.frontier-ph.com/", "内容": "フロンティア薬局　西新潟店【5:薬局】新潟県新潟市西区松海が丘２丁目２５番２９号" }, "geometry": { "type": "Point", "coordinates": [ 138.97239, 37.887557 ] } },
{ "type": "Feature", "properties": { "ID": "155YANCX00269", "正式名称": "オリーブ調剤薬局", "機関区分": 5, "都道府県コード": 15, "市区町村コード": 103, "所在地": "新潟県新潟市中央区姥ケ山５－４－１５オリーブ調剤薬局", "緯度": 37.889517, "経度": 139.076294, "url": "https://www.iryou.teikyouseido.mhlw.go.jp/znk-web/juminkanja/S2430/initialize?prefCd=15&kikanCd=YANCX00269&kikanKbn=5", "url2": null, "内容": "オリーブ調剤薬局【5:薬局】新潟県新潟市中央区姥ケ山５－４－１５オリーブ調剤薬局" }, "geometry": { "type": "Point", "coordinates": [ 139.076294, 37.889517 ] } },
{ "type": "Feature", "properties": { "ID": "155YANCX00275", "正式名称": "ウエルシア薬局　新潟小新店", "機関区分": 5, "都道府県コード": 15, "市区町村コード": 107, "所在地": "新潟県新潟市西区小新４－１０６－１", "緯度": 37.881947, "経度": 139.004703, "url": "https://www.iryou.teikyouseido.mhlw.go.jp/znk-web/juminkanja/S2430/initialize?prefCd=15&kikanCd=YANCX00275&kikanKbn=5", "url2": "https://www.welcia-yakkyoku.co.jp/", "内容": "ウエルシア薬局　新潟小新店【5:薬局】新潟県新潟市西区小新４－１０６－１" }, "geometry": { "type": "Point", "coordinates": [ 139.004703, 37.881947 ] } },
{ "type": "Feature", "properties": { "ID": "155YANCX00276", "正式名称": "やまだ薬局", "機関区分": 5, "都道府県コード": 15, "市区町村コード": 107, "所在地": "新潟県新潟市西区山田３９３", "緯度": 37.869949, "経度": 139.016024, "url": "https://www.iryou.teikyouseido.mhlw.go.jp/znk-web/juminkanja/S2430/initialize?prefCd=15&kikanCd=YANCX00276&kikanKbn=5", "url2": null, "内容": "やまだ薬局【5:薬局】新潟県新潟市西区山田３９３" }, "geometry": { "type": "Point", "coordinates": [ 139.016024, 37.869949 ] } },
{ "type": "Feature", "properties": { "ID": "155YANCX00277", "正式名称": "スワン調剤薬局", "機関区分": 5, "都道府県コード": 15, "市区町村コード": 103, "所在地": "新潟県新潟市中央区長潟８３４－３", "緯度": 37.885505, "経度": 139.071113, "url": "https://www.iryou.teikyouseido.mhlw.go.jp/znk-web/juminkanja/S2430/initialize?prefCd=15&kikanCd=YANCX00277&kikanKbn=5", "url2": "http://www.kyoueido.net", "内容": "スワン調剤薬局【5:薬局】新潟県新潟市中央区長潟８３４－３" }, "geometry": { "type": "Point", "coordinates": [ 139.071113, 37.885505 ] } },
{ "type": "Feature", "properties": { "ID": "155YANCX00278", "正式名称": "西山薬局", "機関区分": 5, "都道府県コード": 15, "市区町村コード": 103, "所在地": "新潟県新潟市中央区本町通４－２２１", "緯度": 37.917802, "経度": 139.045665, "url": "https://www.iryou.teikyouseido.mhlw.go.jp/znk-web/juminkanja/S2430/initialize?prefCd=15&kikanCd=YANCX00278&kikanKbn=5", "url2": "https://www.kanpou-nishiyama.com/", "内容": "西山薬局【5:薬局】新潟県新潟市中央区本町通４－２２１" }, "geometry": { "type": "Point", "coordinates": [ 139.045665, 37.917802 ] } },
{ "type": "Feature", "properties": { "ID": "155YANCX00284", "正式名称": "松海が丘薬局", "機関区分": 5, "都道府県コード": 15, "市区町村コード": 107, "所在地": "新潟県新潟市西区松海が丘１丁目１３－２２", "緯度": 37.887205, "経度": 138.974526, "url": "https://www.iryou.teikyouseido.mhlw.go.jp/znk-web/juminkanja/S2430/initialize?prefCd=15&kikanCd=YANCX00284&kikanKbn=5", "url2": "https://www.kennyuu.co.jp/", "内容": "松海が丘薬局【5:薬局】新潟県新潟市西区松海が丘１丁目１３－２２" }, "geometry": { "type": "Point", "coordinates": [ 138.974526, 37.887205 ] } },
{ "type": "Feature", "properties": { "ID": "155YANCX00285", "正式名称": "しなの薬局　西小針店", "機関区分": 5, "都道府県コード": 15, "市区町村コード": 107, "所在地": "新潟県新潟市西区西小針台２－１－３５", "緯度": 37.885522, "経度": 138.981753, "url": "https://www.iryou.teikyouseido.mhlw.go.jp/znk-web/juminkanja/S2430/initialize?prefCd=15&kikanCd=YANCX00285&kikanKbn=5", "url2": "https://www.shinano-pharmacy.com/", "内容": "しなの薬局　西小針店【5:薬局】新潟県新潟市西区西小針台２－１－３５" }, "geometry": { "type": "Point", "coordinates": [ 138.981753, 37.885522 ] } },
{ "type": "Feature", "properties": { "ID": "155YANCX00288", "正式名称": "株式会社　新潟富士薬品", "機関区分": 5, "都道府県コード": 15, "市区町村コード": 103, "所在地": "新潟県新潟市中央区東堀前通３－３７５", "緯度": 37.916967, "経度": 139.043196, "url": "https://www.iryou.teikyouseido.mhlw.go.jp/znk-web/juminkanja/S2430/initialize?prefCd=15&kikanCd=YANCX00288&kikanKbn=5", "url2": null, "内容": "株式会社　新潟富士薬品【5:薬局】新潟県新潟市中央区東堀前通３－３７５" }, "geometry": { "type": "Point", "coordinates": [ 139.043196, 37.916967 ] } },
{ "type": "Feature", "properties": { "ID": "155YANCX00290", "正式名称": "洗心薬局", "機関区分": 5, "都道府県コード": 15, "市区町村コード": 107, "所在地": "新潟県新潟市西区大野町２８２１－１", "緯度": 37.849079, "経度": 139.016069, "url": "https://www.iryou.teikyouseido.mhlw.go.jp/znk-web/juminkanja/S2430/initialize?prefCd=15&kikanCd=YANCX00290&kikanKbn=5", "url2": null, "内容": "洗心薬局【5:薬局】新潟県新潟市西区大野町２８２１－１" }, "geometry": { "type": "Point", "coordinates": [ 139.016069, 37.849079 ] } },
{ "type": "Feature", "properties": { "ID": "155YANCX00292", "正式名称": "とやの調剤薬局", "機関区分": 5, "都道府県コード": 15, "市区町村コード": 103, "所在地": "新潟県新潟市中央区鳥屋野１―２７―１４", "緯度": 37.888372, "経度": 139.023317, "url": "https://www.iryou.teikyouseido.mhlw.go.jp/znk-web/juminkanja/S2430/initialize?prefCd=15&kikanCd=YANCX00292&kikanKbn=5", "url2": null, "内容": "とやの調剤薬局【5:薬局】新潟県新潟市中央区鳥屋野１―２７―１４" }, "geometry": { "type": "Point", "coordinates": [ 139.023317, 37.888372 ] } },
{ "type": "Feature", "properties": { "ID": "155YANCX00293", "正式名称": "奥村薬局", "機関区分": 5, "都道府県コード": 15, "市区町村コード": 105, "所在地": "新潟県新潟市秋葉区新津本町２丁目２番１２号", "緯度": 37.798193, "経度": 139.124486, "url": "https://www.iryou.teikyouseido.mhlw.go.jp/znk-web/juminkanja/S2430/initialize?prefCd=15&kikanCd=YANCX00293&kikanKbn=5", "url2": "https://okumura-pharmacy.jimdo.com", "内容": "奥村薬局【5:薬局】新潟県新潟市秋葉区新津本町２丁目２番１２号" }, "geometry": { "type": "Point", "coordinates": [ 139.124486, 37.798193 ] } },
{ "type": "Feature", "properties": { "ID": "155YANCX00297", "正式名称": "有限会社誠和調剤薬局　亀田店", "機関区分": 5, "都道府県コード": 15, "市区町村コード": 104, "所在地": "新潟県新潟市江南区亀田緑町３丁目１番３０号", "緯度": 37.872901, "経度": 139.099078, "url": "https://www.iryou.teikyouseido.mhlw.go.jp/znk-web/juminkanja/S2430/initialize?prefCd=15&kikanCd=YANCX00297&kikanKbn=5", "url2": null, "内容": "有限会社誠和調剤薬局　亀田店【5:薬局】新潟県新潟市江南区亀田緑町３丁目１番３０号" }, "geometry": { "type": "Point", "coordinates": [ 139.099078, 37.872901 ] } },
{ "type": "Feature", "properties": { "ID": "155YANCX00302", "正式名称": "おおじま調剤薬局", "機関区分": 5, "都道府県コード": 15, "市区町村コード": 103, "所在地": "新潟県新潟市中央区大島１７２－６５", "緯度": 37.882561, "経度": 139.027613, "url": "https://www.iryou.teikyouseido.mhlw.go.jp/znk-web/juminkanja/S2430/initialize?prefCd=15&kikanCd=YANCX00302&kikanKbn=5", "url2": "https://kyoueido.net/shop/140/", "内容": "おおじま調剤薬局【5:薬局】新潟県新潟市中央区大島１７２－６５" }, "geometry": { "type": "Point", "coordinates": [ 139.027613, 37.882561 ] } },
{ "type": "Feature", "properties": { "ID": "155YANCX00303", "正式名称": "にしむら薬局　浦山店", "機関区分": 5, "都道府県コード": 15, "市区町村コード": 107, "所在地": "新潟県新潟市西区浦山１－３－３０青山ハイツ１Ｆ", "緯度": 37.900127, "経度": 139.004416, "url": "https://www.iryou.teikyouseido.mhlw.go.jp/znk-web/juminkanja/S2430/initialize?prefCd=15&kikanCd=YANCX00303&kikanKbn=5", "url2": null, "内容": "にしむら薬局　浦山店【5:薬局】新潟県新潟市西区浦山１－３－３０青山ハイツ１Ｆ" }, "geometry": { "type": "Point", "coordinates": [ 139.004416, 37.900127 ] } },
{ "type": "Feature", "properties": { "ID": "155YANCX00306", "正式名称": "めぐみ薬局", "機関区分": 5, "都道府県コード": 15, "市区町村コード": 105, "所在地": "新潟県新潟市秋葉区横川浜５４６－４", "緯度": 37.752141, "経度": 139.073456, "url": "https://www.iryou.teikyouseido.mhlw.go.jp/znk-web/juminkanja/S2430/initialize?prefCd=15&kikanCd=YANCX00306&kikanKbn=5", "url2": null, "内容": "めぐみ薬局【5:薬局】新潟県新潟市秋葉区横川浜５４６－４" }, "geometry": { "type": "Point", "coordinates": [ 139.073456, 37.752141 ] } },
{ "type": "Feature", "properties": { "ID": "155YANCX00307", "正式名称": "なぎさ調剤薬局", "機関区分": 5, "都道府県コード": 15, "市区町村コード": 103, "所在地": "新潟県新潟市中央区出来島１－５－５３", "緯度": 37.901396, "経度": 139.024477, "url": "https://www.iryou.teikyouseido.mhlw.go.jp/znk-web/juminkanja/S2430/initialize?prefCd=15&kikanCd=YANCX00307&kikanKbn=5", "url2": "https://msupport-aid.com", "内容": "なぎさ調剤薬局【5:薬局】新潟県新潟市中央区出来島１－５－５３" }, "geometry": { "type": "Point", "coordinates": [ 139.024477, 37.901396 ] } },
{ "type": "Feature", "properties": { "ID": "155YANCX00311", "正式名称": "株式会社陽堂薬局", "機関区分": 5, "都道府県コード": 15, "市区町村コード": 105, "所在地": "新潟県新潟市秋葉区新町１丁目１２番１５号", "緯度": 37.798825, "経度": 139.13075, "url": "https://www.iryou.teikyouseido.mhlw.go.jp/znk-web/juminkanja/S2430/initialize?prefCd=15&kikanCd=YANCX00311&kikanKbn=5", "url2": null, "内容": "株式会社陽堂薬局【5:薬局】新潟県新潟市秋葉区新町１丁目１２番１５号" }, "geometry": { "type": "Point", "coordinates": [ 139.13075, 37.798825 ] } },
{ "type": "Feature", "properties": { "ID": "155YANCX00312", "正式名称": "株式会社　春日薬局", "機関区分": 5, "都道府県コード": 15, "市区町村コード": 105, "所在地": "新潟県新潟市秋葉区新津本町３丁目９番１０号", "緯度": 37.796467, "経度": 139.122525, "url": "https://www.iryou.teikyouseido.mhlw.go.jp/znk-web/juminkanja/S2430/initialize?prefCd=15&kikanCd=YANCX00312&kikanKbn=5", "url2": null, "内容": "株式会社　春日薬局【5:薬局】新潟県新潟市秋葉区新津本町３丁目９番１０号" }, "geometry": { "type": "Point", "coordinates": [ 139.122525, 37.796467 ] } },
{ "type": "Feature", "properties": { "ID": "155YANCX00332", "正式名称": "ツルマキ薬局", "機関区分": 5, "都道府県コード": 15, "市区町村コード": 108, "所在地": "新潟県新潟市西蒲区曽根２２８－１", "緯度": 37.794342, "経度": 138.917425, "url": "https://www.iryou.teikyouseido.mhlw.go.jp/znk-web/juminkanja/S2430/initialize?prefCd=15&kikanCd=YANCX00332&kikanKbn=5", "url2": null, "内容": "ツルマキ薬局【5:薬局】新潟県新潟市西蒲区曽根２２８－１" }, "geometry": { "type": "Point", "coordinates": [ 138.917425, 37.794342 ] } },
{ "type": "Feature", "properties": { "ID": "155YANCX00336", "正式名称": "出戸調剤薬局", "機関区分": 5, "都道府県コード": 15, "市区町村コード": 105, "所在地": "新潟県新潟市秋葉区出戸１６４", "緯度": 37.786322, "経度": 139.071094, "url": "https://www.iryou.teikyouseido.mhlw.go.jp/znk-web/juminkanja/S2430/initialize?prefCd=15&kikanCd=YANCX00336&kikanKbn=5", "url2": "https://deto.kunisaki.link/", "内容": "出戸調剤薬局【5:薬局】新潟県新潟市秋葉区出戸１６４" }, "geometry": { "type": "Point", "coordinates": [ 139.071094, 37.786322 ] } },
{ "type": "Feature", "properties": { "ID": "155YANCX00337", "正式名称": "エース調剤薬局", "機関区分": 5, "都道府県コード": 15, "市区町村コード": 105, "所在地": "新潟県新潟市秋葉区あおば通１丁目７番１２号", "緯度": 37.832542, "経度": 139.101937, "url": "https://www.iryou.teikyouseido.mhlw.go.jp/znk-web/juminkanja/S2430/initialize?prefCd=15&kikanCd=YANCX00337&kikanKbn=5", "url2": "https://www.ace-pharmacy.com/", "内容": "エース調剤薬局【5:薬局】新潟県新潟市秋葉区あおば通１丁目７番１２号" }, "geometry": { "type": "Point", "coordinates": [ 139.101937, 37.832542 ] } },
{ "type": "Feature", "properties": { "ID": "155YANCX00338", "正式名称": "全快堂薬局", "機関区分": 5, "都道府県コード": 15, "市区町村コード": 106, "所在地": "新潟県新潟市南区能登１丁目１２番７号", "緯度": 37.768973, "経度": 139.013478, "url": "https://www.iryou.teikyouseido.mhlw.go.jp/znk-web/juminkanja/S2430/initialize?prefCd=15&kikanCd=YANCX00338&kikanKbn=5", "url2": null, "内容": "全快堂薬局【5:薬局】新潟県新潟市南区能登１丁目１２番７号" }, "geometry": { "type": "Point", "coordinates": [ 139.013478, 37.768973 ] } },
{ "type": "Feature", "properties": { "ID": "155YANCX00341", "正式名称": "布川薬局", "機関区分": 5, "都道府県コード": 15, "市区町村コード": 106, "所在地": "新潟県新潟市南区庄瀬１１１２－４", "緯度": 37.721325, "経度": 139.039716, "url": "https://www.iryou.teikyouseido.mhlw.go.jp/znk-web/juminkanja/S2430/initialize?prefCd=15&kikanCd=YANCX00341&kikanKbn=5", "url2": "ﾅｼ", "内容": "布川薬局【5:薬局】新潟県新潟市南区庄瀬１１１２－４" }, "geometry": { "type": "Point", "coordinates": [ 139.039716, 37.721325 ] } },
{ "type": "Feature", "properties": { "ID": "155YANCX00342", "正式名称": "本町調剤薬局　巻店", "機関区分": 5, "都道府県コード": 15, "市区町村コード": 108, "所在地": "新潟県新潟市西蒲区巻字新道甲３２７６ー５", "緯度": 37.763661, "経度": 138.89276, "url": "https://www.iryou.teikyouseido.mhlw.go.jp/znk-web/juminkanja/S2430/initialize?prefCd=15&kikanCd=YANCX00342&kikanKbn=5", "url2": "https://www.honcho-pharmacy.co.jp/", "内容": "本町調剤薬局　巻店【5:薬局】新潟県新潟市西蒲区巻字新道甲３２７６ー５" }, "geometry": { "type": "Point", "coordinates": [ 138.89276, 37.763661 ] } },
{ "type": "Feature", "properties": { "ID": "155YANCX00343", "正式名称": "株式会社本町調剤薬局　黒埼店", "機関区分": 5, "都道府県コード": 15, "市区町村コード": 107, "所在地": "新潟県新潟市西区鳥原６４３‐７", "緯度": 37.852677, "経度": 139.01553, "url": "https://www.iryou.teikyouseido.mhlw.go.jp/znk-web/juminkanja/S2430/initialize?prefCd=15&kikanCd=YANCX00343&kikanKbn=5", "url2": "http://www.honcho-pharmacy.co.jp/", "内容": "株式会社本町調剤薬局　黒埼店【5:薬局】新潟県新潟市西区鳥原６４３‐７" }, "geometry": { "type": "Point", "coordinates": [ 139.01553, 37.852677 ] } },
{ "type": "Feature", "properties": { "ID": "155YANCX00351", "正式名称": "白根ひかり調剤薬局", "機関区分": 5, "都道府県コード": 15, "市区町村コード": 106, "所在地": "新潟県新潟市南区親和町１０番２３号", "緯度": 37.766271, "経度": 139.020554, "url": "https://www.iryou.teikyouseido.mhlw.go.jp/znk-web/juminkanja/S2430/initialize?prefCd=15&kikanCd=YANCX00351&kikanKbn=5", "url2": null, "内容": "白根ひかり調剤薬局【5:薬局】新潟県新潟市南区親和町１０番２３号" }, "geometry": { "type": "Point", "coordinates": [ 139.020554, 37.766271 ] } },
{ "type": "Feature", "properties": { "ID": "155YANCX00353", "正式名称": "ライフ薬局", "機関区分": 5, "都道府県コード": 15, "市区町村コード": 107, "所在地": "新潟県新潟市西区新通南３－１－２６", "緯度": 37.858681, "経度": 138.957875, "url": "https://www.iryou.teikyouseido.mhlw.go.jp/znk-web/juminkanja/S2430/initialize?prefCd=15&kikanCd=YANCX00353&kikanKbn=5", "url2": "https://kyoueido.net/shop/168/", "内容": "ライフ薬局【5:薬局】新潟県新潟市西区新通南３－１－２６" }, "geometry": { "type": "Point", "coordinates": [ 138.957875, 37.858681 ] } },
{ "type": "Feature", "properties": { "ID": "155YANCX00363", "正式名称": "前田薬局　長潟店", "機関区分": 5, "都道府県コード": 15, "市区町村コード": 103, "所在地": "新潟県新潟市中央区長潟２丁目３－３", "緯度": 37.889968, "経度": 139.070029, "url": "https://www.iryou.teikyouseido.mhlw.go.jp/znk-web/juminkanja/S2430/initialize?prefCd=15&kikanCd=YANCX00363&kikanKbn=5", "url2": "http:www.m-yakkyoku-group.com", "内容": "前田薬局　長潟店【5:薬局】新潟県新潟市中央区長潟２丁目３－３" }, "geometry": { "type": "Point", "coordinates": [ 139.070029, 37.889968 ] } },
{ "type": "Feature", "properties": { "ID": "155YANCX00366", "正式名称": "船戸山調剤薬局", "機関区分": 5, "都道府県コード": 15, "市区町村コード": 104, "所在地": "新潟県新潟市江南区元町３丁目３番２８号", "緯度": 37.866509, "経度": 139.105675, "url": "https://www.iryou.teikyouseido.mhlw.go.jp/znk-web/juminkanja/S2430/initialize?prefCd=15&kikanCd=YANCX00366&kikanKbn=5", "url2": "https://www.sasakiku.co.jp/", "内容": "船戸山調剤薬局【5:薬局】新潟県新潟市江南区元町３丁目３番２８号" }, "geometry": { "type": "Point", "coordinates": [ 139.105675, 37.866509 ] } },
{ "type": "Feature", "properties": { "ID": "155YANCX00372", "正式名称": "梅の木調剤薬局", "機関区分": 5, "都道府県コード": 15, "市区町村コード": 104, "所在地": "新潟県新潟市江南区亀田四ツ興野２－５－１３", "緯度": 37.86998, "経度": 139.097158, "url": "https://www.iryou.teikyouseido.mhlw.go.jp/znk-web/juminkanja/S2430/initialize?prefCd=15&kikanCd=YANCX00372&kikanKbn=5", "url2": null, "内容": "梅の木調剤薬局【5:薬局】新潟県新潟市江南区亀田四ツ興野２－５－１３" }, "geometry": { "type": "Point", "coordinates": [ 139.097158, 37.86998 ] } },
{ "type": "Feature", "properties": { "ID": "155YANCX00373", "正式名称": "こすど調剤薬局", "機関区分": 5, "都道府県コード": 15, "市区町村コード": 105, "所在地": "新潟県新潟市秋葉区小須戸４０１－２", "緯度": 37.759325, "経度": 139.071158, "url": "https://www.iryou.teikyouseido.mhlw.go.jp/znk-web/juminkanja/S2430/initialize?prefCd=15&kikanCd=YANCX00373&kikanKbn=5", "url2": "https://kyoueido.net/", "内容": "こすど調剤薬局【5:薬局】新潟県新潟市秋葉区小須戸４０１－２" }, "geometry": { "type": "Point", "coordinates": [ 139.071158, 37.759325 ] } },
{ "type": "Feature", "properties": { "ID": "155YANCX00375", "正式名称": "ときわぎ薬局", "機関区分": 5, "都道府県コード": 15, "市区町村コード": 101, "所在地": "新潟県新潟市北区石動２－２－５", "緯度": 37.922788, "経度": 139.212681, "url": "https://www.iryou.teikyouseido.mhlw.go.jp/znk-web/juminkanja/S2430/initialize?prefCd=15&kikanCd=YANCX00375&kikanKbn=5", "url2": "https://sites.google.com/view/tokiwagi", "内容": "ときわぎ薬局【5:薬局】新潟県新潟市北区石動２－２－５" }, "geometry": { "type": "Point", "coordinates": [ 139.212681, 37.922788 ] } },
{ "type": "Feature", "properties": { "ID": "155YANCX00377", "正式名称": "ＡＬＰＨＡＳ薬局　向陽店", "機関区分": 5, "都道府県コード": 15, "市区町村コード": 104, "所在地": "新潟県新潟市江南区亀田向陽１ー３－３８", "緯度": 37.876224, "経度": 139.112568, "url": "https://www.iryou.teikyouseido.mhlw.go.jp/znk-web/juminkanja/S2430/initialize?prefCd=15&kikanCd=YANCX00377&kikanKbn=5", "url2": "http://www.nmi-net.com", "内容": "ＡＬＰＨＡＳ薬局　向陽店【5:薬局】新潟県新潟市江南区亀田向陽１ー３－３８" }, "geometry": { "type": "Point", "coordinates": [ 139.112568, 37.876224 ] } },
{ "type": "Feature", "properties": { "ID": "155YANCX00378", "正式名称": "おおた薬局", "機関区分": 5, "都道府県コード": 15, "市区町村コード": 101, "所在地": "新潟県新潟市北区太田５６３３番地３", "緯度": 37.920207, "経度": 139.221241, "url": "https://www.iryou.teikyouseido.mhlw.go.jp/znk-web/juminkanja/S2430/initialize?prefCd=15&kikanCd=YANCX00378&kikanKbn=5", "url2": "https://kyoueido.net/shop/84/", "内容": "おおた薬局【5:薬局】新潟県新潟市北区太田５６３３番地３" }, "geometry": { "type": "Point", "coordinates": [ 139.221241, 37.920207 ] } },
{ "type": "Feature", "properties": { "ID": "155YANCX00379", "正式名称": "おおせき調剤薬局", "機関区分": 5, "都道府県コード": 15, "市区町村コード": 103, "所在地": "新潟県新潟市中央区上所１−１−２４エヌビル１Ｆ", "緯度": 37.90669, "経度": 139.03723, "url": "https://www.iryou.teikyouseido.mhlw.go.jp/znk-web/juminkanja/S2430/initialize?prefCd=15&kikanCd=YANCX00379&kikanKbn=5", "url2": null, "内容": "おおせき調剤薬局【5:薬局】新潟県新潟市中央区上所１−１−２４エヌビル１Ｆ" }, "geometry": { "type": "Point", "coordinates": [ 139.03723, 37.90669 ] } },
{ "type": "Feature", "properties": { "ID": "155YANCX00384", "正式名称": "株式会社　本町調剤薬局せきや店", "機関区分": 5, "都道府県コード": 15, "市区町村コード": 103, "所在地": "新潟県新潟市中央区有明大橋町６番１８号", "緯度": 37.903544, "経度": 139.010173, "url": "https://www.iryou.teikyouseido.mhlw.go.jp/znk-web/juminkanja/S2430/initialize?prefCd=15&kikanCd=YANCX00384&kikanKbn=5", "url2": "https://www.honcho-pharmacy.co.jp/", "内容": "株式会社　本町調剤薬局せきや店【5:薬局】新潟県新潟市中央区有明大橋町６番１８号" }, "geometry": { "type": "Point", "coordinates": [ 139.010173, 37.903544 ] } },
{ "type": "Feature", "properties": { "ID": "155YANCX00388", "正式名称": "さんあい調剤薬局", "機関区分": 5, "都道府県コード": 15, "市区町村コード": 108, "所在地": "新潟県新潟市西蒲区巻甲２５９８番地５", "緯度": 37.758862, "経度": 138.887906, "url": "https://www.iryou.teikyouseido.mhlw.go.jp/znk-web/juminkanja/S2430/initialize?prefCd=15&kikanCd=YANCX00388&kikanKbn=5", "url2": null, "内容": "さんあい調剤薬局【5:薬局】新潟県新潟市西蒲区巻甲２５９８番地５" }, "geometry": { "type": "Point", "coordinates": [ 138.887906, 37.758862 ] } },
{ "type": "Feature", "properties": { "ID": "155YANCX00389", "正式名称": "しんえい調剤薬局", "機関区分": 5, "都道府県コード": 15, "市区町村コード": 101, "所在地": "新潟県新潟市北区葛塚３４３２番地", "緯度": 37.918642, "経度": 139.220908, "url": "https://www.iryou.teikyouseido.mhlw.go.jp/znk-web/juminkanja/S2430/initialize?prefCd=15&kikanCd=YANCX00389&kikanKbn=5", "url2": null, "内容": "しんえい調剤薬局【5:薬局】新潟県新潟市北区葛塚３４３２番地" }, "geometry": { "type": "Point", "coordinates": [ 139.220908, 37.918642 ] } },
{ "type": "Feature", "properties": { "ID": "155YANCX00396", "正式名称": "空港西調剤薬局", "機関区分": 5, "都道府県コード": 15, "市区町村コード": 102, "所在地": "新潟県新潟市東区空港西１丁目１９－１０", "緯度": 37.946998, "経度": 139.095337, "url": "https://www.iryou.teikyouseido.mhlw.go.jp/znk-web/juminkanja/S2430/initialize?prefCd=15&kikanCd=YANCX00396&kikanKbn=5", "url2": null, "内容": "空港西調剤薬局【5:薬局】新潟県新潟市東区空港西１丁目１９－１０" }, "geometry": { "type": "Point", "coordinates": [ 139.095337, 37.946998 ] } },
{ "type": "Feature", "properties": { "ID": "155YANCX00401", "正式名称": "ＡＬＰＨＡＳ薬局　笹口店", "機関区分": 5, "都道府県コード": 15, "市区町村コード": 103, "所在地": "新潟県新潟市中央区南笹口１丁目４番１０号１", "緯度": 37.906599, "経度": 139.065325, "url": "https://www.iryou.teikyouseido.mhlw.go.jp/znk-web/juminkanja/S2430/initialize?prefCd=15&kikanCd=YANCX00401&kikanKbn=5", "url2": "http://www.nmi-net.com", "内容": "ＡＬＰＨＡＳ薬局　笹口店【5:薬局】新潟県新潟市中央区南笹口１丁目４番１０号１" }, "geometry": { "type": "Point", "coordinates": [ 139.065325, 37.906599 ] } },
{ "type": "Feature", "properties": { "ID": "155YANCX00402", "正式名称": "ドラッグトップス　新通薬局", "機関区分": 5, "都道府県コード": 15, "市区町村コード": 107, "所在地": "新潟県新潟市西区新通１０５７", "緯度": 37.86035, "経度": 138.949419, "url": "https://www.iryou.teikyouseido.mhlw.go.jp/znk-web/juminkanja/S2430/initialize?prefCd=15&kikanCd=YANCX00402&kikanKbn=5", "url2": null, "内容": "ドラッグトップス　新通薬局【5:薬局】新潟県新潟市西区新通１０５７" }, "geometry": { "type": "Point", "coordinates": [ 138.949419, 37.86035 ] } },
{ "type": "Feature", "properties": { "ID": "155YANCX00403", "正式名称": "えきなん調剤薬局", "機関区分": 5, "都道府県コード": 15, "市区町村コード": 103, "所在地": "新潟県新潟市中央区鐙西１－１２－１３", "緯度": 37.902898, "経度": 139.062804, "url": "https://www.iryou.teikyouseido.mhlw.go.jp/znk-web/juminkanja/S2430/initialize?prefCd=15&kikanCd=YANCX00403&kikanKbn=5", "url2": "https://kyoueido.net/shop/134/", "内容": "えきなん調剤薬局【5:薬局】新潟県新潟市中央区鐙西１－１２－１３" }, "geometry": { "type": "Point", "coordinates": [ 139.062804, 37.902898 ] } },
{ "type": "Feature", "properties": { "ID": "155YANCX00404", "正式名称": "さつき調剤薬局", "機関区分": 5, "都道府県コード": 15, "市区町村コード": 103, "所在地": "新潟県新潟市中央区高志２－２０－２", "緯度": 37.898059, "経度": 139.076778, "url": "https://www.iryou.teikyouseido.mhlw.go.jp/znk-web/juminkanja/S2430/initialize?prefCd=15&kikanCd=YANCX00404&kikanKbn=5", "url2": "https://www.qol-net.co.jp/pharmacy/map/detail.php?id=784", "内容": "さつき調剤薬局【5:薬局】新潟県新潟市中央区高志２－２０－２" }, "geometry": { "type": "Point", "coordinates": [ 139.076778, 37.898059 ] } },
{ "type": "Feature", "properties": { "ID": "155YANCX00412", "正式名称": "しなの薬局　市民前店", "機関区分": 5, "都道府県コード": 15, "市区町村コード": 103, "所在地": "新潟県新潟市中央区湖南１４－２１", "緯度": 37.875325, "経度": 139.039696, "url": "https://www.iryou.teikyouseido.mhlw.go.jp/znk-web/juminkanja/S2430/initialize?prefCd=15&kikanCd=YANCX00412&kikanKbn=5", "url2": "http://www.shinano-pharmacy.com", "内容": "しなの薬局　市民前店【5:薬局】新潟県新潟市中央区湖南１４－２１" }, "geometry": { "type": "Point", "coordinates": [ 139.039696, 37.875325 ] } },
{ "type": "Feature", "properties": { "ID": "155YANCX00413", "正式名称": "アイン薬局　新潟市民前店", "機関区分": 5, "都道府県コード": 15, "市区町村コード": 103, "所在地": "新潟県新潟市中央区湖南２４番地２", "緯度": 37.873542, "経度": 139.041433, "url": "https://www.iryou.teikyouseido.mhlw.go.jp/znk-web/juminkanja/S2430/initialize?prefCd=15&kikanCd=YANCX00413&kikanKbn=5", "url2": "http://www.ainj.co.jp/", "内容": "アイン薬局　新潟市民前店【5:薬局】新潟県新潟市中央区湖南２４番地２" }, "geometry": { "type": "Point", "coordinates": [ 139.041433, 37.873542 ] } },
{ "type": "Feature", "properties": { "ID": "155YANCX00414", "正式名称": "かすみ調剤薬局", "機関区分": 5, "都道府県コード": 15, "市区町村コード": 107, "所在地": "新潟県新潟市西区小針３－３１－３", "緯度": 37.886699, "経度": 138.999334, "url": "https://www.iryou.teikyouseido.mhlw.go.jp/znk-web/juminkanja/S2430/initialize?prefCd=15&kikanCd=YANCX00414&kikanKbn=5", "url2": "https://kyoueido.net/shop/51/", "内容": "かすみ調剤薬局【5:薬局】新潟県新潟市西区小針３－３１－３" }, "geometry": { "type": "Point", "coordinates": [ 138.999334, 37.886699 ] } },
{ "type": "Feature", "properties": { "ID": "155YANCX00415", "正式名称": "サルビア調剤薬局", "機関区分": 5, "都道府県コード": 15, "市区町村コード": 103, "所在地": "新潟県新潟市中央区南笹口１－１－３０", "緯度": 37.908194, "経度": 139.068186, "url": "https://www.iryou.teikyouseido.mhlw.go.jp/znk-web/juminkanja/S2430/initialize?prefCd=15&kikanCd=YANCX00415&kikanKbn=5", "url2": null, "内容": "サルビア調剤薬局【5:薬局】新潟県新潟市中央区南笹口１－１－３０" }, "geometry": { "type": "Point", "coordinates": [ 139.068186, 37.908194 ] } },
{ "type": "Feature", "properties": { "ID": "155YANCX00419", "正式名称": "ひがしぼり調剤薬局", "機関区分": 5, "都道府県コード": 15, "市区町村コード": 103, "所在地": "新潟県新潟市中央区古町通１３番町２０８９", "緯度": 37.930947, "経度": 139.044675, "url": "https://www.iryou.teikyouseido.mhlw.go.jp/znk-web/juminkanja/S2430/initialize?prefCd=15&kikanCd=YANCX00419&kikanKbn=5", "url2": null, "内容": "ひがしぼり調剤薬局【5:薬局】新潟県新潟市中央区古町通１３番町２０８９" }, "geometry": { "type": "Point", "coordinates": [ 139.044675, 37.930947 ] } },
{ "type": "Feature", "properties": { "ID": "155YANCX00421", "正式名称": "つばさ調剤薬局", "機関区分": 5, "都道府県コード": 15, "市区町村コード": 103, "所在地": "新潟県新潟市中央区上近江２－１－３１", "緯度": 37.901244, "経度": 139.036952, "url": "https://www.iryou.teikyouseido.mhlw.go.jp/znk-web/juminkanja/S2430/initialize?prefCd=15&kikanCd=YANCX00421&kikanKbn=5", "url2": "https://kyoueido.net/shop/137/", "内容": "つばさ調剤薬局【5:薬局】新潟県新潟市中央区上近江２－１－３１" }, "geometry": { "type": "Point", "coordinates": [ 139.036952, 37.901244 ] } },
{ "type": "Feature", "properties": { "ID": "155YANCX00422", "正式名称": "みそら野薬局", "機関区分": 5, "都道府県コード": 15, "市区町村コード": 105, "所在地": "新潟県新潟市秋葉区みそら野１－１３－９", "緯度": 37.828227, "経度": 139.114923, "url": "https://www.iryou.teikyouseido.mhlw.go.jp/znk-web/juminkanja/S2430/initialize?prefCd=15&kikanCd=YANCX00422&kikanKbn=5", "url2": "https://kyoueido.net/shop/159/", "内容": "みそら野薬局【5:薬局】新潟県新潟市秋葉区みそら野１－１３－９" }, "geometry": { "type": "Point", "coordinates": [ 139.114923, 37.828227 ] } },
{ "type": "Feature", "properties": { "ID": "155YANCX00423", "正式名称": "フロンティア薬局　新津店", "機関区分": 5, "都道府県コード": 15, "市区町村コード": 105, "所在地": "新潟県新潟市秋葉区中村２７０－２１", "緯度": 37.779744, "経度": 139.12015, "url": "https://www.iryou.teikyouseido.mhlw.go.jp/znk-web/juminkanja/S2430/initialize?prefCd=15&kikanCd=YANCX00423&kikanKbn=5", "url2": "https://www.frontier-ph.com/", "内容": "フロンティア薬局　新津店【5:薬局】新潟県新潟市秋葉区中村２７０－２１" }, "geometry": { "type": "Point", "coordinates": [ 139.12015, 37.779744 ] } },
{ "type": "Feature", "properties": { "ID": "155YANCX00425", "正式名称": "共栄堂薬局　寺尾朝日通店", "機関区分": 5, "都道府県コード": 15, "市区町村コード": 107, "所在地": "新潟県新潟市西区寺尾朝日通１６－２９", "緯度": 37.884769, "経度": 138.986324, "url": "https://www.iryou.teikyouseido.mhlw.go.jp/znk-web/juminkanja/S2430/initialize?prefCd=15&kikanCd=YANCX00425&kikanKbn=5", "url2": "https://kyoueido.net/shop/188/", "内容": "共栄堂薬局　寺尾朝日通店【5:薬局】新潟県新潟市西区寺尾朝日通１６－２９" }, "geometry": { "type": "Point", "coordinates": [ 138.986324, 37.884769 ] } },
{ "type": "Feature", "properties": { "ID": "155YANCX00426", "正式名称": "かみところ調剤薬局", "機関区分": 5, "都道府県コード": 15, "市区町村コード": 103, "所在地": "新潟県新潟市中央区新和１－３－１３", "緯度": 37.902075, "経度": 139.041317, "url": "https://www.iryou.teikyouseido.mhlw.go.jp/znk-web/juminkanja/S2430/initialize?prefCd=15&kikanCd=YANCX00426&kikanKbn=5", "url2": "https://kyoueido.net/shop/127/", "内容": "かみところ調剤薬局【5:薬局】新潟県新潟市中央区新和１－３－１３" }, "geometry": { "type": "Point", "coordinates": [ 139.041317, 37.902075 ] } },
{ "type": "Feature", "properties": { "ID": "155YANCX00427", "正式名称": "アサヒ調剤薬局　中央通店", "機関区分": 5, "都道府県コード": 15, "市区町村コード": 106, "所在地": "新潟県新潟市南区上下諏訪木６８９番地", "緯度": 37.762329, "経度": 139.017435, "url": "https://www.iryou.teikyouseido.mhlw.go.jp/znk-web/juminkanja/S2430/initialize?prefCd=15&kikanCd=YANCX00427&kikanKbn=5", "url2": null, "内容": "アサヒ調剤薬局　中央通店【5:薬局】新潟県新潟市南区上下諏訪木６８９番地" }, "geometry": { "type": "Point", "coordinates": [ 139.017435, 37.762329 ] } },
{ "type": "Feature", "properties": { "ID": "155YANCX00433", "正式名称": "あがの調剤薬局", "機関区分": 5, "都道府県コード": 15, "市区町村コード": 104, "所在地": "新潟県新潟市江南区横越中央２丁目１番９号", "緯度": 37.857189, "経度": 139.145968, "url": "https://www.iryou.teikyouseido.mhlw.go.jp/znk-web/juminkanja/S2430/initialize?prefCd=15&kikanCd=YANCX00433&kikanKbn=5", "url2": "https://kyoueido.net/shop/111/", "内容": "あがの調剤薬局【5:薬局】新潟県新潟市江南区横越中央２丁目１番９号" }, "geometry": { "type": "Point", "coordinates": [ 139.145968, 37.857189 ] } },
{ "type": "Feature", "properties": { "ID": "155YANCX00437", "正式名称": "フォレスト薬局", "機関区分": 5, "都道府県コード": 15, "市区町村コード": 103, "所在地": "新潟県新潟市中央区鐙２－１４－３１フォレスト薬局", "緯度": 37.903562, "経度": 139.070452, "url": "https://www.iryou.teikyouseido.mhlw.go.jp/znk-web/juminkanja/S2430/initialize?prefCd=15&kikanCd=YANCX00437&kikanKbn=5", "url2": null, "内容": "フォレスト薬局【5:薬局】新潟県新潟市中央区鐙２－１４－３１フォレスト薬局" }, "geometry": { "type": "Point", "coordinates": [ 139.070452, 37.903562 ] } },
{ "type": "Feature", "properties": { "ID": "155YANCX00438", "正式名称": "プラーカファーマシー", "機関区分": 5, "都道府県コード": 15, "市区町村コード": 103, "所在地": "新潟県新潟市中央区笹口１－１プラーカ１　２階", "緯度": 37.911008, "経度": 139.063814, "url": "https://www.iryou.teikyouseido.mhlw.go.jp/znk-web/juminkanja/S2430/initialize?prefCd=15&kikanCd=YANCX00438&kikanKbn=5", "url2": "https://kyoueido.net/shop/142/", "内容": "プラーカファーマシー【5:薬局】新潟県新潟市中央区笹口１－１プラーカ１　２階" }, "geometry": { "type": "Point", "coordinates": [ 139.063814, 37.911008 ] } },
{ "type": "Feature", "properties": { "ID": "155YANCX00443", "正式名称": "あんず薬局", "機関区分": 5, "都道府県コード": 15, "市区町村コード": 104, "所在地": "新潟県新潟市江南区亀田向陽３丁目２番２４号", "緯度": 37.878671, "経度": 139.110085, "url": "https://www.iryou.teikyouseido.mhlw.go.jp/znk-web/juminkanja/S2430/initialize?prefCd=15&kikanCd=YANCX00443&kikanKbn=5", "url2": "http://kyoueido.net/shop/114/", "内容": "あんず薬局【5:薬局】新潟県新潟市江南区亀田向陽３丁目２番２４号" }, "geometry": { "type": "Point", "coordinates": [ 139.110085, 37.878671 ] } },
{ "type": "Feature", "properties": { "ID": "155YANCX00445", "正式名称": "なかきど薬局", "機関区分": 5, "都道府県コード": 15, "市区町村コード": 102, "所在地": "新潟県新潟市東区中木戸１９０－３", "緯度": 37.928498, "経度": 139.09909, "url": "https://www.iryou.teikyouseido.mhlw.go.jp/znk-web/juminkanja/S2430/initialize?prefCd=15&kikanCd=YANCX00445&kikanKbn=5", "url2": "https://kyoueido.net/shop/100/", "内容": "なかきど薬局【5:薬局】新潟県新潟市東区中木戸１９０－３" }, "geometry": { "type": "Point", "coordinates": [ 139.09909, 37.928498 ] } },
{ "type": "Feature", "properties": { "ID": "155YANCX00449", "正式名称": "中村薬局", "機関区分": 5, "都道府県コード": 15, "市区町村コード": 105, "所在地": "新潟県新潟市秋葉区小須戸３３９９番地", "緯度": 37.757852, "経度": 139.06815, "url": "https://www.iryou.teikyouseido.mhlw.go.jp/znk-web/juminkanja/S2430/initialize?prefCd=15&kikanCd=YANCX00449&kikanKbn=5", "url2": null, "内容": "中村薬局【5:薬局】新潟県新潟市秋葉区小須戸３３９９番地" }, "geometry": { "type": "Point", "coordinates": [ 139.06815, 37.757852 ] } },
{ "type": "Feature", "properties": { "ID": "155YANCX00453", "正式名称": "さかいむらかみ調剤薬局", "機関区分": 5, "都道府県コード": 15, "市区町村コード": 107, "所在地": "新潟県新潟市西区坂井１０３０番５", "緯度": 37.869969, "経度": 138.963933, "url": "https://www.iryou.teikyouseido.mhlw.go.jp/znk-web/juminkanja/S2430/initialize?prefCd=15&kikanCd=YANCX00453&kikanKbn=5", "url2": null, "内容": "さかいむらかみ調剤薬局【5:薬局】新潟県新潟市西区坂井１０３０番５" }, "geometry": { "type": "Point", "coordinates": [ 138.963933, 37.869969 ] } },
{ "type": "Feature", "properties": { "ID": "155YANCX00456", "正式名称": "共栄堂薬局　あきは店", "機関区分": 5, "都道府県コード": 15, "市区町村コード": 105, "所在地": "新潟県新潟市秋葉区程島１８７６－１２", "緯度": 37.784978, "経度": 139.114075, "url": "https://www.iryou.teikyouseido.mhlw.go.jp/znk-web/juminkanja/S2430/initialize?prefCd=15&kikanCd=YANCX00456&kikanKbn=5", "url2": "https://kyoueido.net/shop/163/", "内容": "共栄堂薬局　あきは店【5:薬局】新潟県新潟市秋葉区程島１８７６－１２" }, "geometry": { "type": "Point", "coordinates": [ 139.114075, 37.784978 ] } },
{ "type": "Feature", "properties": { "ID": "155YANCX00457", "正式名称": "しなの薬局　豊栄店", "機関区分": 5, "都道府県コード": 15, "市区町村コード": 101, "所在地": "新潟県新潟市北区石動１ー１６ー３", "緯度": 37.921543, "経度": 139.213528, "url": "https://www.iryou.teikyouseido.mhlw.go.jp/znk-web/juminkanja/S2430/initialize?prefCd=15&kikanCd=YANCX00457&kikanKbn=5", "url2": "https://www.shinano-pharmacy.com/", "内容": "しなの薬局　豊栄店【5:薬局】新潟県新潟市北区石動１ー１６ー３" }, "geometry": { "type": "Point", "coordinates": [ 139.213528, 37.921543 ] } },
{ "type": "Feature", "properties": { "ID": "155YANCX00458", "正式名称": "アイン薬局西白根店", "機関区分": 5, "都道府県コード": 15, "市区町村コード": 106, "所在地": "新潟県新潟市南区西白根４０－７", "緯度": 37.752892, "経度": 139.004814, "url": "https://www.iryou.teikyouseido.mhlw.go.jp/znk-web/juminkanja/S2430/initialize?prefCd=15&kikanCd=YANCX00458&kikanKbn=5", "url2": "http://www.ainj.co.jp", "内容": "アイン薬局西白根店【5:薬局】新潟県新潟市南区西白根４０－７" }, "geometry": { "type": "Point", "coordinates": [ 139.004814, 37.752892 ] } },
{ "type": "Feature", "properties": { "ID": "155YANCX00459", "正式名称": "アイン薬局　南浜店", "機関区分": 5, "都道府県コード": 15, "市区町村コード": 101, "所在地": "新潟県新潟市北区島見町４５４１番２", "緯度": 37.959874, "経度": 139.187475, "url": "https://www.iryou.teikyouseido.mhlw.go.jp/znk-web/juminkanja/S2430/initialize?prefCd=15&kikanCd=YANCX00459&kikanKbn=5", "url2": "https://www.ainj.co.jp/", "内容": "アイン薬局　南浜店【5:薬局】新潟県新潟市北区島見町４５４１番２" }, "geometry": { "type": "Point", "coordinates": [ 139.187475, 37.959874 ] } },
{ "type": "Feature", "properties": { "ID": "155YANCX00464", "正式名称": "北新調剤薬局　白根店", "機関区分": 5, "都道府県コード": 15, "市区町村コード": 106, "所在地": "新潟県新潟市南区白根２７４８番地３", "緯度": 37.764648, "経度": 139.014681, "url": "https://www.iryou.teikyouseido.mhlw.go.jp/znk-web/juminkanja/S2430/initialize?prefCd=15&kikanCd=YANCX00464&kikanKbn=5", "url2": null, "内容": "北新調剤薬局　白根店【5:薬局】新潟県新潟市南区白根２７４８番地３" }, "geometry": { "type": "Point", "coordinates": [ 139.014681, 37.764648 ] } },
{ "type": "Feature", "properties": { "ID": "155YANCX00465", "正式名称": "はあとふる薬局", "機関区分": 5, "都道府県コード": 15, "市区町村コード": 101, "所在地": "新潟県新潟市北区木崎字尾山前７７０－８", "緯度": 37.931741, "経度": 139.174549, "url": "https://www.iryou.teikyouseido.mhlw.go.jp/znk-web/juminkanja/S2430/initialize?prefCd=15&kikanCd=YANCX00465&kikanKbn=5", "url2": "https://heartful-pharmacy.com/", "内容": "はあとふる薬局【5:薬局】新潟県新潟市北区木崎字尾山前７７０－８" }, "geometry": { "type": "Point", "coordinates": [ 139.174549, 37.931741 ] } },
{ "type": "Feature", "properties": { "ID": "155YANCX00467", "正式名称": "とよさか薬局", "機関区分": 5, "都道府県コード": 15, "市区町村コード": 101, "所在地": "新潟県新潟市北区石動１ー１６ー２０", "緯度": 37.921957, "経度": 139.212933, "url": "https://www.iryou.teikyouseido.mhlw.go.jp/znk-web/juminkanja/S2430/initialize?prefCd=15&kikanCd=YANCX00467&kikanKbn=5", "url2": "https://store.ainj.co.jp/detail/1100536/", "内容": "とよさか薬局【5:薬局】新潟県新潟市北区石動１ー１６ー２０" }, "geometry": { "type": "Point", "coordinates": [ 139.212933, 37.921957 ] } },
{ "type": "Feature", "properties": { "ID": "155YANCX00469", "正式名称": "ウエルシア薬局　亀田店", "機関区分": 5, "都道府県コード": 15, "市区町村コード": 104, "所在地": "新潟県新潟市江南区亀田四ツ興野３－２－３３", "緯度": 37.871284, "経度": 139.097991, "url": "https://www.iryou.teikyouseido.mhlw.go.jp/znk-web/juminkanja/S2430/initialize?prefCd=15&kikanCd=YANCX00469&kikanKbn=5", "url2": "http://www.welcia-yakkyoku.co.jp/", "内容": "ウエルシア薬局　亀田店【5:薬局】新潟県新潟市江南区亀田四ツ興野３－２－３３" }, "geometry": { "type": "Point", "coordinates": [ 139.097991, 37.871284 ] } },
{ "type": "Feature", "properties": { "ID": "155YANCX00471", "正式名称": "東中通薬局", "機関区分": 5, "都道府県コード": 15, "市区町村コード": 103, "所在地": "新潟県新潟市中央区営所通１番町３１８番地", "緯度": 37.921534, "経度": 139.03995, "url": "https://www.iryou.teikyouseido.mhlw.go.jp/znk-web/juminkanja/S2430/initialize?prefCd=15&kikanCd=YANCX00471&kikanKbn=5", "url2": null, "内容": "東中通薬局【5:薬局】新潟県新潟市中央区営所通１番町３１８番地" }, "geometry": { "type": "Point", "coordinates": [ 139.03995, 37.921534 ] } },
{ "type": "Feature", "properties": { "ID": "155YANCX00473", "正式名称": "しなの薬局　寺尾東店", "機関区分": 5, "都道府県コード": 15, "市区町村コード": 107, "所在地": "新潟県新潟市西区寺尾東店２－１４－５", "緯度": 37.874129, "経度": 138.976943, "url": "https://www.iryou.teikyouseido.mhlw.go.jp/znk-web/juminkanja/S2430/initialize?prefCd=15&kikanCd=YANCX00473&kikanKbn=5", "url2": "https://www.shinano-pharmacy.com/store/#8", "内容": "しなの薬局　寺尾東店【5:薬局】新潟県新潟市西区寺尾東店２－１４－５" }, "geometry": { "type": "Point", "coordinates": [ 138.976943, 37.874129 ] } },
{ "type": "Feature", "properties": { "ID": "155YANCX00476", "正式名称": "しなの薬局　和納店", "機関区分": 5, "都道府県コード": 15, "市区町村コード": 108, "所在地": "新潟県新潟市西蒲区和納１丁目９番６号", "緯度": 37.723176, "経度": 138.878423, "url": "https://www.iryou.teikyouseido.mhlw.go.jp/znk-web/juminkanja/S2430/initialize?prefCd=15&kikanCd=YANCX00476&kikanKbn=5", "url2": "https://www.shinano-pharmacy.com/store/#9", "内容": "しなの薬局　和納店【5:薬局】新潟県新潟市西蒲区和納１丁目９番６号" }, "geometry": { "type": "Point", "coordinates": [ 138.878423, 37.723176 ] } },
{ "type": "Feature", "properties": { "ID": "155YANCX00486", "正式名称": "希望ヶ丘薬局", "機関区分": 5, "都道府県コード": 15, "市区町村コード": 102, "所在地": "新潟県新潟市東区秋葉１丁目６番４１号", "緯度": 37.939602, "経度": 139.084316, "url": "https://www.iryou.teikyouseido.mhlw.go.jp/znk-web/juminkanja/S2430/initialize?prefCd=15&kikanCd=YANCX00486&kikanKbn=5", "url2": "httos://kyoueido.net/shop/103/", "内容": "希望ヶ丘薬局【5:薬局】新潟県新潟市東区秋葉１丁目６番４１号" }, "geometry": { "type": "Point", "coordinates": [ 139.084316, 37.939602 ] } },
{ "type": "Feature", "properties": { "ID": "155YANCX00490", "正式名称": "薬局アットマーク", "機関区分": 5, "都道府県コード": 15, "市区町村コード": 103, "所在地": "新潟県新潟市中央区米山５－１１－２２", "緯度": 37.903885, "経度": 139.056835, "url": "https://www.iryou.teikyouseido.mhlw.go.jp/znk-web/juminkanja/S2430/initialize?prefCd=15&kikanCd=YANCX00490&kikanKbn=5", "url2": "https://www.attomark.com/", "内容": "薬局アットマーク【5:薬局】新潟県新潟市中央区米山５－１１－２２" }, "geometry": { "type": "Point", "coordinates": [ 139.056835, 37.903885 ] } },
{ "type": "Feature", "properties": { "ID": "155YANCX00493", "正式名称": "アイン薬局　北葉店", "機関区分": 5, "都道府県コード": 15, "市区町村コード": 102, "所在地": "新潟県新潟市東区北葉町３－１３", "緯度": 37.938737, "経度": 139.075338, "url": "https://www.iryou.teikyouseido.mhlw.go.jp/znk-web/juminkanja/S2430/initialize?prefCd=15&kikanCd=YANCX00493&kikanKbn=5", "url2": "https://www.ainj/co.jp", "内容": "アイン薬局　北葉店【5:薬局】新潟県新潟市東区北葉町３－１３" }, "geometry": { "type": "Point", "coordinates": [ 139.075338, 37.938737 ] } },
{ "type": "Feature", "properties": { "ID": "155YANCX00494", "正式名称": "そよかぜ薬局", "機関区分": 5, "都道府県コード": 15, "市区町村コード": 104, "所在地": "新潟県新潟市江南区丸山４７３－８", "緯度": 37.879133, "経度": 139.125157, "url": "https://www.iryou.teikyouseido.mhlw.go.jp/znk-web/juminkanja/S2430/initialize?prefCd=15&kikanCd=YANCX00494&kikanKbn=5", "url2": "https://kyoueido.net/shop/115/", "内容": "そよかぜ薬局【5:薬局】新潟県新潟市江南区丸山４７３－８" }, "geometry": { "type": "Point", "coordinates": [ 139.125157, 37.879133 ] } },
{ "type": "Feature", "properties": { "ID": "155YANCX00497", "正式名称": "クスリのアオキ　青山薬局", "機関区分": 5, "都道府県コード": 15, "市区町村コード": 107, "所在地": "新潟県新潟市西区青山１丁目２番３号", "緯度": 37.894739, "経度": 139.003006, "url": "https://www.iryou.teikyouseido.mhlw.go.jp/znk-web/juminkanja/S2430/initialize?prefCd=15&kikanCd=YANCX00497&kikanKbn=5", "url2": "https://www.kusuri-aoki.co.jp/", "内容": "クスリのアオキ　青山薬局【5:薬局】新潟県新潟市西区青山１丁目２番３号" }, "geometry": { "type": "Point", "coordinates": [ 139.003006, 37.894739 ] } },
{ "type": "Feature", "properties": { "ID": "155YANCX00503", "正式名称": "有限会社松花堂マツヤ薬局", "機関区分": 5, "都道府県コード": 15, "市区町村コード": 108, "所在地": "新潟県新潟市西蒲区巻甲２９２７番地５", "緯度": 37.758705, "経度": 138.886004, "url": "https://www.iryou.teikyouseido.mhlw.go.jp/znk-web/juminkanja/S2430/initialize?prefCd=15&kikanCd=YANCX00503&kikanKbn=5", "url2": null, "内容": "有限会社松花堂マツヤ薬局【5:薬局】新潟県新潟市西蒲区巻甲２９２７番地５" }, "geometry": { "type": "Point", "coordinates": [ 138.886004, 37.758705 ] } },
{ "type": "Feature", "properties": { "ID": "155YANCX00505", "正式名称": "けんこう調剤薬局", "機関区分": 5, "都道府県コード": 15, "市区町村コード": 104, "所在地": "新潟県新潟市江南区亀田水道町１－１－４５", "緯度": 37.869826, "経度": 139.115384, "url": "https://www.iryou.teikyouseido.mhlw.go.jp/znk-web/juminkanja/S2430/initialize?prefCd=15&kikanCd=YANCX00505&kikanKbn=5", "url2": null, "内容": "けんこう調剤薬局【5:薬局】新潟県新潟市江南区亀田水道町１－１－４５" }, "geometry": { "type": "Point", "coordinates": [ 139.115384, 37.869826 ] } },
{ "type": "Feature", "properties": { "ID": "155YANCX00509", "正式名称": "ネギシ薬局", "機関区分": 5, "都道府県コード": 15, "市区町村コード": 106, "所在地": "新潟県新潟市南区高井東", "緯度": 37.795401, "経度": 139.01659, "url": "https://www.iryou.teikyouseido.mhlw.go.jp/znk-web/juminkanja/S2430/initialize?prefCd=15&kikanCd=YANCX00509&kikanKbn=5", "url2": null, "内容": "ネギシ薬局【5:薬局】新潟県新潟市南区高井東" }, "geometry": { "type": "Point", "coordinates": [ 139.01659, 37.795401 ] } },
{ "type": "Feature", "properties": { "ID": "155YANCX00510", "正式名称": "クスリのアオキ　逢谷内薬局", "機関区分": 5, "都道府県コード": 15, "市区町村コード": 102, "所在地": "新潟県新潟市東区逢谷内３丁目５１５番１", "緯度": 37.91988, "経度": 139.117834, "url": "https://www.iryou.teikyouseido.mhlw.go.jp/znk-web/juminkanja/S2430/initialize?prefCd=15&kikanCd=YANCX00510&kikanKbn=5", "url2": "https://www.kusuri-aoki.co.jp/", "内容": "クスリのアオキ　逢谷内薬局【5:薬局】新潟県新潟市東区逢谷内３丁目５１５番１" }, "geometry": { "type": "Point", "coordinates": [ 139.117834, 37.91988 ] } },
{ "type": "Feature", "properties": { "ID": "155YANCX00512", "正式名称": "はづき調剤薬局　新潟駅南口店", "機関区分": 5, "都道府県コード": 15, "市区町村コード": 103, "所在地": "新潟県新潟市中央区米山１丁目２４番地　新潟駅南センタービル１Ｆ", "緯度": 37.908976, "経度": 139.062131, "url": "https://www.iryou.teikyouseido.mhlw.go.jp/znk-web/juminkanja/S2430/initialize?prefCd=15&kikanCd=YANCX00512&kikanKbn=5", "url2": "https://www.azoth-hadukipharmacy.jp/home", "内容": "はづき調剤薬局　新潟駅南口店【5:薬局】新潟県新潟市中央区米山１丁目２４番地　新潟駅南センタービル１Ｆ" }, "geometry": { "type": "Point", "coordinates": [ 139.062131, 37.908976 ] } },
{ "type": "Feature", "properties": { "ID": "155YANCX00516", "正式名称": "ウエルシア薬局　新潟さつき野店", "機関区分": 5, "都道府県コード": 15, "市区町村コード": 105, "所在地": "新潟県新潟市秋葉区さつき野１丁目１番３６号", "緯度": 37.813796, "経度": 139.116638, "url": "https://www.iryou.teikyouseido.mhlw.go.jp/znk-web/juminkanja/S2430/initialize?prefCd=15&kikanCd=YANCX00516&kikanKbn=5", "url2": "https://store.welcia.co.jp/welcia/spot/detail?code=93D", "内容": "ウエルシア薬局　新潟さつき野店【5:薬局】新潟県新潟市秋葉区さつき野１丁目１番３６号" }, "geometry": { "type": "Point", "coordinates": [ 139.116638, 37.813796 ] } },
{ "type": "Feature", "properties": { "ID": "155YANCX00520", "正式名称": "ライム調剤薬局", "機関区分": 5, "都道府県コード": 15, "市区町村コード": 108, "所在地": "新潟県新潟市西蒲区巻甲４６５１－１", "緯度": 37.759615, "経度": 138.895698, "url": "https://www.iryou.teikyouseido.mhlw.go.jp/znk-web/juminkanja/S2430/initialize?prefCd=15&kikanCd=YANCX00520&kikanKbn=5", "url2": "http://www.kyoueido.net", "内容": "ライム調剤薬局【5:薬局】新潟県新潟市西蒲区巻甲４６５１－１" }, "geometry": { "type": "Point", "coordinates": [ 138.895698, 37.759615 ] } },
{ "type": "Feature", "properties": { "ID": "155YANCX00522", "正式名称": "うちの西が丘薬局", "機関区分": 5, "都道府県コード": 15, "市区町村コード": 107, "所在地": "新潟県新潟市西区内野西が丘３－２４－１９", "緯度": 37.848198, "経度": 138.920596, "url": "https://www.iryou.teikyouseido.mhlw.go.jp/znk-web/juminkanja/S2430/initialize?prefCd=15&kikanCd=YANCX00522&kikanKbn=5", "url2": "https://kyoueido.net/shop/190/", "内容": "うちの西が丘薬局【5:薬局】新潟県新潟市西区内野西が丘３－２４－１９" }, "geometry": { "type": "Point", "coordinates": [ 138.920596, 37.848198 ] } },
{ "type": "Feature", "properties": { "ID": "155YANCX00523", "正式名称": "紫竹山薬局", "機関区分": 5, "都道府県コード": 15, "市区町村コード": 103, "所在地": "新潟県新潟市中央区紫竹山２丁目４番地２９", "緯度": 37.90162, "経度": 139.06744, "url": "https://www.iryou.teikyouseido.mhlw.go.jp/znk-web/juminkanja/S2430/initialize?prefCd=15&kikanCd=YANCX00523&kikanKbn=5", "url2": "https://kyoueido.net/shop/147/", "内容": "紫竹山薬局【5:薬局】新潟県新潟市中央区紫竹山２丁目４番地２９" }, "geometry": { "type": "Point", "coordinates": [ 139.06744, 37.90162 ] } },
{ "type": "Feature", "properties": { "ID": "155YANCX00524", "正式名称": "ＡＬＰＨＡＳ薬局　日の出店", "機関区分": 5, "都道府県コード": 15, "市区町村コード": 106, "所在地": "新潟県新潟市南区戸頭１３７１－１", "緯度": 37.756547, "経度": 139.018195, "url": "https://www.iryou.teikyouseido.mhlw.go.jp/znk-web/juminkanja/S2430/initialize?prefCd=15&kikanCd=YANCX00524&kikanKbn=5", "url2": "http://www.nmi-net.com", "内容": "ＡＬＰＨＡＳ薬局　日の出店【5:薬局】新潟県新潟市南区戸頭１３７１－１" }, "geometry": { "type": "Point", "coordinates": [ 139.018195, 37.756547 ] } },
{ "type": "Feature", "properties": { "ID": "155YANCX00525", "正式名称": "さくらんぼ薬局", "機関区分": 5, "都道府県コード": 15, "市区町村コード": 105, "所在地": "新潟県新潟市秋葉区新津本町３－８－５", "緯度": 37.796211, "経度": 139.124023, "url": "https://www.iryou.teikyouseido.mhlw.go.jp/znk-web/juminkanja/S2430/initialize?prefCd=15&kikanCd=YANCX00525&kikanKbn=5", "url2": "http://www.add-vantage.jp/", "内容": "さくらんぼ薬局【5:薬局】新潟県新潟市秋葉区新津本町３－８－５" }, "geometry": { "type": "Point", "coordinates": [ 139.124023, 37.796211 ] } },
{ "type": "Feature", "properties": { "ID": "155YANCX00526", "正式名称": "岩室いなば薬局", "機関区分": 5, "都道府県コード": 15, "市区町村コード": 108, "所在地": "新潟県新潟市西蒲区和納２丁目３９番１８号", "緯度": 37.724714, "経度": 138.878939, "url": "https://www.iryou.teikyouseido.mhlw.go.jp/znk-web/juminkanja/S2430/initialize?prefCd=15&kikanCd=YANCX00526&kikanKbn=5", "url2": "https://msupport-aid.com/", "内容": "岩室いなば薬局【5:薬局】新潟県新潟市西蒲区和納２丁目３９番１８号" }, "geometry": { "type": "Point", "coordinates": [ 138.878939, 37.724714 ] } },
{ "type": "Feature", "properties": { "ID": "155YANCX00529", "正式名称": "あわやま薬局", "機関区分": 5, "都道府県コード": 15, "市区町村コード": 102, "所在地": "新潟県新潟市東区粟山３丁目８番１１号", "緯度": 37.896984, "経度": 139.102072, "url": "https://www.iryou.teikyouseido.mhlw.go.jp/znk-web/juminkanja/S2430/initialize?prefCd=15&kikanCd=YANCX00529&kikanKbn=5", "url2": "https://kyoueido.net/shop/105/", "内容": "あわやま薬局【5:薬局】新潟県新潟市東区粟山３丁目８番１１号" }, "geometry": { "type": "Point", "coordinates": [ 139.102072, 37.896984 ] } },
{ "type": "Feature", "properties": { "ID": "155YANCX00530", "正式名称": "しなの薬局　本町店", "機関区分": 5, "都道府県コード": 15, "市区町村コード": 103, "所在地": "新潟県新潟市中央区本町通６番町１１０８－１ぷらっと本町ビル１階", "緯度": 37.920656, "経度": 139.046415, "url": "https://www.iryou.teikyouseido.mhlw.go.jp/znk-web/juminkanja/S2430/initialize?prefCd=15&kikanCd=YANCX00530&kikanKbn=5", "url2": "https://www.shinano-pharmacy.com/", "内容": "しなの薬局　本町店【5:薬局】新潟県新潟市中央区本町通６番町１１０８－１ぷらっと本町ビル１階" }, "geometry": { "type": "Point", "coordinates": [ 139.046415, 37.920656 ] } },
{ "type": "Feature", "properties": { "ID": "155YANCX00533", "正式名称": "新津薬局　おぎかわ店", "機関区分": 5, "都道府県コード": 15, "市区町村コード": 105, "所在地": "新潟県新潟市秋葉区中野３－１１－２５", "緯度": 37.833712, "経度": 139.111656, "url": "https://www.iryou.teikyouseido.mhlw.go.jp/znk-web/juminkanja/S2430/initialize?prefCd=15&kikanCd=YANCX00533&kikanKbn=5", "url2": null, "内容": "新津薬局　おぎかわ店【5:薬局】新潟県新潟市秋葉区中野３－１１－２５" }, "geometry": { "type": "Point", "coordinates": [ 139.111656, 37.833712 ] } },
{ "type": "Feature", "properties": { "ID": "155YANCX00535", "正式名称": "クスリのアオキ　女池薬局", "機関区分": 5, "都道府県コード": 15, "市区町村コード": 103, "所在地": "新潟県新潟市中央区女池南１丁目６番６号", "緯度": 37.894551, "経度": 139.048753, "url": "https://www.iryou.teikyouseido.mhlw.go.jp/znk-web/juminkanja/S2430/initialize?prefCd=15&kikanCd=YANCX00535&kikanKbn=5", "url2": "https://www.kusuri-aoki.co.jp/", "内容": "クスリのアオキ　女池薬局【5:薬局】新潟県新潟市中央区女池南１丁目６番６号" }, "geometry": { "type": "Point", "coordinates": [ 139.048753, 37.894551 ] } },
{ "type": "Feature", "properties": { "ID": "155YANCX00538", "正式名称": "早通調剤薬局", "機関区分": 5, "都道府県コード": 15, "市区町村コード": 101, "所在地": "新潟県新潟市北区早通北１−３−８早通調剤薬局", "緯度": 37.922637, "経度": 139.178975, "url": "https://www.iryou.teikyouseido.mhlw.go.jp/znk-web/juminkanja/S2430/initialize?prefCd=15&kikanCd=YANCX00538&kikanKbn=5", "url2": null, "内容": "早通調剤薬局【5:薬局】新潟県新潟市北区早通北１−３−８早通調剤薬局" }, "geometry": { "type": "Point", "coordinates": [ 139.178975, 37.922637 ] } },
{ "type": "Feature", "properties": { "ID": "155YANCX00539", "正式名称": "メイプル薬局空港前店", "機関区分": 5, "都道府県コード": 15, "市区町村コード": 102, "所在地": "新潟県新潟市東区太平３丁目２７９ー１３ー３", "緯度": 37.946207, "経度": 139.110542, "url": "https://www.iryou.teikyouseido.mhlw.go.jp/znk-web/juminkanja/S2430/initialize?prefCd=15&kikanCd=YANCX00539&kikanKbn=5", "url2": null, "内容": "メイプル薬局空港前店【5:薬局】新潟県新潟市東区太平３丁目２７９ー１３ー３" }, "geometry": { "type": "Point", "coordinates": [ 139.110542, 37.946207 ] } },
{ "type": "Feature", "properties": { "ID": "155YANCX00540", "正式名称": "あおぞら薬局", "機関区分": 5, "都道府県コード": 15, "市区町村コード": 104, "所在地": "新潟県新潟市江南区泉町１丁目１番５号", "緯度": 37.867154, "経度": 139.095834, "url": "https://www.iryou.teikyouseido.mhlw.go.jp/znk-web/juminkanja/S2430/initialize?prefCd=15&kikanCd=YANCX00540&kikanKbn=5", "url2": null, "内容": "あおぞら薬局【5:薬局】新潟県新潟市江南区泉町１丁目１番５号" }, "geometry": { "type": "Point", "coordinates": [ 139.095834, 37.867154 ] } },
{ "type": "Feature", "properties": { "ID": "155YANCX00542", "正式名称": "はまなす薬局", "機関区分": 5, "都道府県コード": 15, "市区町村コード": 107, "所在地": "新潟県新潟市西区内野町５３－１２", "緯度": 37.862306, "経度": 138.943102, "url": "https://www.iryou.teikyouseido.mhlw.go.jp/znk-web/juminkanja/S2430/initialize?prefCd=15&kikanCd=YANCX00542&kikanKbn=5", "url2": "https://www.imedtec.co.jp/", "内容": "はまなす薬局【5:薬局】新潟県新潟市西区内野町５３－１２" }, "geometry": { "type": "Point", "coordinates": [ 138.943102, 37.862306 ] } },
{ "type": "Feature", "properties": { "ID": "155YANCX00545", "正式名称": "たんぽぽ調剤薬局", "機関区分": 5, "都道府県コード": 15, "市区町村コード": 101, "所在地": "新潟県新潟市北区嘉山２１９８番地７号", "緯度": 37.916581, "経度": 139.225556, "url": "https://www.iryou.teikyouseido.mhlw.go.jp/znk-web/juminkanja/S2430/initialize?prefCd=15&kikanCd=YANCX00545&kikanKbn=5", "url2": null, "内容": "たんぽぽ調剤薬局【5:薬局】新潟県新潟市北区嘉山２１９８番地７号" }, "geometry": { "type": "Point", "coordinates": [ 139.225556, 37.916581 ] } },
{ "type": "Feature", "properties": { "ID": "155YANCX00548", "正式名称": "くずづか調剤薬局", "機関区分": 5, "都道府県コード": 15, "市区町村コード": 101, "所在地": "新潟県新潟市北区嘉山２２３０－６", "緯度": 37.917336, "経度": 139.224877, "url": "https://www.iryou.teikyouseido.mhlw.go.jp/znk-web/juminkanja/S2430/initialize?prefCd=15&kikanCd=YANCX00548&kikanKbn=5", "url2": "http://www.honcho-pharmacy.co.jp", "内容": "くずづか調剤薬局【5:薬局】新潟県新潟市北区嘉山２２３０－６" }, "geometry": { "type": "Point", "coordinates": [ 139.224877, 37.917336 ] } },
{ "type": "Feature", "properties": { "ID": "155YANCX00554", "正式名称": "アイン薬局　豊栄店", "機関区分": 5, "都道府県コード": 15, "市区町村コード": 101, "所在地": "新潟県新潟市北区石動１－１６－６", "緯度": 37.921749, "経度": 139.213161, "url": "https://www.iryou.teikyouseido.mhlw.go.jp/znk-web/juminkanja/S2430/initialize?prefCd=15&kikanCd=YANCX00554&kikanKbn=5", "url2": "http://www.ainj.co.jp/", "内容": "アイン薬局　豊栄店【5:薬局】新潟県新潟市北区石動１－１６－６" }, "geometry": { "type": "Point", "coordinates": [ 139.213161, 37.921749 ] } },
{ "type": "Feature", "properties": { "ID": "155YANCX00557", "正式名称": "ＡＬＰＨＡＳ薬局　木崎店", "機関区分": 5, "都道府県コード": 15, "市区町村コード": 101, "所在地": "新潟県新潟市北区内島見２５１４ー２", "緯度": 37.94049, "経度": 139.200138, "url": "https://www.iryou.teikyouseido.mhlw.go.jp/znk-web/juminkanja/S2430/initialize?prefCd=15&kikanCd=YANCX00557&kikanKbn=5", "url2": "http://www.nmi-net.com", "内容": "ＡＬＰＨＡＳ薬局　木崎店【5:薬局】新潟県新潟市北区内島見２５１４ー２" }, "geometry": { "type": "Point", "coordinates": [ 139.200138, 37.94049 ] } },
{ "type": "Feature", "properties": { "ID": "155YANCX00558", "正式名称": "巻駅前調剤薬局", "機関区分": 5, "都道府県コード": 15, "市区町村コード": 108, "所在地": "新潟県新潟市西蒲区巻甲２５１７－１", "緯度": 37.756592, "経度": 138.888821, "url": "https://www.iryou.teikyouseido.mhlw.go.jp/znk-web/juminkanja/S2430/initialize?prefCd=15&kikanCd=YANCX00558&kikanKbn=5", "url2": null, "内容": "巻駅前調剤薬局【5:薬局】新潟県新潟市西蒲区巻甲２５１７－１" }, "geometry": { "type": "Point", "coordinates": [ 138.888821, 37.756592 ] } },
{ "type": "Feature", "properties": { "ID": "155YANCX00559", "正式名称": "なのはな薬局", "機関区分": 5, "都道府県コード": 15, "市区町村コード": 101, "所在地": "新潟県新潟市北区葛塚４３７４", "緯度": 37.920749, "経度": 139.215521, "url": "https://www.iryou.teikyouseido.mhlw.go.jp/znk-web/juminkanja/S2430/initialize?prefCd=15&kikanCd=YANCX00559&kikanKbn=5", "url2": null, "内容": "なのはな薬局【5:薬局】新潟県新潟市北区葛塚４３７４" }, "geometry": { "type": "Point", "coordinates": [ 139.215521, 37.920749 ] } },
{ "type": "Feature", "properties": { "ID": "155YANCX00565", "正式名称": "ウエルシア薬局　新潟大学前店", "機関区分": 5, "都道府県コード": 15, "市区町村コード": 107, "所在地": "新潟県新潟市西区坂井７４６－１", "緯度": 37.866319, "経度": 138.953636, "url": "https://www.iryou.teikyouseido.mhlw.go.jp/znk-web/juminkanja/S2430/initialize?prefCd=15&kikanCd=YANCX00565&kikanKbn=5", "url2": null, "内容": "ウエルシア薬局　新潟大学前店【5:薬局】新潟県新潟市西区坂井７４６－１" }, "geometry": { "type": "Point", "coordinates": [ 138.953636, 37.866319 ] } },
{ "type": "Feature", "properties": { "ID": "155YANCX00571", "正式名称": "クローバー薬局", "機関区分": 5, "都道府県コード": 15, "市区町村コード": 106, "所在地": "新潟県新潟市南区能登二丁目８ー８", "緯度": 37.768239, "経度": 139.017044, "url": "https://www.iryou.teikyouseido.mhlw.go.jp/znk-web/juminkanja/S2430/initialize?prefCd=15&kikanCd=YANCX00571&kikanKbn=5", "url2": null, "内容": "クローバー薬局【5:薬局】新潟県新潟市南区能登二丁目８ー８" }, "geometry": { "type": "Point", "coordinates": [ 139.017044, 37.768239 ] } },
{ "type": "Feature", "properties": { "ID": "155YANCX00572", "正式名称": "こかげ調剤薬局", "機関区分": 5, "都道府県コード": 15, "市区町村コード": 107, "所在地": "新潟県新潟市西区小新南２－５－２２", "緯度": 37.868266, "経度": 138.992385, "url": "https://www.iryou.teikyouseido.mhlw.go.jp/znk-web/juminkanja/S2430/initialize?prefCd=15&kikanCd=YANCX00572&kikanKbn=5", "url2": "http://www.kyoueido.net", "内容": "こかげ調剤薬局【5:薬局】新潟県新潟市西区小新南２－５－２２" }, "geometry": { "type": "Point", "coordinates": [ 138.992385, 37.868266 ] } },
{ "type": "Feature", "properties": { "ID": "155YANCX00573", "正式名称": "しなの薬局　石山店", "機関区分": 5, "都道府県コード": 15, "市区町村コード": 102, "所在地": "新潟県新潟市東区猿ケ馬場２丁目１３番２５号", "緯度": 37.907683, "経度": 139.117361, "url": "https://www.iryou.teikyouseido.mhlw.go.jp/znk-web/juminkanja/S2430/initialize?prefCd=15&kikanCd=YANCX00573&kikanKbn=5", "url2": "https://www.shinano-pharmacy.com", "内容": "しなの薬局　石山店【5:薬局】新潟県新潟市東区猿ケ馬場２丁目１３番２５号" }, "geometry": { "type": "Point", "coordinates": [ 139.117361, 37.907683 ] } },
{ "type": "Feature", "properties": { "ID": "155YANCX00578", "正式名称": "袋津調剤薬局", "機関区分": 5, "都道府県コード": 15, "市区町村コード": 104, "所在地": "新潟県新潟市江南区袋津", "緯度": 37.862694, "経度": 139.13121, "url": "https://www.iryou.teikyouseido.mhlw.go.jp/znk-web/juminkanja/S2430/initialize?prefCd=15&kikanCd=YANCX00578&kikanKbn=5", "url2": null, "内容": "袋津調剤薬局【5:薬局】新潟県新潟市江南区袋津" }, "geometry": { "type": "Point", "coordinates": [ 139.13121, 37.862694 ] } },
{ "type": "Feature", "properties": { "ID": "155YANCX00580", "正式名称": "アサヒ調剤薬局　西笠巻店", "機関区分": 5, "都道府県コード": 15, "市区町村コード": 106, "所在地": "新潟県新潟市南区西笠巻字川原６６番地３", "緯度": 37.795246, "経度": 139.04666, "url": "https://www.iryou.teikyouseido.mhlw.go.jp/znk-web/juminkanja/S2430/initialize?prefCd=15&kikanCd=YANCX00580&kikanKbn=5", "url2": null, "内容": "アサヒ調剤薬局　西笠巻店【5:薬局】新潟県新潟市南区西笠巻字川原６６番地３" }, "geometry": { "type": "Point", "coordinates": [ 139.04666, 37.795246 ] } },
{ "type": "Feature", "properties": { "ID": "155YANCX00581", "正式名称": "アイリス薬局", "機関区分": 5, "都道府県コード": 15, "市区町村コード": 101, "所在地": "新潟県新潟市北区須戸６９５－４", "緯度": 37.916861, "経度": 139.186983, "url": "https://www.iryou.teikyouseido.mhlw.go.jp/znk-web/juminkanja/S2430/initialize?prefCd=15&kikanCd=YANCX00581&kikanKbn=5", "url2": null, "内容": "アイリス薬局【5:薬局】新潟県新潟市北区須戸６９５－４" }, "geometry": { "type": "Point", "coordinates": [ 139.186983, 37.916861 ] } },
{ "type": "Feature", "properties": { "ID": "155YANCX00585", "正式名称": "アイン薬局　松浜店", "機関区分": 5, "都道府県コード": 15, "市区町村コード": 101, "所在地": "新潟県新潟市北区太夫浜字山越１７２８－８", "緯度": 37.958, "経度": 139.16206, "url": "https://www.iryou.teikyouseido.mhlw.go.jp/znk-web/juminkanja/S2430/initialize?prefCd=15&kikanCd=YANCX00585&kikanKbn=5", "url2": "https://www.ainj.co.jp/", "内容": "アイン薬局　松浜店【5:薬局】新潟県新潟市北区太夫浜字山越１７２８－８" }, "geometry": { "type": "Point", "coordinates": [ 139.16206, 37.958 ] } },
{ "type": "Feature", "properties": { "ID": "155YANCX00586", "正式名称": "れもん薬局", "機関区分": 5, "都道府県コード": 15, "市区町村コード": 105, "所在地": "新潟県新潟市秋葉区東金沢１６８３番地１", "緯度": 37.803262, "経度": 139.143931, "url": "https://www.iryou.teikyouseido.mhlw.go.jp/znk-web/juminkanja/S2430/initialize?prefCd=15&kikanCd=YANCX00586&kikanKbn=5", "url2": null, "内容": "れもん薬局【5:薬局】新潟県新潟市秋葉区東金沢１６８３番地１" }, "geometry": { "type": "Point", "coordinates": [ 139.143931, 37.803262 ] } },
{ "type": "Feature", "properties": { "ID": "155YANCX00588", "正式名称": "ケンユウ青山薬局", "機関区分": 5, "都道府県コード": 15, "市区町村コード": 107, "所在地": "新潟県新潟市西区青山１丁目２－１９", "緯度": 37.895118, "経度": 139.001998, "url": "https://www.iryou.teikyouseido.mhlw.go.jp/znk-web/juminkanja/S2430/initialize?prefCd=15&kikanCd=YANCX00588&kikanKbn=5", "url2": "http://www.kennyuu.co.jp", "内容": "ケンユウ青山薬局【5:薬局】新潟県新潟市西区青山１丁目２－１９" }, "geometry": { "type": "Point", "coordinates": [ 139.001998, 37.895118 ] } },
{ "type": "Feature", "properties": { "ID": "155YANCX00590", "正式名称": "薬局マツモトキヨシ　近江店", "機関区分": 5, "都道府県コード": 15, "市区町村コード": 103, "所在地": "新潟県新潟市中央区上近江３－５－３", "緯度": 37.897414, "経度": 139.036013, "url": "https://www.iryou.teikyouseido.mhlw.go.jp/znk-web/juminkanja/S2430/initialize?prefCd=15&kikanCd=YANCX00590&kikanKbn=5", "url2": null, "内容": "薬局マツモトキヨシ　近江店【5:薬局】新潟県新潟市中央区上近江３－５－３" }, "geometry": { "type": "Point", "coordinates": [ 139.036013, 37.897414 ] } },
{ "type": "Feature", "properties": { "ID": "155YANCX00593", "正式名称": "はせがわ薬局", "機関区分": 5, "都道府県コード": 15, "市区町村コード": 108, "所在地": "新潟県新潟市西蒲区巻甲２２４８番地２", "緯度": 37.755353, "経度": 138.885631, "url": "https://www.iryou.teikyouseido.mhlw.go.jp/znk-web/juminkanja/S2430/initialize?prefCd=15&kikanCd=YANCX00593&kikanKbn=5", "url2": null, "内容": "はせがわ薬局【5:薬局】新潟県新潟市西蒲区巻甲２２４８番地２" }, "geometry": { "type": "Point", "coordinates": [ 138.885631, 37.755353 ] } },
{ "type": "Feature", "properties": { "ID": "155YANCX00595", "正式名称": "フェニックス調剤薬局", "機関区分": 5, "都道府県コード": 15, "市区町村コード": 105, "所在地": "新潟県新潟市秋葉区滝谷町４番２５号", "緯度": 37.78842, "経度": 139.14403, "url": "https://www.iryou.teikyouseido.mhlw.go.jp/znk-web/juminkanja/S2430/initialize?prefCd=15&kikanCd=YANCX00595&kikanKbn=5", "url2": "https://pharma-phoenix.com/", "内容": "フェニックス調剤薬局【5:薬局】新潟県新潟市秋葉区滝谷町４番２５号" }, "geometry": { "type": "Point", "coordinates": [ 139.14403, 37.78842 ] } },
{ "type": "Feature", "properties": { "ID": "155YANCX00596", "正式名称": "イオン薬局　白根店", "機関区分": 5, "都道府県コード": 15, "市区町村コード": 106, "所在地": "新潟県新潟市南区能登４０９－２", "緯度": 37.768141, "経度": 139.018874, "url": "https://www.iryou.teikyouseido.mhlw.go.jp/znk-web/juminkanja/S2430/initialize?prefCd=15&kikanCd=YANCX00596&kikanKbn=5", "url2": null, "内容": "イオン薬局　白根店【5:薬局】新潟県新潟市南区能登４０９－２" }, "geometry": { "type": "Point", "coordinates": [ 139.018874, 37.768141 ] } },
{ "type": "Feature", "properties": { "ID": "155YANCX00597", "正式名称": "アイン薬局　青山店", "機関区分": 5, "都道府県コード": 15, "市区町村コード": 107, "所在地": "新潟県新潟市西区青山４丁目１番２７号", "緯度": 37.898878, "経度": 138.999231, "url": "https://www.iryou.teikyouseido.mhlw.go.jp/znk-web/juminkanja/S2430/initialize?prefCd=15&kikanCd=YANCX00597&kikanKbn=5", "url2": "ainj.co.jp", "内容": "アイン薬局　青山店【5:薬局】新潟県新潟市西区青山４丁目１番２７号" }, "geometry": { "type": "Point", "coordinates": [ 138.999231, 37.898878 ] } },
{ "type": "Feature", "properties": { "ID": "155YANCX00599", "正式名称": "おおぶち調剤薬局", "機関区分": 5, "都道府県コード": 15, "市区町村コード": 104, "所在地": "新潟県新潟市江南区大渕字天神裏７２５ー１", "緯度": 37.891564, "経度": 139.143886, "url": "https://www.iryou.teikyouseido.mhlw.go.jp/znk-web/juminkanja/S2430/initialize?prefCd=15&kikanCd=YANCX00599&kikanKbn=5", "url2": "https://kyoueido.net/shop/117/", "内容": "おおぶち調剤薬局【5:薬局】新潟県新潟市江南区大渕字天神裏７２５ー１" }, "geometry": { "type": "Point", "coordinates": [ 139.143886, 37.891564 ] } },
{ "type": "Feature", "properties": { "ID": "155YANCX00600", "正式名称": "さくら調剤薬局", "機関区分": 5, "都道府県コード": 15, "市区町村コード": 105, "所在地": "新潟県新潟市秋葉区古田２丁目７番１３号", "緯度": 37.793555, "経度": 139.108967, "url": "https://www.iryou.teikyouseido.mhlw.go.jp/znk-web/juminkanja/S2430/initialize?prefCd=15&kikanCd=YANCX00600&kikanKbn=5", "url2": null, "内容": "さくら調剤薬局【5:薬局】新潟県新潟市秋葉区古田２丁目７番１３号" }, "geometry": { "type": "Point", "coordinates": [ 139.108967, 37.793555 ] } },
{ "type": "Feature", "properties": { "ID": "155YANCX00603", "正式名称": "イオン薬局　新潟青山店", "機関区分": 5, "都道府県コード": 15, "市区町村コード": 107, "所在地": "新潟県新潟市西区青山２－５－１", "緯度": 37.896378, "経度": 139.004998, "url": "https://www.iryou.teikyouseido.mhlw.go.jp/znk-web/juminkanja/S2430/initialize?prefCd=15&kikanCd=YANCX00603&kikanKbn=5", "url2": "https://www.aeon.com/store/%E3%82%A4%E3%82%AA%E3%83%B3/%E3%82%A4%E3%82%AA%E3%83%B3%E6%96%B0%E6%BD%9F%E9%9D%92%E5%B1%B1%E5%BA%97/", "内容": "イオン薬局　新潟青山店【5:薬局】新潟県新潟市西区青山２－５－１" }, "geometry": { "type": "Point", "coordinates": [ 139.004998, 37.896378 ] } },
{ "type": "Feature", "properties": { "ID": "155YANCX00604", "正式名称": "あるも薬局　善久店", "機関区分": 5, "都道府県コード": 15, "市区町村コード": 107, "所在地": "新潟県新潟市西区善久１０８－９", "緯度": 37.859612, "経度": 139.016601, "url": "https://www.iryou.teikyouseido.mhlw.go.jp/znk-web/juminkanja/S2430/initialize?prefCd=15&kikanCd=YANCX00604&kikanKbn=5", "url2": "http://www.almo-ph.com/", "内容": "あるも薬局　善久店【5:薬局】新潟県新潟市西区善久１０８－９" }, "geometry": { "type": "Point", "coordinates": [ 139.016601, 37.859612 ] } },
{ "type": "Feature", "properties": { "ID": "155YANCX00605", "正式名称": "みずほ調剤薬局", "機関区分": 5, "都道府県コード": 15, "市区町村コード": 104, "所在地": "新潟県新潟市江南区楚川甲１８０", "緯度": 37.859146, "経度": 139.0304, "url": "https://www.iryou.teikyouseido.mhlw.go.jp/znk-web/juminkanja/S2430/initialize?prefCd=15&kikanCd=YANCX00605&kikanKbn=5", "url2": "https://msupport-aid.com", "内容": "みずほ調剤薬局【5:薬局】新潟県新潟市江南区楚川甲１８０" }, "geometry": { "type": "Point", "coordinates": [ 139.0304, 37.859146 ] } },
{ "type": "Feature", "properties": { "ID": "155YANCX00606", "正式名称": "豊栄調剤薬局", "機関区分": 5, "都道府県コード": 15, "市区町村コード": 101, "所在地": "新潟県新潟市北区白新町４丁目６番１５号", "緯度": 37.913845, "経度": 139.212427, "url": "https://www.iryou.teikyouseido.mhlw.go.jp/znk-web/juminkanja/S2430/initialize?prefCd=15&kikanCd=YANCX00606&kikanKbn=5", "url2": "https://www.bell-post.jp/home", "内容": "豊栄調剤薬局【5:薬局】新潟県新潟市北区白新町４丁目６番１５号" }, "geometry": { "type": "Point", "coordinates": [ 139.212427, 37.913845 ] } },
{ "type": "Feature", "properties": { "ID": "155YANCX00607", "正式名称": "ウエルシア薬局　新潟横七番町店", "機関区分": 5, "都道府県コード": 15, "市区町村コード": 103, "所在地": "新潟県新潟市中央区元下島町４６２５－１", "緯度": 37.932631, "経度": 139.052206, "url": "https://www.iryou.teikyouseido.mhlw.go.jp/znk-web/juminkanja/S2430/initialize?prefCd=15&kikanCd=YANCX00607&kikanKbn=5", "url2": null, "内容": "ウエルシア薬局　新潟横七番町店【5:薬局】新潟県新潟市中央区元下島町４６２５－１" }, "geometry": { "type": "Point", "coordinates": [ 139.052206, 37.932631 ] } },
{ "type": "Feature", "properties": { "ID": "155YANCX00611", "正式名称": "ココカラファイン薬局　寺地店", "機関区分": 5, "都道府県コード": 15, "市区町村コード": 107, "所在地": "新潟県新潟市西区寺地５０１番地", "緯度": 37.880731, "経度": 139.005576, "url": "https://www.iryou.teikyouseido.mhlw.go.jp/znk-web/juminkanja/S2430/initialize?prefCd=15&kikanCd=YANCX00611&kikanKbn=5", "url2": "https://www.matsukiyococokara-online.com/", "内容": "ココカラファイン薬局　寺地店【5:薬局】新潟県新潟市西区寺地５０１番地" }, "geometry": { "type": "Point", "coordinates": [ 139.005576, 37.880731 ] } },
{ "type": "Feature", "properties": { "ID": "155YANCX00612", "正式名称": "ココカラファイン薬局　豊栄店", "機関区分": 5, "都道府県コード": 15, "市区町村コード": 101, "所在地": "新潟県新潟市北区石動２丁目４－１", "緯度": 37.922564, "経度": 139.211886, "url": "https://www.iryou.teikyouseido.mhlw.go.jp/znk-web/juminkanja/S2430/initialize?prefCd=15&kikanCd=YANCX00612&kikanKbn=5", "url2": null, "内容": "ココカラファイン薬局　豊栄店【5:薬局】新潟県新潟市北区石動２丁目４－１" }, "geometry": { "type": "Point", "coordinates": [ 139.211886, 37.922564 ] } },
{ "type": "Feature", "properties": { "ID": "155YANCX00613", "正式名称": "ココカラファイン薬局　中山店", "機関区分": 5, "都道府県コード": 15, "市区町村コード": 102, "所在地": "新潟県新潟市東区中山６丁目３－１７", "緯度": 37.913363, "経度": 139.080787, "url": "https://www.iryou.teikyouseido.mhlw.go.jp/znk-web/juminkanja/S2430/initialize?prefCd=15&kikanCd=YANCX00613&kikanKbn=5", "url2": "https://www.matsukiyococokara-online.com/map?kid=20002045", "内容": "ココカラファイン薬局　中山店【5:薬局】新潟県新潟市東区中山６丁目３－１７" }, "geometry": { "type": "Point", "coordinates": [ 139.080787, 37.913363 ] } },
{ "type": "Feature", "properties": { "ID": "155YANCX00615", "正式名称": "コダマ調剤薬局　山田店", "機関区分": 5, "都道府県コード": 15, "市区町村コード": 107, "所在地": "新潟県新潟市西区山田４０８番地１", "緯度": 37.868681, "経度": 139.016124, "url": "https://www.iryou.teikyouseido.mhlw.go.jp/znk-web/juminkanja/S2430/initialize?prefCd=15&kikanCd=YANCX00615&kikanKbn=5", "url2": null, "内容": "コダマ調剤薬局　山田店【5:薬局】新潟県新潟市西区山田４０８番地１" }, "geometry": { "type": "Point", "coordinates": [ 139.016124, 37.868681 ] } },
{ "type": "Feature", "properties": { "ID": "155YANCX00616", "正式名称": "ココカラファイン薬局新通店", "機関区分": 5, "都道府県コード": 15, "市区町村コード": 107, "所在地": "新潟県新潟市西区新通南２丁目１８番２４号", "緯度": 37.859328, "経度": 138.958513, "url": "https://www.iryou.teikyouseido.mhlw.go.jp/znk-web/juminkanja/S2430/initialize?prefCd=15&kikanCd=YANCX00616&kikanKbn=5", "url2": null, "内容": "ココカラファイン薬局新通店【5:薬局】新潟県新潟市西区新通南２丁目１８番２４号" }, "geometry": { "type": "Point", "coordinates": [ 138.958513, 37.859328 ] } },
{ "type": "Feature", "properties": { "ID": "155YANCX00618", "正式名称": "共創未来　くずつか薬局", "機関区分": 5, "都道府県コード": 15, "市区町村コード": 101, "所在地": "新潟県新潟市北区石動１－１６－７", "緯度": 37.921789, "経度": 139.213014, "url": "https://www.iryou.teikyouseido.mhlw.go.jp/znk-web/juminkanja/S2430/initialize?prefCd=15&kikanCd=YANCX00618&kikanKbn=5", "url2": null, "内容": "共創未来　くずつか薬局【5:薬局】新潟県新潟市北区石動１－１６－７" }, "geometry": { "type": "Point", "coordinates": [ 139.213014, 37.921789 ] } },
{ "type": "Feature", "properties": { "ID": "155YANCX00619", "正式名称": "共創未来　豊栄中央薬局", "機関区分": 5, "都道府県コード": 15, "市区町村コード": 101, "所在地": "新潟県新潟市北区石動１－１６－５", "緯度": 37.921642, "経度": 139.213236, "url": "https://www.iryou.teikyouseido.mhlw.go.jp/znk-web/juminkanja/S2430/initialize?prefCd=15&kikanCd=YANCX00619&kikanKbn=5", "url2": "http://phmirai.co.jp/", "内容": "共創未来　豊栄中央薬局【5:薬局】新潟県新潟市北区石動１－１６－５" }, "geometry": { "type": "Point", "coordinates": [ 139.213236, 37.921642 ] } },
{ "type": "Feature", "properties": { "ID": "155YANCX00620", "正式名称": "共創未来　新潟北薬局", "機関区分": 5, "都道府県コード": 15, "市区町村コード": 101, "所在地": "新潟県新潟市北区葛塚３１８８番地１", "緯度": 37.916873, "経度": 139.219536, "url": "https://www.iryou.teikyouseido.mhlw.go.jp/znk-web/juminkanja/S2430/initialize?prefCd=15&kikanCd=YANCX00620&kikanKbn=5", "url2": "https://www.phmirai.co.jp/shops/detail.php?id=308", "内容": "共創未来　新潟北薬局【5:薬局】新潟県新潟市北区葛塚３１８８番地１" }, "geometry": { "type": "Point", "coordinates": [ 139.219536, 37.916873 ] } },
{ "type": "Feature", "properties": { "ID": "155YANCX00621", "正式名称": "共創未来　山のうえ薬局", "機関区分": 5, "都道府県コード": 15, "市区町村コード": 101, "所在地": "新潟県新潟市北区松浜１－１－１１", "緯度": 37.952447, "経度": 139.144019, "url": "https://www.iryou.teikyouseido.mhlw.go.jp/znk-web/juminkanja/S2430/initialize?prefCd=15&kikanCd=YANCX00621&kikanKbn=5", "url2": "https://phmirai.co.jp/store/209/", "内容": "共創未来　山のうえ薬局【5:薬局】新潟県新潟市北区松浜１－１－１１" }, "geometry": { "type": "Point", "coordinates": [ 139.144019, 37.952447 ] } },
{ "type": "Feature", "properties": { "ID": "155YANCX00622", "正式名称": "共創未来　臨港薬局", "機関区分": 5, "都道府県コード": 15, "市区町村コード": 102, "所在地": "新潟県新潟市東区桃山町２－１２６－６", "緯度": 37.945668, "経度": 139.077492, "url": "https://www.iryou.teikyouseido.mhlw.go.jp/znk-web/juminkanja/S2430/initialize?prefCd=15&kikanCd=YANCX00622&kikanKbn=5", "url2": "http://phmirai.co.jp/", "内容": "共創未来　臨港薬局【5:薬局】新潟県新潟市東区桃山町２－１２６－６" }, "geometry": { "type": "Point", "coordinates": [ 139.077492, 37.945668 ] } },
{ "type": "Feature", "properties": { "ID": "155YANCX00624", "正式名称": "共創未来　川岸町薬局", "機関区分": 5, "都道府県コード": 15, "市区町村コード": 103, "所在地": "新潟県新潟市中央区川岸町２－１１－１４", "緯度": 37.911299, "経度": 139.02987, "url": "https://www.iryou.teikyouseido.mhlw.go.jp/znk-web/juminkanja/S2430/initialize?prefCd=15&kikanCd=YANCX00624&kikanKbn=5", "url2": null, "内容": "共創未来　川岸町薬局【5:薬局】新潟県新潟市中央区川岸町２－１１－１４" }, "geometry": { "type": "Point", "coordinates": [ 139.02987, 37.911299 ] } },
{ "type": "Feature", "properties": { "ID": "155YANCX00626", "正式名称": "共創未来　木戸西薬局", "機関区分": 5, "都道府県コード": 15, "市区町村コード": 102, "所在地": "新潟県新潟市東区竹尾４丁目１２番１２号", "緯度": 37.915178, "経度": 139.098047, "url": "https://www.iryou.teikyouseido.mhlw.go.jp/znk-web/juminkanja/S2430/initialize?prefCd=15&kikanCd=YANCX00626&kikanKbn=5", "url2": "http://www.phmirai-f.co.jp/", "内容": "共創未来　木戸西薬局【5:薬局】新潟県新潟市東区竹尾４丁目１２番１２号" }, "geometry": { "type": "Point", "coordinates": [ 139.098047, 37.915178 ] } },
{ "type": "Feature", "properties": { "ID": "155YANCX00627", "正式名称": "共創未来　木戸南薬局", "機関区分": 5, "都道府県コード": 15, "市区町村コード": 102, "所在地": "新潟県新潟市東区竹尾４丁目１４番３号", "緯度": 37.914753, "経度": 139.099678, "url": "https://www.iryou.teikyouseido.mhlw.go.jp/znk-web/juminkanja/S2430/initialize?prefCd=15&kikanCd=YANCX00627&kikanKbn=5", "url2": "https://www.phmirai.co.jp/", "内容": "共創未来　木戸南薬局【5:薬局】新潟県新潟市東区竹尾４丁目１４番３号" }, "geometry": { "type": "Point", "coordinates": [ 139.099678, 37.914753 ] } },
{ "type": "Feature", "properties": { "ID": "155YANCX00629", "正式名称": "共創未来　寺地薬局", "機関区分": 5, "都道府県コード": 15, "市区町村コード": 107, "所在地": "新潟県新潟市西区寺地４９８－２", "緯度": 37.88023, "経度": 139.00584, "url": "https://www.iryou.teikyouseido.mhlw.go.jp/znk-web/juminkanja/S2430/initialize?prefCd=15&kikanCd=YANCX00629&kikanKbn=5", "url2": null, "内容": "共創未来　寺地薬局【5:薬局】新潟県新潟市西区寺地４９８－２" }, "geometry": { "type": "Point", "coordinates": [ 139.00584, 37.88023 ] } },
{ "type": "Feature", "properties": { "ID": "155YANCX00631", "正式名称": "共創未来　市民薬局", "機関区分": 5, "都道府県コード": 15, "市区町村コード": 103, "所在地": "新潟県新潟市中央区湖南２７－１", "緯度": 37.87367, "経度": 139.042131, "url": "https://www.iryou.teikyouseido.mhlw.go.jp/znk-web/juminkanja/S2430/initialize?prefCd=15&kikanCd=YANCX00631&kikanKbn=5", "url2": "http://www.phmirai.co.jp/", "内容": "共創未来　市民薬局【5:薬局】新潟県新潟市中央区湖南２７－１" }, "geometry": { "type": "Point", "coordinates": [ 139.042131, 37.87367 ] } },
{ "type": "Feature", "properties": { "ID": "155YANCX00632", "正式名称": "共創未来　湖南薬局", "機関区分": 5, "都道府県コード": 15, "市区町村コード": 103, "所在地": "新潟県新潟市中央区湖南２７－２", "緯度": 37.865847, "経度": 139.124908, "url": "https://www.iryou.teikyouseido.mhlw.go.jp/znk-web/juminkanja/S2430/initialize?prefCd=15&kikanCd=YANCX00632&kikanKbn=5", "url2": "https://www.phmirai.co.jp/shops/detail.php?id=289", "内容": "共創未来　湖南薬局【5:薬局】新潟県新潟市中央区湖南２７－２" }, "geometry": { "type": "Point", "coordinates": [ 139.124908, 37.865847 ] } },
{ "type": "Feature", "properties": { "ID": "155YANCX00633", "正式名称": "共創未来　鐘木薬局", "機関区分": 5, "都道府県コード": 15, "市区町村コード": 104, "所在地": "新潟県新潟市江南区鐘木６３６－８", "緯度": 37.868274, "経度": 139.03888, "url": "https://www.iryou.teikyouseido.mhlw.go.jp/znk-web/juminkanja/S2430/initialize?prefCd=15&kikanCd=YANCX00633&kikanKbn=5", "url2": "http://www.phmirai-f.co.jp", "内容": "共創未来　鐘木薬局【5:薬局】新潟県新潟市江南区鐘木６３６－８" }, "geometry": { "type": "Point", "coordinates": [ 139.03888, 37.868274 ] } },
{ "type": "Feature", "properties": { "ID": "155YANCX00636", "正式名称": "共創未来　小針薬局", "機関区分": 5, "都道府県コード": 15, "市区町村コード": 107, "所在地": "新潟県新潟市西区小針６丁目３３⁻１８", "緯度": 37.881058, "経度": 138.994277, "url": "https://www.iryou.teikyouseido.mhlw.go.jp/znk-web/juminkanja/S2430/initialize?prefCd=15&kikanCd=YANCX00636&kikanKbn=5", "url2": null, "内容": "共創未来　小針薬局【5:薬局】新潟県新潟市西区小針６丁目３３⁻１８" }, "geometry": { "type": "Point", "coordinates": [ 138.994277, 37.881058 ] } },
{ "type": "Feature", "properties": { "ID": "155YANCX00637", "正式名称": "共創未来　笹口薬局", "機関区分": 5, "都道府県コード": 15, "市区町村コード": 103, "所在地": "新潟県新潟市中央区笹口３－２２", "緯度": 37.910987, "経度": 139.070022, "url": "https://www.iryou.teikyouseido.mhlw.go.jp/znk-web/juminkanja/S2430/initialize?prefCd=15&kikanCd=YANCX00637&kikanKbn=5", "url2": "http://www.phmirai.co.jp", "内容": "共創未来　笹口薬局【5:薬局】新潟県新潟市中央区笹口３－２２" }, "geometry": { "type": "Point", "coordinates": [ 139.070022, 37.910987 ] } },
{ "type": "Feature", "properties": { "ID": "155YANCX00643", "正式名称": "共創未来　有明薬局", "機関区分": 5, "都道府県コード": 15, "市区町村コード": 107, "所在地": "新潟県新潟市西区松美台３－１８", "緯度": 37.896696, "経度": 138.992465, "url": "https://www.iryou.teikyouseido.mhlw.go.jp/znk-web/juminkanja/S2430/initialize?prefCd=15&kikanCd=YANCX00643&kikanKbn=5", "url2": "http://www.phmirai.co.jp", "内容": "共創未来　有明薬局【5:薬局】新潟県新潟市西区松美台３－１８" }, "geometry": { "type": "Point", "coordinates": [ 138.992465, 37.896696 ] } },
{ "type": "Feature", "properties": { "ID": "155YANCX00645", "正式名称": "共創未来　能登薬局", "機関区分": 5, "都道府県コード": 15, "市区町村コード": 106, "所在地": "新潟県新潟市南区親和町７－１９", "緯度": 37.767328, "経度": 139.02065, "url": "https://www.iryou.teikyouseido.mhlw.go.jp/znk-web/juminkanja/S2430/initialize?prefCd=15&kikanCd=YANCX00645&kikanKbn=5", "url2": "https://www.phmirai.co.jp/", "内容": "共創未来　能登薬局【5:薬局】新潟県新潟市南区親和町７－１９" }, "geometry": { "type": "Point", "coordinates": [ 139.02065, 37.767328 ] } },
{ "type": "Feature", "properties": { "ID": "155YANCX00646", "正式名称": "共創未来　新津薬局", "機関区分": 5, "都道府県コード": 15, "市区町村コード": 105, "所在地": "新潟県新潟市秋葉区古田３－４－１６", "緯度": 37.795454, "経度": 139.107796, "url": "https://www.iryou.teikyouseido.mhlw.go.jp/znk-web/juminkanja/S2430/initialize?prefCd=15&kikanCd=YANCX00646&kikanKbn=5", "url2": "http://phmirai.co.jp/", "内容": "共創未来　新津薬局【5:薬局】新潟県新潟市秋葉区古田３－４－１６" }, "geometry": { "type": "Point", "coordinates": [ 139.107796, 37.795454 ] } },
{ "type": "Feature", "properties": { "ID": "155YANCX00647", "正式名称": "共創未来　上所薬局", "機関区分": 5, "都道府県コード": 15, "市区町村コード": 103, "所在地": "新潟県新潟市中央区上所上２－１３－７", "緯度": 37.902614, "経度": 139.034022, "url": "https://www.iryou.teikyouseido.mhlw.go.jp/znk-web/juminkanja/S2430/initialize?prefCd=15&kikanCd=YANCX00647&kikanKbn=5", "url2": "https://www.phmirai.co.jp/", "内容": "共創未来　上所薬局【5:薬局】新潟県新潟市中央区上所上２－１３－７" }, "geometry": { "type": "Point", "coordinates": [ 139.034022, 37.902614 ] } },
{ "type": "Feature", "properties": { "ID": "155YANCX00648", "正式名称": "共創未来　とやの薬局", "機関区分": 5, "都道府県コード": 15, "市区町村コード": 103, "所在地": "新潟県新潟市中央区鳥屋野字中沼４４９－１", "緯度": 37.886322, "経度": 139.034092, "url": "https://www.iryou.teikyouseido.mhlw.go.jp/znk-web/juminkanja/S2430/initialize?prefCd=15&kikanCd=YANCX00648&kikanKbn=5", "url2": "https://www.phmirai.co.jp/", "内容": "共創未来　とやの薬局【5:薬局】新潟県新潟市中央区鳥屋野字中沼４４９－１" }, "geometry": { "type": "Point", "coordinates": [ 139.034092, 37.886322 ] } },
{ "type": "Feature", "properties": { "ID": "155YANCX00649", "正式名称": "共創未来　けやき薬局", "機関区分": 5, "都道府県コード": 15, "市区町村コード": 105, "所在地": "新潟県新潟市秋葉区新津本町１－３－４０", "緯度": 37.799567, "経度": 139.122797, "url": "https://www.iryou.teikyouseido.mhlw.go.jp/znk-web/juminkanja/S2430/initialize?prefCd=15&kikanCd=YANCX00649&kikanKbn=5", "url2": null, "内容": "共創未来　けやき薬局【5:薬局】新潟県新潟市秋葉区新津本町１－３－４０" }, "geometry": { "type": "Point", "coordinates": [ 139.122797, 37.799567 ] } },
{ "type": "Feature", "properties": { "ID": "155YANCX00650", "正式名称": "共創未来　小須戸薬局", "機関区分": 5, "都道府県コード": 15, "市区町村コード": 105, "所在地": "新潟県新潟市秋葉区小須戸１０７－３", "緯度": 37.755058, "経度": 139.071064, "url": "https://www.iryou.teikyouseido.mhlw.go.jp/znk-web/juminkanja/S2430/initialize?prefCd=15&kikanCd=YANCX00650&kikanKbn=5", "url2": "https://www.phmirai.co.jp/shops/detail.php?id=364", "内容": "共創未来　小須戸薬局【5:薬局】新潟県新潟市秋葉区小須戸１０７－３" }, "geometry": { "type": "Point", "coordinates": [ 139.071064, 37.755058 ] } },
{ "type": "Feature", "properties": { "ID": "155YANCX00651", "正式名称": "クスリのアオキ　空港通り薬局", "機関区分": 5, "都道府県コード": 15, "市区町村コード": 102, "所在地": "新潟県新潟市東区浜谷町２丁目１番１１号", "緯度": 37.945395, "経度": 139.091202, "url": "https://www.iryou.teikyouseido.mhlw.go.jp/znk-web/juminkanja/S2430/initialize?prefCd=15&kikanCd=YANCX00651&kikanKbn=5", "url2": "https://www.kusuri-aoki.co.jp/", "内容": "クスリのアオキ　空港通り薬局【5:薬局】新潟県新潟市東区浜谷町２丁目１番１１号" }, "geometry": { "type": "Point", "coordinates": [ 139.091202, 37.945395 ] } },
{ "type": "Feature", "properties": { "ID": "155YANCX00653", "正式名称": "アイン薬局　小張木店", "機関区分": 5, "都道府県コード": 15, "市区町村コード": 103, "所在地": "新潟県新潟市中央区小張木２－１０－９", "緯度": 37.886439, "経度": 139.044903, "url": "https://www.iryou.teikyouseido.mhlw.go.jp/znk-web/juminkanja/S2430/initialize?prefCd=15&kikanCd=YANCX00653&kikanKbn=5", "url2": "https://www.ainj.co.jp/", "内容": "アイン薬局　小張木店【5:薬局】新潟県新潟市中央区小張木２－１０－９" }, "geometry": { "type": "Point", "coordinates": [ 139.044903, 37.886439 ] } },
{ "type": "Feature", "properties": { "ID": "155YANCX00654", "正式名称": "ＡＬＰＨＡＳ薬局　海老ケ瀬店", "機関区分": 5, "都道府県コード": 15, "市区町村コード": 102, "所在地": "新潟県新潟市東区海老ケ瀬３００９", "緯度": 37.932754, "経度": 139.122977, "url": "https://www.iryou.teikyouseido.mhlw.go.jp/znk-web/juminkanja/S2430/initialize?prefCd=15&kikanCd=YANCX00654&kikanKbn=5", "url2": "http://www.nmi-net.com", "内容": "ＡＬＰＨＡＳ薬局　海老ケ瀬店【5:薬局】新潟県新潟市東区海老ケ瀬３００９" }, "geometry": { "type": "Point", "coordinates": [ 139.122977, 37.932754 ] } },
{ "type": "Feature", "properties": { "ID": "155YANCX00655", "正式名称": "しなの薬局　中野山店", "機関区分": 5, "都道府県コード": 15, "市区町村コード": 102, "所在地": "新潟県新潟市東区若葉町１丁目２０番６号", "緯度": 37.896469, "経度": 139.112003, "url": "https://www.iryou.teikyouseido.mhlw.go.jp/znk-web/juminkanja/S2430/initialize?prefCd=15&kikanCd=YANCX00655&kikanKbn=5", "url2": "https://www.shinano-pharmacy.com/store/", "内容": "しなの薬局　中野山店【5:薬局】新潟県新潟市東区若葉町１丁目２０番６号" }, "geometry": { "type": "Point", "coordinates": [ 139.112003, 37.896469 ] } },
{ "type": "Feature", "properties": { "ID": "155YANCX00656", "正式名称": "八千代調剤薬局", "機関区分": 5, "都道府県コード": 15, "市区町村コード": 103, "所在地": "新潟県新潟市中央区関屋田町１丁目６番２号", "緯度": 37.915146, "経度": 139.026048, "url": "https://www.iryou.teikyouseido.mhlw.go.jp/znk-web/juminkanja/S2430/initialize?prefCd=15&kikanCd=YANCX00656&kikanKbn=5", "url2": null, "内容": "八千代調剤薬局【5:薬局】新潟県新潟市中央区関屋田町１丁目６番２号" }, "geometry": { "type": "Point", "coordinates": [ 139.026048, 37.915146 ] } },
{ "type": "Feature", "properties": { "ID": "155YANCX00661", "正式名称": "えびす調剤薬局", "機関区分": 5, "都道府県コード": 15, "市区町村コード": 107, "所在地": "新潟県新潟市西区小針１－３３－２３", "緯度": 37.889382, "経度": 139.000652, "url": "https://www.iryou.teikyouseido.mhlw.go.jp/znk-web/juminkanja/S2430/initialize?prefCd=15&kikanCd=YANCX00661&kikanKbn=5", "url2": "https://msupport-aid.com/%e5%ba%97%e8%88%97%e4%b8%80%e8%a6%a7/%e3%81%88%e3%81%b3%e3%81%99%e8%aa%bf%e5%89%a4%e8%96%ac%e5%b1%80", "内容": "えびす調剤薬局【5:薬局】新潟県新潟市西区小針１－３３－２３" }, "geometry": { "type": "Point", "coordinates": [ 139.000652, 37.889382 ] } },
{ "type": "Feature", "properties": { "ID": "155YANCX00662", "正式名称": "みつばち薬局", "機関区分": 5, "都道府県コード": 15, "市区町村コード": 101, "所在地": "新潟県新潟市北区太田字法花鳥屋甲５６３２－３", "緯度": 37.9208, "経度": 139.222308, "url": "https://www.iryou.teikyouseido.mhlw.go.jp/znk-web/juminkanja/S2430/initialize?prefCd=15&kikanCd=YANCX00662&kikanKbn=5", "url2": null, "内容": "みつばち薬局【5:薬局】新潟県新潟市北区太田字法花鳥屋甲５６３２－３" }, "geometry": { "type": "Point", "coordinates": [ 139.222308, 37.9208 ] } },
{ "type": "Feature", "properties": { "ID": "155YANCX00663", "正式名称": "しなの薬局　新大前店", "機関区分": 5, "都道府県コード": 15, "市区町村コード": 103, "所在地": "新潟県新潟市中央区旭町通一番町７５４番地３", "緯度": 37.918197, "経度": 139.036142, "url": "https://www.iryou.teikyouseido.mhlw.go.jp/znk-web/juminkanja/S2430/initialize?prefCd=15&kikanCd=YANCX00663&kikanKbn=5", "url2": "https://www.shinano-pharmacy.com/", "内容": "しなの薬局　新大前店【5:薬局】新潟県新潟市中央区旭町通一番町７５４番地３" }, "geometry": { "type": "Point", "coordinates": [ 139.036142, 37.918197 ] } },
{ "type": "Feature", "properties": { "ID": "155YANCX00664", "正式名称": "アイン薬局　新大前店", "機関区分": 5, "都道府県コード": 15, "市区町村コード": 103, "所在地": "新潟県新潟市中央区旭町通一番町７５４番地３", "緯度": 37.919283, "経度": 139.035169, "url": "https://www.iryou.teikyouseido.mhlw.go.jp/znk-web/juminkanja/S2430/initialize?prefCd=15&kikanCd=YANCX00664&kikanKbn=5", "url2": "www.ainj.co.jp", "内容": "アイン薬局　新大前店【5:薬局】新潟県新潟市中央区旭町通一番町７５４番地３" }, "geometry": { "type": "Point", "coordinates": [ 139.035169, 37.919283 ] } },
{ "type": "Feature", "properties": { "ID": "155YANCX00666", "正式名称": "ファーマ・ステーション　レイク薬局", "機関区分": 5, "都道府県コード": 15, "市区町村コード": 107, "所在地": "新潟県新潟市西区赤塚５６１４－３", "緯度": 37.820604, "経度": 138.876848, "url": "https://www.iryou.teikyouseido.mhlw.go.jp/znk-web/juminkanja/S2430/initialize?prefCd=15&kikanCd=YANCX00666&kikanKbn=5", "url2": null, "内容": "ファーマ・ステーション　レイク薬局【5:薬局】新潟県新潟市西区赤塚５６１４－３" }, "geometry": { "type": "Point", "coordinates": [ 138.876848, 37.820604 ] } },
{ "type": "Feature", "properties": { "ID": "155YANCX00667", "正式名称": "しなの薬局　メディアシップ店", "機関区分": 5, "都道府県コード": 15, "市区町村コード": 103, "所在地": "新潟県新潟市中央区万代３－１－１　メディアシップ３階", "緯度": 37.918591, "経度": 139.056057, "url": "https://www.iryou.teikyouseido.mhlw.go.jp/znk-web/juminkanja/S2430/initialize?prefCd=15&kikanCd=YANCX00667&kikanKbn=5", "url2": "https://www.shinano-pharmacy.com/", "内容": "しなの薬局　メディアシップ店【5:薬局】新潟県新潟市中央区万代３－１－１　メディアシップ３階" }, "geometry": { "type": "Point", "coordinates": [ 139.056057, 37.918591 ] } },
{ "type": "Feature", "properties": { "ID": "155YANCX00669", "正式名称": "青山調剤薬局", "機関区分": 5, "都道府県コード": 15, "市区町村コード": 107, "所在地": "新潟県新潟市西区青山７丁目３番２０号６", "緯度": 37.899507, "経度": 138.993811, "url": "https://www.iryou.teikyouseido.mhlw.go.jp/znk-web/juminkanja/S2430/initialize?prefCd=15&kikanCd=YANCX00669&kikanKbn=5", "url2": "http://www.imedtec.co.jp/", "内容": "青山調剤薬局【5:薬局】新潟県新潟市西区青山７丁目３番２０号６" }, "geometry": { "type": "Point", "coordinates": [ 138.993811, 37.899507 ] } },
{ "type": "Feature", "properties": { "ID": "155YANCX00673", "正式名称": "ウエルシア薬局新潟亀貝店", "機関区分": 5, "都道府県コード": 15, "市区町村コード": 107, "所在地": "新潟県新潟市西区亀貝１２３４番地１", "緯度": 37.866897, "経度": 138.983459, "url": "https://www.iryou.teikyouseido.mhlw.go.jp/znk-web/juminkanja/S2430/initialize?prefCd=15&kikanCd=YANCX00673&kikanKbn=5", "url2": "https://store.welcia.co.jp/welcia/spot/detail?code=145D", "内容": "ウエルシア薬局新潟亀貝店【5:薬局】新潟県新潟市西区亀貝１２３４番地１" }, "geometry": { "type": "Point", "coordinates": [ 138.983459, 37.866897 ] } },
{ "type": "Feature", "properties": { "ID": "155YANCX00675", "正式名称": "クスリのアオキ　さつき野薬局", "機関区分": 5, "都道府県コード": 15, "市区町村コード": 105, "所在地": "新潟県新潟市秋葉区さつき野４丁目２０番１号", "緯度": 37.807816, "経度": 139.116939, "url": "https://www.iryou.teikyouseido.mhlw.go.jp/znk-web/juminkanja/S2430/initialize?prefCd=15&kikanCd=YANCX00675&kikanKbn=5", "url2": "https://www.kusuri-aoki.co.jp/", "内容": "クスリのアオキ　さつき野薬局【5:薬局】新潟県新潟市秋葉区さつき野４丁目２０番１号" }, "geometry": { "type": "Point", "coordinates": [ 139.116939, 37.807816 ] } },
{ "type": "Feature", "properties": { "ID": "155YANCX00676", "正式名称": "石山調剤薬局", "機関区分": 5, "都道府県コード": 15, "市区町村コード": 102, "所在地": "新潟県新潟市東区石山４丁目４－１２", "緯度": 37.895668, "経度": 139.097737, "url": "https://www.iryou.teikyouseido.mhlw.go.jp/znk-web/juminkanja/S2430/initialize?prefCd=15&kikanCd=YANCX00676&kikanKbn=5", "url2": "https://www.sasakiku.co.jp/", "内容": "石山調剤薬局【5:薬局】新潟県新潟市東区石山４丁目４－１２" }, "geometry": { "type": "Point", "coordinates": [ 139.097737, 37.895668 ] } },
{ "type": "Feature", "properties": { "ID": "155YANCX00677", "正式名称": "小新白鳥薬局", "機関区分": 5, "都道府県コード": 15, "市区町村コード": 107, "所在地": "新潟県新潟市西区小新５ー８－６６", "緯度": 37.881343, "経度": 139.001633, "url": "https://www.iryou.teikyouseido.mhlw.go.jp/znk-web/juminkanja/S2430/initialize?prefCd=15&kikanCd=YANCX00677&kikanKbn=5", "url2": "https://kyoueido.net/shop/151/", "内容": "小新白鳥薬局【5:薬局】新潟県新潟市西区小新５ー８－６６" }, "geometry": { "type": "Point", "coordinates": [ 139.001633, 37.881343 ] } },
{ "type": "Feature", "properties": { "ID": "155YANCX00679", "正式名称": "白野薬局", "機関区分": 5, "都道府県コード": 15, "市区町村コード": 108, "所在地": "新潟県新潟市西蒲区東小吉１１８ー１", "緯度": 37.712713, "経度": 138.981227, "url": "https://www.iryou.teikyouseido.mhlw.go.jp/znk-web/juminkanja/S2430/initialize?prefCd=15&kikanCd=YANCX00679&kikanKbn=5", "url2": null, "内容": "白野薬局【5:薬局】新潟県新潟市西蒲区東小吉１１８ー１" }, "geometry": { "type": "Point", "coordinates": [ 138.981227, 37.712713 ] } },
{ "type": "Feature", "properties": { "ID": "155YANCX00681", "正式名称": "ウエルシア薬局　新潟秋葉通店", "機関区分": 5, "都道府県コード": 15, "市区町村コード": 102, "所在地": "新潟県新潟市東区秋葉通３－１２－２", "緯度": 37.942326, "経度": 139.084001, "url": "https://www.iryou.teikyouseido.mhlw.go.jp/znk-web/juminkanja/S2430/initialize?prefCd=15&kikanCd=YANCX00681&kikanKbn=5", "url2": "http://www.welcia-yakkyoku.co.jp/", "内容": "ウエルシア薬局　新潟秋葉通店【5:薬局】新潟県新潟市東区秋葉通３－１２－２" }, "geometry": { "type": "Point", "coordinates": [ 139.084001, 37.942326 ] } },
{ "type": "Feature", "properties": { "ID": "155YANCX00682", "正式名称": "ウエルシア薬局　新潟亀田駅前店", "機関区分": 5, "都道府県コード": 15, "市区町村コード": 104, "所在地": "新潟県新潟市江南区旭２－１－７", "緯度": 37.876213, "経度": 139.10487, "url": "https://www.iryou.teikyouseido.mhlw.go.jp/znk-web/juminkanja/S2430/initialize?prefCd=15&kikanCd=YANCX00682&kikanKbn=5", "url2": "https://store.welcia.co.jp/welcia/spot/detail?code=157D&category=01.02.06.18.20", "内容": "ウエルシア薬局　新潟亀田駅前店【5:薬局】新潟県新潟市江南区旭２－１－７" }, "geometry": { "type": "Point", "coordinates": [ 139.10487, 37.876213 ] } },
{ "type": "Feature", "properties": { "ID": "155YANCX00684", "正式名称": "しろね薬局", "機関区分": 5, "都道府県コード": 15, "市区町村コード": 106, "所在地": "新潟県新潟市南区上下諏訪木９２２番ー１", "緯度": 37.759983, "経度": 139.021995, "url": "https://www.iryou.teikyouseido.mhlw.go.jp/znk-web/juminkanja/S2430/initialize?prefCd=15&kikanCd=YANCX00684&kikanKbn=5", "url2": "https://www.imedtec.co.jp/company/outline.html", "内容": "しろね薬局【5:薬局】新潟県新潟市南区上下諏訪木９２２番ー１" }, "geometry": { "type": "Point", "coordinates": [ 139.021995, 37.759983 ] } },
{ "type": "Feature", "properties": { "ID": "155YANCX00687", "正式名称": "ウエルシア薬局　新潟上木戸店", "機関区分": 5, "都道府県コード": 15, "市区町村コード": 102, "所在地": "新潟県新潟市東区上木戸１－１２－５", "緯度": 37.924758, "経度": 139.103092, "url": "https://www.iryou.teikyouseido.mhlw.go.jp/znk-web/juminkanja/S2430/initialize?prefCd=15&kikanCd=YANCX00687&kikanKbn=5", "url2": "https://store.welcia.co.jp/welcia/spot/detail?code=154D", "内容": "ウエルシア薬局　新潟上木戸店【5:薬局】新潟県新潟市東区上木戸１－１２－５" }, "geometry": { "type": "Point", "coordinates": [ 139.103092, 37.924758 ] } },
{ "type": "Feature", "properties": { "ID": "155YANCX00689", "正式名称": "ありあけ調剤薬局まさご店", "機関区分": 5, "都道府県コード": 15, "市区町村コード": 107, "所在地": "新潟県新潟市西区真砂１－２１－５２－１", "緯度": 37.89196, "経度": 138.984685, "url": "https://www.iryou.teikyouseido.mhlw.go.jp/znk-web/juminkanja/S2430/initialize?prefCd=15&kikanCd=YANCX00689&kikanKbn=5", "url2": "https://kyoueido.net/shop/274/", "内容": "ありあけ調剤薬局まさご店【5:薬局】新潟県新潟市西区真砂１－２１－５２－１" }, "geometry": { "type": "Point", "coordinates": [ 138.984685, 37.89196 ] } },
{ "type": "Feature", "properties": { "ID": "155YANCX00690", "正式名称": "クスリのアオキ　馬越薬局", "機関区分": 5, "都道府県コード": 15, "市区町村コード": 103, "所在地": "新潟県新潟市中央区本馬越２丁目１１番１２号", "緯度": 37.911155, "経度": 139.076579, "url": "https://www.iryou.teikyouseido.mhlw.go.jp/znk-web/juminkanja/S2430/initialize?prefCd=15&kikanCd=YANCX00690&kikanKbn=5", "url2": "https://www.kusuri-aoki.co.jp/", "内容": "クスリのアオキ　馬越薬局【5:薬局】新潟県新潟市中央区本馬越２丁目１１番１２号" }, "geometry": { "type": "Point", "coordinates": [ 139.076579, 37.911155 ] } },
{ "type": "Feature", "properties": { "ID": "155YANCX00698", "正式名称": "しみず調剤薬局", "機関区分": 5, "都道府県コード": 15, "市区町村コード": 106, "所在地": "新潟県新潟市南区清水２５０ー８", "緯度": 37.709343, "経度": 138.988745, "url": "https://www.iryou.teikyouseido.mhlw.go.jp/znk-web/juminkanja/S2430/initialize?prefCd=15&kikanCd=YANCX00698&kikanKbn=5", "url2": "http://daikyopm.net", "内容": "しみず調剤薬局【5:薬局】新潟県新潟市南区清水２５０ー８" }, "geometry": { "type": "Point", "coordinates": [ 138.988745, 37.709343 ] } },
{ "type": "Feature", "properties": { "ID": "155YANCX00699", "正式名称": "河間調剤薬局", "機関区分": 5, "都道府県コード": 15, "市区町村コード": 108, "所在地": "新潟県新潟市西蒲区河間５４６", "緯度": 37.727034, "経度": 138.963197, "url": "https://www.iryou.teikyouseido.mhlw.go.jp/znk-web/juminkanja/S2430/initialize?prefCd=15&kikanCd=YANCX00699&kikanKbn=5", "url2": "http://daikyopm.net", "内容": "河間調剤薬局【5:薬局】新潟県新潟市西蒲区河間５４６" }, "geometry": { "type": "Point", "coordinates": [ 138.963197, 37.727034 ] } },
{ "type": "Feature", "properties": { "ID": "155YANCX00700", "正式名称": "ピーチ薬局", "機関区分": 5, "都道府県コード": 15, "市区町村コード": 106, "所在地": "新潟県新潟市南区親和町６－２０", "緯度": 37.767154, "経度": 139.019978, "url": "https://www.iryou.teikyouseido.mhlw.go.jp/znk-web/juminkanja/S2430/initialize?prefCd=15&kikanCd=YANCX00700&kikanKbn=5", "url2": null, "内容": "ピーチ薬局【5:薬局】新潟県新潟市南区親和町６－２０" }, "geometry": { "type": "Point", "coordinates": [ 139.019978, 37.767154 ] } },
{ "type": "Feature", "properties": { "ID": "155YANCX00701", "正式名称": "小吉調剤薬局", "機関区分": 5, "都道府県コード": 15, "市区町村コード": 108, "所在地": "新潟県新潟市西蒲区小吉１１４０ー１", "緯度": 37.706741, "経度": 138.979414, "url": "https://www.iryou.teikyouseido.mhlw.go.jp/znk-web/juminkanja/S2430/initialize?prefCd=15&kikanCd=YANCX00701&kikanKbn=5", "url2": "http://daikyopm.net", "内容": "小吉調剤薬局【5:薬局】新潟県新潟市西蒲区小吉１１４０ー１" }, "geometry": { "type": "Point", "coordinates": [ 138.979414, 37.706741 ] } },
{ "type": "Feature", "properties": { "ID": "155YANCX00703", "正式名称": "みさと調剤薬局", "機関区分": 5, "都道府県コード": 15, "市区町村コード": 108, "所在地": "新潟県新潟市西蒲区押付２６０ー１", "緯度": 37.786563, "経度": 138.921128, "url": "https://www.iryou.teikyouseido.mhlw.go.jp/znk-web/juminkanja/S2430/initialize?prefCd=15&kikanCd=YANCX00703&kikanKbn=5", "url2": "http://daikyopm.net", "内容": "みさと調剤薬局【5:薬局】新潟県新潟市西蒲区押付２６０ー１" }, "geometry": { "type": "Point", "coordinates": [ 138.921128, 37.786563 ] } },
{ "type": "Feature", "properties": { "ID": "155YANCX00706", "正式名称": "アサヒ調剤薬局", "機関区分": 5, "都道府県コード": 15, "市区町村コード": 106, "所在地": "新潟県新潟市南区上下諏訪木９４１－６", "緯度": 37.760321, "経度": 139.021052, "url": "https://www.iryou.teikyouseido.mhlw.go.jp/znk-web/juminkanja/S2430/initialize?prefCd=15&kikanCd=YANCX00706&kikanKbn=5", "url2": null, "内容": "アサヒ調剤薬局【5:薬局】新潟県新潟市南区上下諏訪木９４１－６" }, "geometry": { "type": "Point", "coordinates": [ 139.021052, 37.760321 ] } },
{ "type": "Feature", "properties": { "ID": "155YANCX00708", "正式名称": "大手薬局　黒埼店", "機関区分": 5, "都道府県コード": 15, "市区町村コード": 107, "所在地": "新潟県新潟市西区鳥原成巻１９１－８", "緯度": 37.849331, "経度": 139.013009, "url": "https://www.iryou.teikyouseido.mhlw.go.jp/znk-web/juminkanja/S2430/initialize?prefCd=15&kikanCd=YANCX00708&kikanKbn=5", "url2": null, "内容": "大手薬局　黒埼店【5:薬局】新潟県新潟市西区鳥原成巻１９１－８" }, "geometry": { "type": "Point", "coordinates": [ 139.013009, 37.849331 ] } },
{ "type": "Feature", "properties": { "ID": "155YANCX00709", "正式名称": "ボンド薬局まつはま", "機関区分": 5, "都道府県コード": 15, "市区町村コード": 101, "所在地": "新潟県新潟市北区西名目所５５０９－１", "緯度": 37.94359, "経度": 139.149663, "url": "https://www.iryou.teikyouseido.mhlw.go.jp/znk-web/juminkanja/S2430/initialize?prefCd=15&kikanCd=YANCX00709&kikanKbn=5", "url2": "https://www.bond-yakkyoku.com/about.html", "内容": "ボンド薬局まつはま【5:薬局】新潟県新潟市北区西名目所５５０９－１" }, "geometry": { "type": "Point", "coordinates": [ 139.149663, 37.94359 ] } },
{ "type": "Feature", "properties": { "ID": "155YANCX00711", "正式名称": "えちご石山薬局", "機関区分": 5, "都道府県コード": 15, "市区町村コード": 102, "所在地": "新潟県新潟市東区石山３丁目１－３６", "緯度": 37.894949, "経度": 139.094316, "url": "https://www.iryou.teikyouseido.mhlw.go.jp/znk-web/juminkanja/S2430/initialize?prefCd=15&kikanCd=YANCX00711&kikanKbn=5", "url2": null, "内容": "えちご石山薬局【5:薬局】新潟県新潟市東区石山３丁目１－３６" }, "geometry": { "type": "Point", "coordinates": [ 139.094316, 37.894949 ] } },
{ "type": "Feature", "properties": { "ID": "155YANCX00712", "正式名称": "しあわせ薬局", "機関区分": 5, "都道府県コード": 15, "市区町村コード": 103, "所在地": "新潟県新潟市中央区幸町７－２３", "緯度": 37.910065, "経度": 139.049783, "url": "https://www.iryou.teikyouseido.mhlw.go.jp/znk-web/juminkanja/S2430/initialize?prefCd=15&kikanCd=YANCX00712&kikanKbn=5", "url2": null, "内容": "しあわせ薬局【5:薬局】新潟県新潟市中央区幸町７－２３" }, "geometry": { "type": "Point", "coordinates": [ 139.049783, 37.910065 ] } },
{ "type": "Feature", "properties": { "ID": "155YANCX00713", "正式名称": "かみやま薬局", "機関区分": 5, "都道府県コード": 15, "市区町村コード": 103, "所在地": "新潟県新潟市中央区女池上山５－９－１０", "緯度": 37.894794, "経度": 139.026496, "url": "https://www.iryou.teikyouseido.mhlw.go.jp/znk-web/juminkanja/S2430/initialize?prefCd=15&kikanCd=YANCX00713&kikanKbn=5", "url2": "https://kyoueido.net/shop/1570/", "内容": "かみやま薬局【5:薬局】新潟県新潟市中央区女池上山５－９－１０" }, "geometry": { "type": "Point", "coordinates": [ 139.026496, 37.894794 ] } },
{ "type": "Feature", "properties": { "ID": "155YANCX00714", "正式名称": "逢谷内調剤薬局", "機関区分": 5, "都道府県コード": 15, "市区町村コード": 102, "所在地": "新潟県新潟市東区逢谷内６－８－３３", "緯度": 37.922219, "経度": 139.115353, "url": "https://www.iryou.teikyouseido.mhlw.go.jp/znk-web/juminkanja/S2430/initialize?prefCd=15&kikanCd=YANCX00714&kikanKbn=5", "url2": "https://kyoueido.net/shop/1563/", "内容": "逢谷内調剤薬局【5:薬局】新潟県新潟市東区逢谷内６－８－３３" }, "geometry": { "type": "Point", "coordinates": [ 139.115353, 37.922219 ] } },
{ "type": "Feature", "properties": { "ID": "155YANCX00715", "正式名称": "薬局マツモトキヨシ新潟中央インター店", "機関区分": 5, "都道府県コード": 15, "市区町村コード": 103, "所在地": "新潟県新潟市中央区湖南１４－１２", "緯度": 37.875594, "経度": 139.039564, "url": "https://www.iryou.teikyouseido.mhlw.go.jp/znk-web/juminkanja/S2430/initialize?prefCd=15&kikanCd=YANCX00715&kikanKbn=5", "url2": "https://www.matsukiyococokara-online.com/map?kid=20106667", "内容": "薬局マツモトキヨシ新潟中央インター店【5:薬局】新潟県新潟市中央区湖南１４－１２" }, "geometry": { "type": "Point", "coordinates": [ 139.039564, 37.875594 ] } },
{ "type": "Feature", "properties": { "ID": "155YANCX00716", "正式名称": "クスリのアオキ　新津薬局", "機関区分": 5, "都道府県コード": 15, "市区町村コード": 105, "所在地": "新潟県新潟市秋葉区新津４５２０番地３", "緯度": 37.79132, "経度": 139.113539, "url": "https://www.iryou.teikyouseido.mhlw.go.jp/znk-web/juminkanja/S2430/initialize?prefCd=15&kikanCd=YANCX00716&kikanKbn=5", "url2": "https://www.kusuri-aoki.co.jp/", "内容": "クスリのアオキ　新津薬局【5:薬局】新潟県新潟市秋葉区新津４５２０番地３" }, "geometry": { "type": "Point", "coordinates": [ 139.113539, 37.79132 ] } },
{ "type": "Feature", "properties": { "ID": "155YANCX00717", "正式名称": "曙調剤薬局", "機関区分": 5, "都道府県コード": 15, "市区町村コード": 103, "所在地": "新潟県新潟市中央区本町通１３番町３１４９番地", "緯度": 37.930732, "経度": 139.048852, "url": "https://www.iryou.teikyouseido.mhlw.go.jp/znk-web/juminkanja/S2430/initialize?prefCd=15&kikanCd=YANCX00717&kikanKbn=5", "url2": null, "内容": "曙調剤薬局【5:薬局】新潟県新潟市中央区本町通１３番町３１４９番地" }, "geometry": { "type": "Point", "coordinates": [ 139.048852, 37.930732 ] } },
{ "type": "Feature", "properties": { "ID": "155YANCX00720", "正式名称": "ファルマ亀田", "機関区分": 5, "都道府県コード": 15, "市区町村コード": 104, "所在地": "新潟県新潟市江南区亀田向陽３ー９ー２１", "緯度": 37.880579, "経度": 139.108376, "url": "https://www.iryou.teikyouseido.mhlw.go.jp/znk-web/juminkanja/S2430/initialize?prefCd=15&kikanCd=YANCX00720&kikanKbn=5", "url2": null, "内容": "ファルマ亀田【5:薬局】新潟県新潟市江南区亀田向陽３ー９ー２１" }, "geometry": { "type": "Point", "coordinates": [ 139.108376, 37.880579 ] } },
{ "type": "Feature", "properties": { "ID": "155YANCX00721", "正式名称": "株式会社本町調剤薬局本町店", "機関区分": 5, "都道府県コード": 15, "市区町村コード": 103, "所在地": "新潟県新潟市中央区本町通７番町１１４６", "緯度": 37.922453, "経度": 139.047169, "url": "https://www.iryou.teikyouseido.mhlw.go.jp/znk-web/juminkanja/S2430/initialize?prefCd=15&kikanCd=YANCX00721&kikanKbn=5", "url2": "http://www.honcho-pharmacy.co.jp", "内容": "株式会社本町調剤薬局本町店【5:薬局】新潟県新潟市中央区本町通７番町１１４６" }, "geometry": { "type": "Point", "coordinates": [ 139.047169, 37.922453 ] } },
{ "type": "Feature", "properties": { "ID": "155YANCX00723", "正式名称": "共栄堂薬局", "機関区分": 5, "都道府県コード": 15, "市区町村コード": 105, "所在地": "新潟県新潟市秋葉区新町１丁目６－６", "緯度": 37.798805, "経度": 139.128237, "url": "https://www.iryou.teikyouseido.mhlw.go.jp/znk-web/juminkanja/S2430/initialize?prefCd=15&kikanCd=YANCX00723&kikanKbn=5", "url2": null, "内容": "共栄堂薬局【5:薬局】新潟県新潟市秋葉区新町１丁目６－６" }, "geometry": { "type": "Point", "coordinates": [ 139.128237, 37.798805 ] } },
{ "type": "Feature", "properties": { "ID": "155YANCX00724", "正式名称": "ウエルシア薬局　新潟西内野店", "機関区分": 5, "都道府県コード": 15, "市区町村コード": 107, "所在地": "新潟県新潟市西区内野西が丘３－２０－７", "緯度": 37.846734, "経度": 138.922705, "url": "https://www.iryou.teikyouseido.mhlw.go.jp/znk-web/juminkanja/S2430/initialize?prefCd=15&kikanCd=YANCX00724&kikanKbn=5", "url2": "https://www.welcia-yakkyoku.co.jp/", "内容": "ウエルシア薬局　新潟西内野店【5:薬局】新潟県新潟市西区内野西が丘３－２０－７" }, "geometry": { "type": "Point", "coordinates": [ 138.922705, 37.846734 ] } },
{ "type": "Feature", "properties": { "ID": "155YANCX00725", "正式名称": "カワチ薬局　松崎店", "機関区分": 5, "都道府県コード": 15, "市区町村コード": 102, "所在地": "新潟県新潟市東区新松崎１－６－１７", "緯度": 37.930367, "経度": 139.115802, "url": "https://www.iryou.teikyouseido.mhlw.go.jp/znk-web/juminkanja/S2430/initialize?prefCd=15&kikanCd=YANCX00725&kikanKbn=5", "url2": "https://www.cawachi.co.jp", "内容": "カワチ薬局　松崎店【5:薬局】新潟県新潟市東区新松崎１－６－１７" }, "geometry": { "type": "Point", "coordinates": [ 139.115802, 37.930367 ] } },
{ "type": "Feature", "properties": { "ID": "155YANCX00727", "正式名称": "リバーサイド薬局", "機関区分": 5, "都道府県コード": 15, "市区町村コード": 103, "所在地": "新潟県新潟市中央区文京町２７－３０", "緯度": 37.908933, "経度": 139.008475, "url": "https://www.iryou.teikyouseido.mhlw.go.jp/znk-web/juminkanja/S2430/initialize?prefCd=15&kikanCd=YANCX00727&kikanKbn=5", "url2": null, "内容": "リバーサイド薬局【5:薬局】新潟県新潟市中央区文京町２７－３０" }, "geometry": { "type": "Point", "coordinates": [ 139.008475, 37.908933 ] } },
{ "type": "Feature", "properties": { "ID": "155YANCX00729", "正式名称": "大手薬局　平島店", "機関区分": 5, "都道府県コード": 15, "市区町村コード": 107, "所在地": "新潟県新潟市西区平島１丁目１８－２３", "緯度": 37.890464, "経度": 139.005358, "url": "https://www.iryou.teikyouseido.mhlw.go.jp/znk-web/juminkanja/S2430/initialize?prefCd=15&kikanCd=YANCX00729&kikanKbn=5", "url2": null, "内容": "大手薬局　平島店【5:薬局】新潟県新潟市西区平島１丁目１８－２３" }, "geometry": { "type": "Point", "coordinates": [ 139.005358, 37.890464 ] } },
{ "type": "Feature", "properties": { "ID": "155YANCX00730", "正式名称": "かめだ調剤薬局", "機関区分": 5, "都道府県コード": 15, "市区町村コード": 104, "所在地": "新潟県新潟市江南区西町３丁目１番４号", "緯度": 37.874942, "経度": 139.1036, "url": "https://www.iryou.teikyouseido.mhlw.go.jp/znk-web/juminkanja/S2430/initialize?prefCd=15&kikanCd=YANCX00730&kikanKbn=5", "url2": "https://kyoueido.net/shop/107/", "内容": "かめだ調剤薬局【5:薬局】新潟県新潟市江南区西町３丁目１番４号" }, "geometry": { "type": "Point", "coordinates": [ 139.1036, 37.874942 ] } },
{ "type": "Feature", "properties": { "ID": "155YANCX00731", "正式名称": "つけふね薬局", "機関区分": 5, "都道府県コード": 15, "市区町村コード": 103, "所在地": "新潟県新潟市中央区附船町１丁目４４２０番３号", "緯度": 37.934833, "経度": 139.056193, "url": "https://www.iryou.teikyouseido.mhlw.go.jp/znk-web/juminkanja/S2430/initialize?prefCd=15&kikanCd=YANCX00731&kikanKbn=5", "url2": "http://www.medicalplan.co.jp>medical", "内容": "つけふね薬局【5:薬局】新潟県新潟市中央区附船町１丁目４４２０番３号" }, "geometry": { "type": "Point", "coordinates": [ 139.056193, 37.934833 ] } },
{ "type": "Feature", "properties": { "ID": "155YANCX00732", "正式名称": "おおぼり薬局", "機関区分": 5, "都道府県コード": 15, "市区町村コード": 107, "所在地": "新潟県新潟市西区寺尾東３丁目８番２", "緯度": 37.872172, "経度": 138.97366, "url": "https://www.iryou.teikyouseido.mhlw.go.jp/znk-web/juminkanja/S2430/initialize?prefCd=15&kikanCd=YANCX00732&kikanKbn=5", "url2": "http://www.medicalplan.co.jp", "内容": "おおぼり薬局【5:薬局】新潟県新潟市西区寺尾東３丁目８番２" }, "geometry": { "type": "Point", "coordinates": [ 138.97366, 37.872172 ] } },
{ "type": "Feature", "properties": { "ID": "155YANCX00735", "正式名称": "花かいどう薬局", "機関区分": 5, "都道府県コード": 15, "市区町村コード": 102, "所在地": "新潟県新潟市東区空港西１—６－６", "緯度": 37.947075, "経度": 139.094425, "url": "https://www.iryou.teikyouseido.mhlw.go.jp/znk-web/juminkanja/S2430/initialize?prefCd=15&kikanCd=YANCX00735&kikanKbn=5", "url2": "http://www.medicalplan.co.jp/medical/index.html", "内容": "花かいどう薬局【5:薬局】新潟県新潟市東区空港西１—６－６" }, "geometry": { "type": "Point", "coordinates": [ 139.094425, 37.947075 ] } },
{ "type": "Feature", "properties": { "ID": "155YANCX00737", "正式名称": "みのり薬局", "機関区分": 5, "都道府県コード": 15, "市区町村コード": 105, "所在地": "新潟県新潟市秋葉区東金沢１６８１－１", "緯度": 37.803029, "経度": 139.144102, "url": "https://www.iryou.teikyouseido.mhlw.go.jp/znk-web/juminkanja/S2430/initialize?prefCd=15&kikanCd=YANCX00737&kikanKbn=5", "url2": "http://www.medicalplan.co.jp", "内容": "みのり薬局【5:薬局】新潟県新潟市秋葉区東金沢１６８１－１" }, "geometry": { "type": "Point", "coordinates": [ 139.144102, 37.803029 ] } },
{ "type": "Feature", "properties": { "ID": "155YANCX00738", "正式名称": "もみじ薬局", "機関区分": 5, "都道府県コード": 15, "市区町村コード": 105, "所在地": "新潟県新潟市秋葉区程島１９７７番地８", "緯度": 37.787192, "経度": 139.113883, "url": "https://www.iryou.teikyouseido.mhlw.go.jp/znk-web/juminkanja/S2430/initialize?prefCd=15&kikanCd=YANCX00738&kikanKbn=5", "url2": "https://www.momiji-pharmacy.com", "内容": "もみじ薬局【5:薬局】新潟県新潟市秋葉区程島１９７７番地８" }, "geometry": { "type": "Point", "coordinates": [ 139.113883, 37.787192 ] } },
{ "type": "Feature", "properties": { "ID": "155YANCX00739", "正式名称": "ケンユウ西蒲薬局", "機関区分": 5, "都道府県コード": 15, "市区町村コード": 108, "所在地": "新潟県新潟市西蒲区旗屋５０３－２", "緯度": 37.790592, "経度": 138.924439, "url": "https://www.iryou.teikyouseido.mhlw.go.jp/znk-web/juminkanja/S2430/initialize?prefCd=15&kikanCd=YANCX00739&kikanKbn=5", "url2": null, "内容": "ケンユウ西蒲薬局【5:薬局】新潟県新潟市西蒲区旗屋５０３－２" }, "geometry": { "type": "Point", "coordinates": [ 138.924439, 37.790592 ] } },
{ "type": "Feature", "properties": { "ID": "155YANCX00740", "正式名称": "あしはら調剤薬局", "機関区分": 5, "都道府県コード": 15, "市区町村コード": 103, "所在地": "新潟県新潟市中央区天神尾１丁目４番１１号", "緯度": 37.909078, "経度": 139.056364, "url": "https://www.iryou.teikyouseido.mhlw.go.jp/znk-web/juminkanja/S2430/initialize?prefCd=15&kikanCd=YANCX00740&kikanKbn=5", "url2": "https://msupport-aid.com/", "内容": "あしはら調剤薬局【5:薬局】新潟県新潟市中央区天神尾１丁目４番１１号" }, "geometry": { "type": "Point", "coordinates": [ 139.056364, 37.909078 ] } },
{ "type": "Feature", "properties": { "ID": "155YANCX00741", "正式名称": "コスモ調剤薬局", "機関区分": 5, "都道府県コード": 15, "市区町村コード": 105, "所在地": "新潟県新潟市秋葉区車場４－１１－６６", "緯度": 37.833455, "経度": 139.107001, "url": "https://www.iryou.teikyouseido.mhlw.go.jp/znk-web/juminkanja/S2430/initialize?prefCd=15&kikanCd=YANCX00741&kikanKbn=5", "url2": null, "内容": "コスモ調剤薬局【5:薬局】新潟県新潟市秋葉区車場４－１１－６６" }, "geometry": { "type": "Point", "coordinates": [ 139.107001, 37.833455 ] } },
{ "type": "Feature", "properties": { "ID": "155YANCX00744", "正式名称": "ほんそん調剤薬局", "機関区分": 5, "都道府県コード": 15, "市区町村コード": 103, "所在地": "新潟県新潟市中央区関屋本村町１－６６－１", "緯度": 37.91264, "経度": 139.020465, "url": "https://www.iryou.teikyouseido.mhlw.go.jp/znk-web/juminkanja/S2430/initialize?prefCd=15&kikanCd=YANCX00744&kikanKbn=5", "url2": null, "内容": "ほんそん調剤薬局【5:薬局】新潟県新潟市中央区関屋本村町１－６６－１" }, "geometry": { "type": "Point", "coordinates": [ 139.020465, 37.91264 ] } },
{ "type": "Feature", "properties": { "ID": "155YANCX00745", "正式名称": "おぎかわ調剤薬局", "機関区分": 5, "都道府県コード": 15, "市区町村コード": 105, "所在地": "新潟県新潟市秋葉区中野２丁目１９－１", "緯度": 37.836502, "経度": 139.114543, "url": "https://www.iryou.teikyouseido.mhlw.go.jp/znk-web/juminkanja/S2430/initialize?prefCd=15&kikanCd=YANCX00745&kikanKbn=5", "url2": "http://kyoueido.net/shop/155/", "内容": "おぎかわ調剤薬局【5:薬局】新潟県新潟市秋葉区中野２丁目１９－１" }, "geometry": { "type": "Point", "coordinates": [ 139.114543, 37.836502 ] } },
{ "type": "Feature", "properties": { "ID": "155YANCX00746", "正式名称": "共栄堂薬局　ＮＥＸＴ店", "機関区分": 5, "都道府県コード": 15, "市区町村コード": 103, "所在地": "新潟県新潟市中央区西堀通６－８６６ＮＥＸＴ２１　１階", "緯度": 37.92369, "経度": 139.04419, "url": "https://www.iryou.teikyouseido.mhlw.go.jp/znk-web/juminkanja/S2430/initialize?prefCd=15&kikanCd=YANCX00746&kikanKbn=5", "url2": "https://kyoueido.net/shop/2050/", "内容": "共栄堂薬局　ＮＥＸＴ店【5:薬局】新潟県新潟市中央区西堀通６－８６６ＮＥＸＴ２１　１階" }, "geometry": { "type": "Point", "coordinates": [ 139.04419, 37.92369 ] } },
{ "type": "Feature", "properties": { "ID": "155YANCX00747", "正式名称": "クスリのアオキ　新潟大島薬局", "機関区分": 5, "都道府県コード": 15, "市区町村コード": 103, "所在地": "新潟県新潟市中央区大島１１１番地３", "緯度": 37.881663, "経度": 139.030656, "url": "https://www.iryou.teikyouseido.mhlw.go.jp/znk-web/juminkanja/S2430/initialize?prefCd=15&kikanCd=YANCX00747&kikanKbn=5", "url2": "https://www.kusuri-aoki.co.jp/", "内容": "クスリのアオキ　新潟大島薬局【5:薬局】新潟県新潟市中央区大島１１１番地３" }, "geometry": { "type": "Point", "coordinates": [ 139.030656, 37.881663 ] } },
{ "type": "Feature", "properties": { "ID": "155YANCX00748", "正式名称": "健幸調剤薬局", "機関区分": 5, "都道府県コード": 15, "市区町村コード": 101, "所在地": "新潟県新潟市北区嘉山", "緯度": 37.90689, "経度": 139.22395, "url": "https://www.iryou.teikyouseido.mhlw.go.jp/znk-web/juminkanja/S2430/initialize?prefCd=15&kikanCd=YANCX00748&kikanKbn=5", "url2": "https://msupport-aid.com", "内容": "健幸調剤薬局【5:薬局】新潟県新潟市北区嘉山" }, "geometry": { "type": "Point", "coordinates": [ 139.22395, 37.90689 ] } },
{ "type": "Feature", "properties": { "ID": "155YANCX00750", "正式名称": "はづき調剤薬局　にいつ店", "機関区分": 5, "都道府県コード": 15, "市区町村コード": 105, "所在地": "新潟県新潟市秋葉区新津東町２－４－２２", "緯度": 37.801306, "経度": 139.141736, "url": "https://www.iryou.teikyouseido.mhlw.go.jp/znk-web/juminkanja/S2430/initialize?prefCd=15&kikanCd=YANCX00750&kikanKbn=5", "url2": "http://www.azoth-hadukipharmacy.jp/home", "内容": "はづき調剤薬局　にいつ店【5:薬局】新潟県新潟市秋葉区新津東町２－４－２２" }, "geometry": { "type": "Point", "coordinates": [ 139.141736, 37.801306 ] } },
{ "type": "Feature", "properties": { "ID": "155YANCX00751", "正式名称": "調剤薬局ツルハドラッグ　新潟関屋店", "機関区分": 5, "都道府県コード": 15, "市区町村コード": 103, "所在地": "新潟県新潟市中央区関屋浜松町７９－１", "緯度": 37.906539, "経度": 139.014985, "url": "https://www.iryou.teikyouseido.mhlw.go.jp/znk-web/juminkanja/S2430/initialize?prefCd=15&kikanCd=YANCX00751&kikanKbn=5", "url2": "http://www.tsuruha.co.jp", "内容": "調剤薬局ツルハドラッグ　新潟関屋店【5:薬局】新潟県新潟市中央区関屋浜松町７９－１" }, "geometry": { "type": "Point", "coordinates": [ 139.014985, 37.906539 ] } },
{ "type": "Feature", "properties": { "ID": "155YANCX00752", "正式名称": "ウエルシア薬局　青山店", "機関区分": 5, "都道府県コード": 15, "市区町村コード": 107, "所在地": "新潟県新潟市西区東青山１－２５－２", "緯度": 37.891295, "経度": 139.00267, "url": "https://www.iryou.teikyouseido.mhlw.go.jp/znk-web/juminkanja/S2430/initialize?prefCd=15&kikanCd=YANCX00752&kikanKbn=5", "url2": "https://store.welcia.co.jp/welcia/spot/detail?code=52D", "内容": "ウエルシア薬局　青山店【5:薬局】新潟県新潟市西区東青山１－２５－２" }, "geometry": { "type": "Point", "coordinates": [ 139.00267, 37.891295 ] } },
{ "type": "Feature", "properties": { "ID": "155YANCX00753", "正式名称": "しなの薬局　長潟中央店", "機関区分": 5, "都道府県コード": 15, "市区町村コード": 103, "所在地": "新潟県新潟市中央区長潟１２０５番地４", "緯度": 37.883519, "経度": 139.0675, "url": "https://www.iryou.teikyouseido.mhlw.go.jp/znk-web/juminkanja/S2430/initialize?prefCd=15&kikanCd=YANCX00753&kikanKbn=5", "url2": "https//www.shinano-pharmacy.com", "内容": "しなの薬局　長潟中央店【5:薬局】新潟県新潟市中央区長潟１２０５番地４" }, "geometry": { "type": "Point", "coordinates": [ 139.0675, 37.883519 ] } },
{ "type": "Feature", "properties": { "ID": "155YANCX00754", "正式名称": "ウエルシア薬局新潟関新１丁目店", "機関区分": 5, "都道府県コード": 15, "市区町村コード": 103, "所在地": "新潟県新潟市中央区関新１－２－４６", "緯度": 37.909687, "経度": 139.023331, "url": "https://www.iryou.teikyouseido.mhlw.go.jp/znk-web/juminkanja/S2430/initialize?prefCd=15&kikanCd=YANCX00754&kikanKbn=5", "url2": "http://www.welcia-yakkyoku.co.jp/", "内容": "ウエルシア薬局新潟関新１丁目店【5:薬局】新潟県新潟市中央区関新１－２－４６" }, "geometry": { "type": "Point", "coordinates": [ 139.023331, 37.909687 ] } },
{ "type": "Feature", "properties": { "ID": "155YANCX00755", "正式名称": "ウエルシア薬局　新潟太夫浜店", "機関区分": 5, "都道府県コード": 15, "市区町村コード": 101, "所在地": "新潟県新潟市北区太夫浜１６３９－５", "緯度": 37.956272, "経度": 139.155223, "url": "https://www.iryou.teikyouseido.mhlw.go.jp/znk-web/juminkanja/S2430/initialize?prefCd=15&kikanCd=YANCX00755&kikanKbn=5", "url2": "https://store.welcia.co.jp/welcia/spot/detail?code=177D", "内容": "ウエルシア薬局　新潟太夫浜店【5:薬局】新潟県新潟市北区太夫浜１６３９－５" }, "geometry": { "type": "Point", "coordinates": [ 139.155223, 37.956272 ] } },
{ "type": "Feature", "properties": { "ID": "155YANCX00756", "正式名称": "ひとみ薬局", "機関区分": 5, "都道府県コード": 15, "市区町村コード": 102, "所在地": "新潟県新潟市東区豊２丁目６－４１", "緯度": 37.924428, "経度": 139.112278, "url": "https://www.iryou.teikyouseido.mhlw.go.jp/znk-web/juminkanja/S2430/initialize?prefCd=15&kikanCd=YANCX00756&kikanKbn=5", "url2": null, "内容": "ひとみ薬局【5:薬局】新潟県新潟市東区豊２丁目６－４１" }, "geometry": { "type": "Point", "coordinates": [ 139.112278, 37.924428 ] } },
{ "type": "Feature", "properties": { "ID": "155YANCX00757", "正式名称": "ふたば薬局", "機関区分": 5, "都道府県コード": 15, "市区町村コード": 108, "所在地": "新潟県新潟市西蒲区巻甲２４６５番地１", "緯度": 37.756584, "経度": 138.88691, "url": "https://www.iryou.teikyouseido.mhlw.go.jp/znk-web/juminkanja/S2430/initialize?prefCd=15&kikanCd=YANCX00757&kikanKbn=5", "url2": "https://www.kk-marutake.co.jp/mseed/", "内容": "ふたば薬局【5:薬局】新潟県新潟市西蒲区巻甲２４６５番地１" }, "geometry": { "type": "Point", "coordinates": [ 138.88691, 37.756584 ] } },
{ "type": "Feature", "properties": { "ID": "155YANCX00759", "正式名称": "前田薬局　米山店", "機関区分": 5, "都道府県コード": 15, "市区町村コード": 103, "所在地": "新潟県新潟市中央区米山４丁目１３番５号", "緯度": 37.904424, "経度": 139.059738, "url": "https://www.iryou.teikyouseido.mhlw.go.jp/znk-web/juminkanja/S2430/initialize?prefCd=15&kikanCd=YANCX00759&kikanKbn=5", "url2": "http://www.m-yakkyoku-group.com/", "内容": "前田薬局　米山店【5:薬局】新潟県新潟市中央区米山４丁目１３番５号" }, "geometry": { "type": "Point", "coordinates": [ 139.059738, 37.904424 ] } },
{ "type": "Feature", "properties": { "ID": "155YANCX00761", "正式名称": "ウエルシア薬局　新潟南出来島店", "機関区分": 5, "都道府県コード": 15, "市区町村コード": 103, "所在地": "新潟県新潟市中央区南出来島２－５－２０", "緯度": 37.89501, "経度": 139.02603, "url": "https://www.iryou.teikyouseido.mhlw.go.jp/znk-web/juminkanja/S2430/initialize?prefCd=15&kikanCd=YANCX00761&kikanKbn=5", "url2": "https://store.welcia.co.jp/welcia/spot/detail?code=178D", "内容": "ウエルシア薬局　新潟南出来島店【5:薬局】新潟県新潟市中央区南出来島２－５－２０" }, "geometry": { "type": "Point", "coordinates": [ 139.02603, 37.89501 ] } },
{ "type": "Feature", "properties": { "ID": "155YANCX00762", "正式名称": "アイン薬局　医学町店", "機関区分": 5, "都道府県コード": 15, "市区町村コード": 103, "所在地": "新潟県新潟市中央区旭町通一番町７５４一１６", "緯度": 37.919708, "経度": 139.036821, "url": "https://www.iryou.teikyouseido.mhlw.go.jp/znk-web/juminkanja/S2430/initialize?prefCd=15&kikanCd=YANCX00762&kikanKbn=5", "url2": "www.ainj.co.jp", "内容": "アイン薬局　医学町店【5:薬局】新潟県新潟市中央区旭町通一番町７５４一１６" }, "geometry": { "type": "Point", "coordinates": [ 139.036821, 37.919708 ] } },
{ "type": "Feature", "properties": { "ID": "155YANCX00766", "正式名称": "クスリのアオキ　坂井砂山薬局", "機関区分": 5, "都道府県コード": 15, "市区町村コード": 107, "所在地": "新潟県新潟市西区坂井砂山２丁目１９番１８号", "緯度": 37.872467, "経度": 138.957994, "url": "https://www.iryou.teikyouseido.mhlw.go.jp/znk-web/juminkanja/S2430/initialize?prefCd=15&kikanCd=YANCX00766&kikanKbn=5", "url2": "https://www.kusuri-aoki.co.jp/", "内容": "クスリのアオキ　坂井砂山薬局【5:薬局】新潟県新潟市西区坂井砂山２丁目１９番１８号" }, "geometry": { "type": "Point", "coordinates": [ 138.957994, 37.872467 ] } },
{ "type": "Feature", "properties": { "ID": "155YANCX00767", "正式名称": "クスリのアオキ　松浜薬局", "機関区分": 5, "都道府県コード": 15, "市区町村コード": 101, "所在地": "新潟県新潟市北区松浜東町２丁目３番１０号", "緯度": 37.953219, "経度": 139.154469, "url": "https://www.iryou.teikyouseido.mhlw.go.jp/znk-web/juminkanja/S2430/initialize?prefCd=15&kikanCd=YANCX00767&kikanKbn=5", "url2": "https://www.kusuri-aoki.co.jp/", "内容": "クスリのアオキ　松浜薬局【5:薬局】新潟県新潟市北区松浜東町２丁目３番１０号" }, "geometry": { "type": "Point", "coordinates": [ 139.154469, 37.953219 ] } },
{ "type": "Feature", "properties": { "ID": "155YANCX00768", "正式名称": "ウエルシア薬局新潟白根店", "機関区分": 5, "都道府県コード": 15, "市区町村コード": 106, "所在地": "新潟県新潟市南区能登４２５－１", "緯度": 37.769019, "経度": 139.018523, "url": "https://www.iryou.teikyouseido.mhlw.go.jp/znk-web/juminkanja/S2430/initialize?prefCd=15&kikanCd=YANCX00768&kikanKbn=5", "url2": "https://store.welcia.co.jp/welcia/spot/detail?code=162D", "内容": "ウエルシア薬局新潟白根店【5:薬局】新潟県新潟市南区能登４２５－１" }, "geometry": { "type": "Point", "coordinates": [ 139.018523, 37.769019 ] } },
{ "type": "Feature", "properties": { "ID": "155YANCX00769", "正式名称": "千歳調剤薬局", "機関区分": 5, "都道府県コード": 15, "市区町村コード": 103, "所在地": "新潟県新潟市中央区女池上山５丁目３番１０号", "緯度": 37.893136, "経度": 139.029096, "url": "https://www.iryou.teikyouseido.mhlw.go.jp/znk-web/juminkanja/S2430/initialize?prefCd=15&kikanCd=YANCX00769&kikanKbn=5", "url2": "https://www.kk-marutake.co.jp/mseed/", "内容": "千歳調剤薬局【5:薬局】新潟県新潟市中央区女池上山５丁目３番１０号" }, "geometry": { "type": "Point", "coordinates": [ 139.029096, 37.893136 ] } },
{ "type": "Feature", "properties": { "ID": "155YANCX00770", "正式名称": "健康堂薬局　ときめき西店", "機関区分": 5, "都道府県コード": 15, "市区町村コード": 107, "所在地": "新潟県新潟市西区ときめき西１丁目１番１９号　ときめき西１丁目駒沢医療ビル１Ｆ", "緯度": 37.873604, "経度": 139.007706, "url": "https://www.iryou.teikyouseido.mhlw.go.jp/znk-web/juminkanja/S2430/initialize?prefCd=15&kikanCd=YANCX00770&kikanKbn=5", "url2": null, "内容": "健康堂薬局　ときめき西店【5:薬局】新潟県新潟市西区ときめき西１丁目１番１９号　ときめき西１丁目駒沢医療ビル１Ｆ" }, "geometry": { "type": "Point", "coordinates": [ 139.007706, 37.873604 ] } },
{ "type": "Feature", "properties": { "ID": "155YANCX00771", "正式名称": "共栄堂薬局　とやの店", "機関区分": 5, "都道府県コード": 15, "市区町村コード": 103, "所在地": "新潟県新潟市中央区鳥屋野２００７－１メディカルフォースビルディング１Ｆ・２Ｆ", "緯度": 37.883908, "経度": 139.033099, "url": "https://www.iryou.teikyouseido.mhlw.go.jp/znk-web/juminkanja/S2430/initialize?prefCd=15&kikanCd=YANCX00771&kikanKbn=5", "url2": "https://kyoueido.net/shop/3003/", "内容": "共栄堂薬局　とやの店【5:薬局】新潟県新潟市中央区鳥屋野２００７－１メディカルフォースビルディング１Ｆ・２Ｆ" }, "geometry": { "type": "Point", "coordinates": [ 139.033099, 37.883908 ] } },
{ "type": "Feature", "properties": { "ID": "155YANCX00773", "正式名称": "あやめ調剤薬局", "機関区分": 5, "都道府県コード": 15, "市区町村コード": 103, "所在地": "新潟県新潟市中央区女池神明１丁目６番地１４", "緯度": 37.889928, "経度": 139.036773, "url": "https://www.iryou.teikyouseido.mhlw.go.jp/znk-web/juminkanja/S2430/initialize?prefCd=15&kikanCd=YANCX00773&kikanKbn=5", "url2": "https://kyoueido.net/shop/3011/", "内容": "あやめ調剤薬局【5:薬局】新潟県新潟市中央区女池神明１丁目６番地１４" }, "geometry": { "type": "Point", "coordinates": [ 139.036773, 37.889928 ] } },
{ "type": "Feature", "properties": { "ID": "155YANCX00775", "正式名称": "アイン薬局　寺地店", "機関区分": 5, "都道府県コード": 15, "市区町村コード": 107, "所在地": "新潟県新潟市西区寺地４５３－６", "緯度": 37.879006, "経度": 139.005961, "url": "https://www.iryou.teikyouseido.mhlw.go.jp/znk-web/juminkanja/S2430/initialize?prefCd=15&kikanCd=YANCX00775&kikanKbn=5", "url2": "https://store.ainj.co.jp/detail/1101287/", "内容": "アイン薬局　寺地店【5:薬局】新潟県新潟市西区寺地４５３－６" }, "geometry": { "type": "Point", "coordinates": [ 139.005961, 37.879006 ] } },
{ "type": "Feature", "properties": { "ID": "155YANCX00776", "正式名称": "ウエルシア薬局　巻店", "機関区分": 5, "都道府県コード": 15, "市区町村コード": 108, "所在地": "新潟県新潟市西蒲区巻甲４７７７－１", "緯度": 37.763956, "経度": 138.895681, "url": "https://www.iryou.teikyouseido.mhlw.go.jp/znk-web/juminkanja/S2430/initialize?prefCd=15&kikanCd=YANCX00776&kikanKbn=5", "url2": null, "内容": "ウエルシア薬局　巻店【5:薬局】新潟県新潟市西蒲区巻甲４７７７－１" }, "geometry": { "type": "Point", "coordinates": [ 138.895681, 37.763956 ] } },
{ "type": "Feature", "properties": { "ID": "155YANCX00777", "正式名称": "トリム西蒲薬局", "機関区分": 5, "都道府県コード": 15, "市区町村コード": 108, "所在地": "新潟県新潟市西蒲区巻甲４３６８番地１５", "緯度": 37.754905, "経度": 138.893911, "url": "https://www.iryou.teikyouseido.mhlw.go.jp/znk-web/juminkanja/S2430/initialize?prefCd=15&kikanCd=YANCX00777&kikanKbn=5", "url2": "http://www.pharmarise.co.jp", "内容": "トリム西蒲薬局【5:薬局】新潟県新潟市西蒲区巻甲４３６８番地１５" }, "geometry": { "type": "Point", "coordinates": [ 138.893911, 37.754905 ] } },
{ "type": "Feature", "properties": { "ID": "155YANCX00779", "正式名称": "トリム薬局　白根大通店", "機関区分": 5, "都道府県コード": 15, "市区町村コード": 106, "所在地": "新潟県新潟市南区鷲ノ木新田字諏訪木島５７２３－３", "緯度": 37.838288, "経度": 139.020474, "url": "https://www.iryou.teikyouseido.mhlw.go.jp/znk-web/juminkanja/S2430/initialize?prefCd=15&kikanCd=YANCX00779&kikanKbn=5", "url2": "http://www.pharmarise.com/", "内容": "トリム薬局　白根大通店【5:薬局】新潟県新潟市南区鷲ノ木新田字諏訪木島５７２３－３" }, "geometry": { "type": "Point", "coordinates": [ 139.020474, 37.838288 ] } },
{ "type": "Feature", "properties": { "ID": "155YANCX00781", "正式名称": "さくら薬局", "機関区分": 5, "都道府県コード": 15, "市区町村コード": 106, "所在地": "新潟県新潟市南区白根１４７７番地１", "緯度": 37.760536, "経度": 139.01573, "url": "https://www.iryou.teikyouseido.mhlw.go.jp/znk-web/juminkanja/S2430/initialize?prefCd=15&kikanCd=YANCX00781&kikanKbn=5", "url2": "https://www.pharmarise.com/", "内容": "さくら薬局【5:薬局】新潟県新潟市南区白根１４７７番地１" }, "geometry": { "type": "Point", "coordinates": [ 139.01573, 37.760536 ] } },
{ "type": "Feature", "properties": { "ID": "155YANCX00782", "正式名称": "白根センター薬局", "機関区分": 5, "都道府県コード": 15, "市区町村コード": 106, "所在地": "新潟県新潟市南区上下諏訪木９２５－１", "緯度": 37.760013, "経度": 139.021521, "url": "https://www.iryou.teikyouseido.mhlw.go.jp/znk-web/juminkanja/S2430/initialize?prefCd=15&kikanCd=YANCX00782&kikanKbn=5", "url2": "https://www.pharmarise.com/company/store/store.php?store_id=551", "内容": "白根センター薬局【5:薬局】新潟県新潟市南区上下諏訪木９２５－１" }, "geometry": { "type": "Point", "coordinates": [ 139.021521, 37.760013 ] } },
{ "type": "Feature", "properties": { "ID": "155YANCX00783", "正式名称": "共栄堂薬局　松浜店", "機関区分": 5, "都道府県コード": 15, "市区町村コード": 101, "所在地": "新潟県新潟市北区松浜本町４丁目１番地５号", "緯度": 37.951411, "経度": 139.138783, "url": "https://www.iryou.teikyouseido.mhlw.go.jp/znk-web/juminkanja/S2430/initialize?prefCd=15&kikanCd=YANCX00783&kikanKbn=5", "url2": "https://kyoueido.net/shop/87/", "内容": "共栄堂薬局　松浜店【5:薬局】新潟県新潟市北区松浜本町４丁目１番地５号" }, "geometry": { "type": "Point", "coordinates": [ 139.138783, 37.951411 ] } },
{ "type": "Feature", "properties": { "ID": "155YANCX00784", "正式名称": "前田薬局　内野中央店", "機関区分": 5, "都道府県コード": 15, "市区町村コード": 107, "所在地": "新潟県新潟市西区内野町６１２番地１", "緯度": 37.859067, "経度": 138.940416, "url": "https://www.iryou.teikyouseido.mhlw.go.jp/znk-web/juminkanja/S2430/initialize?prefCd=15&kikanCd=YANCX00784&kikanKbn=5", "url2": "http://www.m-yakkyoku-group.com", "内容": "前田薬局　内野中央店【5:薬局】新潟県新潟市西区内野町６１２番地１" }, "geometry": { "type": "Point", "coordinates": [ 138.940416, 37.859067 ] } },
{ "type": "Feature", "properties": { "ID": "155YANCX00785", "正式名称": "竹石薬局", "機関区分": 5, "都道府県コード": 15, "市区町村コード": 103, "所在地": "新潟県新潟市中央区上近江４丁目１２番２０号デッキィ４０１　１階", "緯度": 37.898247, "経度": 139.029621, "url": "https://www.iryou.teikyouseido.mhlw.go.jp/znk-web/juminkanja/S2430/initialize?prefCd=15&kikanCd=YANCX00785&kikanKbn=5", "url2": "https://www.dekky401.com", "内容": "竹石薬局【5:薬局】新潟県新潟市中央区上近江４丁目１２番２０号デッキィ４０１　１階" }, "geometry": { "type": "Point", "coordinates": [ 139.029621, 37.898247 ] } },
{ "type": "Feature", "properties": { "ID": "155YANCX00786", "正式名称": "大手薬局　本町店", "機関区分": 5, "都道府県コード": 15, "市区町村コード": 103, "所在地": "新潟県新潟市中央区本町通６ー１１０３", "緯度": 37.921574, "経度": 139.04684, "url": "https://www.iryou.teikyouseido.mhlw.go.jp/znk-web/juminkanja/S2430/initialize?prefCd=15&kikanCd=YANCX00786&kikanKbn=5", "url2": null, "内容": "大手薬局　本町店【5:薬局】新潟県新潟市中央区本町通６ー１１０３" }, "geometry": { "type": "Point", "coordinates": [ 139.04684, 37.921574 ] } },
{ "type": "Feature", "properties": { "ID": "155YANCX00787", "正式名称": "共創未来　わかさ薬局", "機関区分": 5, "都道府県コード": 15, "市区町村コード": 103, "所在地": "新潟県新潟市中央区笹口３－１６－１６", "緯度": 37.911053, "経度": 139.068162, "url": "https://www.iryou.teikyouseido.mhlw.go.jp/znk-web/juminkanja/S2430/initialize?prefCd=15&kikanCd=YANCX00787&kikanKbn=5", "url2": null, "内容": "共創未来　わかさ薬局【5:薬局】新潟県新潟市中央区笹口３－１６－１６" }, "geometry": { "type": "Point", "coordinates": [ 139.068162, 37.911053 ] } },
{ "type": "Feature", "properties": { "ID": "155YANCX00788", "正式名称": "しなの薬局　長潟店", "機関区分": 5, "都道府県コード": 15, "市区町村コード": 103, "所在地": "新潟県新潟市中央区長潟１２０４番地５", "緯度": 37.884124, "経度": 139.067497, "url": "https://www.iryou.teikyouseido.mhlw.go.jp/znk-web/juminkanja/S2430/initialize?prefCd=15&kikanCd=YANCX00788&kikanKbn=5", "url2": "https://www.shinano-pharmacy.com/", "内容": "しなの薬局　長潟店【5:薬局】新潟県新潟市中央区長潟１２０４番地５" }, "geometry": { "type": "Point", "coordinates": [ 139.067497, 37.884124 ] } },
{ "type": "Feature", "properties": { "ID": "155YANCX00791", "正式名称": "メッツ西堀薬局", "機関区分": 5, "都道府県コード": 15, "市区町村コード": 103, "所在地": "新潟県新潟市中央区西堀前通６番町８９９番地", "緯度": 37.921199, "経度": 139.043882, "url": "https://www.iryou.teikyouseido.mhlw.go.jp/znk-web/juminkanja/S2430/initialize?prefCd=15&kikanCd=YANCX00791&kikanKbn=5", "url2": "https://medic-taiyo.co.jp/pharmacy/mets-nishibori/", "内容": "メッツ西堀薬局【5:薬局】新潟県新潟市中央区西堀前通６番町８９９番地" }, "geometry": { "type": "Point", "coordinates": [ 139.043882, 37.921199 ] } },
{ "type": "Feature", "properties": { "ID": "155YANCX00792", "正式名称": "メッツ古町薬局", "機関区分": 5, "都道府県コード": 15, "市区町村コード": 103, "所在地": "新潟県新潟市中央区西堀前通６−９０９コシジビル１階", "緯度": 37.923598, "経度": 139.044701, "url": "https://www.iryou.teikyouseido.mhlw.go.jp/znk-web/juminkanja/S2430/initialize?prefCd=15&kikanCd=YANCX00792&kikanKbn=5", "url2": "https://medic-taiyo.co.jp/pharmacy/mets-furumachi/", "内容": "メッツ古町薬局【5:薬局】新潟県新潟市中央区西堀前通６−９０９コシジビル１階" }, "geometry": { "type": "Point", "coordinates": [ 139.044701, 37.923598 ] } },
{ "type": "Feature", "properties": { "ID": "155YANCX00793", "正式名称": "メッツ小新薬局", "機関区分": 5, "都道府県コード": 15, "市区町村コード": 107, "所在地": "新潟県新潟市西区小新南２丁目１番１０号イオン新潟西店", "緯度": 37.8682902, "経度": 138.9947052, "url": "https://www.iryou.teikyouseido.mhlw.go.jp/znk-web/juminkanja/S2430/initialize?prefCd=15&kikanCd=YANCX00793&kikanKbn=5", "url2": "https://medic-taiyo.co.jp/pharmacy/mets-koshin/", "内容": "メッツ小新薬局【5:薬局】新潟県新潟市西区小新南２丁目１番１０号イオン新潟西店" }, "geometry": { "type": "Point", "coordinates": [ 138.9947052, 37.8682902 ] } },
{ "type": "Feature", "properties": { "ID": "155YANCX00794", "正式名称": "調剤薬局ツルハドラッグ　新潟女池店", "機関区分": 5, "都道府県コード": 15, "市区町村コード": 103, "所在地": "新潟県新潟市中央区女池４丁目１８番１９号", "緯度": 37.894383, "経度": 139.038464, "url": "https://www.iryou.teikyouseido.mhlw.go.jp/znk-web/juminkanja/S2430/initialize?prefCd=15&kikanCd=YANCX00794&kikanKbn=5", "url2": "https://shop.tsuruha-g.com/1569c", "内容": "調剤薬局ツルハドラッグ　新潟女池店【5:薬局】新潟県新潟市中央区女池４丁目１８番１９号" }, "geometry": { "type": "Point", "coordinates": [ 139.038464, 37.894383 ] } },
{ "type": "Feature", "properties": { "ID": "155YANCX00797", "正式名称": "新潟ヘルスマート薬局", "機関区分": 5, "都道府県コード": 15, "市区町村コード": 103, "所在地": "新潟県新潟市中央区川岸町２－８－２", "緯度": 37.91012, "経度": 139.030535, "url": "https://www.iryou.teikyouseido.mhlw.go.jp/znk-web/juminkanja/S2430/initialize?prefCd=15&kikanCd=YANCX00797&kikanKbn=5", "url2": null, "内容": "新潟ヘルスマート薬局【5:薬局】新潟県新潟市中央区川岸町２－８－２" }, "geometry": { "type": "Point", "coordinates": [ 139.030535, 37.91012 ] } },
{ "type": "Feature", "properties": { "ID": "155YANCX00798", "正式名称": "薬局マツモトキヨシ　女池店", "機関区分": 5, "都道府県コード": 15, "市区町村コード": 103, "所在地": "新潟県新潟市中央区女池上山２丁目１ー１５", "緯度": 37.890039, "経度": 139.031094, "url": "https://www.iryou.teikyouseido.mhlw.go.jp/znk-web/juminkanja/S2430/initialize?prefCd=15&kikanCd=YANCX00798&kikanKbn=5", "url2": null, "内容": "薬局マツモトキヨシ　女池店【5:薬局】新潟県新潟市中央区女池上山２丁目１ー１５" }, "geometry": { "type": "Point", "coordinates": [ 139.031094, 37.890039 ] } },
{ "type": "Feature", "properties": { "ID": "155YANCX00799", "正式名称": "はづき調剤薬局　万代店", "機関区分": 5, "都道府県コード": 15, "市区町村コード": 103, "所在地": "新潟県新潟市中央区万代１丁目１番３２号　プリオール万代２階", "緯度": 37.917065, "経度": 139.057801, "url": "https://www.iryou.teikyouseido.mhlw.go.jp/znk-web/juminkanja/S2430/initialize?prefCd=15&kikanCd=YANCX00799&kikanKbn=5", "url2": null, "内容": "はづき調剤薬局　万代店【5:薬局】新潟県新潟市中央区万代１丁目１番３２号　プリオール万代２階" }, "geometry": { "type": "Point", "coordinates": [ 139.057801, 37.917065 ] } },
{ "type": "Feature", "properties": { "ID": "155YANCX00800", "正式名称": "みなみ調剤薬局　曽根店", "機関区分": 5, "都道府県コード": 15, "市区町村コード": 108, "所在地": "新潟県新潟市西蒲区曽根２３－１", "緯度": 37.793782, "経度": 138.915842, "url": "https://www.iryou.teikyouseido.mhlw.go.jp/znk-web/juminkanja/S2430/initialize?prefCd=15&kikanCd=YANCX00800&kikanKbn=5", "url2": null, "内容": "みなみ調剤薬局　曽根店【5:薬局】新潟県新潟市西蒲区曽根２３－１" }, "geometry": { "type": "Point", "coordinates": [ 138.915842, 37.793782 ] } },
{ "type": "Feature", "properties": { "ID": "155YANCX00801", "正式名称": "ひなた薬局", "機関区分": 5, "都道府県コード": 15, "市区町村コード": 105, "所在地": "新潟県新潟市秋葉区新津東町３－４－８", "緯度": 37.804193, "経度": 139.144058, "url": "https://www.iryou.teikyouseido.mhlw.go.jp/znk-web/juminkanja/S2430/initialize?prefCd=15&kikanCd=YANCX00801&kikanKbn=5", "url2": "http://www.medicalplan.co.jp", "内容": "ひなた薬局【5:薬局】新潟県新潟市秋葉区新津東町３－４－８" }, "geometry": { "type": "Point", "coordinates": [ 139.144058, 37.804193 ] } },
{ "type": "Feature", "properties": { "ID": "155YANCX00802", "正式名称": "笹菊にいだ薬局", "機関区分": 5, "都道府県コード": 15, "市区町村コード": 106, "所在地": "新潟県新潟市南区新飯田９７５番６号", "緯度": 37.683989, "経度": 138.983616, "url": "https://www.iryou.teikyouseido.mhlw.go.jp/znk-web/juminkanja/S2430/initialize?prefCd=15&kikanCd=YANCX00802&kikanKbn=5", "url2": "https://www.sasakiku.co.jp/", "内容": "笹菊にいだ薬局【5:薬局】新潟県新潟市南区新飯田９７５番６号" }, "geometry": { "type": "Point", "coordinates": [ 138.983616, 37.683989 ] } },
{ "type": "Feature", "properties": { "ID": "155YANCX00803", "正式名称": "メッツ上所薬局", "機関区分": 5, "都道府県コード": 15, "市区町村コード": 103, "所在地": "新潟県新潟市中央区近江３−１−７", "緯度": 37.903778, "経度": 139.04512, "url": "https://www.iryou.teikyouseido.mhlw.go.jp/znk-web/juminkanja/S2430/initialize?prefCd=15&kikanCd=YANCX00803&kikanKbn=5", "url2": "https://medic-taiyo.co.jp/pharmacy/mets-kamitokoro/", "内容": "メッツ上所薬局【5:薬局】新潟県新潟市中央区近江３−１−７" }, "geometry": { "type": "Point", "coordinates": [ 139.04512, 37.903778 ] } },
{ "type": "Feature", "properties": { "ID": "155YANCX00804", "正式名称": "ラポル薬局", "機関区分": 5, "都道府県コード": 15, "市区町村コード": 103, "所在地": "新潟県新潟市中央区近江３－５－６", "緯度": 37.901599, "経度": 139.045721, "url": "https://www.iryou.teikyouseido.mhlw.go.jp/znk-web/juminkanja/S2430/initialize?prefCd=15&kikanCd=YANCX00804&kikanKbn=5", "url2": "https://rapport-mind.com/pharm/", "内容": "ラポル薬局【5:薬局】新潟県新潟市中央区近江３－５－６" }, "geometry": { "type": "Point", "coordinates": [ 139.045721, 37.901599 ] } },
{ "type": "Feature", "properties": { "ID": "155YANCX00805", "正式名称": "めいけ調剤薬局", "機関区分": 5, "都道府県コード": 15, "市区町村コード": 103, "所在地": "新潟県新潟市中央区女池６－４－６４", "緯度": 37.892695, "経度": 139.042844, "url": "https://www.iryou.teikyouseido.mhlw.go.jp/znk-web/juminkanja/S2430/initialize?prefCd=15&kikanCd=YANCX00805&kikanKbn=5", "url2": "https://www.imedtec.co.jp/", "内容": "めいけ調剤薬局【5:薬局】新潟県新潟市中央区女池６－４－６４" }, "geometry": { "type": "Point", "coordinates": [ 139.042844, 37.892695 ] } },
{ "type": "Feature", "properties": { "ID": "155YANCX00806", "正式名称": "みゆき町薬局", "機関区分": 5, "都道府県コード": 15, "市区町村コード": 105, "所在地": "新潟県新潟市秋葉区美幸町２丁目３番２１号", "緯度": 37.800475, "経度": 139.11677, "url": "https://www.iryou.teikyouseido.mhlw.go.jp/znk-web/juminkanja/S2430/initialize?prefCd=15&kikanCd=YANCX00806&kikanKbn=5", "url2": "https://unismile.co.jp/shop/miyukicho/", "内容": "みゆき町薬局【5:薬局】新潟県新潟市秋葉区美幸町２丁目３番２１号" }, "geometry": { "type": "Point", "coordinates": [ 139.11677, 37.800475 ] } },
{ "type": "Feature", "properties": { "ID": "155YANCX00807", "正式名称": "ユニスマイル薬局亀田向陽店", "機関区分": 5, "都道府県コード": 15, "市区町村コード": 104, "所在地": "新潟県新潟市江南区亀田向陽１丁目３番５５号", "緯度": 37.876139, "経度": 139.113253, "url": "https://www.iryou.teikyouseido.mhlw.go.jp/znk-web/juminkanja/S2430/initialize?prefCd=15&kikanCd=YANCX00807&kikanKbn=5", "url2": "https://unismile.co.jp/", "内容": "ユニスマイル薬局亀田向陽店【5:薬局】新潟県新潟市江南区亀田向陽１丁目３番５５号" }, "geometry": { "type": "Point", "coordinates": [ 139.113253, 37.876139 ] } },
{ "type": "Feature", "properties": { "ID": "155YANCX00808", "正式名称": "ユニスマイル薬局　さかい店", "機関区分": 5, "都道府県コード": 15, "市区町村コード": 107, "所在地": "新潟県新潟市西区坂井９３２－１１", "緯度": 37.868779, "経度": 138.960133, "url": "https://www.iryou.teikyouseido.mhlw.go.jp/znk-web/juminkanja/S2430/initialize?prefCd=15&kikanCd=YANCX00808&kikanKbn=5", "url2": "https://unismile.co.jp/", "内容": "ユニスマイル薬局　さかい店【5:薬局】新潟県新潟市西区坂井９３２－１１" }, "geometry": { "type": "Point", "coordinates": [ 138.960133, 37.868779 ] } },
{ "type": "Feature", "properties": { "ID": "155YANCX00809", "正式名称": "ユニスマイル薬局　小針店", "機関区分": 5, "都道府県コード": 15, "市区町村コード": 107, "所在地": "新潟県新潟市西区小針７ー１０ー１２", "緯度": 37.87993, "経度": 138.990948, "url": "https://www.iryou.teikyouseido.mhlw.go.jp/znk-web/juminkanja/S2430/initialize?prefCd=15&kikanCd=YANCX00809&kikanKbn=5", "url2": "http://www.unismile.co.jp", "内容": "ユニスマイル薬局　小針店【5:薬局】新潟県新潟市西区小針７ー１０ー１２" }, "geometry": { "type": "Point", "coordinates": [ 138.990948, 37.87993 ] } },
{ "type": "Feature", "properties": { "ID": "155YANCX00810", "正式名称": "市民調剤薬局　臨港店", "機関区分": 5, "都道府県コード": 15, "市区町村コード": 102, "所在地": "新潟県新潟市東区臨港町２－２－１", "緯度": 37.944329, "経度": 139.074431, "url": "https://www.iryou.teikyouseido.mhlw.go.jp/znk-web/juminkanja/S2430/initialize?prefCd=15&kikanCd=YANCX00810&kikanKbn=5", "url2": "https://unismile.co.jp", "内容": "市民調剤薬局　臨港店【5:薬局】新潟県新潟市東区臨港町２－２－１" }, "geometry": { "type": "Point", "coordinates": [ 139.074431, 37.944329 ] } },
{ "type": "Feature", "properties": { "ID": "155YANCX00811", "正式名称": "石山中央薬局", "機関区分": 5, "都道府県コード": 15, "市区町村コード": 102, "所在地": "新潟県新潟市東区中野山４－１４－７", "緯度": 37.903056, "経度": 139.104527, "url": "https://www.iryou.teikyouseido.mhlw.go.jp/znk-web/juminkanja/S2430/initialize?prefCd=15&kikanCd=YANCX00811&kikanKbn=5", "url2": "https://unismile.co.jp/shop/ishiyamachuo/", "内容": "石山中央薬局【5:薬局】新潟県新潟市東区中野山４－１４－７" }, "geometry": { "type": "Point", "coordinates": [ 139.104527, 37.903056 ] } },
{ "type": "Feature", "properties": { "ID": "155YANCX00812", "正式名称": "ユニスマイル薬局新潟市民病院前店", "機関区分": 5, "都道府県コード": 15, "市区町村コード": 103, "所在地": "新潟県新潟市中央区湖南２４―３", "緯度": 37.860078, "経度": 139.126508, "url": "https://www.iryou.teikyouseido.mhlw.go.jp/znk-web/juminkanja/S2430/initialize?prefCd=15&kikanCd=YANCX00812&kikanKbn=5", "url2": "unismile.co.jp/shop/toyano/", "内容": "ユニスマイル薬局新潟市民病院前店【5:薬局】新潟県新潟市中央区湖南２４―３" }, "geometry": { "type": "Point", "coordinates": [ 139.126508, 37.860078 ] } },
{ "type": "Feature", "properties": { "ID": "155YANCX00814", "正式名称": "ウエルシア薬局　新潟東中野山店", "機関区分": 5, "都道府県コード": 15, "市区町村コード": 102, "所在地": "新潟県新潟市東区東中野山１－２－９", "緯度": 37.902086, "経度": 139.107817, "url": "https://www.iryou.teikyouseido.mhlw.go.jp/znk-web/juminkanja/S2430/initialize?prefCd=15&kikanCd=YANCX00814&kikanKbn=5", "url2": null, "内容": "ウエルシア薬局　新潟東中野山店【5:薬局】新潟県新潟市東区東中野山１－２－９" }, "geometry": { "type": "Point", "coordinates": [ 139.107817, 37.902086 ] } },
{ "type": "Feature", "properties": { "ID": "155YANCX00815", "正式名称": "薬局マツモトキヨシ　本町通店", "機関区分": 5, "都道府県コード": 15, "市区町村コード": 103, "所在地": "新潟県新潟市中央区本町通六番町１１３８番地", "緯度": 37.921099, "経度": 139.04704, "url": "https://www.iryou.teikyouseido.mhlw.go.jp/znk-web/juminkanja/S2430/initialize?prefCd=15&kikanCd=YANCX00815&kikanKbn=5", "url2": "https://www.matsukiyo.co.jp/store/online", "内容": "薬局マツモトキヨシ　本町通店【5:薬局】新潟県新潟市中央区本町通六番町１１３８番地" }, "geometry": { "type": "Point", "coordinates": [ 139.04704, 37.921099 ] } },
{ "type": "Feature", "properties": { "ID": "155YANCX00816", "正式名称": "藤井薬局", "機関区分": 5, "都道府県コード": 15, "市区町村コード": 105, "所在地": "新潟県新潟市秋葉区小須戸３３９５", "緯度": 37.757491, "経度": 139.067982, "url": "https://www.iryou.teikyouseido.mhlw.go.jp/znk-web/juminkanja/S2430/initialize?prefCd=15&kikanCd=YANCX00816&kikanKbn=5", "url2": null, "内容": "藤井薬局【5:薬局】新潟県新潟市秋葉区小須戸３３９５" }, "geometry": { "type": "Point", "coordinates": [ 139.067982, 37.757491 ] } },
{ "type": "Feature", "properties": { "ID": "155YANCX00817", "正式名称": "しなの薬局　医学町店", "機関区分": 5, "都道府県コード": 15, "市区町村コード": 103, "所在地": "新潟県新潟市中央区医学町通２番町１１", "緯度": 37.917459, "経度": 139.036933, "url": "https://www.iryou.teikyouseido.mhlw.go.jp/znk-web/juminkanja/S2430/initialize?prefCd=15&kikanCd=YANCX00817&kikanKbn=5", "url2": "https://www.shinano-pharmacy.com/", "内容": "しなの薬局　医学町店【5:薬局】新潟県新潟市中央区医学町通２番町１１" }, "geometry": { "type": "Point", "coordinates": [ 139.036933, 37.917459 ] } },
{ "type": "Feature", "properties": { "ID": "155YANCX00818", "正式名称": "クスリのアオキ　中野山薬局", "機関区分": 5, "都道府県コード": 15, "市区町村コード": 102, "所在地": "新潟県新潟市東区若葉町１丁目１９番３０号", "緯度": 37.898488, "経度": 139.113569, "url": "https://www.iryou.teikyouseido.mhlw.go.jp/znk-web/juminkanja/S2430/initialize?prefCd=15&kikanCd=YANCX00818&kikanKbn=5", "url2": "https://www.kusuri-aoki.co.jp/", "内容": "クスリのアオキ　中野山薬局【5:薬局】新潟県新潟市東区若葉町１丁目１９番３０号" }, "geometry": { "type": "Point", "coordinates": [ 139.113569, 37.898488 ] } },
{ "type": "Feature", "properties": { "ID": "155YANCX00819", "正式名称": "ものみやま薬局", "機関区分": 5, "都道府県コード": 15, "市区町村コード": 102, "所在地": "新潟県新潟市東区物見山４－７－１７", "緯度": 37.943176, "経度": 139.100379, "url": "https://www.iryou.teikyouseido.mhlw.go.jp/znk-web/juminkanja/S2430/initialize?prefCd=15&kikanCd=YANCX00819&kikanKbn=5", "url2": null, "内容": "ものみやま薬局【5:薬局】新潟県新潟市東区物見山４－７－１７" }, "geometry": { "type": "Point", "coordinates": [ 139.100379, 37.943176 ] } },
{ "type": "Feature", "properties": { "ID": "155YANCX00820", "正式名称": "はくさん調剤薬局", "機関区分": 5, "都道府県コード": 15, "市区町村コード": 103, "所在地": "新潟県新潟市中央区白山浦２ー２３", "緯度": 37.911463, "経度": 139.027095, "url": "https://www.iryou.teikyouseido.mhlw.go.jp/znk-web/juminkanja/S2430/initialize?prefCd=15&kikanCd=YANCX00820&kikanKbn=5", "url2": null, "内容": "はくさん調剤薬局【5:薬局】新潟県新潟市中央区白山浦２ー２３" }, "geometry": { "type": "Point", "coordinates": [ 139.027095, 37.911463 ] } },
{ "type": "Feature", "properties": { "ID": "155YANCX00821", "正式名称": "セイコードー潟東薬局", "機関区分": 5, "都道府県コード": 15, "市区町村コード": 108, "所在地": "新潟県新潟市西蒲区熊谷字諏訪５４９", "緯度": 37.777065, "経度": 138.974981, "url": "https://www.iryou.teikyouseido.mhlw.go.jp/znk-web/juminkanja/S2430/initialize?prefCd=15&kikanCd=YANCX00821&kikanKbn=5", "url2": "https://sundrug-online.com/blogs/search-store/4954", "内容": "セイコードー潟東薬局【5:薬局】新潟県新潟市西蒲区熊谷字諏訪５４９" }, "geometry": { "type": "Point", "coordinates": [ 138.974981, 37.777065 ] } },
{ "type": "Feature", "properties": { "ID": "155YANCX00822", "正式名称": "セイコードー　さつき野薬局", "機関区分": 5, "都道府県コード": 15, "市区町村コード": 105, "所在地": "新潟県新潟市秋葉区北上新田７９５ー６", "緯度": 37.814566, "経度": 139.115517, "url": "https://www.iryou.teikyouseido.mhlw.go.jp/znk-web/juminkanja/S2430/initialize?prefCd=15&kikanCd=YANCX00822&kikanKbn=5", "url2": "https://sundrug-online.com/blogs/search-store/4950", "内容": "セイコードー　さつき野薬局【5:薬局】新潟県新潟市秋葉区北上新田７９５ー６" }, "geometry": { "type": "Point", "coordinates": [ 139.115517, 37.814566 ] } },
{ "type": "Feature", "properties": { "ID": "155YANCX00823", "正式名称": "セイコードー　亀田薬局", "機関区分": 5, "都道府県コード": 15, "市区町村コード": 104, "所在地": "新潟県新潟市江南区城所１－７－１２", "緯度": 37.860195, "経度": 139.109047, "url": "https://www.iryou.teikyouseido.mhlw.go.jp/znk-web/juminkanja/S2430/initialize?prefCd=15&kikanCd=YANCX00823&kikanKbn=5", "url2": "https://sundrug-online.com/blogs/search-store/4952", "内容": "セイコードー　亀田薬局【5:薬局】新潟県新潟市江南区城所１－７－１２" }, "geometry": { "type": "Point", "coordinates": [ 139.109047, 37.860195 ] } },
{ "type": "Feature", "properties": { "ID": "155YANCX00824", "正式名称": "おん調剤薬局", "機関区分": 5, "都道府県コード": 15, "市区町村コード": 104, "所在地": "新潟県新潟市江南区横越中央二丁目１４番地３２号", "緯度": 37.854397, "経度": 139.146611, "url": "https://www.iryou.teikyouseido.mhlw.go.jp/znk-web/juminkanja/S2430/initialize?prefCd=15&kikanCd=YANCX00824&kikanKbn=5", "url2": null, "内容": "おん調剤薬局【5:薬局】新潟県新潟市江南区横越中央二丁目１４番地３２号" }, "geometry": { "type": "Point", "coordinates": [ 139.146611, 37.854397 ] } },
{ "type": "Feature", "properties": { "ID": "155YANCX00825", "正式名称": "とやの網川原薬局", "機関区分": 5, "都道府県コード": 15, "市区町村コード": 103, "所在地": "新潟県新潟市中央区網川原２ー１０ー２９", "緯度": 37.891705, "経度": 139.02353, "url": "https://www.iryou.teikyouseido.mhlw.go.jp/znk-web/juminkanja/S2430/initialize?prefCd=15&kikanCd=YANCX00825&kikanKbn=5", "url2": "http://www.kennyuu.co.jp/", "内容": "とやの網川原薬局【5:薬局】新潟県新潟市中央区網川原２ー１０ー２９" }, "geometry": { "type": "Point", "coordinates": [ 139.02353, 37.891705 ] } },
{ "type": "Feature", "properties": { "ID": "155YANCX00826", "正式名称": "共栄堂薬局　にしかわ店", "機関区分": 5, "都道府県コード": 15, "市区町村コード": 108, "所在地": "新潟県新潟市西蒲区鱸１２５－２", "緯度": 37.792469, "経度": 138.913219, "url": "https://www.iryou.teikyouseido.mhlw.go.jp/znk-web/juminkanja/S2430/initialize?prefCd=15&kikanCd=YANCX00826&kikanKbn=5", "url2": "https://kyoueido.net/shop/4058/", "内容": "共栄堂薬局　にしかわ店【5:薬局】新潟県新潟市西蒲区鱸１２５－２" }, "geometry": { "type": "Point", "coordinates": [ 138.913219, 37.792469 ] } },
{ "type": "Feature", "properties": { "ID": "155YANCX00830", "正式名称": "こがね調剤薬局", "機関区分": 5, "都道府県コード": 15, "市区町村コード": 102, "所在地": "新潟県新潟市東区小金町１－１７－３９", "緯度": 37.937364, "経度": 139.093686, "url": "https://www.iryou.teikyouseido.mhlw.go.jp/znk-web/juminkanja/S2430/initialize?prefCd=15&kikanCd=YANCX00830&kikanKbn=5", "url2": null, "内容": "こがね調剤薬局【5:薬局】新潟県新潟市東区小金町１－１７－３９" }, "geometry": { "type": "Point", "coordinates": [ 139.093686, 37.937364 ] } },
{ "type": "Feature", "properties": { "ID": "155YANCX00831", "正式名称": "のぞみ調剤薬局", "機関区分": 5, "都道府県コード": 15, "市区町村コード": 102, "所在地": "新潟県新潟市東区上木戸１－８－２５", "緯度": 37.924716, "経度": 139.100486, "url": "https://www.iryou.teikyouseido.mhlw.go.jp/znk-web/juminkanja/S2430/initialize?prefCd=15&kikanCd=YANCX00831&kikanKbn=5", "url2": "https://kyoueido.net/shop/98/", "内容": "のぞみ調剤薬局【5:薬局】新潟県新潟市東区上木戸１－８－２５" }, "geometry": { "type": "Point", "coordinates": [ 139.100486, 37.924716 ] } },
{ "type": "Feature", "properties": { "ID": "155YANCX00832", "正式名称": "ユニスマイル薬局　女池上山店", "機関区分": 5, "都道府県コード": 15, "市区町村コード": 103, "所在地": "新潟県新潟市中央区女池上山２－１４－２８", "緯度": 37.890396, "経度": 139.028488, "url": "https://www.iryou.teikyouseido.mhlw.go.jp/znk-web/juminkanja/S2430/initialize?prefCd=15&kikanCd=YANCX00832&kikanKbn=5", "url2": "https://unismile.co.jp/shop/meikekamiyama/", "内容": "ユニスマイル薬局　女池上山店【5:薬局】新潟県新潟市中央区女池上山２－１４－２８" }, "geometry": { "type": "Point", "coordinates": [ 139.028488, 37.890396 ] } },
{ "type": "Feature", "properties": { "ID": "155YANCX00833", "正式名称": "レークサイド薬局", "機関区分": 5, "都道府県コード": 15, "市区町村コード": 103, "所在地": "新潟県新潟市中央区紫竹山６－２－２６", "緯度": 37.897951, "経度": 139.066283, "url": "https://www.iryou.teikyouseido.mhlw.go.jp/znk-web/juminkanja/S2430/initialize?prefCd=15&kikanCd=YANCX00833&kikanKbn=5", "url2": null, "内容": "レークサイド薬局【5:薬局】新潟県新潟市中央区紫竹山６－２－２６" }, "geometry": { "type": "Point", "coordinates": [ 139.066283, 37.897951 ] } },
{ "type": "Feature", "properties": { "ID": "155YANCX00834", "正式名称": "本町調剤薬局　はなみずき店", "機関区分": 5, "都道府県コード": 15, "市区町村コード": 102, "所在地": "新潟県新潟市東区はなみずき１丁目１６番３５号", "緯度": 37.914929, "経度": 139.10051, "url": "https://www.iryou.teikyouseido.mhlw.go.jp/znk-web/juminkanja/S2430/initialize?prefCd=15&kikanCd=YANCX00834&kikanKbn=5", "url2": "http://www.honcho-pharmacy.co.jp", "内容": "本町調剤薬局　はなみずき店【5:薬局】新潟県新潟市東区はなみずき１丁目１６番３５号" }, "geometry": { "type": "Point", "coordinates": [ 139.10051, 37.914929 ] } },
{ "type": "Feature", "properties": { "ID": "155YANCX00835", "正式名称": "笹菊東明薬局", "機関区分": 5, "都道府県コード": 15, "市区町村コード": 102, "所在地": "新潟県新潟市東区東明２－９－２９", "緯度": 37.89941, "経度": 139.085146, "url": "https://www.iryou.teikyouseido.mhlw.go.jp/znk-web/juminkanja/S2430/initialize?prefCd=15&kikanCd=YANCX00835&kikanKbn=5", "url2": "https://www.sasakiku.co.jp/", "内容": "笹菊東明薬局【5:薬局】新潟県新潟市東区東明２－９－２９" }, "geometry": { "type": "Point", "coordinates": [ 139.085146, 37.89941 ] } },
{ "type": "Feature", "properties": { "ID": "155YANCX00836", "正式名称": "クスリのアオキ　小新薬局", "機関区分": 5, "都道府県コード": 15, "市区町村コード": 107, "所在地": "新潟県新潟市西区小新西２丁目１９番３４号", "緯度": 37.875049, "経度": 138.993158, "url": "https://www.iryou.teikyouseido.mhlw.go.jp/znk-web/juminkanja/S2430/initialize?prefCd=15&kikanCd=YANCX00836&kikanKbn=5", "url2": "https://www.kusuri-aoki.co.jp/", "内容": "クスリのアオキ　小新薬局【5:薬局】新潟県新潟市西区小新西２丁目１９番３４号" }, "geometry": { "type": "Point", "coordinates": [ 138.993158, 37.875049 ] } },
{ "type": "Feature", "properties": { "ID": "155YANCX00837", "正式名称": "ウエルシア薬局　新潟荻川店", "機関区分": 5, "都道府県コード": 15, "市区町村コード": 105, "所在地": "新潟県新潟市秋葉区あおば通１－６－１７", "緯度": 37.832513, "経度": 139.103252, "url": "https://www.iryou.teikyouseido.mhlw.go.jp/znk-web/juminkanja/S2430/initialize?prefCd=15&kikanCd=YANCX00837&kikanKbn=5", "url2": "http://www.welcia-yakkyoku.co.jp/", "内容": "ウエルシア薬局　新潟荻川店【5:薬局】新潟県新潟市秋葉区あおば通１－６－１７" }, "geometry": { "type": "Point", "coordinates": [ 139.103252, 37.832513 ] } },
{ "type": "Feature", "properties": { "ID": "155YANCX00838", "正式名称": "はあとふる薬局　古町ルフル店", "機関区分": 5, "都道府県コード": 15, "市区町村コード": 103, "所在地": "新潟県新潟市中央区古町通７番町１０１０古町ルフル　２階", "緯度": 37.9224454, "経度": 139.044456, "url": "https://www.iryou.teikyouseido.mhlw.go.jp/znk-web/juminkanja/S2430/initialize?prefCd=15&kikanCd=YANCX00838&kikanKbn=5", "url2": "https://heartful-pharmacy.com/", "内容": "はあとふる薬局　古町ルフル店【5:薬局】新潟県新潟市中央区古町通７番町１０１０古町ルフル　２階" }, "geometry": { "type": "Point", "coordinates": [ 139.044456, 37.9224454 ] } },
{ "type": "Feature", "properties": { "ID": "155YANCX00839", "正式名称": "クスリのアオキ　寺尾台薬局", "機関区分": 5, "都道府県コード": 15, "市区町村コード": 107, "所在地": "新潟県新潟市西区寺尾台３丁目１番５号", "緯度": 37.882523, "経度": 138.975664, "url": "https://www.iryou.teikyouseido.mhlw.go.jp/znk-web/juminkanja/S2430/initialize?prefCd=15&kikanCd=YANCX00839&kikanKbn=5", "url2": "https://www.kusuri-aoki.co.jp/", "内容": "クスリのアオキ　寺尾台薬局【5:薬局】新潟県新潟市西区寺尾台３丁目１番５号" }, "geometry": { "type": "Point", "coordinates": [ 138.975664, 37.882523 ] } },
{ "type": "Feature", "properties": { "ID": "155YANCX00840", "正式名称": "クスリのアオキ　紫竹山薬局", "機関区分": 5, "都道府県コード": 15, "市区町村コード": 103, "所在地": "新潟県新潟市中央区紫竹山３丁目３番２９号", "緯度": 37.901664, "経度": 139.070421, "url": "https://www.iryou.teikyouseido.mhlw.go.jp/znk-web/juminkanja/S2430/initialize?prefCd=15&kikanCd=YANCX00840&kikanKbn=5", "url2": "https://www.kusuri-aoki.co.jp/", "内容": "クスリのアオキ　紫竹山薬局【5:薬局】新潟県新潟市中央区紫竹山３丁目３番２９号" }, "geometry": { "type": "Point", "coordinates": [ 139.070421, 37.901664 ] } },
{ "type": "Feature", "properties": { "ID": "155YANCX00841", "正式名称": "ウエルシア薬局　新潟中山店", "機関区分": 5, "都道府県コード": 15, "市区町村コード": 102, "所在地": "新潟県新潟市東区中山６－２１－２３", "緯度": 37.914667, "経度": 139.085161, "url": "https://www.iryou.teikyouseido.mhlw.go.jp/znk-web/juminkanja/S2430/initialize?prefCd=15&kikanCd=YANCX00841&kikanKbn=5", "url2": "http:s//www.welcia-yakkyoku.co.jp/", "内容": "ウエルシア薬局　新潟中山店【5:薬局】新潟県新潟市東区中山６－２１－２３" }, "geometry": { "type": "Point", "coordinates": [ 139.085161, 37.914667 ] } },
{ "type": "Feature", "properties": { "ID": "155YANCX00842", "正式名称": "ふるまち調剤薬局", "機関区分": 5, "都道府県コード": 15, "市区町村コード": 103, "所在地": "新潟県新潟市中央区古町通１１番町１７０９－５", "緯度": 37.92777, "経度": 139.046449, "url": "https://www.iryou.teikyouseido.mhlw.go.jp/znk-web/juminkanja/S2430/initialize?prefCd=15&kikanCd=YANCX00842&kikanKbn=5", "url2": null, "内容": "ふるまち調剤薬局【5:薬局】新潟県新潟市中央区古町通１１番町１７０９－５" }, "geometry": { "type": "Point", "coordinates": [ 139.046449, 37.92777 ] } },
{ "type": "Feature", "properties": { "ID": "155YANCX00843", "正式名称": "ＡＬＰＨＡＳ薬局　南笹口店", "機関区分": 5, "都道府県コード": 15, "市区町村コード": 103, "所在地": "新潟県新潟市中央区南笹口２丁目５番１６号", "緯度": 37.908318, "経度": 139.071081, "url": "https://www.iryou.teikyouseido.mhlw.go.jp/znk-web/juminkanja/S2430/initialize?prefCd=15&kikanCd=YANCX00843&kikanKbn=5", "url2": "http://www.nmi-net.com", "内容": "ＡＬＰＨＡＳ薬局　南笹口店【5:薬局】新潟県新潟市中央区南笹口２丁目５番１６号" }, "geometry": { "type": "Point", "coordinates": [ 139.071081, 37.908318 ] } },
{ "type": "Feature", "properties": { "ID": "155YANCX00844", "正式名称": "ウエルシア薬局　新潟寺尾店", "機関区分": 5, "都道府県コード": 15, "市区町村コード": 107, "所在地": "新潟県新潟市西区寺尾上６－１－６", "緯度": 37.87331, "経度": 138.967612, "url": "https://www.iryou.teikyouseido.mhlw.go.jp/znk-web/juminkanja/S2430/initialize?prefCd=15&kikanCd=YANCX00844&kikanKbn=5", "url2": "https://www.welcia-yakkyoku.co.jp/", "内容": "ウエルシア薬局　新潟寺尾店【5:薬局】新潟県新潟市西区寺尾上６－１－６" }, "geometry": { "type": "Point", "coordinates": [ 138.967612, 37.87331 ] } },
{ "type": "Feature", "properties": { "ID": "155YANCX00845", "正式名称": "つき薬局", "機関区分": 5, "都道府県コード": 15, "市区町村コード": 103, "所在地": "新潟県新潟市中央区上所３－１０－６５　マルシェコートＡ　２階", "緯度": 37.904931, "経度": 139.040025, "url": "https://www.iryou.teikyouseido.mhlw.go.jp/znk-web/juminkanja/S2430/initialize?prefCd=15&kikanCd=YANCX00845&kikanKbn=5", "url2": null, "内容": "つき薬局【5:薬局】新潟県新潟市中央区上所３－１０－６５　マルシェコートＡ　２階" }, "geometry": { "type": "Point", "coordinates": [ 139.040025, 37.904931 ] } },
{ "type": "Feature", "properties": { "ID": "155YANCX00846", "正式名称": "ハル調剤薬局", "機関区分": 5, "都道府県コード": 15, "市区町村コード": 102, "所在地": "新潟県新潟市東区長者町５－１９", "緯度": 37.93476, "経度": 139.072924, "url": "https://www.iryou.teikyouseido.mhlw.go.jp/znk-web/juminkanja/S2430/initialize?prefCd=15&kikanCd=YANCX00846&kikanKbn=5", "url2": null, "内容": "ハル調剤薬局【5:薬局】新潟県新潟市東区長者町５－１９" }, "geometry": { "type": "Point", "coordinates": [ 139.072924, 37.93476 ] } },
{ "type": "Feature", "properties": { "ID": "155YANCX00847", "正式名称": "たいほう調剤薬局", "機関区分": 5, "都道府県コード": 15, "市区町村コード": 108, "所在地": "新潟県新潟市西蒲区前田字菱潟３３１番地４", "緯度": 37.768852, "経度": 138.87556, "url": "https://www.iryou.teikyouseido.mhlw.go.jp/znk-web/juminkanja/S2430/initialize?prefCd=15&kikanCd=YANCX00847&kikanKbn=5", "url2": null, "内容": "たいほう調剤薬局【5:薬局】新潟県新潟市西蒲区前田字菱潟３３１番地４" }, "geometry": { "type": "Point", "coordinates": [ 138.87556, 37.768852 ] } },
{ "type": "Feature", "properties": { "ID": "155YANCX00848", "正式名称": "ベルサイド薬局", "機関区分": 5, "都道府県コード": 15, "市区町村コード": 107, "所在地": "新潟県新潟市西区山田４７８－９", "緯度": 37.870136, "経度": 139.014514, "url": "https://www.iryou.teikyouseido.mhlw.go.jp/znk-web/juminkanja/S2430/initialize?prefCd=15&kikanCd=YANCX00848&kikanKbn=5", "url2": null, "内容": "ベルサイド薬局【5:薬局】新潟県新潟市西区山田４７８－９" }, "geometry": { "type": "Point", "coordinates": [ 139.014514, 37.870136 ] } },
{ "type": "Feature", "properties": { "ID": "155YANCX00849", "正式名称": "大手薬局　天神尾店", "機関区分": 5, "都道府県コード": 15, "市区町村コード": 103, "所在地": "新潟県新潟市中央区天神尾１ー１６ー１０", "緯度": 37.90827, "経度": 139.054592, "url": "https://www.iryou.teikyouseido.mhlw.go.jp/znk-web/juminkanja/S2430/initialize?prefCd=15&kikanCd=YANCX00849&kikanKbn=5", "url2": null, "内容": "大手薬局　天神尾店【5:薬局】新潟県新潟市中央区天神尾１ー１６ー１０" }, "geometry": { "type": "Point", "coordinates": [ 139.054592, 37.90827 ] } },
{ "type": "Feature", "properties": { "ID": "155YANCX00850", "正式名称": "ウエルシア薬局　新潟横越店", "機関区分": 5, "都道府県コード": 15, "市区町村コード": 104, "所在地": "新潟県新潟市江南区茜ケ丘２－１３", "緯度": 37.85623, "経度": 139.141215, "url": "https://www.iryou.teikyouseido.mhlw.go.jp/znk-web/juminkanja/S2430/initialize?prefCd=15&kikanCd=YANCX00850&kikanKbn=5", "url2": "https://www.welcia-yakkyoku.co.jp/", "内容": "ウエルシア薬局　新潟横越店【5:薬局】新潟県新潟市江南区茜ケ丘２－１３" }, "geometry": { "type": "Point", "coordinates": [ 139.141215, 37.85623 ] } },
{ "type": "Feature", "properties": { "ID": "155YANCX00851", "正式名称": "万代調剤薬局　上所", "機関区分": 5, "都道府県コード": 15, "市区町村コード": 103, "所在地": "新潟県新潟市中央区上所中３丁目１４‐１３上所メディカルセンター１階", "緯度": 37.902645, "経度": 139.035357, "url": "https://www.iryou.teikyouseido.mhlw.go.jp/znk-web/juminkanja/S2430/initialize?prefCd=15&kikanCd=YANCX00851&kikanKbn=5", "url2": null, "内容": "万代調剤薬局　上所【5:薬局】新潟県新潟市中央区上所中３丁目１４‐１３上所メディカルセンター１階" }, "geometry": { "type": "Point", "coordinates": [ 139.035357, 37.902645 ] } },
{ "type": "Feature", "properties": { "ID": "155YANCX00852", "正式名称": "万代調剤薬局", "機関区分": 5, "都道府県コード": 15, "市区町村コード": 103, "所在地": "新潟県新潟市中央区万代４−１−１Ｂ４ビル　２Ｆ", "緯度": 37.91805, "経度": 139.0563, "url": "https://www.iryou.teikyouseido.mhlw.go.jp/znk-web/juminkanja/S2430/initialize?prefCd=15&kikanCd=YANCX00852&kikanKbn=5", "url2": null, "内容": "万代調剤薬局【5:薬局】新潟県新潟市中央区万代４−１−１Ｂ４ビル　２Ｆ" }, "geometry": { "type": "Point", "coordinates": [ 139.0563, 37.91805 ] } },
{ "type": "Feature", "properties": { "ID": "155YANCX00853", "正式名称": "クスリのアオキ　白根能登薬局", "機関区分": 5, "都道府県コード": 15, "市区町村コード": 106, "所在地": "新潟県新潟市南区能登７５１番地１", "緯度": 37.766939, "経度": 139.025395, "url": "https://www.iryou.teikyouseido.mhlw.go.jp/znk-web/juminkanja/S2430/initialize?prefCd=15&kikanCd=YANCX00853&kikanKbn=5", "url2": "https://www.kusuri-aoki.co.jp/", "内容": "クスリのアオキ　白根能登薬局【5:薬局】新潟県新潟市南区能登７５１番地１" }, "geometry": { "type": "Point", "coordinates": [ 139.025395, 37.766939 ] } },
{ "type": "Feature", "properties": { "ID": "155YANCX00854", "正式名称": "有明大橋薬局", "機関区分": 5, "都道府県コード": 15, "市区町村コード": 103, "所在地": "新潟県新潟市中央区有明大橋町３－３０", "緯度": 37.905041, "経度": 139.012015, "url": "https://www.iryou.teikyouseido.mhlw.go.jp/znk-web/juminkanja/S2430/initialize?prefCd=15&kikanCd=YANCX00854&kikanKbn=5", "url2": "https://www.sasakiku.co.jp", "内容": "有明大橋薬局【5:薬局】新潟県新潟市中央区有明大橋町３－３０" }, "geometry": { "type": "Point", "coordinates": [ 139.012015, 37.905041 ] } },
{ "type": "Feature", "properties": { "ID": "155YANCX00855", "正式名称": "わかば薬局", "機関区分": 5, "都道府県コード": 15, "市区町村コード": 105, "所在地": "新潟県新潟市秋葉区新津本町２丁目４－３８", "緯度": 37.797497, "経度": 139.122987, "url": "https://www.iryou.teikyouseido.mhlw.go.jp/znk-web/juminkanja/S2430/initialize?prefCd=15&kikanCd=YANCX00855&kikanKbn=5", "url2": null, "内容": "わかば薬局【5:薬局】新潟県新潟市秋葉区新津本町２丁目４－３８" }, "geometry": { "type": "Point", "coordinates": [ 139.122987, 37.797497 ] } },
{ "type": "Feature", "properties": { "ID": "155YANCX00857", "正式名称": "あい薬局　新潟北店", "機関区分": 5, "都道府県コード": 15, "市区町村コード": 101, "所在地": "新潟県新潟市北区濁川１６６番５", "緯度": 37.930706, "経度": 139.163328, "url": "https://www.iryou.teikyouseido.mhlw.go.jp/znk-web/juminkanja/S2430/initialize?prefCd=15&kikanCd=YANCX00857&kikanKbn=5", "url2": "https://store.qol-net.co.jp/detail/909/", "内容": "あい薬局　新潟北店【5:薬局】新潟県新潟市北区濁川１６６番５" }, "geometry": { "type": "Point", "coordinates": [ 139.163328, 37.930706 ] } },
{ "type": "Feature", "properties": { "ID": "155YANCX00859", "正式名称": "ウエルシア薬局　新潟上所中店", "機関区分": 5, "都道府県コード": 15, "市区町村コード": 103, "所在地": "新潟県新潟市中央区上所中１丁目１１番２３号", "緯度": 37.906083, "経度": 139.034847, "url": "https://www.iryou.teikyouseido.mhlw.go.jp/znk-web/juminkanja/S2430/initialize?prefCd=15&kikanCd=YANCX00859&kikanKbn=5", "url2": null, "内容": "ウエルシア薬局　新潟上所中店【5:薬局】新潟県新潟市中央区上所中１丁目１１番２３号" }, "geometry": { "type": "Point", "coordinates": [ 139.034847, 37.906083 ] } },
{ "type": "Feature", "properties": { "ID": "155YANCX00860", "正式名称": "新潟山田薬局", "機関区分": 5, "都道府県コード": 15, "市区町村コード": 107, "所在地": "新潟県新潟市西区山田３３９９－２", "緯度": 37.870644, "経度": 139.012303, "url": "https://www.iryou.teikyouseido.mhlw.go.jp/znk-web/juminkanja/S2430/initialize?prefCd=15&kikanCd=YANCX00860&kikanKbn=5", "url2": "https://www.phstr.co.jp/shoplist", "内容": "新潟山田薬局【5:薬局】新潟県新潟市西区山田３３９９－２" }, "geometry": { "type": "Point", "coordinates": [ 139.012303, 37.870644 ] } },
{ "type": "Feature", "properties": { "ID": "155YANCX00861", "正式名称": "ウエルシア薬局　新潟新和店", "機関区分": 5, "都道府県コード": 15, "市区町村コード": 103, "所在地": "新潟県新潟市中央区新和１丁目６６―１", "緯度": 37.901581, "経度": 139.03913, "url": "https://www.iryou.teikyouseido.mhlw.go.jp/znk-web/juminkanja/S2430/initialize?prefCd=15&kikanCd=YANCX00861&kikanKbn=5", "url2": "https://store.welcia.co.jp/welcia/spot/detail?code=82D", "内容": "ウエルシア薬局　新潟新和店【5:薬局】新潟県新潟市中央区新和１丁目６６―１" }, "geometry": { "type": "Point", "coordinates": [ 139.03913, 37.901581 ] } },
{ "type": "Feature", "properties": { "ID": "155YANCX00862", "正式名称": "ファーマライズ薬局　西新潟店", "機関区分": 5, "都道府県コード": 15, "市区町村コード": 107, "所在地": "新潟県新潟市西区坂井砂山４－１４－２", "緯度": 37.86812, "経度": 138.956207, "url": "https://www.iryou.teikyouseido.mhlw.go.jp/znk-web/juminkanja/S2430/initialize?prefCd=15&kikanCd=YANCX00862&kikanKbn=5", "url2": "https://www.pharmarise.com", "内容": "ファーマライズ薬局　西新潟店【5:薬局】新潟県新潟市西区坂井砂山４－１４－２" }, "geometry": { "type": "Point", "coordinates": [ 138.956207, 37.86812 ] } },
{ "type": "Feature", "properties": { "ID": "155YANCX00863", "正式名称": "アイン薬局　木戸病院店", "機関区分": 5, "都道府県コード": 15, "市区町村コード": 102, "所在地": "新潟県新潟市東区竹尾４丁目１３－３", "緯度": 37.915171, "経度": 139.099809, "url": "https://www.iryou.teikyouseido.mhlw.go.jp/znk-web/juminkanja/S2430/initialize?prefCd=15&kikanCd=YANCX00863&kikanKbn=5", "url2": "http://www.ainj.co.jp/", "内容": "アイン薬局　木戸病院店【5:薬局】新潟県新潟市東区竹尾４丁目１３－３" }, "geometry": { "type": "Point", "coordinates": [ 139.099809, 37.915171 ] } },
{ "type": "Feature", "properties": { "ID": "155YANCX00864", "正式名称": "本町調剤薬局　豊栄店", "機関区分": 5, "都道府県コード": 15, "市区町村コード": 101, "所在地": "新潟県新潟市北区嘉山２１９８番地２", "緯度": 37.916787, "経度": 139.225412, "url": "https://www.iryou.teikyouseido.mhlw.go.jp/znk-web/juminkanja/S2430/initialize?prefCd=15&kikanCd=YANCX00864&kikanKbn=5", "url2": "http://www.honcho-pharmacy.co.jp/", "内容": "本町調剤薬局　豊栄店【5:薬局】新潟県新潟市北区嘉山２１９８番地２" }, "geometry": { "type": "Point", "coordinates": [ 139.225412, 37.916787 ] } },
{ "type": "Feature", "properties": { "ID": "155YANCX00865", "正式名称": "クスリのアオキ　川岸町薬局", "機関区分": 5, "都道府県コード": 15, "市区町村コード": 103, "所在地": "新潟県新潟市中央区川岸町３丁目２１番地１", "緯度": 37.909242, "経度": 139.025442, "url": "https://www.iryou.teikyouseido.mhlw.go.jp/znk-web/juminkanja/S2430/initialize?prefCd=15&kikanCd=YANCX00865&kikanKbn=5", "url2": "https://www.kusuri-aoki.co.jp/", "内容": "クスリのアオキ　川岸町薬局【5:薬局】新潟県新潟市中央区川岸町３丁目２１番地１" }, "geometry": { "type": "Point", "coordinates": [ 139.025442, 37.909242 ] } },
{ "type": "Feature", "properties": { "ID": "155YANCX00866", "正式名称": "調剤薬局ツルハドラッグ　新潟亀田店", "機関区分": 5, "都道府県コード": 15, "市区町村コード": 104, "所在地": "新潟県新潟市江南区稲葉１丁目１－５", "緯度": 37.875453, "経度": 139.112247, "url": "https://www.iryou.teikyouseido.mhlw.go.jp/znk-web/juminkanja/S2430/initialize?prefCd=15&kikanCd=YANCX00866&kikanKbn=5", "url2": "https://shop.tsuruha-g.com/1644", "内容": "調剤薬局ツルハドラッグ　新潟亀田店【5:薬局】新潟県新潟市江南区稲葉１丁目１－５" }, "geometry": { "type": "Point", "coordinates": [ 139.112247, 37.875453 ] } },
{ "type": "Feature", "properties": { "ID": "155YANCX00867", "正式名称": "いずみ薬局　紫竹山店", "機関区分": 5, "都道府県コード": 15, "市区町村コード": 103, "所在地": "新潟県新潟市中央区紫竹山１丁目７番３号", "緯度": 37.900785, "経度": 139.064273, "url": "https://www.iryou.teikyouseido.mhlw.go.jp/znk-web/juminkanja/S2430/initialize?prefCd=15&kikanCd=YANCX00867&kikanKbn=5", "url2": null, "内容": "いずみ薬局　紫竹山店【5:薬局】新潟県新潟市中央区紫竹山１丁目７番３号" }, "geometry": { "type": "Point", "coordinates": [ 139.064273, 37.900785 ] } },
{ "type": "Feature", "properties": { "ID": "155YANCX00868", "正式名称": "メッツ柳都薬局", "機関区分": 5, "都道府県コード": 15, "市区町村コード": 103, "所在地": "新潟県新潟市中央区東湊町通１ノ町２５４５−３", "緯度": 37.926697, "経度": 139.051018, "url": "https://www.iryou.teikyouseido.mhlw.go.jp/znk-web/juminkanja/S2430/initialize?prefCd=15&kikanCd=YANCX00868&kikanKbn=5", "url2": "https://medic-taiyo.co.jp/pharmacy/mets-ryuto/", "内容": "メッツ柳都薬局【5:薬局】新潟県新潟市中央区東湊町通１ノ町２５４５−３" }, "geometry": { "type": "Point", "coordinates": [ 139.051018, 37.926697 ] } },
{ "type": "Feature", "properties": { "ID": "155YANCX00869", "正式名称": "笹菊万代薬局", "機関区分": 5, "都道府県コード": 15, "市区町村コード": 103, "所在地": "新潟県新潟市中央区万代１－３－３０　シルバーホテルビル２階", "緯度": 37.916027, "経度": 139.056212, "url": "https://www.iryou.teikyouseido.mhlw.go.jp/znk-web/juminkanja/S2430/initialize?prefCd=15&kikanCd=YANCX00869&kikanKbn=5", "url2": "https://www.sasakiku.co.jp", "内容": "笹菊万代薬局【5:薬局】新潟県新潟市中央区万代１－３－３０　シルバーホテルビル２階" }, "geometry": { "type": "Point", "coordinates": [ 139.056212, 37.916027 ] } },
{ "type": "Feature", "properties": { "ID": "155YANCX00870", "正式名称": "アイン薬局　桃山店", "機関区分": 5, "都道府県コード": 15, "市区町村コード": 102, "所在地": "新潟県新潟市東区桃山町１－１１４－３", "緯度": 37.945711, "経度": 139.076217, "url": "https://www.iryou.teikyouseido.mhlw.go.jp/znk-web/juminkanja/S2430/initialize?prefCd=15&kikanCd=YANCX00870&kikanKbn=5", "url2": "ainj.co.jp", "内容": "アイン薬局　桃山店【5:薬局】新潟県新潟市東区桃山町１－１１４－３" }, "geometry": { "type": "Point", "coordinates": [ 139.076217, 37.945711 ] } },
{ "type": "Feature", "properties": { "ID": "155YANCX00871", "正式名称": "みさき調剤薬局", "機関区分": 5, "都道府県コード": 15, "市区町村コード": 103, "所在地": "新潟県新潟市中央区鳥屋野２－５－２４", "緯度": 37.887914, "経度": 139.020897, "url": "https://www.iryou.teikyouseido.mhlw.go.jp/znk-web/juminkanja/S2430/initialize?prefCd=15&kikanCd=YANCX00871&kikanKbn=5", "url2": "https://msupport-aid.com/", "内容": "みさき調剤薬局【5:薬局】新潟県新潟市中央区鳥屋野２－５－２４" }, "geometry": { "type": "Point", "coordinates": [ 139.020897, 37.887914 ] } },
{ "type": "Feature", "properties": { "ID": "155YANCX00872", "正式名称": "ウエルシア薬局　新潟弁天橋通店", "機関区分": 5, "都道府県コード": 15, "市区町村コード": 103, "所在地": "新潟県新潟市中央区弁天橋通３－４－１３", "緯度": 37.888761, "経度": 139.072831, "url": "https://www.iryou.teikyouseido.mhlw.go.jp/znk-web/juminkanja/S2430/initialize?prefCd=15&kikanCd=YANCX00872&kikanKbn=5", "url2": "https://store.welcia.co.jp/welcia/spot/detail?code=217D", "内容": "ウエルシア薬局　新潟弁天橋通店【5:薬局】新潟県新潟市中央区弁天橋通３－４－１３" }, "geometry": { "type": "Point", "coordinates": [ 139.072831, 37.888761 ] } },
{ "type": "Feature", "properties": { "ID": "155YANCX00874", "正式名称": "しなの薬局　西大通店", "機関区分": 5, "都道府県コード": 15, "市区町村コード": 107, "所在地": "新潟県新潟市西区小針西２ー１２ー１６", "緯度": 37.886351, "経度": 138.982828, "url": "https://www.iryou.teikyouseido.mhlw.go.jp/znk-web/juminkanja/S2430/initialize?prefCd=15&kikanCd=YANCX00874&kikanKbn=5", "url2": "https://www.shinano-pharmacy.com/store/#18", "内容": "しなの薬局　西大通店【5:薬局】新潟県新潟市西区小針西２ー１２ー１６" }, "geometry": { "type": "Point", "coordinates": [ 138.982828, 37.886351 ] } },
{ "type": "Feature", "properties": { "ID": "155YANCX00875", "正式名称": "みずしま調剤薬局", "機関区分": 5, "都道府県コード": 15, "市区町村コード": 103, "所在地": "新潟県新潟市中央区東大通２－３－２４", "緯度": 37.917028, "経度": 139.060175, "url": "https://www.iryou.teikyouseido.mhlw.go.jp/znk-web/juminkanja/S2430/initialize?prefCd=15&kikanCd=YANCX00875&kikanKbn=5", "url2": null, "内容": "みずしま調剤薬局【5:薬局】新潟県新潟市中央区東大通２－３－２４" }, "geometry": { "type": "Point", "coordinates": [ 139.060175, 37.917028 ] } },
{ "type": "Feature", "properties": { "ID": "155YANCX00876", "正式名称": "クスリのアオキ曽根薬局", "機関区分": 5, "都道府県コード": 15, "市区町村コード": 108, "所在地": "新潟県新潟市西蒲区曽根１４９３番地", "緯度": 37.795976, "経度": 138.918839, "url": "https://www.iryou.teikyouseido.mhlw.go.jp/znk-web/juminkanja/S2430/initialize?prefCd=15&kikanCd=YANCX00876&kikanKbn=5", "url2": "https://www.kusuri-aoki.co.jp/", "内容": "クスリのアオキ曽根薬局【5:薬局】新潟県新潟市西蒲区曽根１４９３番地" }, "geometry": { "type": "Point", "coordinates": [ 138.918839, 37.795976 ] } },
{ "type": "Feature", "properties": { "ID": "155YANCX00877", "正式名称": "ケンユウきずな薬局", "機関区分": 5, "都道府県コード": 15, "市区町村コード": 104, "所在地": "新潟県新潟市江南区荻曽根４丁目１番８号", "緯度": 37.867184, "経度": 139.099018, "url": "https://www.iryou.teikyouseido.mhlw.go.jp/znk-web/juminkanja/S2430/initialize?prefCd=15&kikanCd=YANCX00877&kikanKbn=5", "url2": "https://www.kennyuu.co.jp", "内容": "ケンユウきずな薬局【5:薬局】新潟県新潟市江南区荻曽根４丁目１番８号" }, "geometry": { "type": "Point", "coordinates": [ 139.099018, 37.867184 ] } },
{ "type": "Feature", "properties": { "ID": "155YANCX00878", "正式名称": "もみの木調剤薬局", "機関区分": 5, "都道府県コード": 15, "市区町村コード": 103, "所在地": "新潟県新潟市中央区水島町３－２３　八千代マンション１Ｆ", "緯度": 37.911503, "経度": 139.054617, "url": "https://www.iryou.teikyouseido.mhlw.go.jp/znk-web/juminkanja/S2430/initialize?prefCd=15&kikanCd=YANCX00878&kikanKbn=5", "url2": null, "内容": "もみの木調剤薬局【5:薬局】新潟県新潟市中央区水島町３－２３　八千代マンション１Ｆ" }, "geometry": { "type": "Point", "coordinates": [ 139.054617, 37.911503 ] } },
{ "type": "Feature", "properties": { "ID": "155YANCX00881", "正式名称": "ココカラファイン薬局　新潟駅前店", "機関区分": 5, "都道府県コード": 15, "市区町村コード": 103, "所在地": "新潟県新潟市中央区東大通一丁目４番５号　日生不動産新潟駅前ビル１階", "緯度": 37.913941, "経度": 139.061318, "url": "https://www.iryou.teikyouseido.mhlw.go.jp/znk-web/juminkanja/S2430/initialize?prefCd=15&kikanCd=YANCX00881&kikanKbn=5", "url2": "https://www.cocokarafine.co.jp/searchstore/CSsStoreDetail.jsp?storeNo=706326", "内容": "ココカラファイン薬局　新潟駅前店【5:薬局】新潟県新潟市中央区東大通一丁目４番５号　日生不動産新潟駅前ビル１階" }, "geometry": { "type": "Point", "coordinates": [ 139.061318, 37.913941 ] } },
{ "type": "Feature", "properties": { "ID": "155YANCX00883", "正式名称": "メッツ黒埼薬局", "機関区分": 5, "都道府県コード": 15, "市区町村コード": 107, "所在地": "新潟県新潟市西区山田６４５ー３", "緯度": 37.87486, "経度": 139.01674, "url": "https://www.iryou.teikyouseido.mhlw.go.jp/znk-web/juminkanja/S2430/initialize?prefCd=15&kikanCd=YANCX00883&kikanKbn=5", "url2": "https://medic-taiyo.co.jp/pharmacy/mets-kurosaki/", "内容": "メッツ黒埼薬局【5:薬局】新潟県新潟市西区山田６４５ー３" }, "geometry": { "type": "Point", "coordinates": [ 139.01674, 37.87486 ] } },
{ "type": "Feature", "properties": { "ID": "155YANCX00884", "正式名称": "青山中央薬局", "機関区分": 5, "都道府県コード": 15, "市区町村コード": 107, "所在地": "新潟県新潟市西区東青山１丁目８番３", "緯度": 37.893744, "経度": 139.005222, "url": "https://www.iryou.teikyouseido.mhlw.go.jp/znk-web/juminkanja/S2430/initialize?prefCd=15&kikanCd=YANCX00884&kikanKbn=5", "url2": null, "内容": "青山中央薬局【5:薬局】新潟県新潟市西区東青山１丁目８番３" }, "geometry": { "type": "Point", "coordinates": [ 139.005222, 37.893744 ] } },
{ "type": "Feature", "properties": { "ID": "155YANCX00885", "正式名称": "ななかまど薬局", "機関区分": 5, "都道府県コード": 15, "市区町村コード": 103, "所在地": "新潟県新潟市中央区西堀前通３番町７２６番地", "緯度": 37.918287, "経度": 139.04174, "url": "https://www.iryou.teikyouseido.mhlw.go.jp/znk-web/juminkanja/S2430/initialize?prefCd=15&kikanCd=YANCX00885&kikanKbn=5", "url2": "https://msupport-aid.com", "内容": "ななかまど薬局【5:薬局】新潟県新潟市中央区西堀前通３番町７２６番地" }, "geometry": { "type": "Point", "coordinates": [ 139.04174, 37.918287 ] } },
{ "type": "Feature", "properties": { "ID": "155YANCX00886", "正式名称": "共栄堂薬局　亀田大月店", "機関区分": 5, "都道府県コード": 15, "市区町村コード": 104, "所在地": "新潟県新潟市江南区亀田大月２丁目４番３８号２", "緯度": 37.882554, "経度": 139.102551, "url": "https://www.iryou.teikyouseido.mhlw.go.jp/znk-web/juminkanja/S2430/initialize?prefCd=15&kikanCd=YANCX00886&kikanKbn=5", "url2": "https://kyoueido.net/shop/4822/", "内容": "共栄堂薬局　亀田大月店【5:薬局】新潟県新潟市江南区亀田大月２丁目４番３８号２" }, "geometry": { "type": "Point", "coordinates": [ 139.102551, 37.882554 ] } },
{ "type": "Feature", "properties": { "ID": "155YANCX00888", "正式名称": "ＡＬＰＨＡＳ薬局　天神尾店", "機関区分": 5, "都道府県コード": 15, "市区町村コード": 103, "所在地": "新潟県新潟市中央区天神尾１丁目１１番８号", "緯度": 37.909091, "経度": 139.055191, "url": "https://www.iryou.teikyouseido.mhlw.go.jp/znk-web/juminkanja/S2430/initialize?prefCd=15&kikanCd=YANCX00888&kikanKbn=5", "url2": "http://www.nmi-net.com", "内容": "ＡＬＰＨＡＳ薬局　天神尾店【5:薬局】新潟県新潟市中央区天神尾１丁目１１番８号" }, "geometry": { "type": "Point", "coordinates": [ 139.055191, 37.909091 ] } },
{ "type": "Feature", "properties": { "ID": "155YANCX00889", "正式名称": "薬局マツモトキヨシ　ＣｏＣｏＬｏ新潟店", "機関区分": 5, "都道府県コード": 15, "市区町村コード": 103, "所在地": "新潟県新潟市中央区花園１－１－１", "緯度": 37.912279, "経度": 139.061713, "url": "https://www.iryou.teikyouseido.mhlw.go.jp/znk-web/juminkanja/S2430/initialize?prefCd=15&kikanCd=YANCX00889&kikanKbn=5", "url2": null, "内容": "薬局マツモトキヨシ　ＣｏＣｏＬｏ新潟店【5:薬局】新潟県新潟市中央区花園１－１－１" }, "geometry": { "type": "Point", "coordinates": [ 139.061713, 37.912279 ] } },
{ "type": "Feature", "properties": { "ID": "155YANCX00890", "正式名称": "さくら薬局　巻", "機関区分": 5, "都道府県コード": 15, "市区町村コード": 108, "所在地": "新潟県新潟市西蒲区巻甲１７８４さくら薬局巻", "緯度": 37.757877, "経度": 138.88722, "url": "https://www.iryou.teikyouseido.mhlw.go.jp/znk-web/juminkanja/S2430/initialize?prefCd=15&kikanCd=YANCX00890&kikanKbn=5", "url2": null, "内容": "さくら薬局　巻【5:薬局】新潟県新潟市西蒲区巻甲１７８４さくら薬局巻" }, "geometry": { "type": "Point", "coordinates": [ 138.88722, 37.757877 ] } },
{ "type": "Feature", "properties": { "ID": "155YANCX00891", "正式名称": "アイン薬局　新潟信楽園前店", "機関区分": 5, "都道府県コード": 15, "市区町村コード": 107, "所在地": "新潟県新潟市西区新通南３－３－１１", "緯度": 37.85775, "経度": 138.955648, "url": "https://www.iryou.teikyouseido.mhlw.go.jp/znk-web/juminkanja/S2430/initialize?prefCd=15&kikanCd=YANCX00891&kikanKbn=5", "url2": "https://www.ainj.co.jp/", "内容": "アイン薬局　新潟信楽園前店【5:薬局】新潟県新潟市西区新通南３－３－１１" }, "geometry": { "type": "Point", "coordinates": [ 138.955648, 37.85775 ] } },
{ "type": "Feature", "properties": { "ID": "155YANCX00892", "正式名称": "なごみ調剤薬局", "機関区分": 5, "都道府県コード": 15, "市区町村コード": 107, "所在地": "新潟県新潟市西区山田５０３－１", "緯度": 37.866921, "経度": 139.016501, "url": "https://www.iryou.teikyouseido.mhlw.go.jp/znk-web/juminkanja/S2430/initialize?prefCd=15&kikanCd=YANCX00892&kikanKbn=5", "url2": "http://www.joy-ph.com", "内容": "なごみ調剤薬局【5:薬局】新潟県新潟市西区山田５０３－１" }, "geometry": { "type": "Point", "coordinates": [ 139.016501, 37.866921 ] } },
{ "type": "Feature", "properties": { "ID": "155YANCX00894", "正式名称": "ファイン調剤薬局", "機関区分": 5, "都道府県コード": 15, "市区町村コード": 103, "所在地": "新潟県新潟市中央区浜浦町１丁目２４", "緯度": 37.91069, "経度": 139.011137, "url": "https://www.iryou.teikyouseido.mhlw.go.jp/znk-web/juminkanja/S2430/initialize?prefCd=15&kikanCd=YANCX00894&kikanKbn=5", "url2": "https://www.joy-ph.com", "内容": "ファイン調剤薬局【5:薬局】新潟県新潟市中央区浜浦町１丁目２４" }, "geometry": { "type": "Point", "coordinates": [ 139.011137, 37.91069 ] } },
{ "type": "Feature", "properties": { "ID": "155YANCX00895", "正式名称": "クスリのアオキ　巻薬局", "機関区分": 5, "都道府県コード": 15, "市区町村コード": 108, "所在地": "新潟県新潟市西蒲区赤鏥３７９番地１", "緯度": 37.749387, "経度": 138.890681, "url": "https://www.iryou.teikyouseido.mhlw.go.jp/znk-web/juminkanja/S2430/initialize?prefCd=15&kikanCd=YANCX00895&kikanKbn=5", "url2": "https://www.kusuri-aoki.co.jp/", "内容": "クスリのアオキ　巻薬局【5:薬局】新潟県新潟市西蒲区赤鏥３７９番地１" }, "geometry": { "type": "Point", "coordinates": [ 138.890681, 37.749387 ] } },
{ "type": "Feature", "properties": { "ID": "155YANCX00896", "正式名称": "みなみ調剤薬局　古津店", "機関区分": 5, "都道府県コード": 15, "市区町村コード": 105, "所在地": "新潟県新潟市秋葉区朝日２１０－１", "緯度": 37.771392, "経度": 139.118972, "url": "https://www.iryou.teikyouseido.mhlw.go.jp/znk-web/juminkanja/S2430/initialize?prefCd=15&kikanCd=YANCX00896&kikanKbn=5", "url2": "https://minami-pharmacy.net/", "内容": "みなみ調剤薬局　古津店【5:薬局】新潟県新潟市秋葉区朝日２１０－１" }, "geometry": { "type": "Point", "coordinates": [ 139.118972, 37.771392 ] } },
{ "type": "Feature", "properties": { "ID": "155YANCX00897", "正式名称": "新潟大手薬局小針店", "機関区分": 5, "都道府県コード": 15, "市区町村コード": 107, "所在地": "新潟県新潟市西区小針２丁目４１番１０号", "緯度": 37.887728, "経度": 138.99643, "url": "https://www.iryou.teikyouseido.mhlw.go.jp/znk-web/juminkanja/S2430/initialize?prefCd=15&kikanCd=YANCX00897&kikanKbn=5", "url2": null, "内容": "新潟大手薬局小針店【5:薬局】新潟県新潟市西区小針２丁目４１番１０号" }, "geometry": { "type": "Point", "coordinates": [ 138.99643, 37.887728 ] } },
{ "type": "Feature", "properties": { "ID": "155YANCX00898", "正式名称": "ケンユウあかり薬局", "機関区分": 5, "都道府県コード": 15, "市区町村コード": 101, "所在地": "新潟県新潟市北区石動１丁目１７ー２", "緯度": 37.920967, "経度": 139.21297, "url": "https://www.iryou.teikyouseido.mhlw.go.jp/znk-web/juminkanja/S2430/initialize?prefCd=15&kikanCd=YANCX00898&kikanKbn=5", "url2": "https://www.kennyuu.co.jp/pharmacy/", "内容": "ケンユウあかり薬局【5:薬局】新潟県新潟市北区石動１丁目１７ー２" }, "geometry": { "type": "Point", "coordinates": [ 139.21297, 37.920967 ] } },
{ "type": "Feature", "properties": { "ID": "155YANCX00899", "正式名称": "さかいわ調剤薬局", "機関区分": 5, "都道府県コード": 15, "市区町村コード": 107, "所在地": "新潟県新潟市西区寺尾東３－９－６", "緯度": 37.871771, "経度": 138.971835, "url": "https://www.iryou.teikyouseido.mhlw.go.jp/znk-web/juminkanja/S2430/initialize?prefCd=15&kikanCd=YANCX00899&kikanKbn=5", "url2": "https://www.qol-net.co.jp/pharmacy/map/detail.php?id=819", "内容": "さかいわ調剤薬局【5:薬局】新潟県新潟市西区寺尾東３－９－６" }, "geometry": { "type": "Point", "coordinates": [ 138.971835, 37.871771 ] } },
{ "type": "Feature", "properties": { "ID": "155YANCX00900", "正式名称": "パル調剤薬局", "機関区分": 5, "都道府県コード": 15, "市区町村コード": 104, "所在地": "新潟県新潟市江南区亀田本町４－３－３", "緯度": 37.867552, "経度": 139.108143, "url": "https://www.iryou.teikyouseido.mhlw.go.jp/znk-web/juminkanja/S2430/initialize?prefCd=15&kikanCd=YANCX00900&kikanKbn=5", "url2": null, "内容": "パル調剤薬局【5:薬局】新潟県新潟市江南区亀田本町４－３－３" }, "geometry": { "type": "Point", "coordinates": [ 139.108143, 37.867552 ] } },
{ "type": "Feature", "properties": { "ID": "155YANCX00901", "正式名称": "マロン薬局", "機関区分": 5, "都道府県コード": 15, "市区町村コード": 107, "所在地": "新潟県新潟市西区小新大通　２－１－２７", "緯度": 37.87105, "経度": 138.994995, "url": "https://www.iryou.teikyouseido.mhlw.go.jp/znk-web/juminkanja/S2430/initialize?prefCd=15&kikanCd=YANCX00901&kikanKbn=5", "url2": null, "内容": "マロン薬局【5:薬局】新潟県新潟市西区小新大通　２－１－２７" }, "geometry": { "type": "Point", "coordinates": [ 138.994995, 37.87105 ] } },
{ "type": "Feature", "properties": { "ID": "155YANCX00903", "正式名称": "万代調剤薬局　西店", "機関区分": 5, "都道府県コード": 15, "市区町村コード": 107, "所在地": "新潟県新潟市西区五十嵐一の町６２８６－９", "緯度": 37.870274, "経度": 138.95135, "url": "https://www.iryou.teikyouseido.mhlw.go.jp/znk-web/juminkanja/S2430/initialize?prefCd=15&kikanCd=YANCX00903&kikanKbn=5", "url2": null, "内容": "万代調剤薬局　西店【5:薬局】新潟県新潟市西区五十嵐一の町６２８６－９" }, "geometry": { "type": "Point", "coordinates": [ 138.95135, 37.870274 ] } },
{ "type": "Feature", "properties": { "ID": "155YANCX00904", "正式名称": "メッツ太平薬局", "機関区分": 5, "都道府県コード": 15, "市区町村コード": 102, "所在地": "新潟県新潟市東区太平３丁目２７０番地４", "緯度": 37.946803, "経度": 139.111286, "url": "https://www.iryou.teikyouseido.mhlw.go.jp/znk-web/juminkanja/S2430/initialize?prefCd=15&kikanCd=YANCX00904&kikanKbn=5", "url2": "https://medic-taiyo.co.jp/pharmacy/mets-taihei/", "内容": "メッツ太平薬局【5:薬局】新潟県新潟市東区太平３丁目２７０番地４" }, "geometry": { "type": "Point", "coordinates": [ 139.111286, 37.946803 ] } },
{ "type": "Feature", "properties": { "ID": "155YANCX00905", "正式名称": "ドラッグトップス新津薬局", "機関区分": 5, "都道府県コード": 15, "市区町村コード": 105, "所在地": "新潟県新潟市秋葉区程島１８６５－１", "緯度": 37.786075, "経度": 139.116003, "url": "https://www.iryou.teikyouseido.mhlw.go.jp/znk-web/juminkanja/S2430/initialize?prefCd=15&kikanCd=YANCX00905&kikanKbn=5", "url2": null, "内容": "ドラッグトップス新津薬局【5:薬局】新潟県新潟市秋葉区程島１８６５－１" }, "geometry": { "type": "Point", "coordinates": [ 139.116003, 37.786075 ] } },
{ "type": "Feature", "properties": { "ID": "155YANCX00906", "正式名称": "ウエルシア薬局新潟新津東町店", "機関区分": 5, "都道府県コード": 15, "市区町村コード": 105, "所在地": "新潟県新潟市秋葉区新津東町３－８－２５", "緯度": 37.805391, "経度": 139.144264, "url": "https://www.iryou.teikyouseido.mhlw.go.jp/znk-web/juminkanja/S2430/initialize?prefCd=15&kikanCd=YANCX00906&kikanKbn=5", "url2": "https://store.welcia.co.jp/welcia/spot/detail?code=221D", "内容": "ウエルシア薬局新潟新津東町店【5:薬局】新潟県新潟市秋葉区新津東町３－８－２５" }, "geometry": { "type": "Point", "coordinates": [ 139.144264, 37.805391 ] } },
{ "type": "Feature", "properties": { "ID": "155YANCX00907", "正式名称": "前田薬局　中野山店", "機関区分": 5, "都道府県コード": 15, "市区町村コード": 102, "所在地": "新潟県新潟市東区猿ケ馬場１ー１ー１９", "緯度": 37.905443, "経度": 139.113489, "url": "https://www.iryou.teikyouseido.mhlw.go.jp/znk-web/juminkanja/S2430/initialize?prefCd=15&kikanCd=YANCX00907&kikanKbn=5", "url2": "https://www.m-yakkyoku-group.com", "内容": "前田薬局　中野山店【5:薬局】新潟県新潟市東区猿ケ馬場１ー１ー１９" }, "geometry": { "type": "Point", "coordinates": [ 139.113489, 37.905443 ] } },
{ "type": "Feature", "properties": { "ID": "155YANCX00908", "正式名称": "ウエルシア薬局新潟新津店", "機関区分": 5, "都道府県コード": 15, "市区町村コード": 105, "所在地": "新潟県新潟市秋葉区新津４５０８", "緯度": 37.793965, "経度": 139.112346, "url": "https://www.iryou.teikyouseido.mhlw.go.jp/znk-web/juminkanja/S2430/initialize?prefCd=15&kikanCd=YANCX00908&kikanKbn=5", "url2": "https://store.welcia.co.jp/welcia/spot/detail?code=222D", "内容": "ウエルシア薬局新潟新津店【5:薬局】新潟県新潟市秋葉区新津４５０８" }, "geometry": { "type": "Point", "coordinates": [ 139.112346, 37.793965 ] } },
{ "type": "Feature", "properties": { "ID": "155YANCX00909", "正式名称": "新潟天神尾薬局", "機関区分": 5, "都道府県コード": 15, "市区町村コード": 103, "所在地": "新潟県新潟市中央区天神尾２丁目１１番１号", "緯度": 37.907043, "経度": 139.052055, "url": "https://www.iryou.teikyouseido.mhlw.go.jp/znk-web/juminkanja/S2430/initialize?prefCd=15&kikanCd=YANCX00909&kikanKbn=5", "url2": "https://www.phstr.co.jp", "内容": "新潟天神尾薬局【5:薬局】新潟県新潟市中央区天神尾２丁目１１番１号" }, "geometry": { "type": "Point", "coordinates": [ 139.052055, 37.907043 ] } },
{ "type": "Feature", "properties": { "ID": "155YANCX00910", "正式名称": "こばり西大通薬局", "機関区分": 5, "都道府県コード": 15, "市区町村コード": 107, "所在地": "新潟県新潟市西区小針上山１０－２８小針荒川ビル１階", "緯度": 37.892125, "経度": 138.991825, "url": "https://www.iryou.teikyouseido.mhlw.go.jp/znk-web/juminkanja/S2430/initialize?prefCd=15&kikanCd=YANCX00910&kikanKbn=5", "url2": null, "内容": "こばり西大通薬局【5:薬局】新潟県新潟市西区小針上山１０－２８小針荒川ビル１階" }, "geometry": { "type": "Point", "coordinates": [ 138.991825, 37.892125 ] } },
{ "type": "Feature", "properties": { "ID": "155YANCX00911", "正式名称": "共栄堂薬局　にいつ店", "機関区分": 5, "都道府県コード": 15, "市区町村コード": 105, "所在地": "新潟県新潟市秋葉区新津５１４９ー２２", "緯度": 37.804557, "経度": 139.111368, "url": "https://www.iryou.teikyouseido.mhlw.go.jp/znk-web/juminkanja/S2430/initialize?prefCd=15&kikanCd=YANCX00911&kikanKbn=5", "url2": "https://kyoueido.net/shop/4056/", "内容": "共栄堂薬局　にいつ店【5:薬局】新潟県新潟市秋葉区新津５１４９ー２２" }, "geometry": { "type": "Point", "coordinates": [ 139.111368, 37.804557 ] } },
{ "type": "Feature", "properties": { "ID": "155YANCX00912", "正式名称": "牡丹山薬局", "機関区分": 5, "都道府県コード": 15, "市区町村コード": 102, "所在地": "新潟県新潟市東区牡丹山１丁目５－１２－９", "緯度": 37.916918, "経度": 139.089878, "url": "https://www.iryou.teikyouseido.mhlw.go.jp/znk-web/juminkanja/S2430/initialize?prefCd=15&kikanCd=YANCX00912&kikanKbn=5", "url2": "https://lin.ee/DJte90j", "内容": "牡丹山薬局【5:薬局】新潟県新潟市東区牡丹山１丁目５－１２－９" }, "geometry": { "type": "Point", "coordinates": [ 139.089878, 37.916918 ] } },
{ "type": "Feature", "properties": { "ID": "155YANCX00913", "正式名称": "下越いずみ薬局", "機関区分": 5, "都道府県コード": 15, "市区町村コード": 105, "所在地": "新潟県新潟市秋葉区東金沢１６７７番地１", "緯度": 37.802383, "経度": 139.14454, "url": "https://www.iryou.teikyouseido.mhlw.go.jp/znk-web/juminkanja/S2430/initialize?prefCd=15&kikanCd=YANCX00913&kikanKbn=5", "url2": "https://ruhm-hahn.niigata.jp/", "内容": "下越いずみ薬局【5:薬局】新潟県新潟市秋葉区東金沢１６７７番地１" }, "geometry": { "type": "Point", "coordinates": [ 139.14454, 37.802383 ] } },
{ "type": "Feature", "properties": { "ID": "155YANCX00914", "正式名称": "しなの薬局　小針店", "機関区分": 5, "都道府県コード": 15, "市区町村コード": 107, "所在地": "新潟県新潟市西区小針４－４－１８", "緯度": 37.8856, "経度": 138.997871, "url": "https://www.iryou.teikyouseido.mhlw.go.jp/znk-web/juminkanja/S2430/initialize?prefCd=15&kikanCd=YANCX00914&kikanKbn=5", "url2": "www.shinano-pharmacy.com", "内容": "しなの薬局　小針店【5:薬局】新潟県新潟市西区小針４－４－１８" }, "geometry": { "type": "Point", "coordinates": [ 138.997871, 37.8856 ] } },
{ "type": "Feature", "properties": { "ID": "155YANCX00915", "正式名称": "いずみ薬局　上所店", "機関区分": 5, "都道府県コード": 15, "市区町村コード": 103, "所在地": "新潟県新潟市中央区上所中１丁目１２番１５号", "緯度": 37.90504, "経度": 139.035183, "url": "https://www.iryou.teikyouseido.mhlw.go.jp/znk-web/juminkanja/S2430/initialize?prefCd=15&kikanCd=YANCX00915&kikanKbn=5", "url2": null, "内容": "いずみ薬局　上所店【5:薬局】新潟県新潟市中央区上所中１丁目１２番１５号" }, "geometry": { "type": "Point", "coordinates": [ 139.035183, 37.90504 ] } },
{ "type": "Feature", "properties": { "ID": "155YANCX00916", "正式名称": "よつば薬局巻店", "機関区分": 5, "都道府県コード": 15, "市区町村コード": 108, "所在地": "新潟県新潟市西蒲区巻甲３２６０－１", "緯度": 37.764161, "経度": 138.893319, "url": "https://www.iryou.teikyouseido.mhlw.go.jp/znk-web/juminkanja/S2430/initialize?prefCd=15&kikanCd=YANCX00916&kikanKbn=5", "url2": null, "内容": "よつば薬局巻店【5:薬局】新潟県新潟市西蒲区巻甲３２６０－１" }, "geometry": { "type": "Point", "coordinates": [ 138.893319, 37.764161 ] } },
{ "type": "Feature", "properties": { "ID": "155YANCX00917", "正式名称": "中山調剤薬局", "機関区分": 5, "都道府県コード": 15, "市区町村コード": 102, "所在地": "新潟県新潟市東区中山６丁目１３－４５", "緯度": 37.914, "経度": 139.0836, "url": "https://www.iryou.teikyouseido.mhlw.go.jp/znk-web/juminkanja/S2430/initialize?prefCd=15&kikanCd=YANCX00917&kikanKbn=5", "url2": "https://www.phstr.co.jp/page1", "内容": "中山調剤薬局【5:薬局】新潟県新潟市東区中山６丁目１３－４５" }, "geometry": { "type": "Point", "coordinates": [ 139.0836, 37.914 ] } },
{ "type": "Feature", "properties": { "ID": "155YANCX00920", "正式名称": "山木戸調剤薬局", "機関区分": 5, "都道府県コード": 15, "市区町村コード": 102, "所在地": "新潟県新潟市東区山木戸８－９－８", "緯度": 37.922419, "経度": 139.08377, "url": "https://www.iryou.teikyouseido.mhlw.go.jp/znk-web/juminkanja/S2430/initialize?prefCd=15&kikanCd=YANCX00920&kikanKbn=5", "url2": "https://phstr.co.jp/store/578/", "内容": "山木戸調剤薬局【5:薬局】新潟県新潟市東区山木戸８－９－８" }, "geometry": { "type": "Point", "coordinates": [ 139.08377, 37.922419 ] } },
{ "type": "Feature", "properties": { "ID": "155YANCX00921", "正式名称": "しまみ調剤薬局", "機関区分": 5, "都道府県コード": 15, "市区町村コード": 101, "所在地": "新潟県新潟市北区島見町３９２５番地１８", "緯度": 37.965431, "経度": 139.199408, "url": "https://www.iryou.teikyouseido.mhlw.go.jp/znk-web/juminkanja/S2430/initialize?prefCd=15&kikanCd=YANCX00921&kikanKbn=5", "url2": "http://www.yotsuba-pharmacy.com/", "内容": "しまみ調剤薬局【5:薬局】新潟県新潟市北区島見町３９２５番地１８" }, "geometry": { "type": "Point", "coordinates": [ 139.199408, 37.965431 ] } },
{ "type": "Feature", "properties": { "ID": "155YANCX00922", "正式名称": "フレンド薬局", "機関区分": 5, "都道府県コード": 15, "市区町村コード": 107, "所在地": "新潟県新潟市西区中権寺２３８７番地３", "緯度": 37.844432, "経度": 138.911765, "url": "https://www.iryou.teikyouseido.mhlw.go.jp/znk-web/juminkanja/S2430/initialize?prefCd=15&kikanCd=YANCX00922&kikanKbn=5", "url2": "https://nmt-com.info/", "内容": "フレンド薬局【5:薬局】新潟県新潟市西区中権寺２３８７番地３" }, "geometry": { "type": "Point", "coordinates": [ 138.911765, 37.844432 ] } },
{ "type": "Feature", "properties": { "ID": "155YANCX00923", "正式名称": "しなの薬局山木戸店", "機関区分": 5, "都道府県コード": 15, "市区町村コード": 102, "所在地": "新潟県新潟市東区山木戸４丁目１番４５号", "緯度": 37.921443, "経度": 139.083397, "url": "https://www.iryou.teikyouseido.mhlw.go.jp/znk-web/juminkanja/S2430/initialize?prefCd=15&kikanCd=YANCX00923&kikanKbn=5", "url2": "https://www.shinano-pharmacy.com/", "内容": "しなの薬局山木戸店【5:薬局】新潟県新潟市東区山木戸４丁目１番４５号" }, "geometry": { "type": "Point", "coordinates": [ 139.083397, 37.921443 ] } },
{ "type": "Feature", "properties": { "ID": "155YANCX00924", "正式名称": "白根中央薬局", "機関区分": 5, "都道府県コード": 15, "市区町村コード": 106, "所在地": "新潟県新潟市南区白根２４４３－２", "緯度": 37.763697, "経度": 139.016, "url": "https://www.iryou.teikyouseido.mhlw.go.jp/znk-web/juminkanja/S2430/initialize?prefCd=15&kikanCd=YANCX00924&kikanKbn=5", "url2": "https://ruhm-hahn.niigata.jp/company/", "内容": "白根中央薬局【5:薬局】新潟県新潟市南区白根２４４３－２" }, "geometry": { "type": "Point", "coordinates": [ 139.016, 37.763697 ] } },
{ "type": "Feature", "properties": { "ID": "155YANCX00926", "正式名称": "ウエルシア薬局新潟小須戸店", "機関区分": 5, "都道府県コード": 15, "市区町村コード": 105, "所在地": "新潟県新潟市秋葉区横川浜５２９番地", "緯度": 37.749869, "経度": 139.073077, "url": "https://www.iryou.teikyouseido.mhlw.go.jp/znk-web/juminkanja/S2430/initialize?prefCd=15&kikanCd=YANCX00926&kikanKbn=5", "url2": "https://store.welcia.co.jp/welcia/spot/detail?code=233D", "内容": "ウエルシア薬局新潟小須戸店【5:薬局】新潟県新潟市秋葉区横川浜５２９番地" }, "geometry": { "type": "Point", "coordinates": [ 139.073077, 37.749869 ] } },
{ "type": "Feature", "properties": { "ID": "155YANCX00927", "正式名称": "イオン薬局　新潟南店", "機関区分": 5, "都道府県コード": 15, "市区町村コード": 104, "所在地": "新潟県新潟市江南区下早通柳田１－１－１", "緯度": 37.875775, "経度": 139.079888, "url": "https://www.iryou.teikyouseido.mhlw.go.jp/znk-web/juminkanja/S2430/initialize?prefCd=15&kikanCd=YANCX00927&kikanKbn=5", "url2": null, "内容": "イオン薬局　新潟南店【5:薬局】新潟県新潟市江南区下早通柳田１－１－１" }, "geometry": { "type": "Point", "coordinates": [ 139.079888, 37.875775 ] } },
{ "type": "Feature", "properties": { "ID": "155YANCX00928", "正式名称": "ドラッグトップス小針薬局", "機関区分": 5, "都道府県コード": 15, "市区町村コード": 107, "所在地": "新潟県新潟市西区小針４－１４－７", "緯度": 37.886292, "経度": 138.995411, "url": "https://www.iryou.teikyouseido.mhlw.go.jp/znk-web/juminkanja/S2430/initialize?prefCd=15&kikanCd=YANCX00928&kikanKbn=5", "url2": "https://drugtops.sundrug.co.jp/", "内容": "ドラッグトップス小針薬局【5:薬局】新潟県新潟市西区小針４－１４－７" }, "geometry": { "type": "Point", "coordinates": [ 138.995411, 37.886292 ] } },
{ "type": "Feature", "properties": { "ID": "155YANCX00929", "正式名称": "ミヤサン薬局沼垂店", "機関区分": 5, "都道府県コード": 15, "市区町村コード": 103, "所在地": "新潟県新潟市中央区沼垂西１－８―３", "緯度": 37.920264, "経度": 139.06461, "url": "https://www.iryou.teikyouseido.mhlw.go.jp/znk-web/juminkanja/S2430/initialize?prefCd=15&kikanCd=YANCX00929&kikanKbn=5", "url2": null, "内容": "ミヤサン薬局沼垂店【5:薬局】新潟県新潟市中央区沼垂西１－８―３" }, "geometry": { "type": "Point", "coordinates": [ 139.06461, 37.920264 ] } },
{ "type": "Feature", "properties": { "ID": "155YANCX00931", "正式名称": "クスリのアオキ船戸山薬局", "機関区分": 5, "都道府県コード": 15, "市区町村コード": 104, "所在地": "新潟県新潟市江南区船戸山４丁目１０番１６号", "緯度": 37.866817, "経度": 139.10766, "url": "https://www.iryou.teikyouseido.mhlw.go.jp/znk-web/juminkanja/S2430/initialize?prefCd=15&kikanCd=YANCX00931&kikanKbn=5", "url2": "https://www.kusuri-aoki.co.jp/", "内容": "クスリのアオキ船戸山薬局【5:薬局】新潟県新潟市江南区船戸山４丁目１０番１６号" }, "geometry": { "type": "Point", "coordinates": [ 139.10766, 37.866817 ] } },
{ "type": "Feature", "properties": { "ID": "155YANCX00932", "正式名称": "浜浦町薬局", "機関区分": 5, "都道府県コード": 15, "市区町村コード": 103, "所在地": "新潟県新潟市中央区浜浦町１丁目１８１－５", "緯度": 37.910714, "経度": 139.012253, "url": "https://www.iryou.teikyouseido.mhlw.go.jp/znk-web/juminkanja/S2430/initialize?prefCd=15&kikanCd=YANCX00932&kikanKbn=5", "url2": "https://www.kennyuu.co.jp/pharmacy", "内容": "浜浦町薬局【5:薬局】新潟県新潟市中央区浜浦町１丁目１８１－５" }, "geometry": { "type": "Point", "coordinates": [ 139.012253, 37.910714 ] } },
{ "type": "Feature", "properties": { "ID": "155YANCX00933", "正式名称": "ＡＬＰＨＡＳ薬局　真砂店", "機関区分": 5, "都道府県コード": 15, "市区町村コード": 107, "所在地": "新潟県新潟市西区真砂３－１１－７－２", "緯度": 37.892948, "経度": 138.985089, "url": "https://www.iryou.teikyouseido.mhlw.go.jp/znk-web/juminkanja/S2430/initialize?prefCd=15&kikanCd=YANCX00933&kikanKbn=5", "url2": "http://www.nmi-net.com", "内容": "ＡＬＰＨＡＳ薬局　真砂店【5:薬局】新潟県新潟市西区真砂３－１１－７－２" }, "geometry": { "type": "Point", "coordinates": [ 138.985089, 37.892948 ] } },
{ "type": "Feature", "properties": { "ID": "155YANCX00934", "正式名称": "上近江薬局", "機関区分": 5, "都道府県コード": 15, "市区町村コード": 103, "所在地": "新潟県新潟市中央区上近江４丁目７番２号", "緯度": 37.897528, "経度": 139.031555, "url": "https://www.iryou.teikyouseido.mhlw.go.jp/znk-web/juminkanja/S2430/initialize?prefCd=15&kikanCd=YANCX00934&kikanKbn=5", "url2": "https://phstr.co.jp/store/614/", "内容": "上近江薬局【5:薬局】新潟県新潟市中央区上近江４丁目７番２号" }, "geometry": { "type": "Point", "coordinates": [ 139.031555, 37.897528 ] } },
{ "type": "Feature", "properties": { "ID": "155YANCX00935", "正式名称": "クスリのアオキ豊栄木崎薬局", "機関区分": 5, "都道府県コード": 15, "市区町村コード": 101, "所在地": "新潟県新潟市北区木崎９０１番地２", "緯度": 37.937587, "経度": 139.187975, "url": "https://www.iryou.teikyouseido.mhlw.go.jp/znk-web/juminkanja/S2430/initialize?prefCd=15&kikanCd=YANCX00935&kikanKbn=5", "url2": "https://www.kusuri-aoki.co.jp/", "内容": "クスリのアオキ豊栄木崎薬局【5:薬局】新潟県新潟市北区木崎９０１番地２" }, "geometry": { "type": "Point", "coordinates": [ 139.187975, 37.937587 ] } },
{ "type": "Feature", "properties": { "ID": "155YANCX00936", "正式名称": "医学町調剤薬局", "機関区分": 5, "都道府県コード": 15, "市区町村コード": 103, "所在地": "新潟県新潟市中央区医学町通２番町７４番地１", "緯度": 37.917819, "経度": 139.037403, "url": "https://www.iryou.teikyouseido.mhlw.go.jp/znk-web/juminkanja/S2430/initialize?prefCd=15&kikanCd=YANCX00936&kikanKbn=5", "url2": null, "内容": "医学町調剤薬局【5:薬局】新潟県新潟市中央区医学町通２番町７４番地１" }, "geometry": { "type": "Point", "coordinates": [ 139.037403, 37.917819 ] } },
{ "type": "Feature", "properties": { "ID": "155YANCX00938", "正式名称": "ほりのうち薬局", "機関区分": 5, "都道府県コード": 15, "市区町村コード": 103, "所在地": "新潟県新潟市中央区堀之内南１－３２－１", "緯度": 37.903773, "経度": 139.050047, "url": "https://www.iryou.teikyouseido.mhlw.go.jp/znk-web/juminkanja/S2430/initialize?prefCd=15&kikanCd=YANCX00938&kikanKbn=5", "url2": "https://www.pharmarise.com/company/store/store.php?store_id=533", "内容": "ほりのうち薬局【5:薬局】新潟県新潟市中央区堀之内南１－３２－１" }, "geometry": { "type": "Point", "coordinates": [ 139.050047, 37.903773 ] } },
{ "type": "Feature", "properties": { "ID": "155YANCX00939", "正式名称": "しなの薬局　中央店", "機関区分": 5, "都道府県コード": 15, "市区町村コード": 103, "所在地": "新潟県新潟市中央区上大川前通６－１１８２", "緯度": 37.920592, "経度": 139.047478, "url": "https://www.iryou.teikyouseido.mhlw.go.jp/znk-web/juminkanja/S2430/initialize?prefCd=15&kikanCd=YANCX00939&kikanKbn=5", "url2": "http://www.shinano-pharmacy.com", "内容": "しなの薬局　中央店【5:薬局】新潟県新潟市中央区上大川前通６－１１８２" }, "geometry": { "type": "Point", "coordinates": [ 139.047478, 37.920592 ] } },
{ "type": "Feature", "properties": { "ID": "155YANCX00940", "正式名称": "しもまち薬局", "機関区分": 5, "都道府県コード": 15, "市区町村コード": 103, "所在地": "新潟県新潟市中央区田町１－３２３９ー１", "緯度": 37.932198, "経度": 139.05304, "url": "https://www.iryou.teikyouseido.mhlw.go.jp/znk-web/juminkanja/S2430/initialize?prefCd=15&kikanCd=YANCX00940&kikanKbn=5", "url2": "http://www.shinano-pharmacy.com/", "内容": "しもまち薬局【5:薬局】新潟県新潟市中央区田町１－３２３９ー１" }, "geometry": { "type": "Point", "coordinates": [ 139.05304, 37.932198 ] } },
{ "type": "Feature", "properties": { "ID": "155YANCX00941", "正式名称": "しなの薬局　東万代店", "機関区分": 5, "都道府県コード": 15, "市区町村コード": 103, "所在地": "新潟県新潟市中央区東万代町９－３８ロイヤルパ－クスＥＲ万代１階", "緯度": 37.917819, "経度": 139.063272, "url": "https://www.iryou.teikyouseido.mhlw.go.jp/znk-web/juminkanja/S2430/initialize?prefCd=15&kikanCd=YANCX00941&kikanKbn=5", "url2": "https://www.shinano-pharmacy.com/", "内容": "しなの薬局　東万代店【5:薬局】新潟県新潟市中央区東万代町９－３８ロイヤルパ－クスＥＲ万代１階" }, "geometry": { "type": "Point", "coordinates": [ 139.063272, 37.917819 ] } },
{ "type": "Feature", "properties": { "ID": "155YANCX00942", "正式名称": "しなの薬局　桜木店", "機関区分": 5, "都道府県コード": 15, "市区町村コード": 103, "所在地": "新潟県新潟市中央区神道寺２－５－５", "緯度": 37.89744, "経度": 139.055109, "url": "https://www.iryou.teikyouseido.mhlw.go.jp/znk-web/juminkanja/S2430/initialize?prefCd=15&kikanCd=YANCX00942&kikanKbn=5", "url2": "http://www.shinano-pharmacy.com", "内容": "しなの薬局　桜木店【5:薬局】新潟県新潟市中央区神道寺２－５－５" }, "geometry": { "type": "Point", "coordinates": [ 139.055109, 37.89744 ] } },
{ "type": "Feature", "properties": { "ID": "155YANCX00943", "正式名称": "しなの薬局　新通店", "機関区分": 5, "都道府県コード": 15, "市区町村コード": 107, "所在地": "新潟県新潟市西区新通南３－２－１６", "緯度": 37.859217, "経度": 138.955325, "url": "https://www.iryou.teikyouseido.mhlw.go.jp/znk-web/juminkanja/S2430/initialize?prefCd=15&kikanCd=YANCX00943&kikanKbn=5", "url2": "https://www.shinano-pharmacy.com/", "内容": "しなの薬局　新通店【5:薬局】新潟県新潟市西区新通南３－２－１６" }, "geometry": { "type": "Point", "coordinates": [ 138.955325, 37.859217 ] } },
{ "type": "Feature", "properties": { "ID": "155YANCX00944", "正式名称": "ファーマライズ薬局　寺尾店", "機関区分": 5, "都道府県コード": 15, "市区町村コード": 107, "所在地": "新潟県新潟市西区五十嵐東１丁目１番１６号", "緯度": 37.874353, "経度": 138.960046, "url": "https://www.iryou.teikyouseido.mhlw.go.jp/znk-web/juminkanja/S2430/initialize?prefCd=15&kikanCd=YANCX00944&kikanKbn=5", "url2": null, "内容": "ファーマライズ薬局　寺尾店【5:薬局】新潟県新潟市西区五十嵐東１丁目１番１６号" }, "geometry": { "type": "Point", "coordinates": [ 138.960046, 37.874353 ] } },
{ "type": "Feature", "properties": { "ID": "155YANCX00945", "正式名称": "ファーマライズ薬局　新大駅前店", "機関区分": 5, "都道府県コード": 15, "市区町村コード": 107, "所在地": "新潟県新潟市西区坂井砂山４－１６－２９", "緯度": 37.870097, "経度": 138.957839, "url": "https://www.iryou.teikyouseido.mhlw.go.jp/znk-web/juminkanja/S2430/initialize?prefCd=15&kikanCd=YANCX00945&kikanKbn=5", "url2": "https://www.pharmarise.com", "内容": "ファーマライズ薬局　新大駅前店【5:薬局】新潟県新潟市西区坂井砂山４－１６－２９" }, "geometry": { "type": "Point", "coordinates": [ 138.957839, 37.870097 ] } },
{ "type": "Feature", "properties": { "ID": "155YANCX00946", "正式名称": "ファーマライズ薬局学校町店", "機関区分": 5, "都道府県コード": 15, "市区町村コード": 103, "所在地": "新潟県新潟市中央区学校町通３番町５３７－７", "緯度": 37.916482, "経度": 139.029527, "url": "https://www.iryou.teikyouseido.mhlw.go.jp/znk-web/juminkanja/S2430/initialize?prefCd=15&kikanCd=YANCX00946&kikanKbn=5", "url2": "https://www.pharmarise.com/company/store/store.php?store_id=528", "内容": "ファーマライズ薬局学校町店【5:薬局】新潟県新潟市中央区学校町通３番町５３７－７" }, "geometry": { "type": "Point", "coordinates": [ 139.029527, 37.916482 ] } },
{ "type": "Feature", "properties": { "ID": "155YANCX00947", "正式名称": "ファーマライズ薬局　姥ケ山店", "機関区分": 5, "都道府県コード": 15, "市区町村コード": 103, "所在地": "新潟県新潟市中央区姥ケ山５－１４－３３", "緯度": 37.891814, "経度": 139.077775, "url": "https://www.iryou.teikyouseido.mhlw.go.jp/znk-web/juminkanja/S2430/initialize?prefCd=15&kikanCd=YANCX00947&kikanKbn=5", "url2": "https://www.pharmarise.com/company/store/store.php?store_id=540", "内容": "ファーマライズ薬局　姥ケ山店【5:薬局】新潟県新潟市中央区姥ケ山５－１４－３３" }, "geometry": { "type": "Point", "coordinates": [ 139.077775, 37.891814 ] } },
{ "type": "Feature", "properties": { "ID": "155YANCX00948", "正式名称": "トリム薬局　姥ケ山店", "機関区分": 5, "都道府県コード": 15, "市区町村コード": 103, "所在地": "新潟県新潟市中央区姥ケ山５－６－１８", "緯度": 37.890122, "経度": 139.077653, "url": "https://www.iryou.teikyouseido.mhlw.go.jp/znk-web/juminkanja/S2430/initialize?prefCd=15&kikanCd=YANCX00948&kikanKbn=5", "url2": "https://www.pharmarise.com/", "内容": "トリム薬局　姥ケ山店【5:薬局】新潟県新潟市中央区姥ケ山５－６－１８" }, "geometry": { "type": "Point", "coordinates": [ 139.077653, 37.890122 ] } },
{ "type": "Feature", "properties": { "ID": "155YANCX00949", "正式名称": "ファーマライズ薬局　かやま店", "機関区分": 5, "都道府県コード": 15, "市区町村コード": 101, "所在地": "新潟県新潟市北区嘉山３丁目１１－９", "緯度": 37.9098, "経度": 139.221232, "url": "https://www.iryou.teikyouseido.mhlw.go.jp/znk-web/juminkanja/S2430/initialize?prefCd=15&kikanCd=YANCX00949&kikanKbn=5", "url2": "https://www.pharmarise.com/company/store/store.php?store_id=538", "内容": "ファーマライズ薬局　かやま店【5:薬局】新潟県新潟市北区嘉山３丁目１１－９" }, "geometry": { "type": "Point", "coordinates": [ 139.221232, 37.9098 ] } },
{ "type": "Feature", "properties": { "ID": "155YANCX00950", "正式名称": "ファーマライズ薬局　粟山店", "機関区分": 5, "都道府県コード": 15, "市区町村コード": 102, "所在地": "新潟県新潟市東区粟山３ー１－８", "緯度": 37.898145, "経度": 139.100103, "url": "https://www.iryou.teikyouseido.mhlw.go.jp/znk-web/juminkanja/S2430/initialize?prefCd=15&kikanCd=YANCX00950&kikanKbn=5", "url2": "https://www.pharmarise.com/company/store/store.php?store_id=537", "内容": "ファーマライズ薬局　粟山店【5:薬局】新潟県新潟市東区粟山３ー１－８" }, "geometry": { "type": "Point", "coordinates": [ 139.100103, 37.898145 ] } },
{ "type": "Feature", "properties": { "ID": "155YANCX00951", "正式名称": "笹菊平島薬局", "機関区分": 5, "都道府県コード": 15, "市区町村コード": 107, "所在地": "新潟県新潟市西区平島１丁目１７番１号", "緯度": 37.889885, "経度": 139.004686, "url": "https://www.iryou.teikyouseido.mhlw.go.jp/znk-web/juminkanja/S2430/initialize?prefCd=15&kikanCd=YANCX00951&kikanKbn=5", "url2": "https://www.sasakiku.co.jp/", "内容": "笹菊平島薬局【5:薬局】新潟県新潟市西区平島１丁目１７番１号" }, "geometry": { "type": "Point", "coordinates": [ 139.004686, 37.889885 ] } },
{ "type": "Feature", "properties": { "ID": "155YANCX00952", "正式名称": "イオン薬局黒埼店", "機関区分": 5, "都道府県コード": 15, "市区町村コード": 107, "所在地": "新潟県新潟市西区山田２０番１", "緯度": 37.867656, "経度": 139.018098, "url": "https://www.iryou.teikyouseido.mhlw.go.jp/znk-web/juminkanja/S2430/initialize?prefCd=15&kikanCd=YANCX00952&kikanKbn=5", "url2": "https://www.aeon.com/store/%E3%82%A4%E3%82%AA%E3%83%B3/%E3%82%A4%E3%82%AA%E3%83%B3%E3%82%B9%E3%82%BF%E3%82%A4%E3%83%AB%E9%BB%92%E5%9F%BC/", "内容": "イオン薬局黒埼店【5:薬局】新潟県新潟市西区山田２０番１" }, "geometry": { "type": "Point", "coordinates": [ 139.018098, 37.867656 ] } },
{ "type": "Feature", "properties": { "ID": "155YANCX00953", "正式名称": "前田薬局　豊栄店", "機関区分": 5, "都道府県コード": 15, "市区町村コード": 101, "所在地": "新潟県新潟市北区白新町２－１３－３１", "緯度": 37.917242, "経度": 139.21354, "url": "https://www.iryou.teikyouseido.mhlw.go.jp/znk-web/juminkanja/S2430/initialize?prefCd=15&kikanCd=YANCX00953&kikanKbn=5", "url2": "https://www.m-yakkyoku-group.com/toyosaka/", "内容": "前田薬局　豊栄店【5:薬局】新潟県新潟市北区白新町２－１３－３１" }, "geometry": { "type": "Point", "coordinates": [ 139.21354, 37.917242 ] } },
{ "type": "Feature", "properties": { "ID": "155YANCX00954", "正式名称": "サンレモ調剤薬局", "機関区分": 5, "都道府県コード": 15, "市区町村コード": 108, "所在地": "新潟県新潟市西蒲区巻甲１１７４番地１", "緯度": 37.765243, "経度": 138.887172, "url": "https://www.iryou.teikyouseido.mhlw.go.jp/znk-web/juminkanja/S2430/initialize?prefCd=15&kikanCd=YANCX00954&kikanKbn=5", "url2": "https://o-y-s.co.jp", "内容": "サンレモ調剤薬局【5:薬局】新潟県新潟市西蒲区巻甲１１７４番地１" }, "geometry": { "type": "Point", "coordinates": [ 138.887172, 37.765243 ] } },
{ "type": "Feature", "properties": { "ID": "155YANCX00955", "正式名称": "くにい調剤薬局", "機関区分": 5, "都道府県コード": 15, "市区町村コード": 108, "所在地": "新潟県新潟市西蒲区巻甲４６４６－１０", "緯度": 37.760076, "経度": 138.894725, "url": "https://www.iryou.teikyouseido.mhlw.go.jp/znk-web/juminkanja/S2430/initialize?prefCd=15&kikanCd=YANCX00955&kikanKbn=5", "url2": "https://o-y-s.co.jp/", "内容": "くにい調剤薬局【5:薬局】新潟県新潟市西蒲区巻甲４６４６－１０" }, "geometry": { "type": "Point", "coordinates": [ 138.894725, 37.760076 ] } },
{ "type": "Feature", "properties": { "ID": "155YANCX00956", "正式名称": "すずらん調剤薬局", "機関区分": 5, "都道府県コード": 15, "市区町村コード": 108, "所在地": "新潟県新潟市西蒲区巻甲４０８５－２", "緯度": 37.760459, "経度": 138.893789, "url": "https://www.iryou.teikyouseido.mhlw.go.jp/znk-web/juminkanja/S2430/initialize?prefCd=15&kikanCd=YANCX00956&kikanKbn=5", "url2": null, "内容": "すずらん調剤薬局【5:薬局】新潟県新潟市西蒲区巻甲４０８５－２" }, "geometry": { "type": "Point", "coordinates": [ 138.893789, 37.760459 ] } },
{ "type": "Feature", "properties": { "ID": "155YANCX00957", "正式名称": "よこごし調剤薬局", "機関区分": 5, "都道府県コード": 15, "市区町村コード": 104, "所在地": "新潟県新潟市江南区茜ケ丘２番３号", "緯度": 37.856277, "経度": 139.142272, "url": "https://www.iryou.teikyouseido.mhlw.go.jp/znk-web/juminkanja/S2430/initialize?prefCd=15&kikanCd=YANCX00957&kikanKbn=5", "url2": "http://www.e-classa.net/yokogoshi/", "内容": "よこごし調剤薬局【5:薬局】新潟県新潟市江南区茜ケ丘２番３号" }, "geometry": { "type": "Point", "coordinates": [ 139.142272, 37.856277 ] } },
{ "type": "Feature", "properties": { "ID": "155YANCX00958", "正式名称": "白根調剤薬局", "機関区分": 5, "都道府県コード": 15, "市区町村コード": 106, "所在地": "新潟県新潟市南区白根３０２３番地", "緯度": 37.761434, "経度": 139.013037, "url": "https://www.iryou.teikyouseido.mhlw.go.jp/znk-web/juminkanja/S2430/initialize?prefCd=15&kikanCd=YANCX00958&kikanKbn=5", "url2": "http://daikyopm.net", "内容": "白根調剤薬局【5:薬局】新潟県新潟市南区白根３０２３番地" }, "geometry": { "type": "Point", "coordinates": [ 139.013037, 37.761434 ] } },
{ "type": "Feature", "properties": { "ID": "155YANCX00959", "正式名称": "女池上山薬局", "機関区分": 5, "都道府県コード": 15, "市区町村コード": 103, "所在地": "新潟県新潟市中央区女池上山２丁目８－２７", "緯度": 37.891608, "経度": 139.029913, "url": "https://www.iryou.teikyouseido.mhlw.go.jp/znk-web/juminkanja/S2430/initialize?prefCd=15&kikanCd=YANCX00959&kikanKbn=5", "url2": "peptide-ph.com", "内容": "女池上山薬局【5:薬局】新潟県新潟市中央区女池上山２丁目８－２７" }, "geometry": { "type": "Point", "coordinates": [ 139.029913, 37.891608 ] } },
{ "type": "Feature", "properties": { "ID": "155YANCX00960", "正式名称": "みなみ調剤薬局さいわい店", "機関区分": 5, "都道府県コード": 15, "市区町村コード": 103, "所在地": "新潟県新潟市中央区幸西１－５－２０　メゾン八千代１階", "緯度": 37.912065, "経度": 139.050053, "url": "https://www.iryou.teikyouseido.mhlw.go.jp/znk-web/juminkanja/S2430/initialize?prefCd=15&kikanCd=YANCX00960&kikanKbn=5", "url2": "https://minami-pharmacy.net/", "内容": "みなみ調剤薬局さいわい店【5:薬局】新潟県新潟市中央区幸西１－５－２０　メゾン八千代１階" }, "geometry": { "type": "Point", "coordinates": [ 139.050053, 37.912065 ] } },
{ "type": "Feature", "properties": { "ID": "155YANCX00961", "正式名称": "ハートリンク薬局　善久店", "機関区分": 5, "都道府県コード": 15, "市区町村コード": 107, "所在地": "新潟県新潟市西区善久１０７番地２１", "緯度": 37.859714, "経度": 139.016963, "url": "https://www.iryou.teikyouseido.mhlw.go.jp/znk-web/juminkanja/S2430/initialize?prefCd=15&kikanCd=YANCX00961&kikanKbn=5", "url2": null, "内容": "ハートリンク薬局　善久店【5:薬局】新潟県新潟市西区善久１０７番地２１" }, "geometry": { "type": "Point", "coordinates": [ 139.016963, 37.859714 ] } },
{ "type": "Feature", "properties": { "ID": "155YANCX00962", "正式名称": "万代調剤薬局　雪町", "機関区分": 5, "都道府県コード": 15, "市区町村コード": 103, "所在地": "新潟県新潟市中央区雪町２０２２番地１", "緯度": 37.923627, "経度": 139.050997, "url": "https://www.iryou.teikyouseido.mhlw.go.jp/znk-web/juminkanja/S2430/initialize?prefCd=15&kikanCd=YANCX00962&kikanKbn=5", "url2": null, "内容": "万代調剤薬局　雪町【5:薬局】新潟県新潟市中央区雪町２０２２番地１" }, "geometry": { "type": "Point", "coordinates": [ 139.050997, 37.923627 ] } },
{ "type": "Feature", "properties": { "ID": "155YANCX00963", "正式名称": "さやか薬局　万代店", "機関区分": 5, "都道府県コード": 15, "市区町村コード": 103, "所在地": "新潟県新潟市中央区八千代２－２－１", "緯度": 37.915032, "経度": 139.053374, "url": "https://www.iryou.teikyouseido.mhlw.go.jp/znk-web/juminkanja/S2430/initialize?prefCd=15&kikanCd=YANCX00963&kikanKbn=5", "url2": null, "内容": "さやか薬局　万代店【5:薬局】新潟県新潟市中央区八千代２－２－１" }, "geometry": { "type": "Point", "coordinates": [ 139.053374, 37.915032 ] } },
{ "type": "Feature", "properties": { "ID": "155YANCX00964", "正式名称": "本町調剤薬局古田店", "機関区分": 5, "都道府県コード": 15, "市区町村コード": 105, "所在地": "新潟県新潟市秋葉区古田６５４番４", "緯度": 37.791211, "経度": 139.101795, "url": "https://www.iryou.teikyouseido.mhlw.go.jp/znk-web/juminkanja/S2430/initialize?prefCd=15&kikanCd=YANCX00964&kikanKbn=5", "url2": "www.honcho-pharmacy.co.jp", "内容": "本町調剤薬局古田店【5:薬局】新潟県新潟市秋葉区古田６５４番４" }, "geometry": { "type": "Point", "coordinates": [ 139.101795, 37.791211 ] } },
{ "type": "Feature", "properties": { "ID": "155YANCX00965", "正式名称": "信濃町薬局", "機関区分": 5, "都道府県コード": 15, "市区町村コード": 103, "所在地": "新潟県新潟市中央区信濃町１１－８", "緯度": 37.907523, "経度": 139.010807, "url": "https://www.iryou.teikyouseido.mhlw.go.jp/znk-web/juminkanja/S2430/initialize?prefCd=15&kikanCd=YANCX00965&kikanKbn=5", "url2": "https://kyoueido.net/shop/149/", "内容": "信濃町薬局【5:薬局】新潟県新潟市中央区信濃町１１－８" }, "geometry": { "type": "Point", "coordinates": [ 139.010807, 37.907523 ] } },
{ "type": "Feature", "properties": { "ID": "155YANCX00966", "正式名称": "りんどう調剤薬局", "機関区分": 5, "都道府県コード": 15, "市区町村コード": 104, "所在地": "新潟県新潟市江南区早苗１－３－６", "緯度": 37.869781, "経度": 139.095175, "url": "https://www.iryou.teikyouseido.mhlw.go.jp/znk-web/juminkanja/S2430/initialize?prefCd=15&kikanCd=YANCX00966&kikanKbn=5", "url2": null, "内容": "りんどう調剤薬局【5:薬局】新潟県新潟市江南区早苗１－３－６" }, "geometry": { "type": "Point", "coordinates": [ 139.095175, 37.869781 ] } },
{ "type": "Feature", "properties": { "ID": "155YANCX00967", "正式名称": "ケンユウなつめ薬局", "機関区分": 5, "都道府県コード": 15, "市区町村コード": 107, "所在地": "新潟県新潟市西区東青山１丁目６－３", "緯度": 37.894387, "経度": 139.003617, "url": "https://www.iryou.teikyouseido.mhlw.go.jp/znk-web/juminkanja/S2430/initialize?prefCd=15&kikanCd=YANCX00967&kikanKbn=5", "url2": null, "内容": "ケンユウなつめ薬局【5:薬局】新潟県新潟市西区東青山１丁目６－３" }, "geometry": { "type": "Point", "coordinates": [ 139.003617, 37.894387 ] } },
{ "type": "Feature", "properties": { "ID": "155YANCX00968", "正式名称": "巻調剤薬局", "機関区分": 5, "都道府県コード": 15, "市区町村コード": 108, "所在地": "新潟県新潟市西蒲区巻甲２３９７－１", "緯度": 37.753764, "経度": 138.887164, "url": "https://www.iryou.teikyouseido.mhlw.go.jp/znk-web/juminkanja/S2430/initialize?prefCd=15&kikanCd=YANCX00968&kikanKbn=5", "url2": null, "内容": "巻調剤薬局【5:薬局】新潟県新潟市西蒲区巻甲２３９７－１" }, "geometry": { "type": "Point", "coordinates": [ 138.887164, 37.753764 ] } },
{ "type": "Feature", "properties": { "ID": "155YANCX00969", "正式名称": "クスリのアオキ豊栄太田薬局", "機関区分": 5, "都道府県コード": 15, "市区町村コード": 101, "所在地": "新潟県新潟市北区太田甲５７６８番地１", "緯度": 37.930612, "経度": 139.234736, "url": "https://www.iryou.teikyouseido.mhlw.go.jp/znk-web/juminkanja/S2430/initialize?prefCd=15&kikanCd=YANCX00969&kikanKbn=5", "url2": "https://www.kusuri-aoki.co.jp/", "内容": "クスリのアオキ豊栄太田薬局【5:薬局】新潟県新潟市北区太田甲５７６８番地１" }, "geometry": { "type": "Point", "coordinates": [ 139.234736, 37.930612 ] } },
{ "type": "Feature", "properties": { "ID": "155YANCX00970", "正式名称": "しなの薬局　猿ケ馬場店", "機関区分": 5, "都道府県コード": 15, "市区町村コード": 102, "所在地": "新潟県新潟市東区猿ケ馬場１丁目１番２２号", "緯度": 37.90515, "経度": 139.113013, "url": "https://www.iryou.teikyouseido.mhlw.go.jp/znk-web/juminkanja/S2430/initialize?prefCd=15&kikanCd=YANCX00970&kikanKbn=5", "url2": "https://www.shinano-pharmacy.com/", "内容": "しなの薬局　猿ケ馬場店【5:薬局】新潟県新潟市東区猿ケ馬場１丁目１番２２号" }, "geometry": { "type": "Point", "coordinates": [ 139.113013, 37.90515 ] } },
{ "type": "Feature", "properties": { "ID": "155YANCX00973", "正式名称": "水の都の漢方薬局", "機関区分": 5, "都道府県コード": 15, "市区町村コード": 102, "所在地": "新潟県新潟市東区藤見町１丁目３番１１号", "緯度": 37.936245, "経度": 139.091375, "url": "https://www.iryou.teikyouseido.mhlw.go.jp/znk-web/juminkanja/S2430/initialize?prefCd=15&kikanCd=YANCX00973&kikanKbn=5", "url2": null, "内容": "水の都の漢方薬局【5:薬局】新潟県新潟市東区藤見町１丁目３番１１号" }, "geometry": { "type": "Point", "coordinates": [ 139.091375, 37.936245 ] } },
{ "type": "Feature", "properties": { "ID": "155YANCX00974", "正式名称": "りんご薬局", "機関区分": 5, "都道府県コード": 15, "市区町村コード": 103, "所在地": "新潟県新潟市中央区東大通２丁目１８４番地", "緯度": 37.91649, "経度": 139.061094, "url": "https://www.iryou.teikyouseido.mhlw.go.jp/znk-web/juminkanja/S2430/initialize?prefCd=15&kikanCd=YANCX00974&kikanKbn=5", "url2": null, "内容": "りんご薬局【5:薬局】新潟県新潟市中央区東大通２丁目１８４番地" }, "geometry": { "type": "Point", "coordinates": [ 139.061094, 37.91649 ] } },
{ "type": "Feature", "properties": { "ID": "155YANCX00976", "正式名称": "西堀調剤薬局", "機関区分": 5, "都道府県コード": 15, "市区町村コード": 103, "所在地": "新潟県新潟市中央区西堀通６番町８９１", "緯度": 37.923373, "経度": 139.043828, "url": "https://www.iryou.teikyouseido.mhlw.go.jp/znk-web/juminkanja/S2430/initialize?prefCd=15&kikanCd=YANCX00976&kikanKbn=5", "url2": null, "内容": "西堀調剤薬局【5:薬局】新潟県新潟市中央区西堀通６番町８９１" }, "geometry": { "type": "Point", "coordinates": [ 139.043828, 37.923373 ] } },
{ "type": "Feature", "properties": { "ID": "155YANCX00977", "正式名称": "万代調剤薬局　月潟", "機関区分": 5, "都道府県コード": 15, "市区町村コード": 106, "所在地": "新潟県新潟市南区月潟６８６―１", "緯度": 37.730792, "経度": 138.997463, "url": "https://www.iryou.teikyouseido.mhlw.go.jp/znk-web/juminkanja/S2430/initialize?prefCd=15&kikanCd=YANCX00977&kikanKbn=5", "url2": null, "内容": "万代調剤薬局　月潟【5:薬局】新潟県新潟市南区月潟６８６―１" }, "geometry": { "type": "Point", "coordinates": [ 138.997463, 37.730792 ] } },
{ "type": "Feature", "properties": { "ID": "155YANCX00978", "正式名称": "アグロ　アニマルファーマシー", "機関区分": 5, "都道府県コード": 15, "市区町村コード": 104, "所在地": "新潟県新潟市江南区曙町５－１－３", "緯度": 37.860072, "経度": 139.129361, "url": "https://www.iryou.teikyouseido.mhlw.go.jp/znk-web/juminkanja/S2430/initialize?prefCd=15&kikanCd=YANCX00978&kikanKbn=5", "url2": null, "内容": "アグロ　アニマルファーマシー【5:薬局】新潟県新潟市江南区曙町５－１－３" }, "geometry": { "type": "Point", "coordinates": [ 139.129361, 37.860072 ] } },
{ "type": "Feature", "properties": { "ID": "155YANCX00980", "正式名称": "イオン薬局　新潟西店", "機関区分": 5, "都道府県コード": 15, "市区町村コード": 107, "所在地": "新潟県新潟市西区小新南２－１－１０", "緯度": 37.86884, "経度": 138.994621, "url": "https://www.iryou.teikyouseido.mhlw.go.jp/znk-web/juminkanja/S2430/initialize?prefCd=15&kikanCd=YANCX00980&kikanKbn=5", "url2": null, "内容": "イオン薬局　新潟西店【5:薬局】新潟県新潟市西区小新南２－１－１０" }, "geometry": { "type": "Point", "coordinates": [ 138.994621, 37.86884 ] } },
{ "type": "Feature", "properties": { "ID": "155YANCX00981", "正式名称": "共栄堂薬局こばり店", "機関区分": 5, "都道府県コード": 15, "市区町村コード": 107, "所在地": "新潟県新潟市西区小針３丁目３０番３号", "緯度": 37.886907, "経度": 138.999675, "url": "https://www.iryou.teikyouseido.mhlw.go.jp/znk-web/juminkanja/S2430/initialize?prefCd=15&kikanCd=YANCX00981&kikanKbn=5", "url2": "https://kyoueido.net/shop/8199/", "内容": "共栄堂薬局こばり店【5:薬局】新潟県新潟市西区小針３丁目３０番３号" }, "geometry": { "type": "Point", "coordinates": [ 138.999675, 37.886907 ] } },
{ "type": "Feature", "properties": { "ID": "155YANCX00982", "正式名称": "ＡＬＰＨＡＳ薬局　太平店", "機関区分": 5, "都道府県コード": 15, "市区町村コード": 102, "所在地": "新潟県新潟市東区太平３丁目３０－１２", "緯度": 37.94251, "経度": 139.114284, "url": "https://www.iryou.teikyouseido.mhlw.go.jp/znk-web/juminkanja/S2430/initialize?prefCd=15&kikanCd=YANCX00982&kikanKbn=5", "url2": "http://www.nmi-net.com", "内容": "ＡＬＰＨＡＳ薬局　太平店【5:薬局】新潟県新潟市東区太平３丁目３０－１２" }, "geometry": { "type": "Point", "coordinates": [ 139.114284, 37.94251 ] } },
{ "type": "Feature", "properties": { "ID": "155YANCX00985", "正式名称": "みなみ調剤薬局　坂井東店", "機関区分": 5, "都道府県コード": 15, "市区町村コード": 107, "所在地": "新潟県新潟市西区坂井東", "緯度": 37.870231, "経度": 138.977023, "url": "https://www.iryou.teikyouseido.mhlw.go.jp/znk-web/juminkanja/S2430/initialize?prefCd=15&kikanCd=YANCX00985&kikanKbn=5", "url2": null, "内容": "みなみ調剤薬局　坂井東店【5:薬局】新潟県新潟市西区坂井東" }, "geometry": { "type": "Point", "coordinates": [ 138.977023, 37.870231 ] } },
{ "type": "Feature", "properties": { "ID": "155YANCX00986", "正式名称": "てらお薬局", "機関区分": 5, "都道府県コード": 15, "市区町村コード": 107, "所在地": "新潟県新潟市西区寺尾上６－５－１４", "緯度": 37.872521, "経度": 138.966295, "url": "https://www.iryou.teikyouseido.mhlw.go.jp/znk-web/juminkanja/S2430/initialize?prefCd=15&kikanCd=YANCX00986&kikanKbn=5", "url2": "https://www.kk-marutake.co.jp/mseed/", "内容": "てらお薬局【5:薬局】新潟県新潟市西区寺尾上６－５－１４" }, "geometry": { "type": "Point", "coordinates": [ 138.966295, 37.872521 ] } },
{ "type": "Feature", "properties": { "ID": "155YANCX00987", "正式名称": "ささえ調剤薬局", "機関区分": 5, "都道府県コード": 15, "市区町村コード": 105, "所在地": "新潟県新潟市秋葉区新津本町１丁目７番２１号", "緯度": 37.80019, "経度": 139.123916, "url": "https://www.iryou.teikyouseido.mhlw.go.jp/znk-web/juminkanja/S2430/initialize?prefCd=15&kikanCd=YANCX00987&kikanKbn=5", "url2": "https://sites.google.com/view/sasae-p", "内容": "ささえ調剤薬局【5:薬局】新潟県新潟市秋葉区新津本町１丁目７番２１号" }, "geometry": { "type": "Point", "coordinates": [ 139.123916, 37.80019 ] } },
{ "type": "Feature", "properties": { "ID": "155YANGQ00001", "正式名称": "遠藤薬局", "機関区分": 5, "都道府県コード": 15, "市区町村コード": 202, "所在地": "新潟県長岡市関原町２丁目１４５番地１", "緯度": 37.454013, "経度": 138.773435, "url": "https://www.iryou.teikyouseido.mhlw.go.jp/znk-web/juminkanja/S2430/initialize?prefCd=15&kikanCd=YANGQ00001&kikanKbn=5", "url2": null, "内容": "遠藤薬局【5:薬局】新潟県長岡市関原町２丁目１４５番地１" }, "geometry": { "type": "Point", "coordinates": [ 138.773435, 37.454013 ] } },
{ "type": "Feature", "properties": { "ID": "155YANGQ00002", "正式名称": "大山調剤薬局", "機関区分": 5, "都道府県コード": 15, "市区町村コード": 202, "所在地": "新潟県長岡市大山２丁目８－１３", "緯度": 37.442168, "経度": 138.816828, "url": "https://www.iryou.teikyouseido.mhlw.go.jp/znk-web/juminkanja/S2430/initialize?prefCd=15&kikanCd=YANGQ00002&kikanKbn=5", "url2": null, "内容": "大山調剤薬局【5:薬局】新潟県長岡市大山２丁目８－１３" }, "geometry": { "type": "Point", "coordinates": [ 138.816828, 37.442168 ] } },
{ "type": "Feature", "properties": { "ID": "155YANGQ00003", "正式名称": "とよだ薬局", "機関区分": 5, "都道府県コード": 15, "市区町村コード": 202, "所在地": "新潟県長岡市豊田町７－６　豊田ハイツ１階", "緯度": 37.429304, "経度": 138.855478, "url": "https://www.iryou.teikyouseido.mhlw.go.jp/znk-web/juminkanja/S2430/initialize?prefCd=15&kikanCd=YANGQ00003&kikanKbn=5", "url2": "https://www.toyoda-pharmacy.com", "内容": "とよだ薬局【5:薬局】新潟県長岡市豊田町７－６　豊田ハイツ１階" }, "geometry": { "type": "Point", "coordinates": [ 138.855478, 37.429304 ] } },
{ "type": "Feature", "properties": { "ID": "155YANGQ00004", "正式名称": "ＡＬＰＨＡＳ薬局　新保店", "機関区分": 5, "都道府県コード": 15, "市区町村コード": 202, "所在地": "新潟県長岡市川崎町７７９番３", "緯度": 37.462184, "経度": 138.86588, "url": "https://www.iryou.teikyouseido.mhlw.go.jp/znk-web/juminkanja/S2430/initialize?prefCd=15&kikanCd=YANGQ00004&kikanKbn=5", "url2": "http://www.nmi-net.com", "内容": "ＡＬＰＨＡＳ薬局　新保店【5:薬局】新潟県長岡市川崎町７７９番３" }, "geometry": { "type": "Point", "coordinates": [ 138.86588, 37.462184 ] } },
{ "type": "Feature", "properties": { "ID": "155YANGQ00005", "正式名称": "わかば薬局", "機関区分": 5, "都道府県コード": 15, "市区町村コード": 202, "所在地": "新潟県長岡市大島新町４丁目１２１ー２４", "緯度": 37.446034, "経度": 138.819078, "url": "https://www.iryou.teikyouseido.mhlw.go.jp/znk-web/juminkanja/S2430/initialize?prefCd=15&kikanCd=YANGQ00005&kikanKbn=5", "url2": "http://www.sugimotocorp.jp/pharmacy/shop-wkb-ooshima/", "内容": "わかば薬局【5:薬局】新潟県長岡市大島新町４丁目１２１ー２４" }, "geometry": { "type": "Point", "coordinates": [ 138.819078, 37.446034 ] } },
{ "type": "Feature", "properties": { "ID": "155YANGQ00007", "正式名称": "ＡＬＰＨＡＳ薬局　堤町店", "機関区分": 5, "都道府県コード": 15, "市区町村コード": 202, "所在地": "新潟県長岡市堤町１番２号", "緯度": 37.476443, "経度": 138.839231, "url": "https://www.iryou.teikyouseido.mhlw.go.jp/znk-web/juminkanja/S2430/initialize?prefCd=15&kikanCd=YANGQ00007&kikanKbn=5", "url2": "http://www.nmi-net.com", "内容": "ＡＬＰＨＡＳ薬局　堤町店【5:薬局】新潟県長岡市堤町１番２号" }, "geometry": { "type": "Point", "coordinates": [ 138.839231, 37.476443 ] } },
{ "type": "Feature", "properties": { "ID": "155YANGQ00008", "正式名称": "センザイ薬局", "機関区分": 5, "都道府県コード": 15, "市区町村コード": 202, "所在地": "新潟県長岡市千歳２丁目５－３２", "緯度": 37.437769, "経度": 138.84548, "url": "https://www.iryou.teikyouseido.mhlw.go.jp/znk-web/juminkanja/S2430/initialize?prefCd=15&kikanCd=YANGQ00008&kikanKbn=5", "url2": "https://www.maruiyakkyoku.com", "内容": "センザイ薬局【5:薬局】新潟県長岡市千歳２丁目５－３２" }, "geometry": { "type": "Point", "coordinates": [ 138.84548, 37.437769 ] } },
{ "type": "Feature", "properties": { "ID": "155YANGQ00009", "正式名称": "有限会社ゆたか商事柏薬局", "機関区分": 5, "都道府県コード": 15, "市区町村コード": 202, "所在地": "新潟県長岡市柏町１－４－２７", "緯度": 37.443271, "経度": 138.847146, "url": "https://www.iryou.teikyouseido.mhlw.go.jp/znk-web/juminkanja/S2430/initialize?prefCd=15&kikanCd=YANGQ00009&kikanKbn=5", "url2": null, "内容": "有限会社ゆたか商事柏薬局【5:薬局】新潟県長岡市柏町１－４－２７" }, "geometry": { "type": "Point", "coordinates": [ 138.847146, 37.443271 ] } },
{ "type": "Feature", "properties": { "ID": "155YANGQ00011", "正式名称": "ＡＬＰＨＡＳ薬局　美園店", "機関区分": 5, "都道府県コード": 15, "市区町村コード": 202, "所在地": "新潟県長岡市新保１丁目１７－１１", "緯度": 37.462894, "経度": 138.866784, "url": "https://www.iryou.teikyouseido.mhlw.go.jp/znk-web/juminkanja/S2430/initialize?prefCd=15&kikanCd=YANGQ00011&kikanKbn=5", "url2": "http://www.nmi-net.com", "内容": "ＡＬＰＨＡＳ薬局　美園店【5:薬局】新潟県長岡市新保１丁目１７－１１" }, "geometry": { "type": "Point", "coordinates": [ 138.866784, 37.462894 ] } },
{ "type": "Feature", "properties": { "ID": "155YANGQ00012", "正式名称": "わかば薬局今朝白店", "機関区分": 5, "都道府県コード": 15, "市区町村コード": 202, "所在地": "新潟県長岡市今朝白３－１２－９", "緯度": 37.451014, "経度": 138.859689, "url": "https://www.iryou.teikyouseido.mhlw.go.jp/znk-web/juminkanja/S2430/initialize?prefCd=15&kikanCd=YANGQ00012&kikanKbn=5", "url2": "http://www.sugimotocorp.jp/pharmacy/shop-wkb-kesajiro/", "内容": "わかば薬局今朝白店【5:薬局】新潟県長岡市今朝白３－１２－９" }, "geometry": { "type": "Point", "coordinates": [ 138.859689, 37.451014 ] } },
{ "type": "Feature", "properties": { "ID": "155YANGQ00013", "正式名称": "大手薬局　南部店", "機関区分": 5, "都道府県コード": 15, "市区町村コード": 202, "所在地": "新潟県長岡市摂田屋１ー４ー４５", "緯度": 37.411218, "経度": 138.845455, "url": "https://www.iryou.teikyouseido.mhlw.go.jp/znk-web/juminkanja/S2430/initialize?prefCd=15&kikanCd=YANGQ00013&kikanKbn=5", "url2": "https://ohte.info", "内容": "大手薬局　南部店【5:薬局】新潟県長岡市摂田屋１ー４ー４５" }, "geometry": { "type": "Point", "coordinates": [ 138.845455, 37.411218 ] } },
{ "type": "Feature", "properties": { "ID": "155YANGQ00014", "正式名称": "さくら薬局", "機関区分": 5, "都道府県コード": 15, "市区町村コード": 202, "所在地": "新潟県長岡市泉２丁目４番５号", "緯度": 37.464513, "経度": 138.852213, "url": "https://www.iryou.teikyouseido.mhlw.go.jp/znk-web/juminkanja/S2430/initialize?prefCd=15&kikanCd=YANGQ00014&kikanKbn=5", "url2": "https://www.primeyakkyoku.com/sakura", "内容": "さくら薬局【5:薬局】新潟県長岡市泉２丁目４番５号" }, "geometry": { "type": "Point", "coordinates": [ 138.852213, 37.464513 ] } },
{ "type": "Feature", "properties": { "ID": "155YANGQ00015", "正式名称": "ミツワ薬局", "機関区分": 5, "都道府県コード": 15, "市区町村コード": 202, "所在地": "新潟県長岡市三和２丁目３番３号", "緯度": 37.432966, "経度": 138.843103, "url": "https://www.iryou.teikyouseido.mhlw.go.jp/znk-web/juminkanja/S2430/initialize?prefCd=15&kikanCd=YANGQ00015&kikanKbn=5", "url2": "https://www.midori-yakuhin.co.jp/", "内容": "ミツワ薬局【5:薬局】新潟県長岡市三和２丁目３番３号" }, "geometry": { "type": "Point", "coordinates": [ 138.843103, 37.432966 ] } },
{ "type": "Feature", "properties": { "ID": "155YANGQ00016", "正式名称": "長岡市在宅医療支援センター薬局", "機関区分": 5, "都道府県コード": 15, "市区町村コード": 202, "所在地": "新潟県長岡市千歳２丁目９番２９号", "緯度": 37.437564, "経度": 138.8476, "url": "https://www.iryou.teikyouseido.mhlw.go.jp/znk-web/juminkanja/S2430/initialize?prefCd=15&kikanCd=YANGQ00016&kikanKbn=5", "url2": "https://cho-yaku.jp/", "内容": "長岡市在宅医療支援センター薬局【5:薬局】新潟県長岡市千歳２丁目９番２９号" }, "geometry": { "type": "Point", "coordinates": [ 138.8476, 37.437564 ] } },
{ "type": "Feature", "properties": { "ID": "155YANGQ00017", "正式名称": "ＡＬＰＨＡＳ薬局　荻野店", "機関区分": 5, "都道府県コード": 15, "市区町村コード": 202, "所在地": "新潟県長岡市荻野１丁目７－９", "緯度": 37.472275, "経度": 138.835152, "url": "https://www.iryou.teikyouseido.mhlw.go.jp/znk-web/juminkanja/S2430/initialize?prefCd=15&kikanCd=YANGQ00017&kikanKbn=5", "url2": "http://www.nmi-net.com", "内容": "ＡＬＰＨＡＳ薬局　荻野店【5:薬局】新潟県長岡市荻野１丁目７－９" }, "geometry": { "type": "Point", "coordinates": [ 138.835152, 37.472275 ] } },
{ "type": "Feature", "properties": { "ID": "155YANGQ00019", "正式名称": "ファーマライズ薬局　長岡店", "機関区分": 5, "都道府県コード": 15, "市区町村コード": 202, "所在地": "新潟県長岡市曲新町６８７－４", "緯度": 37.416613, "経度": 138.846522, "url": "https://www.iryou.teikyouseido.mhlw.go.jp/znk-web/juminkanja/S2430/initialize?prefCd=15&kikanCd=YANGQ00019&kikanKbn=5", "url2": "https://www.pharmarise.com/", "内容": "ファーマライズ薬局　長岡店【5:薬局】新潟県長岡市曲新町６８７－４" }, "geometry": { "type": "Point", "coordinates": [ 138.846522, 37.416613 ] } },
{ "type": "Feature", "properties": { "ID": "155YANGQ00021", "正式名称": "ＡＬＰＨＡＳ薬局　緑町店", "機関区分": 5, "都道府県コード": 15, "市区町村コード": 202, "所在地": "新潟県長岡市緑町１丁目１２９ー２", "緯度": 37.45006, "経度": 138.822418, "url": "https://www.iryou.teikyouseido.mhlw.go.jp/znk-web/juminkanja/S2430/initialize?prefCd=15&kikanCd=YANGQ00021&kikanKbn=5", "url2": "http://www.nmi-net.com", "内容": "ＡＬＰＨＡＳ薬局　緑町店【5:薬局】新潟県長岡市緑町１丁目１２９ー２" }, "geometry": { "type": "Point", "coordinates": [ 138.822418, 37.45006 ] } },
{ "type": "Feature", "properties": { "ID": "155YANGQ00022", "正式名称": "わかば薬局来迎寺店", "機関区分": 5, "都道府県コード": 15, "市区町村コード": 202, "所在地": "新潟県長岡市浦字中の坪６４０番地１", "緯度": 37.394943, "経度": 138.788561, "url": "https://www.iryou.teikyouseido.mhlw.go.jp/znk-web/juminkanja/S2430/initialize?prefCd=15&kikanCd=YANGQ00022&kikanKbn=5", "url2": "http://www.sugimotocorp.jp.", "内容": "わかば薬局来迎寺店【5:薬局】新潟県長岡市浦字中の坪６４０番地１" }, "geometry": { "type": "Point", "coordinates": [ 138.788561, 37.394943 ] } },
{ "type": "Feature", "properties": { "ID": "155YANGQ00023", "正式名称": "大手薬局石内店", "機関区分": 5, "都道府県コード": 15, "市区町村コード": 202, "所在地": "新潟県長岡市石内１－１－２８", "緯度": 37.46087, "経度": 138.853976, "url": "https://www.iryou.teikyouseido.mhlw.go.jp/znk-web/juminkanja/S2430/initialize?prefCd=15&kikanCd=YANGQ00023&kikanKbn=5", "url2": null, "内容": "大手薬局石内店【5:薬局】新潟県長岡市石内１－１－２８" }, "geometry": { "type": "Point", "coordinates": [ 138.853976, 37.46087 ] } },
{ "type": "Feature", "properties": { "ID": "155YANGQ00024", "正式名称": "ひろはし薬局", "機関区分": 5, "都道府県コード": 15, "市区町村コード": 202, "所在地": "新潟県長岡市今朝白　３－１３－１３", "緯度": 37.450762, "経度": 138.860355, "url": "https://www.iryou.teikyouseido.mhlw.go.jp/znk-web/juminkanja/S2430/initialize?prefCd=15&kikanCd=YANGQ00024&kikanKbn=5", "url2": "https://hirohashi-pharmacy.jp/", "内容": "ひろはし薬局【5:薬局】新潟県長岡市今朝白　３－１３－１３" }, "geometry": { "type": "Point", "coordinates": [ 138.860355, 37.450762 ] } },
{ "type": "Feature", "properties": { "ID": "155YANGQ00025", "正式名称": "せきはら薬局", "機関区分": 5, "都道府県コード": 15, "市区町村コード": 202, "所在地": "新潟県長岡市関原南２丁目４１２０番地", "緯度": 37.447614, "経度": 138.774414, "url": "https://www.iryou.teikyouseido.mhlw.go.jp/znk-web/juminkanja/S2430/initialize?prefCd=15&kikanCd=YANGQ00025&kikanKbn=5", "url2": "https://www.primeyakkyoku.com/", "内容": "せきはら薬局【5:薬局】新潟県長岡市関原南２丁目４１２０番地" }, "geometry": { "type": "Point", "coordinates": [ 138.774414, 37.447614 ] } },
{ "type": "Feature", "properties": { "ID": "155YANGQ00026", "正式名称": "信濃屋薬局川崎店", "機関区分": 5, "都道府県コード": 15, "市区町村コード": 202, "所在地": "新潟県長岡市川崎６丁目１２８９", "緯度": 37.455851, "経度": 138.873502, "url": "https://www.iryou.teikyouseido.mhlw.go.jp/znk-web/juminkanja/S2430/initialize?prefCd=15&kikanCd=YANGQ00026&kikanKbn=5", "url2": null, "内容": "信濃屋薬局川崎店【5:薬局】新潟県長岡市川崎６丁目１２８９" }, "geometry": { "type": "Point", "coordinates": [ 138.873502, 37.455851 ] } },
{ "type": "Feature", "properties": { "ID": "155YANGQ00027", "正式名称": "荒木　薬局", "機関区分": 5, "都道府県コード": 15, "市区町村コード": 202, "所在地": "新潟県長岡市四郎丸４ー６－２４", "緯度": 37.443732, "経度": 138.856559, "url": "https://www.iryou.teikyouseido.mhlw.go.jp/znk-web/juminkanja/S2430/initialize?prefCd=15&kikanCd=YANGQ00027&kikanKbn=5", "url2": null, "内容": "荒木　薬局【5:薬局】新潟県長岡市四郎丸４ー６－２４" }, "geometry": { "type": "Point", "coordinates": [ 138.856559, 37.443732 ] } },
{ "type": "Feature", "properties": { "ID": "155YANGQ00028", "正式名称": "あおい調剤薬局", "機関区分": 5, "都道府県コード": 15, "市区町村コード": 202, "所在地": "新潟県長岡市千手３－１０－１１", "緯度": 37.445562, "経度": 138.842719, "url": "https://www.iryou.teikyouseido.mhlw.go.jp/znk-web/juminkanja/S2430/initialize?prefCd=15&kikanCd=YANGQ00028&kikanKbn=5", "url2": "http://www.add-vantage.jp", "内容": "あおい調剤薬局【5:薬局】新潟県長岡市千手３－１０－１１" }, "geometry": { "type": "Point", "coordinates": [ 138.842719, 37.445562 ] } },
{ "type": "Feature", "properties": { "ID": "155YANGQ00029", "正式名称": "こうのす薬局", "機関区分": 5, "都道府県コード": 15, "市区町村コード": 202, "所在地": "新潟県長岡市下々条町字鴻巣２８３５番１", "緯度": 37.493873, "経度": 138.862083, "url": "https://www.iryou.teikyouseido.mhlw.go.jp/znk-web/juminkanja/S2430/initialize?prefCd=15&kikanCd=YANGQ00029&kikanKbn=5", "url2": "https://www.maruiyakkyoku.com", "内容": "こうのす薬局【5:薬局】新潟県長岡市下々条町字鴻巣２８３５番１" }, "geometry": { "type": "Point", "coordinates": [ 138.862083, 37.493873 ] } },
{ "type": "Feature", "properties": { "ID": "155YANGQ00030", "正式名称": "はすがた薬局", "機関区分": 5, "都道府県コード": 15, "市区町村コード": 202, "所在地": "新潟県長岡市蓮潟４丁目２番１６号", "緯度": 37.467249, "経度": 138.82763, "url": "https://www.iryou.teikyouseido.mhlw.go.jp/znk-web/juminkanja/S2430/initialize?prefCd=15&kikanCd=YANGQ00030&kikanKbn=5", "url2": "https://www.maruiyakkyoku.com", "内容": "はすがた薬局【5:薬局】新潟県長岡市蓮潟４丁目２番１６号" }, "geometry": { "type": "Point", "coordinates": [ 138.82763, 37.467249 ] } },
{ "type": "Feature", "properties": { "ID": "155YANGQ00032", "正式名称": "西長岡調剤薬局", "機関区分": 5, "都道府県コード": 15, "市区町村コード": 202, "所在地": "新潟県長岡市千秋２丁目２９７番地１２", "緯度": 37.461852, "経度": 138.828966, "url": "https://www.iryou.teikyouseido.mhlw.go.jp/znk-web/juminkanja/S2430/initialize?prefCd=15&kikanCd=YANGQ00032&kikanKbn=5", "url2": "https://www.echigo-med.co.jp", "内容": "西長岡調剤薬局【5:薬局】新潟県長岡市千秋２丁目２９７番地１２" }, "geometry": { "type": "Point", "coordinates": [ 138.828966, 37.461852 ] } },
{ "type": "Feature", "properties": { "ID": "155YANGQ00033", "正式名称": "みどり薬局けいこ町店", "機関区分": 5, "都道府県コード": 15, "市区町村コード": 202, "所在地": "新潟県長岡市長町１丁目１６６４番地", "緯度": 37.454762, "経度": 138.854987, "url": "https://www.iryou.teikyouseido.mhlw.go.jp/znk-web/juminkanja/S2430/initialize?prefCd=15&kikanCd=YANGQ00033&kikanKbn=5", "url2": null, "内容": "みどり薬局けいこ町店【5:薬局】新潟県長岡市長町１丁目１６６４番地" }, "geometry": { "type": "Point", "coordinates": [ 138.854987, 37.454762 ] } },
{ "type": "Feature", "properties": { "ID": "155YANGQ00034", "正式名称": "みどり薬局", "機関区分": 5, "都道府県コード": 15, "市区町村コード": 202, "所在地": "新潟県長岡市長町１丁目甲１６６８－１", "緯度": 37.453119, "経度": 138.854881, "url": "https://www.iryou.teikyouseido.mhlw.go.jp/znk-web/juminkanja/S2430/initialize?prefCd=15&kikanCd=YANGQ00034&kikanKbn=5", "url2": "midoriyakkyoku-nagaoka.com", "内容": "みどり薬局【5:薬局】新潟県長岡市長町１丁目甲１６６８－１" }, "geometry": { "type": "Point", "coordinates": [ 138.854881, 37.453119 ] } },
{ "type": "Feature", "properties": { "ID": "155YANGQ00036", "正式名称": "大手薬局　新保店", "機関区分": 5, "都道府県コード": 15, "市区町村コード": 202, "所在地": "新潟県長岡市新保６丁目８０番地", "緯度": 37.468367, "経度": 138.867536, "url": "https://www.iryou.teikyouseido.mhlw.go.jp/znk-web/juminkanja/S2430/initialize?prefCd=15&kikanCd=YANGQ00036&kikanKbn=5", "url2": null, "内容": "大手薬局　新保店【5:薬局】新潟県長岡市新保６丁目８０番地" }, "geometry": { "type": "Point", "coordinates": [ 138.867536, 37.468367 ] } },
{ "type": "Feature", "properties": { "ID": "155YANGQ00037", "正式名称": "アイン薬局新潟蔵王店", "機関区分": 5, "都道府県コード": 15, "市区町村コード": 202, "所在地": "新潟県長岡市寿２丁目５番１４号", "緯度": 37.477243, "経度": 138.854003, "url": "https://www.iryou.teikyouseido.mhlw.go.jp/znk-web/juminkanja/S2430/initialize?prefCd=15&kikanCd=YANGQ00037&kikanKbn=5", "url2": "https://store.ainj.co.jp", "内容": "アイン薬局新潟蔵王店【5:薬局】新潟県長岡市寿２丁目５番１４号" }, "geometry": { "type": "Point", "coordinates": [ 138.854003, 37.477243 ] } },
{ "type": "Feature", "properties": { "ID": "155YANGQ00038", "正式名称": "あさひ薬局浦店", "機関区分": 5, "都道府県コード": 15, "市区町村コード": 202, "所在地": "新潟県長岡市浦９９１２－１", "緯度": 37.393425, "経度": 138.802619, "url": "https://www.iryou.teikyouseido.mhlw.go.jp/znk-web/juminkanja/S2430/initialize?prefCd=15&kikanCd=YANGQ00038&kikanKbn=5", "url2": null, "内容": "あさひ薬局浦店【5:薬局】新潟県長岡市浦９９１２－１" }, "geometry": { "type": "Point", "coordinates": [ 138.802619, 37.393425 ] } },
{ "type": "Feature", "properties": { "ID": "155YANGQ00039", "正式名称": "しんさん薬局", "機関区分": 5, "都道府県コード": 15, "市区町村コード": 202, "所在地": "新潟県長岡市南七日町３０番地９", "緯度": 37.44396, "経度": 138.800113, "url": "https://www.iryou.teikyouseido.mhlw.go.jp/znk-web/juminkanja/S2430/initialize?prefCd=15&kikanCd=YANGQ00039&kikanKbn=5", "url2": "https://www.cure-ph.co.jp", "内容": "しんさん薬局【5:薬局】新潟県長岡市南七日町３０番地９" }, "geometry": { "type": "Point", "coordinates": [ 138.800113, 37.44396 ] } },
{ "type": "Feature", "properties": { "ID": "155YANGQ00040", "正式名称": "長岡幸町薬局", "機関区分": 5, "都道府県コード": 15, "市区町村コード": 202, "所在地": "新潟県長岡市幸町１－１－１９", "緯度": 37.436603, "経度": 138.841702, "url": "https://www.iryou.teikyouseido.mhlw.go.jp/znk-web/juminkanja/S2430/initialize?prefCd=15&kikanCd=YANGQ00040&kikanKbn=5", "url2": "https://www.cure-ph.co.jp", "内容": "長岡幸町薬局【5:薬局】新潟県長岡市幸町１－１－１９" }, "geometry": { "type": "Point", "coordinates": [ 138.841702, 37.436603 ] } },
{ "type": "Feature", "properties": { "ID": "155YANGQ00041", "正式名称": "えちごメディカル古正寺薬局", "機関区分": 5, "都道府県コード": 15, "市区町村コード": 202, "所在地": "新潟県長岡市古正寺３丁目２番地", "緯度": 37.458471, "経度": 138.82491, "url": "https://www.iryou.teikyouseido.mhlw.go.jp/znk-web/juminkanja/S2430/initialize?prefCd=15&kikanCd=YANGQ00041&kikanKbn=5", "url2": "https://www.echigo-med.co.jp", "内容": "えちごメディカル古正寺薬局【5:薬局】新潟県長岡市古正寺３丁目２番地" }, "geometry": { "type": "Point", "coordinates": [ 138.82491, 37.458471 ] } },
{ "type": "Feature", "properties": { "ID": "155YANGQ00042", "正式名称": "大手薬局中之島店", "機関区分": 5, "都道府県コード": 15, "市区町村コード": 202, "所在地": "新潟県長岡市中之島５６９－４", "緯度": 37.544096, "経度": 138.876885, "url": "https://www.iryou.teikyouseido.mhlw.go.jp/znk-web/juminkanja/S2430/initialize?prefCd=15&kikanCd=YANGQ00042&kikanKbn=5", "url2": "https://ohte.info/company.html", "内容": "大手薬局中之島店【5:薬局】新潟県長岡市中之島５６９－４" }, "geometry": { "type": "Point", "coordinates": [ 138.876885, 37.544096 ] } },
{ "type": "Feature", "properties": { "ID": "155YANGQ00043", "正式名称": "エム・ケイ薬局　おぐに店", "機関区分": 5, "都道府県コード": 15, "市区町村コード": 202, "所在地": "新潟県長岡市小国町楢沢７６－７", "緯度": 37.287152, "経度": 138.70708, "url": "https://www.iryou.teikyouseido.mhlw.go.jp/znk-web/juminkanja/S2430/initialize?prefCd=15&kikanCd=YANGQ00043&kikanKbn=5", "url2": "https://www.mk-m.co.jp/", "内容": "エム・ケイ薬局　おぐに店【5:薬局】新潟県長岡市小国町楢沢７６－７" }, "geometry": { "type": "Point", "coordinates": [ 138.70708, 37.287152 ] } },
{ "type": "Feature", "properties": { "ID": "155YANGQ00044", "正式名称": "わかば大手通薬局", "機関区分": 5, "都道府県コード": 15, "市区町村コード": 202, "所在地": "新潟県長岡市大手通１丁目４－３", "緯度": 37.446914, "経度": 138.852055, "url": "https://www.iryou.teikyouseido.mhlw.go.jp/znk-web/juminkanja/S2430/initialize?prefCd=15&kikanCd=YANGQ00044&kikanKbn=5", "url2": "http://www.sugimotocorp.jp", "内容": "わかば大手通薬局【5:薬局】新潟県長岡市大手通１丁目４－３" }, "geometry": { "type": "Point", "coordinates": [ 138.852055, 37.446914 ] } },
{ "type": "Feature", "properties": { "ID": "155YANGQ00045", "正式名称": "クオーツ調剤薬局", "機関区分": 5, "都道府県コード": 15, "市区町村コード": 202, "所在地": "新潟県長岡市大島本町５－１１３－２", "緯度": 37.445218, "経度": 138.819776, "url": "https://www.iryou.teikyouseido.mhlw.go.jp/znk-web/juminkanja/S2430/initialize?prefCd=15&kikanCd=YANGQ00045&kikanKbn=5", "url2": "https://kyoueido.net/shop/244/", "内容": "クオーツ調剤薬局【5:薬局】新潟県長岡市大島本町５－１１３－２" }, "geometry": { "type": "Point", "coordinates": [ 138.819776, 37.445218 ] } },
{ "type": "Feature", "properties": { "ID": "155YANGQ00046", "正式名称": "ＡＬＰＨＡＳ薬局　福住店", "機関区分": 5, "都道府県コード": 15, "市区町村コード": 202, "所在地": "新潟県長岡市福住３－６－１８", "緯度": 37.454056, "経度": 138.857968, "url": "https://www.iryou.teikyouseido.mhlw.go.jp/znk-web/juminkanja/S2430/initialize?prefCd=15&kikanCd=YANGQ00046&kikanKbn=5", "url2": "http://www.nmi-net.com", "内容": "ＡＬＰＨＡＳ薬局　福住店【5:薬局】新潟県長岡市福住３－６－１８" }, "geometry": { "type": "Point", "coordinates": [ 138.857968, 37.454056 ] } },
{ "type": "Feature", "properties": { "ID": "155YANGQ00047", "正式名称": "西長岡調剤薬局　千秋店", "機関区分": 5, "都道府県コード": 15, "市区町村コード": 202, "所在地": "新潟県長岡市千秋２丁目２７８番地", "緯度": 37.459842, "経度": 138.826838, "url": "https://www.iryou.teikyouseido.mhlw.go.jp/znk-web/juminkanja/S2430/initialize?prefCd=15&kikanCd=YANGQ00047&kikanKbn=5", "url2": "https://www.echigo-med.co.jp", "内容": "西長岡調剤薬局　千秋店【5:薬局】新潟県長岡市千秋２丁目２７８番地" }, "geometry": { "type": "Point", "coordinates": [ 138.826838, 37.459842 ] } },
{ "type": "Feature", "properties": { "ID": "155YANGQ00048", "正式名称": "ＡＬＰＨＡＳ薬局　美沢店", "機関区分": 5, "都道府県コード": 15, "市区町村コード": 202, "所在地": "新潟県長岡市美沢２丁目５６－７", "緯度": 37.440688, "経度": 138.865204, "url": "https://www.iryou.teikyouseido.mhlw.go.jp/znk-web/juminkanja/S2430/initialize?prefCd=15&kikanCd=YANGQ00048&kikanKbn=5", "url2": "http://www.nmi-net.com", "内容": "ＡＬＰＨＡＳ薬局　美沢店【5:薬局】新潟県長岡市美沢２丁目５６－７" }, "geometry": { "type": "Point", "coordinates": [ 138.865204, 37.440688 ] } },
{ "type": "Feature", "properties": { "ID": "155YANGQ00049", "正式名称": "たまご薬局幸町店", "機関区分": 5, "都道府県コード": 15, "市区町村コード": 202, "所在地": "新潟県長岡市幸町１丁目１３番５号", "緯度": 37.439226, "経度": 138.841316, "url": "https://www.iryou.teikyouseido.mhlw.go.jp/znk-web/juminkanja/S2430/initialize?prefCd=15&kikanCd=YANGQ00049&kikanKbn=5", "url2": null, "内容": "たまご薬局幸町店【5:薬局】新潟県長岡市幸町１丁目１３番５号" }, "geometry": { "type": "Point", "coordinates": [ 138.841316, 37.439226 ] } },
{ "type": "Feature", "properties": { "ID": "155YANGQ00050", "正式名称": "永滝薬局株式会社", "機関区分": 5, "都道府県コード": 15, "市区町村コード": 405, "所在地": "新潟県三島郡出雲崎町住吉町５３８", "緯度": 37.542481, "経度": 138.686764, "url": "https://www.iryou.teikyouseido.mhlw.go.jp/znk-web/juminkanja/S2430/initialize?prefCd=15&kikanCd=YANGQ00050&kikanKbn=5", "url2": null, "内容": "永滝薬局株式会社【5:薬局】新潟県三島郡出雲崎町住吉町５３８" }, "geometry": { "type": "Point", "coordinates": [ 138.686764, 37.542481 ] } },
{ "type": "Feature", "properties": { "ID": "155YANGQ00051", "正式名称": "オレンジ調剤薬局", "機関区分": 5, "都道府県コード": 15, "市区町村コード": 202, "所在地": "新潟県長岡市上岩井６８０９", "緯度": 37.491876, "経度": 138.78264, "url": "https://www.iryou.teikyouseido.mhlw.go.jp/znk-web/juminkanja/S2430/initialize?prefCd=15&kikanCd=YANGQ00051&kikanKbn=5", "url2": "https://kyoueido.net/shop/246/", "内容": "オレンジ調剤薬局【5:薬局】新潟県長岡市上岩井６８０９" }, "geometry": { "type": "Point", "coordinates": [ 138.78264, 37.491876 ] } },
{ "type": "Feature", "properties": { "ID": "155YANGQ00053", "正式名称": "ドラッグトップス新保店", "機関区分": 5, "都道府県コード": 15, "市区町村コード": 202, "所在地": "新潟県長岡市新保６丁目１０５番地", "緯度": 37.467552, "経度": 138.868345, "url": "https://www.iryou.teikyouseido.mhlw.go.jp/znk-web/juminkanja/S2430/initialize?prefCd=15&kikanCd=YANGQ00053&kikanKbn=5", "url2": null, "内容": "ドラッグトップス新保店【5:薬局】新潟県長岡市新保６丁目１０５番地" }, "geometry": { "type": "Point", "coordinates": [ 138.868345, 37.467552 ] } },
{ "type": "Feature", "properties": { "ID": "155YANGQ00054", "正式名称": "イオン薬局長岡店", "機関区分": 5, "都道府県コード": 15, "市区町村コード": 202, "所在地": "新潟県長岡市古正寺１丁目２４９番地１", "緯度": 37.454395, "経度": 138.823129, "url": "https://www.iryou.teikyouseido.mhlw.go.jp/znk-web/juminkanja/S2430/initialize?prefCd=15&kikanCd=YANGQ00054&kikanKbn=5", "url2": "https://www.aeonretail.jp/syohousen/", "内容": "イオン薬局長岡店【5:薬局】新潟県長岡市古正寺１丁目２４９番地１" }, "geometry": { "type": "Point", "coordinates": [ 138.823129, 37.454395 ] } },
{ "type": "Feature", "properties": { "ID": "155YANGQ00055", "正式名称": "みつけ調剤薬局", "機関区分": 5, "都道府県コード": 15, "市区町村コード": 211, "所在地": "新潟県見附市学校町２－２２５－１", "緯度": 37.533869, "経度": 138.919664, "url": "https://www.iryou.teikyouseido.mhlw.go.jp/znk-web/juminkanja/S2430/initialize?prefCd=15&kikanCd=YANGQ00055&kikanKbn=5", "url2": "https://kyoueido.net/shop/241/", "内容": "みつけ調剤薬局【5:薬局】新潟県見附市学校町２－２２５－１" }, "geometry": { "type": "Point", "coordinates": [ 138.919664, 37.533869 ] } },
{ "type": "Feature", "properties": { "ID": "155YANGQ00056", "正式名称": "有限会社しんまち薬局", "機関区分": 5, "都道府県コード": 15, "市区町村コード": 211, "所在地": "新潟県見附市新町１－８－１", "緯度": 37.526628, "経度": 138.921176, "url": "https://www.iryou.teikyouseido.mhlw.go.jp/znk-web/juminkanja/S2430/initialize?prefCd=15&kikanCd=YANGQ00056&kikanKbn=5", "url2": null, "内容": "有限会社しんまち薬局【5:薬局】新潟県見附市新町１－８－１" }, "geometry": { "type": "Point", "coordinates": [ 138.921176, 37.526628 ] } },
{ "type": "Feature", "properties": { "ID": "155YANGQ00057", "正式名称": "みのり調剤薬局", "機関区分": 5, "都道府県コード": 15, "市区町村コード": 202, "所在地": "新潟県長岡市栃尾表町１ー３", "緯度": 37.475878, "経度": 138.993268, "url": "https://www.iryou.teikyouseido.mhlw.go.jp/znk-web/juminkanja/S2430/initialize?prefCd=15&kikanCd=YANGQ00057&kikanKbn=5", "url2": "http://www.add-vantage.jp", "内容": "みのり調剤薬局【5:薬局】新潟県長岡市栃尾表町１ー３" }, "geometry": { "type": "Point", "coordinates": [ 138.993268, 37.475878 ] } },
{ "type": "Feature", "properties": { "ID": "155YANGQ00058", "正式名称": "悠久調剤薬局", "機関区分": 5, "都道府県コード": 15, "市区町村コード": 202, "所在地": "新潟県長岡市殿町２丁目５－４　ニューツチダビル１Ｆ", "緯度": 37.445801, "経度": 138.849435, "url": "https://www.iryou.teikyouseido.mhlw.go.jp/znk-web/juminkanja/S2430/initialize?prefCd=15&kikanCd=YANGQ00058&kikanKbn=5", "url2": "https://www.maruiyakkyoku.com", "内容": "悠久調剤薬局【5:薬局】新潟県長岡市殿町２丁目５－４　ニューツチダビル１Ｆ" }, "geometry": { "type": "Point", "coordinates": [ 138.849435, 37.445801 ] } },
{ "type": "Feature", "properties": { "ID": "155YANGQ00059", "正式名称": "今町調剤薬局", "機関区分": 5, "都道府県コード": 15, "市区町村コード": 211, "所在地": "新潟県見附市今町２丁目甲１３６－１", "緯度": 37.551671, "経度": 138.883738, "url": "https://www.iryou.teikyouseido.mhlw.go.jp/znk-web/juminkanja/S2430/initialize?prefCd=15&kikanCd=YANGQ00059&kikanKbn=5", "url2": "https://www.maruiyakkyoku.com", "内容": "今町調剤薬局【5:薬局】新潟県見附市今町２丁目甲１３６－１" }, "geometry": { "type": "Point", "coordinates": [ 138.883738, 37.551671 ] } },
{ "type": "Feature", "properties": { "ID": "155YANGQ00060", "正式名称": "ＡＬＰＨＡＳ薬局　柳橋店", "機関区分": 5, "都道府県コード": 15, "市区町村コード": 211, "所在地": "新潟県見附市柳橋町字割前２７４－６", "緯度": 37.542491, "経度": 138.899647, "url": "https://www.iryou.teikyouseido.mhlw.go.jp/znk-web/juminkanja/S2430/initialize?prefCd=15&kikanCd=YANGQ00060&kikanKbn=5", "url2": "http://www.nmi-net.com", "内容": "ＡＬＰＨＡＳ薬局　柳橋店【5:薬局】新潟県見附市柳橋町字割前２７４－６" }, "geometry": { "type": "Point", "coordinates": [ 138.899647, 37.542491 ] } },
{ "type": "Feature", "properties": { "ID": "155YANGQ00061", "正式名称": "けさじろ薬局", "機関区分": 5, "都道府県コード": 15, "市区町村コード": 202, "所在地": "新潟県長岡市今朝白２－８－３８", "緯度": 37.449034, "経度": 138.858787, "url": "https://www.iryou.teikyouseido.mhlw.go.jp/znk-web/juminkanja/S2430/initialize?prefCd=15&kikanCd=YANGQ00061&kikanKbn=5", "url2": "https://www.phstr.co.jp", "内容": "けさじろ薬局【5:薬局】新潟県長岡市今朝白２－８－３８" }, "geometry": { "type": "Point", "coordinates": [ 138.858787, 37.449034 ] } },
{ "type": "Feature", "properties": { "ID": "155YANGQ00064", "正式名称": "ドラッグトップス古正寺薬局", "機関区分": 5, "都道府県コード": 15, "市区町村コード": 202, "所在地": "新潟県長岡市古正寺町２０番地１", "緯度": 37.452915, "経度": 138.819818, "url": "https://www.iryou.teikyouseido.mhlw.go.jp/znk-web/juminkanja/S2430/initialize?prefCd=15&kikanCd=YANGQ00064&kikanKbn=5", "url2": "https://drugtops.sundrug.co.jp/", "内容": "ドラッグトップス古正寺薬局【5:薬局】新潟県長岡市古正寺町２０番地１" }, "geometry": { "type": "Point", "coordinates": [ 138.819818, 37.452915 ] } },
{ "type": "Feature", "properties": { "ID": "155YANGQ00066", "正式名称": "株式会社扇長薬局", "機関区分": 5, "都道府県コード": 15, "市区町村コード": 211, "所在地": "新潟県見附市今町１－１４－３３", "緯度": 37.547756, "経度": 138.885415, "url": "https://www.iryou.teikyouseido.mhlw.go.jp/znk-web/juminkanja/S2430/initialize?prefCd=15&kikanCd=YANGQ00066&kikanKbn=5", "url2": "https://sencho.official.ec/", "内容": "株式会社扇長薬局【5:薬局】新潟県見附市今町１－１４－３３" }, "geometry": { "type": "Point", "coordinates": [ 138.885415, 37.547756 ] } },
{ "type": "Feature", "properties": { "ID": "155YANGQ00067", "正式名称": "大手薬局　見附本町店", "機関区分": 5, "都道府県コード": 15, "市区町村コード": 211, "所在地": "新潟県見附市本町１－２－４９", "緯度": 37.527255, "経度": 138.924791, "url": "https://www.iryou.teikyouseido.mhlw.go.jp/znk-web/juminkanja/S2430/initialize?prefCd=15&kikanCd=YANGQ00067&kikanKbn=5", "url2": "https://ohte.info/", "内容": "大手薬局　見附本町店【5:薬局】新潟県見附市本町１－２－４９" }, "geometry": { "type": "Point", "coordinates": [ 138.924791, 37.527255 ] } },
{ "type": "Feature", "properties": { "ID": "155YANGQ00068", "正式名称": "みなづき薬局", "機関区分": 5, "都道府県コード": 15, "市区町村コード": 202, "所在地": "新潟県長岡市千歳１－３－４０", "緯度": 37.435732, "経度": 138.847133, "url": "https://www.iryou.teikyouseido.mhlw.go.jp/znk-web/juminkanja/S2430/initialize?prefCd=15&kikanCd=YANGQ00068&kikanKbn=5", "url2": "https://kyoueido.net/shop/249/", "内容": "みなづき薬局【5:薬局】新潟県長岡市千歳１－３－４０" }, "geometry": { "type": "Point", "coordinates": [ 138.847133, 37.435732 ] } },
{ "type": "Feature", "properties": { "ID": "155YANGQ00070", "正式名称": "大手薬局栃尾店", "機関区分": 5, "都道府県コード": 15, "市区町村コード": 202, "所在地": "新潟県長岡市仲子町８－２７", "緯度": 37.474134, "経度": 138.997702, "url": "https://www.iryou.teikyouseido.mhlw.go.jp/znk-web/juminkanja/S2430/initialize?prefCd=15&kikanCd=YANGQ00070&kikanKbn=5", "url2": "https://www.ohte.info/index.html", "内容": "大手薬局栃尾店【5:薬局】新潟県長岡市仲子町８－２７" }, "geometry": { "type": "Point", "coordinates": [ 138.997702, 37.474134 ] } },
{ "type": "Feature", "properties": { "ID": "155YANGQ00071", "正式名称": "クスリのアオキ大島薬局", "機関区分": 5, "都道府県コード": 15, "市区町村コード": 202, "所在地": "新潟県長岡市大島本町３丁目１番地５７", "緯度": 37.441807, "経度": 138.822076, "url": "https://www.iryou.teikyouseido.mhlw.go.jp/znk-web/juminkanja/S2430/initialize?prefCd=15&kikanCd=YANGQ00071&kikanKbn=5", "url2": "https://www.kusuri-aoki.co.jp/", "内容": "クスリのアオキ大島薬局【5:薬局】新潟県長岡市大島本町３丁目１番地５７" }, "geometry": { "type": "Point", "coordinates": [ 138.822076, 37.441807 ] } },
{ "type": "Feature", "properties": { "ID": "155YANGQ00072", "正式名称": "大手薬局本所店", "機関区分": 5, "都道府県コード": 15, "市区町村コード": 211, "所在地": "新潟県見附市本所１－１２－１２", "緯度": 37.534924, "経度": 138.911761, "url": "https://www.iryou.teikyouseido.mhlw.go.jp/znk-web/juminkanja/S2430/initialize?prefCd=15&kikanCd=YANGQ00072&kikanKbn=5", "url2": null, "内容": "大手薬局本所店【5:薬局】新潟県見附市本所１－１２－１２" }, "geometry": { "type": "Point", "coordinates": [ 138.911761, 37.534924 ] } },
{ "type": "Feature", "properties": { "ID": "155YANGQ00074", "正式名称": "大手薬局中島店", "機関区分": 5, "都道府県コード": 15, "市区町村コード": 202, "所在地": "新潟県長岡市中島７丁目１番３２号", "緯度": 37.459354, "経度": 138.850552, "url": "https://www.iryou.teikyouseido.mhlw.go.jp/znk-web/juminkanja/S2430/initialize?prefCd=15&kikanCd=YANGQ00074&kikanKbn=5", "url2": "https://ohte.info/company.html", "内容": "大手薬局中島店【5:薬局】新潟県長岡市中島７丁目１番３２号" }, "geometry": { "type": "Point", "coordinates": [ 138.850552, 37.459354 ] } },
{ "type": "Feature", "properties": { "ID": "155YANGQ00075", "正式名称": "レモン薬局", "機関区分": 5, "都道府県コード": 15, "市区町村コード": 202, "所在地": "新潟県長岡市信濃２－７－１", "緯度": 37.450839, "経度": 138.838629, "url": "https://www.iryou.teikyouseido.mhlw.go.jp/znk-web/juminkanja/S2430/initialize?prefCd=15&kikanCd=YANGQ00075&kikanKbn=5", "url2": null, "内容": "レモン薬局【5:薬局】新潟県長岡市信濃２－７－１" }, "geometry": { "type": "Point", "coordinates": [ 138.838629, 37.450839 ] } },
{ "type": "Feature", "properties": { "ID": "155YANGQ00076", "正式名称": "クスリのアオキ美沢薬局", "機関区分": 5, "都道府県コード": 15, "市区町村コード": 202, "所在地": "新潟県長岡市沖田一丁目１６番地", "緯度": 37.445229, "経度": 138.865988, "url": "https://www.iryou.teikyouseido.mhlw.go.jp/znk-web/juminkanja/S2430/initialize?prefCd=15&kikanCd=YANGQ00076&kikanKbn=5", "url2": "https://www.kusuri-aoki.co.jp/", "内容": "クスリのアオキ美沢薬局【5:薬局】新潟県長岡市沖田一丁目１６番地" }, "geometry": { "type": "Point", "coordinates": [ 138.865988, 37.445229 ] } },
{ "type": "Feature", "properties": { "ID": "155YANGQ00077", "正式名称": "大手薬局　長岡店", "機関区分": 5, "都道府県コード": 15, "市区町村コード": 202, "所在地": "新潟県長岡市今朝白１丁目７番４号", "緯度": 37.44596, "経度": 138.858173, "url": "https://www.iryou.teikyouseido.mhlw.go.jp/znk-web/juminkanja/S2430/initialize?prefCd=15&kikanCd=YANGQ00077&kikanKbn=5", "url2": "http://www.ohte.info", "内容": "大手薬局　長岡店【5:薬局】新潟県長岡市今朝白１丁目７番４号" }, "geometry": { "type": "Point", "coordinates": [ 138.858173, 37.44596 ] } },
{ "type": "Feature", "properties": { "ID": "155YANGQ00078", "正式名称": "さくら薬局　長岡四郎丸店", "機関区分": 5, "都道府県コード": 15, "市区町村コード": 202, "所在地": "新潟県長岡市四郎丸４丁目６番１９号", "緯度": 37.443849, "経度": 138.856034, "url": "https://www.iryou.teikyouseido.mhlw.go.jp/znk-web/juminkanja/S2430/initialize?prefCd=15&kikanCd=YANGQ00078&kikanKbn=5", "url2": "https://www.kraft-net.co.jp/sakura/store/3672/", "内容": "さくら薬局　長岡四郎丸店【5:薬局】新潟県長岡市四郎丸４丁目６番１９号" }, "geometry": { "type": "Point", "coordinates": [ 138.856034, 37.443849 ] } },
{ "type": "Feature", "properties": { "ID": "155YANGQ00079", "正式名称": "さくら薬局長岡千手店", "機関区分": 5, "都道府県コード": 15, "市区町村コード": 202, "所在地": "新潟県長岡市千手２丁目４番３号", "緯度": 37.4426, "経度": 138.844333, "url": "https://www.iryou.teikyouseido.mhlw.go.jp/znk-web/juminkanja/S2430/initialize?prefCd=15&kikanCd=YANGQ00079&kikanKbn=5", "url2": "https://www.kraft-net.co.jp/sakura/store/3671/", "内容": "さくら薬局長岡千手店【5:薬局】新潟県長岡市千手２丁目４番３号" }, "geometry": { "type": "Point", "coordinates": [ 138.844333, 37.4426 ] } },
{ "type": "Feature", "properties": { "ID": "155YANGQ00080", "正式名称": "さくら薬局　長岡古正寺店", "機関区分": 5, "都道府県コード": 15, "市区町村コード": 202, "所在地": "新潟県長岡市古正寺１丁目２８３９番地", "緯度": 37.455308, "経度": 138.82184, "url": "https://www.iryou.teikyouseido.mhlw.go.jp/znk-web/juminkanja/S2430/initialize?prefCd=15&kikanCd=YANGQ00080&kikanKbn=5", "url2": "http://www.kraft-net.co.jp/sakura/", "内容": "さくら薬局　長岡古正寺店【5:薬局】新潟県長岡市古正寺１丁目２８３９番地" }, "geometry": { "type": "Point", "coordinates": [ 138.82184, 37.455308 ] } },
{ "type": "Feature", "properties": { "ID": "155YANGQ00081", "正式名称": "やますけ調剤薬局片貝店", "機関区分": 5, "都道府県コード": 15, "市区町村コード": 208, "所在地": "新潟県小千谷市片貝町５２４４", "緯度": 37.366673, "経度": 138.776598, "url": "https://www.iryou.teikyouseido.mhlw.go.jp/znk-web/juminkanja/S2430/initialize?prefCd=15&kikanCd=YANGQ00081&kikanKbn=5", "url2": null, "内容": "やますけ調剤薬局片貝店【5:薬局】新潟県小千谷市片貝町５２４４" }, "geometry": { "type": "Point", "coordinates": [ 138.776598, 37.366673 ] } },
{ "type": "Feature", "properties": { "ID": "155YANGQ00082", "正式名称": "やますけ調剤薬局桜町店", "機関区分": 5, "都道府県コード": 15, "市区町村コード": 208, "所在地": "新潟県小千谷市桜町４９６２－２", "緯度": 37.312436, "経度": 138.785035, "url": "https://www.iryou.teikyouseido.mhlw.go.jp/znk-web/juminkanja/S2430/initialize?prefCd=15&kikanCd=YANGQ00082&kikanKbn=5", "url2": null, "内容": "やますけ調剤薬局桜町店【5:薬局】新潟県小千谷市桜町４９６２－２" }, "geometry": { "type": "Point", "coordinates": [ 138.785035, 37.312436 ] } },
{ "type": "Feature", "properties": { "ID": "155YANGQ00083", "正式名称": "さくら薬局見附", "機関区分": 5, "都道府県コード": 15, "市区町村コード": 211, "所在地": "新潟県見附市本町２丁目９番２２号", "緯度": 37.52556, "経度": 138.924645, "url": "https://www.iryou.teikyouseido.mhlw.go.jp/znk-web/juminkanja/S2430/initialize?prefCd=15&kikanCd=YANGQ00083&kikanKbn=5", "url2": null, "内容": "さくら薬局見附【5:薬局】新潟県見附市本町２丁目９番２２号" }, "geometry": { "type": "Point", "coordinates": [ 138.924645, 37.52556 ] } },
{ "type": "Feature", "properties": { "ID": "155YANGQ00084", "正式名称": "長岡市薬剤師会会営薬局", "機関区分": 5, "都道府県コード": 15, "市区町村コード": 202, "所在地": "新潟県長岡市幸町２丁目１－１さいわいプラザ", "緯度": 37.436505, "経度": 138.838903, "url": "https://www.iryou.teikyouseido.mhlw.go.jp/znk-web/juminkanja/S2430/initialize?prefCd=15&kikanCd=YANGQ00084&kikanKbn=5", "url2": null, "内容": "長岡市薬剤師会会営薬局【5:薬局】新潟県長岡市幸町２丁目１－１さいわいプラザ" }, "geometry": { "type": "Point", "coordinates": [ 138.838903, 37.436505 ] } },
{ "type": "Feature", "properties": { "ID": "155YANGQ00085", "正式名称": "わかば薬局長町店", "機関区分": 5, "都道府県コード": 15, "市区町村コード": 202, "所在地": "新潟県長岡市", "緯度": 37.45649, "経度": 138.855531, "url": "https://www.iryou.teikyouseido.mhlw.go.jp/znk-web/juminkanja/S2430/initialize?prefCd=15&kikanCd=YANGQ00085&kikanKbn=5", "url2": null, "内容": "わかば薬局長町店【5:薬局】新潟県長岡市" }, "geometry": { "type": "Point", "coordinates": [ 138.855531, 37.45649 ] } },
{ "type": "Feature", "properties": { "ID": "155YANGQ00086", "正式名称": "小千谷のぞみ調剤薬局", "機関区分": 5, "都道府県コード": 15, "市区町村コード": 208, "所在地": "新潟県小千谷市東栄１－６－７", "緯度": 37.30838, "経度": 138.811686, "url": "https://www.iryou.teikyouseido.mhlw.go.jp/znk-web/juminkanja/S2430/initialize?prefCd=15&kikanCd=YANGQ00086&kikanKbn=5", "url2": null, "内容": "小千谷のぞみ調剤薬局【5:薬局】新潟県小千谷市東栄１－６－７" }, "geometry": { "type": "Point", "coordinates": [ 138.811686, 37.30838 ] } },
{ "type": "Feature", "properties": { "ID": "155YANGQ00087", "正式名称": "株式会社さとうドラッグストアー保険調剤部", "機関区分": 5, "都道府県コード": 15, "市区町村コード": 202, "所在地": "新潟県長岡市千手３丁目１０番１５号", "緯度": 37.445497, "経度": 138.842292, "url": "https://www.iryou.teikyouseido.mhlw.go.jp/znk-web/juminkanja/S2430/initialize?prefCd=15&kikanCd=YANGQ00087&kikanKbn=5", "url2": null, "内容": "株式会社さとうドラッグストアー保険調剤部【5:薬局】新潟県長岡市千手３丁目１０番１５号" }, "geometry": { "type": "Point", "coordinates": [ 138.842292, 37.445497 ] } },
{ "type": "Feature", "properties": { "ID": "155YANGQ00088", "正式名称": "あさひ薬局小国店", "機関区分": 5, "都道府県コード": 15, "市区町村コード": 202, "所在地": "新潟県長岡市小国町法坂９１０", "緯度": 37.302366, "経度": 138.709992, "url": "https://www.iryou.teikyouseido.mhlw.go.jp/znk-web/juminkanja/S2430/initialize?prefCd=15&kikanCd=YANGQ00088&kikanKbn=5", "url2": "http//www.medinet-phamacy.co.jp", "内容": "あさひ薬局小国店【5:薬局】新潟県長岡市小国町法坂９１０" }, "geometry": { "type": "Point", "coordinates": [ 138.709992, 37.302366 ] } },
{ "type": "Feature", "properties": { "ID": "155YANGQ00089", "正式名称": "ひまわり薬局", "機関区分": 5, "都道府県コード": 15, "市区町村コード": 208, "所在地": "新潟県小千谷市城内", "緯度": 37.311419, "経度": 138.793529, "url": "https://www.iryou.teikyouseido.mhlw.go.jp/znk-web/juminkanja/S2430/initialize?prefCd=15&kikanCd=YANGQ00089&kikanKbn=5", "url2": null, "内容": "ひまわり薬局【5:薬局】新潟県小千谷市城内" }, "geometry": { "type": "Point", "coordinates": [ 138.793529, 37.311419 ] } },
{ "type": "Feature", "properties": { "ID": "155YANGQ00090", "正式名称": "ＡＬＰＨＡＳ薬局　喜多町店", "機関区分": 5, "都道府県コード": 15, "市区町村コード": 202, "所在地": "新潟県長岡市喜多町１１４６－１", "緯度": 37.448822, "経度": 138.810728, "url": "https://www.iryou.teikyouseido.mhlw.go.jp/znk-web/juminkanja/S2430/initialize?prefCd=15&kikanCd=YANGQ00090&kikanKbn=5", "url2": "www.nmi-net.com", "内容": "ＡＬＰＨＡＳ薬局　喜多町店【5:薬局】新潟県長岡市喜多町１１４６－１" }, "geometry": { "type": "Point", "coordinates": [ 138.810728, 37.448822 ] } },
{ "type": "Feature", "properties": { "ID": "155YANGQ00091", "正式名称": "川口薬局", "機関区分": 5, "都道府県コード": 15, "市区町村コード": 202, "所在地": "新潟県長岡市西川口１２４０－７", "緯度": 37.265108, "経度": 138.860377, "url": "https://www.iryou.teikyouseido.mhlw.go.jp/znk-web/juminkanja/S2430/initialize?prefCd=15&kikanCd=YANGQ00091&kikanKbn=5", "url2": "https://www.phstr.co.jp/kawaguchi", "内容": "川口薬局【5:薬局】新潟県長岡市西川口１２４０－７" }, "geometry": { "type": "Point", "coordinates": [ 138.860377, 37.265108 ] } },
{ "type": "Feature", "properties": { "ID": "155YANGQ00092", "正式名称": "日の出調剤薬局", "機関区分": 5, "都道府県コード": 15, "市区町村コード": 208, "所在地": "新潟県小千谷市本町２－２－２１", "緯度": 37.309234, "経度": 138.796657, "url": "https://www.iryou.teikyouseido.mhlw.go.jp/znk-web/juminkanja/S2430/initialize?prefCd=15&kikanCd=YANGQ00092&kikanKbn=5", "url2": null, "内容": "日の出調剤薬局【5:薬局】新潟県小千谷市本町２－２－２１" }, "geometry": { "type": "Point", "coordinates": [ 138.796657, 37.309234 ] } },
{ "type": "Feature", "properties": { "ID": "155YANGQ00093", "正式名称": "ファーマライズ薬局　小千谷店", "機関区分": 5, "都道府県コード": 15, "市区町村コード": 208, "所在地": "新潟県小千谷市東栄２丁目４番５号", "緯度": 37.308096, "経度": 138.807866, "url": "https://www.iryou.teikyouseido.mhlw.go.jp/znk-web/juminkanja/S2430/initialize?prefCd=15&kikanCd=YANGQ00093&kikanKbn=5", "url2": null, "内容": "ファーマライズ薬局　小千谷店【5:薬局】新潟県小千谷市東栄２丁目４番５号" }, "geometry": { "type": "Point", "coordinates": [ 138.807866, 37.308096 ] } },
{ "type": "Feature", "properties": { "ID": "155YANGQ00094", "正式名称": "あさひ薬局　栃尾店", "機関区分": 5, "都道府県コード": 15, "市区町村コード": 202, "所在地": "新潟県長岡市金町２丁目５－２１", "緯度": 37.482339, "経度": 138.994441, "url": "https://www.iryou.teikyouseido.mhlw.go.jp/znk-web/juminkanja/S2430/initialize?prefCd=15&kikanCd=YANGQ00094&kikanKbn=5", "url2": null, "内容": "あさひ薬局　栃尾店【5:薬局】新潟県長岡市金町２丁目５－２１" }, "geometry": { "type": "Point", "coordinates": [ 138.994441, 37.482339 ] } },
{ "type": "Feature", "properties": { "ID": "155YANGQ00095", "正式名称": "ながおか薬局", "機関区分": 5, "都道府県コード": 15, "市区町村コード": 202, "所在地": "新潟県長岡市旭岡１丁目２８番地", "緯度": 37.423032, "経度": 138.857392, "url": "https://www.iryou.teikyouseido.mhlw.go.jp/znk-web/juminkanja/S2430/initialize?prefCd=15&kikanCd=YANGQ00095&kikanKbn=5", "url2": "https://www.phstr.co.jp", "内容": "ながおか薬局【5:薬局】新潟県長岡市旭岡１丁目２８番地" }, "geometry": { "type": "Point", "coordinates": [ 138.857392, 37.423032 ] } },
{ "type": "Feature", "properties": { "ID": "155YANGQ00096", "正式名称": "アイン薬局長岡店", "機関区分": 5, "都道府県コード": 15, "市区町村コード": 202, "所在地": "新潟県長岡市旭岡一丁目２８番地", "緯度": 37.423228, "経度": 138.856739, "url": "https://www.iryou.teikyouseido.mhlw.go.jp/znk-web/juminkanja/S2430/initialize?prefCd=15&kikanCd=YANGQ00096&kikanKbn=5", "url2": "https://www.ainj.co.jp/?_gl=1*28af5l*_ga*MTQ1ODk4OTg2Ny4xNzAxNzY1OTAy*_ga_RGDHXT26QG*MTcwNDg3MTU3Ni41LjEuMTcwNDg3MTU5MS4wLjAuMA..", "内容": "アイン薬局長岡店【5:薬局】新潟県長岡市旭岡一丁目２８番地" }, "geometry": { "type": "Point", "coordinates": [ 138.856739, 37.423228 ] } },
{ "type": "Feature", "properties": { "ID": "155YANGQ00097", "正式名称": "しなの薬局上条店", "機関区分": 5, "都道府県コード": 15, "市区町村コード": 202, "所在地": "新潟県長岡市旭岡１丁目２９番地", "緯度": 37.423937, "経度": 138.856914, "url": "https://www.iryou.teikyouseido.mhlw.go.jp/znk-web/juminkanja/S2430/initialize?prefCd=15&kikanCd=YANGQ00097&kikanKbn=5", "url2": "https://www.shinano-pharmacy.com", "内容": "しなの薬局上条店【5:薬局】新潟県長岡市旭岡１丁目２９番地" }, "geometry": { "type": "Point", "coordinates": [ 138.856914, 37.423937 ] } },
{ "type": "Feature", "properties": { "ID": "155YANGQ00098", "正式名称": "西長岡センター薬局", "機関区分": 5, "都道府県コード": 15, "市区町村コード": 202, "所在地": "新潟県長岡市千秋２丁目２７４６番地５", "緯度": 37.461738, "経度": 138.830285, "url": "https://www.iryou.teikyouseido.mhlw.go.jp/znk-web/juminkanja/S2430/initialize?prefCd=15&kikanCd=YANGQ00098&kikanKbn=5", "url2": "https://www.echigo-med.co.jp", "内容": "西長岡センター薬局【5:薬局】新潟県長岡市千秋２丁目２７４６番地５" }, "geometry": { "type": "Point", "coordinates": [ 138.830285, 37.461738 ] } },
{ "type": "Feature", "properties": { "ID": "155YANGQ00099", "正式名称": "みなみ調剤薬局喜多町店", "機関区分": 5, "都道府県コード": 15, "市区町村コード": 202, "所在地": "新潟県長岡市喜多町３０４１番地", "緯度": 37.453018, "経度": 138.807348, "url": "https://www.iryou.teikyouseido.mhlw.go.jp/znk-web/juminkanja/S2430/initialize?prefCd=15&kikanCd=YANGQ00099&kikanKbn=5", "url2": null, "内容": "みなみ調剤薬局喜多町店【5:薬局】新潟県長岡市喜多町３０４１番地" }, "geometry": { "type": "Point", "coordinates": [ 138.807348, 37.453018 ] } },
{ "type": "Feature", "properties": { "ID": "155YANGQ00100", "正式名称": "ＡＬＰＨＡＳ薬局　中沢店", "機関区分": 5, "都道府県コード": 15, "市区町村コード": 202, "所在地": "新潟県長岡市美沢３丁目４９２ー２", "緯度": 37.443908, "経度": 138.868606, "url": "https://www.iryou.teikyouseido.mhlw.go.jp/znk-web/juminkanja/S2430/initialize?prefCd=15&kikanCd=YANGQ00100&kikanKbn=5", "url2": "http://www.nmi-net.com/", "内容": "ＡＬＰＨＡＳ薬局　中沢店【5:薬局】新潟県長岡市美沢３丁目４９２ー２" }, "geometry": { "type": "Point", "coordinates": [ 138.868606, 37.443908 ] } },
{ "type": "Feature", "properties": { "ID": "155YANGQ00101", "正式名称": "みゆき薬局", "機関区分": 5, "都道府県コード": 15, "市区町村コード": 202, "所在地": "新潟県長岡市前田１－６－５", "緯度": 37.437124, "経度": 138.86068, "url": "https://www.iryou.teikyouseido.mhlw.go.jp/znk-web/juminkanja/S2430/initialize?prefCd=15&kikanCd=YANGQ00101&kikanKbn=5", "url2": "http://www.medicalplan.co.jp", "内容": "みゆき薬局【5:薬局】新潟県長岡市前田１－６－５" }, "geometry": { "type": "Point", "coordinates": [ 138.86068, 37.437124 ] } },
{ "type": "Feature", "properties": { "ID": "155YANGQ00102", "正式名称": "みなみ薬局", "機関区分": 5, "都道府県コード": 15, "市区町村コード": 202, "所在地": "新潟県長岡市沢田１－１－３", "緯度": 37.425987, "経度": 138.844708, "url": "https://www.iryou.teikyouseido.mhlw.go.jp/znk-web/juminkanja/S2430/initialize?prefCd=15&kikanCd=YANGQ00102&kikanKbn=5", "url2": "http://medicalplan.co.jp", "内容": "みなみ薬局【5:薬局】新潟県長岡市沢田１－１－３" }, "geometry": { "type": "Point", "coordinates": [ 138.844708, 37.425987 ] } },
{ "type": "Feature", "properties": { "ID": "155YANGQ00103", "正式名称": "いずみ薬局", "機関区分": 5, "都道府県コード": 15, "市区町村コード": 202, "所在地": "新潟県長岡市西新町２－３－１８", "緯度": 37.465524, "経度": 138.854889, "url": "https://www.iryou.teikyouseido.mhlw.go.jp/znk-web/juminkanja/S2430/initialize?prefCd=15&kikanCd=YANGQ00103&kikanKbn=5", "url2": null, "内容": "いずみ薬局【5:薬局】新潟県長岡市西新町２－３－１８" }, "geometry": { "type": "Point", "coordinates": [ 138.854889, 37.465524 ] } },
{ "type": "Feature", "properties": { "ID": "155YANGQ00104", "正式名称": "ことり薬局", "機関区分": 5, "都道府県コード": 15, "市区町村コード": 202, "所在地": "新潟県長岡市琴平１丁目２－２", "緯度": 37.459132, "経度": 138.863429, "url": "https://www.iryou.teikyouseido.mhlw.go.jp/znk-web/juminkanja/S2430/initialize?prefCd=15&kikanCd=YANGQ00104&kikanKbn=5", "url2": "http://www.medicalplan.co.jp/medical/", "内容": "ことり薬局【5:薬局】新潟県長岡市琴平１丁目２－２" }, "geometry": { "type": "Point", "coordinates": [ 138.863429, 37.459132 ] } },
{ "type": "Feature", "properties": { "ID": "155YANGQ00105", "正式名称": "アイン薬局長岡旭岡店", "機関区分": 5, "都道府県コード": 15, "市区町村コード": 202, "所在地": "新潟県長岡市旭岡２丁目２７６番地", "緯度": 37.424598, "経度": 138.856784, "url": "https://www.iryou.teikyouseido.mhlw.go.jp/znk-web/juminkanja/S2430/initialize?prefCd=15&kikanCd=YANGQ00105&kikanKbn=5", "url2": "https://www.ainj.co.jp/", "内容": "アイン薬局長岡旭岡店【5:薬局】新潟県長岡市旭岡２丁目２７６番地" }, "geometry": { "type": "Point", "coordinates": [ 138.856784, 37.424598 ] } },
{ "type": "Feature", "properties": { "ID": "155YANGQ00106", "正式名称": "ウエルシア薬局リップス旭岡店", "機関区分": 5, "都道府県コード": 15, "市区町村コード": 202, "所在地": "新潟県長岡市旭岡１丁目８０番地", "緯度": 37.423085, "経度": 138.855189, "url": "https://www.iryou.teikyouseido.mhlw.go.jp/znk-web/juminkanja/S2430/initialize?prefCd=15&kikanCd=YANGQ00106&kikanKbn=5", "url2": "https://store.welcia.co.jp/welcia/spot/detail?code=173D", "内容": "ウエルシア薬局リップス旭岡店【5:薬局】新潟県長岡市旭岡１丁目８０番地" }, "geometry": { "type": "Point", "coordinates": [ 138.855189, 37.423085 ] } },
{ "type": "Feature", "properties": { "ID": "155YANGQ00108", "正式名称": "大手薬局長町店", "機関区分": 5, "都道府県コード": 15, "市区町村コード": 202, "所在地": "新潟県長岡市長町２丁目１番３号", "緯度": 37.455911, "経度": 138.854829, "url": "https://www.iryou.teikyouseido.mhlw.go.jp/znk-web/juminkanja/S2430/initialize?prefCd=15&kikanCd=YANGQ00108&kikanKbn=5", "url2": "https://ohte.info/", "内容": "大手薬局長町店【5:薬局】新潟県長岡市長町２丁目１番３号" }, "geometry": { "type": "Point", "coordinates": [ 138.854829, 37.455911 ] } },
{ "type": "Feature", "properties": { "ID": "155YANGQ00109", "正式名称": "ＡＬＰＨＡＳ薬局　城内店", "機関区分": 5, "都道府県コード": 15, "市区町村コード": 208, "所在地": "新潟県小千谷市城内２丁目６－５", "緯度": 37.314143, "経度": 138.796063, "url": "https://www.iryou.teikyouseido.mhlw.go.jp/znk-web/juminkanja/S2430/initialize?prefCd=15&kikanCd=YANGQ00109&kikanKbn=5", "url2": "http://www.nmi-net.com", "内容": "ＡＬＰＨＡＳ薬局　城内店【5:薬局】新潟県小千谷市城内２丁目６－５" }, "geometry": { "type": "Point", "coordinates": [ 138.796063, 37.314143 ] } },
{ "type": "Feature", "properties": { "ID": "155YANGQ00110", "正式名称": "大手薬局嵐南店", "機関区分": 5, "都道府県コード": 15, "市区町村コード": 211, "所在地": "新潟県見附市昭和町２丁目２１番２１号", "緯度": 37.530835, "経度": 138.914845, "url": "https://www.iryou.teikyouseido.mhlw.go.jp/znk-web/juminkanja/S2430/initialize?prefCd=15&kikanCd=YANGQ00110&kikanKbn=5", "url2": "http://www.ohte.info/index.html", "内容": "大手薬局嵐南店【5:薬局】新潟県見附市昭和町２丁目２１番２１号" }, "geometry": { "type": "Point", "coordinates": [ 138.914845, 37.530835 ] } },
{ "type": "Feature", "properties": { "ID": "155YANGQ00112", "正式名称": "調剤薬局ヴィータ", "機関区分": 5, "都道府県コード": 15, "市区町村コード": 208, "所在地": "新潟県小千谷市城内２丁目１番５号", "緯度": 37.312798, "経度": 138.798812, "url": "https://www.iryou.teikyouseido.mhlw.go.jp/znk-web/juminkanja/S2430/initialize?prefCd=15&kikanCd=YANGQ00112&kikanKbn=5", "url2": null, "内容": "調剤薬局ヴィータ【5:薬局】新潟県小千谷市城内２丁目１番５号" }, "geometry": { "type": "Point", "coordinates": [ 138.798812, 37.312798 ] } },
{ "type": "Feature", "properties": { "ID": "155YANGQ00113", "正式名称": "ミドリ調剤薬局", "機関区分": 5, "都道府県コード": 15, "市区町村コード": 208, "所在地": "新潟県小千谷市城内１－８－２４", "緯度": 37.311048, "経度": 138.79651, "url": "https://www.iryou.teikyouseido.mhlw.go.jp/znk-web/juminkanja/S2430/initialize?prefCd=15&kikanCd=YANGQ00113&kikanKbn=5", "url2": null, "内容": "ミドリ調剤薬局【5:薬局】新潟県小千谷市城内１－８－２４" }, "geometry": { "type": "Point", "coordinates": [ 138.79651, 37.311048 ] } },
{ "type": "Feature", "properties": { "ID": "155YANGQ00114", "正式名称": "ウエルシア薬局見附上新田店", "機関区分": 5, "都道府県コード": 15, "市区町村コード": 211, "所在地": "新潟県見附市上新田町８１９", "緯度": 37.541643, "経度": 138.891142, "url": "https://www.iryou.teikyouseido.mhlw.go.jp/znk-web/juminkanja/S2430/initialize?prefCd=15&kikanCd=YANGQ00114&kikanKbn=5", "url2": "https://store.welcia.co.jp/welcia/spot/detail?code=165D", "内容": "ウエルシア薬局見附上新田店【5:薬局】新潟県見附市上新田町８１９" }, "geometry": { "type": "Point", "coordinates": [ 138.891142, 37.541643 ] } },
{ "type": "Feature", "properties": { "ID": "155YANGQ00115", "正式名称": "ウエルシア薬局長岡稲葉町店", "機関区分": 5, "都道府県コード": 15, "市区町村コード": 202, "所在地": "新潟県長岡市稲保南３丁目７６６－４", "緯度": 37.478244, "経度": 138.869788, "url": "https://www.iryou.teikyouseido.mhlw.go.jp/znk-web/juminkanja/S2430/initialize?prefCd=15&kikanCd=YANGQ00115&kikanKbn=5", "url2": "https://store.welcia.co.jp/welcia/spot/detail?code=180D", "内容": "ウエルシア薬局長岡稲葉町店【5:薬局】新潟県長岡市稲保南３丁目７６６－４" }, "geometry": { "type": "Point", "coordinates": [ 138.869788, 37.478244 ] } },
{ "type": "Feature", "properties": { "ID": "155YANGQ00116", "正式名称": "エム・ケイ薬局　ひらさわ店", "機関区分": 5, "都道府県コード": 15, "市区町村コード": 208, "所在地": "新潟県小千谷市平沢１丁目５番２７号", "緯度": 37.317327, "経度": 138.793851, "url": "https://www.iryou.teikyouseido.mhlw.go.jp/znk-web/juminkanja/S2430/initialize?prefCd=15&kikanCd=YANGQ00116&kikanKbn=5", "url2": "http://www.mk-m.co.jp", "内容": "エム・ケイ薬局　ひらさわ店【5:薬局】新潟県小千谷市平沢１丁目５番２７号" }, "geometry": { "type": "Point", "coordinates": [ 138.793851, 37.317327 ] } },
{ "type": "Feature", "properties": { "ID": "155YANGQ00117", "正式名称": "大手薬局花園店", "機関区分": 5, "都道府県コード": 15, "市区町村コード": 202, "所在地": "新潟県長岡市花園南１丁目６６番地", "緯度": 37.429627, "経度": 138.862773, "url": "https://www.iryou.teikyouseido.mhlw.go.jp/znk-web/juminkanja/S2430/initialize?prefCd=15&kikanCd=YANGQ00117&kikanKbn=5", "url2": "http://www.ohte.info/", "内容": "大手薬局花園店【5:薬局】新潟県長岡市花園南１丁目６６番地" }, "geometry": { "type": "Point", "coordinates": [ 138.862773, 37.429627 ] } },
{ "type": "Feature", "properties": { "ID": "155YANGQ00118", "正式名称": "たまご薬局駅ビル店", "機関区分": 5, "都道府県コード": 15, "市区町村コード": 202, "所在地": "新潟県長岡市城内町１丁目６１１番１号長岡駅ビル１階", "緯度": 37.446214, "経度": 138.853305, "url": "https://www.iryou.teikyouseido.mhlw.go.jp/znk-web/juminkanja/S2430/initialize?prefCd=15&kikanCd=YANGQ00118&kikanKbn=5", "url2": null, "内容": "たまご薬局駅ビル店【5:薬局】新潟県長岡市城内町１丁目６１１番１号長岡駅ビル１階" }, "geometry": { "type": "Point", "coordinates": [ 138.853305, 37.446214 ] } },
{ "type": "Feature", "properties": { "ID": "155YANGQ00119", "正式名称": "魚沼調剤薬局", "機関区分": 5, "都道府県コード": 15, "市区町村コード": 208, "所在地": "新潟県小千谷市城内３－３－１４", "緯度": 37.313791, "経度": 138.789335, "url": "https://www.iryou.teikyouseido.mhlw.go.jp/znk-web/juminkanja/S2430/initialize?prefCd=15&kikanCd=YANGQ00119&kikanKbn=5", "url2": null, "内容": "魚沼調剤薬局【5:薬局】新潟県小千谷市城内３－３－１４" }, "geometry": { "type": "Point", "coordinates": [ 138.789335, 37.313791 ] } },
{ "type": "Feature", "properties": { "ID": "155YANGQ00120", "正式名称": "ウエルシア薬局長岡宮関店", "機関区分": 5, "都道府県コード": 15, "市区町村コード": 202, "所在地": "新潟県長岡市宮関３－１－３", "緯度": 37.469967, "経度": 138.830739, "url": "https://www.iryou.teikyouseido.mhlw.go.jp/znk-web/juminkanja/S2430/initialize?prefCd=15&kikanCd=YANGQ00120&kikanKbn=5", "url2": "www.welcia-yakkyoku.co.jp/ind", "内容": "ウエルシア薬局長岡宮関店【5:薬局】新潟県長岡市宮関３－１－３" }, "geometry": { "type": "Point", "coordinates": [ 138.830739, 37.469967 ] } },
{ "type": "Feature", "properties": { "ID": "155YANGQ00121", "正式名称": "しなの薬局長岡赤十字病院前店", "機関区分": 5, "都道府県コード": 15, "市区町村コード": 202, "所在地": "新潟県長岡市千秋２丁目２９７番地１", "緯度": 37.460357, "経度": 138.828366, "url": "https://www.iryou.teikyouseido.mhlw.go.jp/znk-web/juminkanja/S2430/initialize?prefCd=15&kikanCd=YANGQ00121&kikanKbn=5", "url2": "https://www.shinano-pharmacy.com/", "内容": "しなの薬局長岡赤十字病院前店【5:薬局】新潟県長岡市千秋２丁目２９７番地１" }, "geometry": { "type": "Point", "coordinates": [ 138.828366, 37.460357 ] } },
{ "type": "Feature", "properties": { "ID": "155YANGQ00122", "正式名称": "メッツ川崎薬局", "機関区分": 5, "都道府県コード": 15, "市区町村コード": 202, "所在地": "新潟県長岡市川崎２−２４７８−１", "緯度": 37.451567, "経度": 138.867658, "url": "https://www.iryou.teikyouseido.mhlw.go.jp/znk-web/juminkanja/S2430/initialize?prefCd=15&kikanCd=YANGQ00122&kikanKbn=5", "url2": "https://medic-taiyo.co.jp/pharmacy/mets-kawasaki/", "内容": "メッツ川崎薬局【5:薬局】新潟県長岡市川崎２−２４７８−１" }, "geometry": { "type": "Point", "coordinates": [ 138.867658, 37.451567 ] } },
{ "type": "Feature", "properties": { "ID": "155YANGQ00123", "正式名称": "メッツ太陽薬局", "機関区分": 5, "都道府県コード": 15, "市区町村コード": 202, "所在地": "新潟県長岡市旭岡１丁目２８番地", "緯度": 37.423153, "経度": 138.856926, "url": "https://www.iryou.teikyouseido.mhlw.go.jp/znk-web/juminkanja/S2430/initialize?prefCd=15&kikanCd=YANGQ00123&kikanKbn=5", "url2": "https://medic-taiyo.co.jp/pharmacy/mets-taiyo/", "内容": "メッツ太陽薬局【5:薬局】新潟県長岡市旭岡１丁目２８番地" }, "geometry": { "type": "Point", "coordinates": [ 138.856926, 37.423153 ] } },
{ "type": "Feature", "properties": { "ID": "155YANGQ00124", "正式名称": "メッツ長岡薬局", "機関区分": 5, "都道府県コード": 15, "市区町村コード": 202, "所在地": "新潟県長岡市城内町１丁目６１１−１長岡駅北部２階", "緯度": 37.447073, "経度": 138.853491, "url": "https://www.iryou.teikyouseido.mhlw.go.jp/znk-web/juminkanja/S2430/initialize?prefCd=15&kikanCd=YANGQ00124&kikanKbn=5", "url2": "https://medic-taiyo.co.jp/pharmacy/mets-nagaoka/", "内容": "メッツ長岡薬局【5:薬局】新潟県長岡市城内町１丁目６１１−１長岡駅北部２階" }, "geometry": { "type": "Point", "coordinates": [ 138.853491, 37.447073 ] } },
{ "type": "Feature", "properties": { "ID": "155YANGQ00125", "正式名称": "ウエルシア薬局長岡西津町店", "機関区分": 5, "都道府県コード": 15, "市区町村コード": 202, "所在地": "新潟県長岡市西津町３８６９－１", "緯度": 37.450698, "経度": 138.810379, "url": "https://www.iryou.teikyouseido.mhlw.go.jp/znk-web/juminkanja/S2430/initialize?prefCd=15&kikanCd=YANGQ00125&kikanKbn=5", "url2": "https://store.welcia.co.jp/welcia/spot/detail?code=188D", "内容": "ウエルシア薬局長岡西津町店【5:薬局】新潟県長岡市西津町３８６９－１" }, "geometry": { "type": "Point", "coordinates": [ 138.810379, 37.450698 ] } },
{ "type": "Feature", "properties": { "ID": "155YANGQ00126", "正式名称": "クスリのアオキ見附薬局", "機関区分": 5, "都道府県コード": 15, "市区町村コード": 211, "所在地": "新潟県見附市上新田町４６６番地３４", "緯度": 37.542612, "経度": 138.890042, "url": "https://www.iryou.teikyouseido.mhlw.go.jp/znk-web/juminkanja/S2430/initialize?prefCd=15&kikanCd=YANGQ00126&kikanKbn=5", "url2": "https://www.kusuri-aoki.co.jp/", "内容": "クスリのアオキ見附薬局【5:薬局】新潟県見附市上新田町４６６番地３４" }, "geometry": { "type": "Point", "coordinates": [ 138.890042, 37.542612 ] } },
{ "type": "Feature", "properties": { "ID": "155YANGQ00127", "正式名称": "ウエルシア薬局長岡泉店", "機関区分": 5, "都道府県コード": 15, "市区町村コード": 202, "所在地": "新潟県長岡市泉１ー１０ー１３", "緯度": 37.464422, "経度": 138.85339, "url": "https://www.iryou.teikyouseido.mhlw.go.jp/znk-web/juminkanja/S2430/initialize?prefCd=15&kikanCd=YANGQ00127&kikanKbn=5", "url2": null, "内容": "ウエルシア薬局長岡泉店【5:薬局】新潟県長岡市泉１ー１０ー１３" }, "geometry": { "type": "Point", "coordinates": [ 138.85339, 37.464422 ] } },
{ "type": "Feature", "properties": { "ID": "155YANGQ00128", "正式名称": "こしじ調剤薬局", "機関区分": 5, "都道府県コード": 15, "市区町村コード": 202, "所在地": "新潟県長岡市飯塚字中之島２８３１こしじ調剤薬局", "緯度": 37.384536, "経度": 138.749129, "url": "https://www.iryou.teikyouseido.mhlw.go.jp/znk-web/juminkanja/S2430/initialize?prefCd=15&kikanCd=YANGQ00128&kikanKbn=5", "url2": null, "内容": "こしじ調剤薬局【5:薬局】新潟県長岡市飯塚字中之島２８３１こしじ調剤薬局" }, "geometry": { "type": "Point", "coordinates": [ 138.749129, 37.384536 ] } },
{ "type": "Feature", "properties": { "ID": "155YANGQ00129", "正式名称": "本町調剤薬局", "機関区分": 5, "都道府県コード": 15, "市区町村コード": 211, "所在地": "新潟県見附市本町４‐３‐９", "緯度": 37.530062, "経度": 138.92616, "url": "https://www.iryou.teikyouseido.mhlw.go.jp/znk-web/juminkanja/S2430/initialize?prefCd=15&kikanCd=YANGQ00129&kikanKbn=5", "url2": null, "内容": "本町調剤薬局【5:薬局】新潟県見附市本町４‐３‐９" }, "geometry": { "type": "Point", "coordinates": [ 138.92616, 37.530062 ] } },
{ "type": "Feature", "properties": { "ID": "155YANGQ00130", "正式名称": "ＡＬＰＨＡＳ薬局　旭岡店", "機関区分": 5, "都道府県コード": 15, "市区町村コード": 202, "所在地": "新潟県長岡市旭岡２丁目２０６番地", "緯度": 37.425873, "経度": 138.856858, "url": "https://www.iryou.teikyouseido.mhlw.go.jp/znk-web/juminkanja/S2430/initialize?prefCd=15&kikanCd=YANGQ00130&kikanKbn=5", "url2": "http://www.nmi-net.com", "内容": "ＡＬＰＨＡＳ薬局　旭岡店【5:薬局】新潟県長岡市旭岡２丁目２０６番地" }, "geometry": { "type": "Point", "coordinates": [ 138.856858, 37.425873 ] } },
{ "type": "Feature", "properties": { "ID": "155YANGQ00131", "正式名称": "大手薬局緑町店", "機関区分": 5, "都道府県コード": 15, "市区町村コード": 202, "所在地": "新潟県長岡市緑町１丁目甲１１７７－１５", "緯度": 37.447046, "経度": 138.823144, "url": "https://www.iryou.teikyouseido.mhlw.go.jp/znk-web/juminkanja/S2430/initialize?prefCd=15&kikanCd=YANGQ00131&kikanKbn=5", "url2": null, "内容": "大手薬局緑町店【5:薬局】新潟県長岡市緑町１丁目甲１１７７－１５" }, "geometry": { "type": "Point", "coordinates": [ 138.823144, 37.447046 ] } },
{ "type": "Feature", "properties": { "ID": "155YANGQ00132", "正式名称": "ウエルシア薬局小千谷若葉店", "機関区分": 5, "都道府県コード": 15, "市区町村コード": 208, "所在地": "新潟県小千谷市若葉２－１", "緯度": 37.30744, "経度": 138.783864, "url": "https://www.iryou.teikyouseido.mhlw.go.jp/znk-web/juminkanja/S2430/initialize?prefCd=15&kikanCd=YANGQ00132&kikanKbn=5", "url2": "https://store.welcia.co.jp/welcia/spot/detail?code=167D", "内容": "ウエルシア薬局小千谷若葉店【5:薬局】新潟県小千谷市若葉２－１" }, "geometry": { "type": "Point", "coordinates": [ 138.783864, 37.30744 ] } },
{ "type": "Feature", "properties": { "ID": "155YANGQ00133", "正式名称": "信濃屋薬局表町店", "機関区分": 5, "都道府県コード": 15, "市区町村コード": 202, "所在地": "新潟県長岡市表町４－１－８", "緯度": 37.451629, "経度": 138.848552, "url": "https://www.iryou.teikyouseido.mhlw.go.jp/znk-web/juminkanja/S2430/initialize?prefCd=15&kikanCd=YANGQ00133&kikanKbn=5", "url2": null, "内容": "信濃屋薬局表町店【5:薬局】新潟県長岡市表町４－１－８" }, "geometry": { "type": "Point", "coordinates": [ 138.848552, 37.451629 ] } },
{ "type": "Feature", "properties": { "ID": "155YANGQ00134", "正式名称": "共栄堂薬局下柳店", "機関区分": 5, "都道府県コード": 15, "市区町村コード": 202, "所在地": "新潟県長岡市下柳１丁目１１番１１号", "緯度": 37.471085, "経度": 138.833269, "url": "https://www.iryou.teikyouseido.mhlw.go.jp/znk-web/juminkanja/S2430/initialize?prefCd=15&kikanCd=YANGQ00134&kikanKbn=5", "url2": "https://kyoueido.net/shop/4193/", "内容": "共栄堂薬局下柳店【5:薬局】新潟県長岡市下柳１丁目１１番１１号" }, "geometry": { "type": "Point", "coordinates": [ 138.833269, 37.471085 ] } },
{ "type": "Feature", "properties": { "ID": "155YANGQ00135", "正式名称": "ＡＬＰＨＡＳ薬局　三和店", "機関区分": 5, "都道府県コード": 15, "市区町村コード": 202, "所在地": "新潟県長岡市左近３丁目６２－２", "緯度": 37.431654, "経度": 138.837864, "url": "https://www.iryou.teikyouseido.mhlw.go.jp/znk-web/juminkanja/S2430/initialize?prefCd=15&kikanCd=YANGQ00135&kikanKbn=5", "url2": "http://www.nmi-net.com", "内容": "ＡＬＰＨＡＳ薬局　三和店【5:薬局】新潟県長岡市左近３丁目６２－２" }, "geometry": { "type": "Point", "coordinates": [ 138.837864, 37.431654 ] } },
{ "type": "Feature", "properties": { "ID": "155YANGQ00136", "正式名称": "ＡＬＰＨＡＳ薬局　新町店", "機関区分": 5, "都道府県コード": 15, "市区町村コード": 202, "所在地": "新潟県長岡市新町１丁目２番２９号", "緯度": 37.459942, "経度": 138.855464, "url": "https://www.iryou.teikyouseido.mhlw.go.jp/znk-web/juminkanja/S2430/initialize?prefCd=15&kikanCd=YANGQ00136&kikanKbn=5", "url2": "http://www.nmi-net.com", "内容": "ＡＬＰＨＡＳ薬局　新町店【5:薬局】新潟県長岡市新町１丁目２番２９号" }, "geometry": { "type": "Point", "coordinates": [ 138.855464, 37.459942 ] } },
{ "type": "Feature", "properties": { "ID": "155YANGQ00137", "正式名称": "フォレスト漢方薬局", "機関区分": 5, "都道府県コード": 15, "市区町村コード": 202, "所在地": "新潟県長岡市宮本町３丁目甲２３７５番地", "緯度": 37.462075, "経度": 138.747942, "url": "https://www.iryou.teikyouseido.mhlw.go.jp/znk-web/juminkanja/S2430/initialize?prefCd=15&kikanCd=YANGQ00137&kikanKbn=5", "url2": null, "内容": "フォレスト漢方薬局【5:薬局】新潟県長岡市宮本町３丁目甲２３７５番地" }, "geometry": { "type": "Point", "coordinates": [ 138.747942, 37.462075 ] } },
{ "type": "Feature", "properties": { "ID": "155YANGQ00138", "正式名称": "クスリのアオキ長岡曙薬局", "機関区分": 5, "都道府県コード": 15, "市区町村コード": 202, "所在地": "新潟県長岡市曙２丁目４番地２６", "緯度": 37.427763, "経度": 138.849914, "url": "https://www.iryou.teikyouseido.mhlw.go.jp/znk-web/juminkanja/S2430/initialize?prefCd=15&kikanCd=YANGQ00138&kikanKbn=5", "url2": "https://www.kusuri-aoki.co.jp/", "内容": "クスリのアオキ長岡曙薬局【5:薬局】新潟県長岡市曙２丁目４番地２６" }, "geometry": { "type": "Point", "coordinates": [ 138.849914, 37.427763 ] } },
{ "type": "Feature", "properties": { "ID": "155YANGQ00139", "正式名称": "ウエルシア薬局長岡関原店", "機関区分": 5, "都道府県コード": 15, "市区町村コード": 202, "所在地": "新潟県長岡市上除町西２−７", "緯度": 37.450971, "経度": 138.778798, "url": "https://www.iryou.teikyouseido.mhlw.go.jp/znk-web/juminkanja/S2430/initialize?prefCd=15&kikanCd=YANGQ00139&kikanKbn=5", "url2": "https://store.welcia.co.jp/welcia/spot/detail?code=205D", "内容": "ウエルシア薬局長岡関原店【5:薬局】新潟県長岡市上除町西２−７" }, "geometry": { "type": "Point", "coordinates": [ 138.778798, 37.450971 ] } },
{ "type": "Feature", "properties": { "ID": "155YANGQ00140", "正式名称": "クスリのアオキ本所薬局", "機関区分": 5, "都道府県コード": 15, "市区町村コード": 211, "所在地": "新潟県見附市本所１丁目３番７号", "緯度": 37.53681, "経度": 138.915035, "url": "https://www.iryou.teikyouseido.mhlw.go.jp/znk-web/juminkanja/S2430/initialize?prefCd=15&kikanCd=YANGQ00140&kikanKbn=5", "url2": "https://www.kusuri-aoki.co.jp/", "内容": "クスリのアオキ本所薬局【5:薬局】新潟県見附市本所１丁目３番７号" }, "geometry": { "type": "Point", "coordinates": [ 138.915035, 37.53681 ] } },
{ "type": "Feature", "properties": { "ID": "155YANGQ00142", "正式名称": "クスリのアオキ千歳薬局", "機関区分": 5, "都道府県コード": 15, "市区町村コード": 202, "所在地": "新潟県長岡市千歳２丁目１番４３号", "緯度": 37.436351, "経度": 138.846537, "url": "https://www.iryou.teikyouseido.mhlw.go.jp/znk-web/juminkanja/S2430/initialize?prefCd=15&kikanCd=YANGQ00142&kikanKbn=5", "url2": "https://www.kusuri-aoki.co.jp/", "内容": "クスリのアオキ千歳薬局【5:薬局】新潟県長岡市千歳２丁目１番４３号" }, "geometry": { "type": "Point", "coordinates": [ 138.846537, 37.436351 ] } },
{ "type": "Feature", "properties": { "ID": "155YANGQ00143", "正式名称": "あい薬局小千谷店", "機関区分": 5, "都道府県コード": 15, "市区町村コード": 208, "所在地": "新潟県小千谷市大字桜町５１６３－３", "緯度": 37.313923, "経度": 138.780036, "url": "https://www.iryou.teikyouseido.mhlw.go.jp/znk-web/juminkanja/S2430/initialize?prefCd=15&kikanCd=YANGQ00143&kikanKbn=5", "url2": null, "内容": "あい薬局小千谷店【5:薬局】新潟県小千谷市大字桜町５１６３－３" }, "geometry": { "type": "Point", "coordinates": [ 138.780036, 37.313923 ] } },
{ "type": "Feature", "properties": { "ID": "155YANGQ00144", "正式名称": "表町調剤薬局", "機関区分": 5, "都道府県コード": 15, "市区町村コード": 202, "所在地": "新潟県長岡市表町３丁目１番地７山三商事ビル１階", "緯度": 37.450609, "経度": 138.848022, "url": "https://www.iryou.teikyouseido.mhlw.go.jp/znk-web/juminkanja/S2430/initialize?prefCd=15&kikanCd=YANGQ00144&kikanKbn=5", "url2": null, "内容": "表町調剤薬局【5:薬局】新潟県長岡市表町３丁目１番地７山三商事ビル１階" }, "geometry": { "type": "Point", "coordinates": [ 138.848022, 37.450609 ] } },
{ "type": "Feature", "properties": { "ID": "155YANGQ00145", "正式名称": "すみれ調剤薬局", "機関区分": 5, "都道府県コード": 15, "市区町村コード": 202, "所在地": "新潟県長岡市山田２－３－１", "緯度": 37.446678, "経度": 138.841756, "url": "https://www.iryou.teikyouseido.mhlw.go.jp/znk-web/juminkanja/S2430/initialize?prefCd=15&kikanCd=YANGQ00145&kikanKbn=5", "url2": null, "内容": "すみれ調剤薬局【5:薬局】新潟県長岡市山田２－３－１" }, "geometry": { "type": "Point", "coordinates": [ 138.841756, 37.446678 ] } },
{ "type": "Feature", "properties": { "ID": "155YANGQ00146", "正式名称": "ＡＬＰＨＡＳ薬局　小千谷店", "機関区分": 5, "都道府県コード": 15, "市区町村コード": 208, "所在地": "新潟県小千谷市旭町５番３号", "緯度": 37.30641, "経度": 138.813917, "url": "https://www.iryou.teikyouseido.mhlw.go.jp/znk-web/juminkanja/S2430/initialize?prefCd=15&kikanCd=YANGQ00146&kikanKbn=5", "url2": "http://www.nmi-net.com", "内容": "ＡＬＰＨＡＳ薬局　小千谷店【5:薬局】新潟県小千谷市旭町５番３号" }, "geometry": { "type": "Point", "coordinates": [ 138.813917, 37.30641 ] } },
{ "type": "Feature", "properties": { "ID": "155YANGQ00147", "正式名称": "カワチ薬局長岡七日町店", "機関区分": 5, "都道府県コード": 15, "市区町村コード": 202, "所在地": "新潟県長岡市福山町３９５－１", "緯度": 37.447754, "経度": 138.806526, "url": "https://www.iryou.teikyouseido.mhlw.go.jp/znk-web/juminkanja/S2430/initialize?prefCd=15&kikanCd=YANGQ00147&kikanKbn=5", "url2": "https://www.cawachi.co.jp", "内容": "カワチ薬局長岡七日町店【5:薬局】新潟県長岡市福山町３９５－１" }, "geometry": { "type": "Point", "coordinates": [ 138.806526, 37.447754 ] } },
{ "type": "Feature", "properties": { "ID": "155YANGQ00148", "正式名称": "ウエルシア薬局長岡古正寺店", "機関区分": 5, "都道府県コード": 15, "市区町村コード": 202, "所在地": "新潟県長岡市古正寺３－１１０", "緯度": 37.459091, "経度": 138.822178, "url": "https://www.iryou.teikyouseido.mhlw.go.jp/znk-web/juminkanja/S2430/initialize?prefCd=15&kikanCd=YANGQ00148&kikanKbn=5", "url2": "https://www.welcia-yakkyoku.co.jp/", "内容": "ウエルシア薬局長岡古正寺店【5:薬局】新潟県長岡市古正寺３－１１０" }, "geometry": { "type": "Point", "coordinates": [ 138.822178, 37.459091 ] } },
{ "type": "Feature", "properties": { "ID": "155YANGQ00149", "正式名称": "しなの薬局小千谷店", "機関区分": 5, "都道府県コード": 15, "市区町村コード": 208, "所在地": "新潟県小千谷市平成１丁目２番７号", "緯度": 37.310561, "経度": 138.794325, "url": "https://www.iryou.teikyouseido.mhlw.go.jp/znk-web/juminkanja/S2430/initialize?prefCd=15&kikanCd=YANGQ00149&kikanKbn=5", "url2": null, "内容": "しなの薬局小千谷店【5:薬局】新潟県小千谷市平成１丁目２番７号" }, "geometry": { "type": "Point", "coordinates": [ 138.794325, 37.310561 ] } },
{ "type": "Feature", "properties": { "ID": "155YANGQ00150", "正式名称": "ＡＬＰＨＡＳ薬局　見附新町店", "機関区分": 5, "都道府県コード": 15, "市区町村コード": 211, "所在地": "新潟県見附市新町３丁目８番６－１号", "緯度": 37.524482, "経度": 138.919666, "url": "https://www.iryou.teikyouseido.mhlw.go.jp/znk-web/juminkanja/S2430/initialize?prefCd=15&kikanCd=YANGQ00150&kikanKbn=5", "url2": "https://www.nmi-net.com", "内容": "ＡＬＰＨＡＳ薬局　見附新町店【5:薬局】新潟県見附市新町３丁目８番６－１号" }, "geometry": { "type": "Point", "coordinates": [ 138.919666, 37.524482 ] } },
{ "type": "Feature", "properties": { "ID": "155YANGQ00151", "正式名称": "クスリのアオキ西千手薬局", "機関区分": 5, "都道府県コード": 15, "市区町村コード": 202, "所在地": "新潟県長岡市西千手１丁目３番３号", "緯度": 37.440119, "経度": 138.841013, "url": "https://www.iryou.teikyouseido.mhlw.go.jp/znk-web/juminkanja/S2430/initialize?prefCd=15&kikanCd=YANGQ00151&kikanKbn=5", "url2": "https://www.kusuri-aoki.co.jp/", "内容": "クスリのアオキ西千手薬局【5:薬局】新潟県長岡市西千手１丁目３番３号" }, "geometry": { "type": "Point", "coordinates": [ 138.841013, 37.440119 ] } },
{ "type": "Feature", "properties": { "ID": "155YANGQ00152", "正式名称": "プライム薬局せったや店", "機関区分": 5, "都道府県コード": 15, "市区町村コード": 202, "所在地": "新潟県長岡市摂田屋町７８７番地１", "緯度": 37.412782, "経度": 138.846733, "url": "https://www.iryou.teikyouseido.mhlw.go.jp/znk-web/juminkanja/S2430/initialize?prefCd=15&kikanCd=YANGQ00152&kikanKbn=5", "url2": "https://www.primeyakkyoku.com/", "内容": "プライム薬局せったや店【5:薬局】新潟県長岡市摂田屋町７８７番地１" }, "geometry": { "type": "Point", "coordinates": [ 138.846733, 37.412782 ] } },
{ "type": "Feature", "properties": { "ID": "155YANGQ00153", "正式名称": "大手薬局今朝白店", "機関区分": 5, "都道府県コード": 15, "市区町村コード": 202, "所在地": "新潟県長岡市今朝白１－１３－２８", "緯度": 37.446827, "経度": 138.85842, "url": "https://www.iryou.teikyouseido.mhlw.go.jp/znk-web/juminkanja/S2430/initialize?prefCd=15&kikanCd=YANGQ00153&kikanKbn=5", "url2": null, "内容": "大手薬局今朝白店【5:薬局】新潟県長岡市今朝白１－１３－２８" }, "geometry": { "type": "Point", "coordinates": [ 138.85842, 37.446827 ] } },
{ "type": "Feature", "properties": { "ID": "155YANGQ00154", "正式名称": "ウエルシア薬局長岡与板店", "機関区分": 5, "都道府県コード": 15, "市区町村コード": 202, "所在地": "新潟県長岡市与板町与板乙２４３４－１", "緯度": 37.535878, "経度": 138.81603, "url": "https://www.iryou.teikyouseido.mhlw.go.jp/znk-web/juminkanja/S2430/initialize?prefCd=15&kikanCd=YANGQ00154&kikanKbn=5", "url2": "https://store.welcia.co.jp/welcia/spot/detail?code=227D", "内容": "ウエルシア薬局長岡与板店【5:薬局】新潟県長岡市与板町与板乙２４３４－１" }, "geometry": { "type": "Point", "coordinates": [ 138.81603, 37.535878 ] } },
{ "type": "Feature", "properties": { "ID": "155YANGQ00155", "正式名称": "共栄堂薬局ながおか店", "機関区分": 5, "都道府県コード": 15, "市区町村コード": 202, "所在地": "新潟県長岡市坂之上町２丁目３番地２０米百俵プレイス北館１階", "緯度": 37.448823, "経度": 138.850105, "url": "https://www.iryou.teikyouseido.mhlw.go.jp/znk-web/juminkanja/S2430/initialize?prefCd=15&kikanCd=YANGQ00155&kikanKbn=5", "url2": "https://kyoueido.net/shop/5359/", "内容": "共栄堂薬局ながおか店【5:薬局】新潟県長岡市坂之上町２丁目３番地２０米百俵プレイス北館１階" }, "geometry": { "type": "Point", "coordinates": [ 138.850105, 37.448823 ] } },
{ "type": "Feature", "properties": { "ID": "155YANGQ00156", "正式名称": "ミドリ薬品喜多町調剤薬局", "機関区分": 5, "都道府県コード": 15, "市区町村コード": 202, "所在地": "新潟県長岡市喜多町１０７３－１", "緯度": 37.452004, "経度": 138.805978, "url": "https://www.iryou.teikyouseido.mhlw.go.jp/znk-web/juminkanja/S2430/initialize?prefCd=15&kikanCd=YANGQ00156&kikanKbn=5", "url2": null, "内容": "ミドリ薬品喜多町調剤薬局【5:薬局】新潟県長岡市喜多町１０７３－１" }, "geometry": { "type": "Point", "coordinates": [ 138.805978, 37.452004 ] } },
{ "type": "Feature", "properties": { "ID": "155YANGQ00157", "正式名称": "あゆみ薬局", "機関区分": 5, "都道府県コード": 15, "市区町村コード": 202, "所在地": "新潟県長岡市三和３丁目８番地１３号", "緯度": 37.433647, "経度": 138.837579, "url": "https://www.iryou.teikyouseido.mhlw.go.jp/znk-web/juminkanja/S2430/initialize?prefCd=15&kikanCd=YANGQ00157&kikanKbn=5", "url2": "http://www.add-vantage.jp", "内容": "あゆみ薬局【5:薬局】新潟県長岡市三和３丁目８番地１３号" }, "geometry": { "type": "Point", "coordinates": [ 138.837579, 37.433647 ] } },
{ "type": "Feature", "properties": { "ID": "155YANGQ00158", "正式名称": "メッツ市野坪薬局", "機関区分": 5, "都道府県コード": 15, "市区町村コード": 211, "所在地": "新潟県見附市市野坪町３３７番地５", "緯度": 37.532947, "経度": 138.906814, "url": "https://www.iryou.teikyouseido.mhlw.go.jp/znk-web/juminkanja/S2430/initialize?prefCd=15&kikanCd=YANGQ00158&kikanKbn=5", "url2": "https://medic-taiyo.co.jp/pharmacy/mets-ichinotsubo/", "内容": "メッツ市野坪薬局【5:薬局】新潟県見附市市野坪町３３７番地５" }, "geometry": { "type": "Point", "coordinates": [ 138.906814, 37.532947 ] } },
{ "type": "Feature", "properties": { "ID": "155YANGQ00159", "正式名称": "大手薬局笹崎店", "機関区分": 5, "都道府県コード": 15, "市区町村コード": 202, "所在地": "新潟県長岡市笹崎１丁目４番地３", "緯度": 37.425128, "経度": 138.846328, "url": "https://www.iryou.teikyouseido.mhlw.go.jp/znk-web/juminkanja/S2430/initialize?prefCd=15&kikanCd=YANGQ00159&kikanKbn=5", "url2": null, "内容": "大手薬局笹崎店【5:薬局】新潟県長岡市笹崎１丁目４番地３" }, "geometry": { "type": "Point", "coordinates": [ 138.846328, 37.425128 ] } },
{ "type": "Feature", "properties": { "ID": "155YANTQ00001", "正式名称": "有限会社　八木薬局", "機関区分": 5, "都道府県コード": 15, "市区町村コード": 218, "所在地": "新潟県五泉市村松乙６４３番地", "緯度": 37.692788, "経度": 139.17982, "url": "https://www.iryou.teikyouseido.mhlw.go.jp/znk-web/juminkanja/S2430/initialize?prefCd=15&kikanCd=YANTQ00001&kikanKbn=5", "url2": null, "内容": "有限会社　八木薬局【5:薬局】新潟県五泉市村松乙６４３番地" }, "geometry": { "type": "Point", "coordinates": [ 139.17982, 37.692788 ] } },
{ "type": "Feature", "properties": { "ID": "155YANTQ00002", "正式名称": "阿賀薬剤センター　太田調剤薬局", "機関区分": 5, "都道府県コード": 15, "市区町村コード": 218, "所在地": "新潟県五泉市太田４４４－１", "緯度": 37.744301, "経度": 139.186456, "url": "https://www.iryou.teikyouseido.mhlw.go.jp/znk-web/juminkanja/S2430/initialize?prefCd=15&kikanCd=YANTQ00002&kikanKbn=5", "url2": null, "内容": "阿賀薬剤センター　太田調剤薬局【5:薬局】新潟県五泉市太田４４４－１" }, "geometry": { "type": "Point", "coordinates": [ 139.186456, 37.744301 ] } },
{ "type": "Feature", "properties": { "ID": "155YANTQ00005", "正式名称": "鈴木調剤薬局", "機関区分": 5, "都道府県コード": 15, "市区町村コード": 218, "所在地": "新潟県五泉市太田２－９５２", "緯度": 37.742219, "経度": 139.185608, "url": "https://www.iryou.teikyouseido.mhlw.go.jp/znk-web/juminkanja/S2430/initialize?prefCd=15&kikanCd=YANTQ00005&kikanKbn=5", "url2": null, "内容": "鈴木調剤薬局【5:薬局】新潟県五泉市太田２－９５２" }, "geometry": { "type": "Point", "coordinates": [ 139.185608, 37.742219 ] } },
{ "type": "Feature", "properties": { "ID": "155YANTQ00006", "正式名称": "公園前調剤薬局", "機関区分": 5, "都道府県コード": 15, "市区町村コード": 218, "所在地": "新潟県五泉市村松甲２６２７－５", "緯度": 37.693972, "経度": 139.187335, "url": "https://www.iryou.teikyouseido.mhlw.go.jp/znk-web/juminkanja/S2430/initialize?prefCd=15&kikanCd=YANTQ00006&kikanKbn=5", "url2": null, "内容": "公園前調剤薬局【5:薬局】新潟県五泉市村松甲２６２７－５" }, "geometry": { "type": "Point", "coordinates": [ 139.187335, 37.693972 ] } },
{ "type": "Feature", "properties": { "ID": "155YANTQ00007", "正式名称": "かりん薬局", "機関区分": 5, "都道府県コード": 15, "市区町村コード": 385, "所在地": "新潟県東蒲原郡阿賀町津川１９０－１", "緯度": 37.679001, "経度": 139.462197, "url": "https://www.iryou.teikyouseido.mhlw.go.jp/znk-web/juminkanja/S2430/initialize?prefCd=15&kikanCd=YANTQ00007&kikanKbn=5", "url2": "https://kyoueido.net/shop/220/", "内容": "かりん薬局【5:薬局】新潟県東蒲原郡阿賀町津川１９０－１" }, "geometry": { "type": "Point", "coordinates": [ 139.462197, 37.679001 ] } },
{ "type": "Feature", "properties": { "ID": "155YANTQ00008", "正式名称": "みかん調剤薬局", "機関区分": 5, "都道府県コード": 15, "市区町村コード": 218, "所在地": "新潟県五泉市三本木字早出３０４１－２", "緯度": 37.750948, "経度": 139.180459, "url": "https://www.iryou.teikyouseido.mhlw.go.jp/znk-web/juminkanja/S2430/initialize?prefCd=15&kikanCd=YANTQ00008&kikanKbn=5", "url2": null, "内容": "みかん調剤薬局【5:薬局】新潟県五泉市三本木字早出３０４１－２" }, "geometry": { "type": "Point", "coordinates": [ 139.180459, 37.750948 ] } },
{ "type": "Feature", "properties": { "ID": "155YANTQ00009", "正式名称": "あたご調剤薬局", "機関区分": 5, "都道府県コード": 15, "市区町村コード": 218, "所在地": "新潟県五泉市村松１２８８－８", "緯度": 37.699006, "経度": 139.177328, "url": "https://www.iryou.teikyouseido.mhlw.go.jp/znk-web/juminkanja/S2430/initialize?prefCd=15&kikanCd=YANTQ00009&kikanKbn=5", "url2": null, "内容": "あたご調剤薬局【5:薬局】新潟県五泉市村松１２８８－８" }, "geometry": { "type": "Point", "coordinates": [ 139.177328, 37.699006 ] } },
{ "type": "Feature", "properties": { "ID": "155YANTQ00010", "正式名称": "やぎ調剤薬局", "機関区分": 5, "都道府県コード": 15, "市区町村コード": 218, "所在地": "新潟県五泉市村松乙６２５－１", "緯度": 37.69364, "経度": 139.175, "url": "https://www.iryou.teikyouseido.mhlw.go.jp/znk-web/juminkanja/S2430/initialize?prefCd=15&kikanCd=YANTQ00010&kikanKbn=5", "url2": null, "内容": "やぎ調剤薬局【5:薬局】新潟県五泉市村松乙６２５－１" }, "geometry": { "type": "Point", "coordinates": [ 139.175, 37.69364 ] } },
{ "type": "Feature", "properties": { "ID": "155YANTQ00011", "正式名称": "てらざわ調剤薬局", "機関区分": 5, "都道府県コード": 15, "市区町村コード": 218, "所在地": "新潟県五泉市寺沢３－２－２", "緯度": 37.732031, "経度": 139.182895, "url": "https://www.iryou.teikyouseido.mhlw.go.jp/znk-web/juminkanja/S2430/initialize?prefCd=15&kikanCd=YANTQ00011&kikanKbn=5", "url2": "https://phstr.co.jp/", "内容": "てらざわ調剤薬局【5:薬局】新潟県五泉市寺沢３－２－２" }, "geometry": { "type": "Point", "coordinates": [ 139.182895, 37.732031 ] } },
{ "type": "Feature", "properties": { "ID": "155YANTQ00012", "正式名称": "つがわ調剤薬局", "機関区分": 5, "都道府県コード": 15, "市区町村コード": 385, "所在地": "新潟県東蒲原郡阿賀町津川５５５番地６", "緯度": 37.677279, "経度": 139.457722, "url": "https://www.iryou.teikyouseido.mhlw.go.jp/znk-web/juminkanja/S2430/initialize?prefCd=15&kikanCd=YANTQ00012&kikanKbn=5", "url2": null, "内容": "つがわ調剤薬局【5:薬局】新潟県東蒲原郡阿賀町津川５５５番地６" }, "geometry": { "type": "Point", "coordinates": [ 139.457722, 37.677279 ] } },
{ "type": "Feature", "properties": { "ID": "155YANTQ00013", "正式名称": "斎藤薬局", "機関区分": 5, "都道府県コード": 15, "市区町村コード": 218, "所在地": "新潟県五泉市村松甲１７７６番地", "緯度": 37.692126, "経度": 139.177266, "url": "https://www.iryou.teikyouseido.mhlw.go.jp/znk-web/juminkanja/S2430/initialize?prefCd=15&kikanCd=YANTQ00013&kikanKbn=5", "url2": "https://r.goope.jp/sr-15-153221s0028/", "内容": "斎藤薬局【5:薬局】新潟県五泉市村松甲１７７６番地" }, "geometry": { "type": "Point", "coordinates": [ 139.177266, 37.692126 ] } },
{ "type": "Feature", "properties": { "ID": "155YANTQ00014", "正式名称": "メイプル薬局五泉本町店", "機関区分": 5, "都道府県コード": 15, "市区町村コード": 218, "所在地": "新潟県五泉市本町３－２－３２", "緯度": 37.740588, "経度": 139.175873, "url": "https://www.iryou.teikyouseido.mhlw.go.jp/znk-web/juminkanja/S2430/initialize?prefCd=15&kikanCd=YANTQ00014&kikanKbn=5", "url2": null, "内容": "メイプル薬局五泉本町店【5:薬局】新潟県五泉市本町３－２－３２" }, "geometry": { "type": "Point", "coordinates": [ 139.175873, 37.740588 ] } },
{ "type": "Feature", "properties": { "ID": "155YANTQ00015", "正式名称": "いしぞね薬局", "機関区分": 5, "都道府県コード": 15, "市区町村コード": 218, "所在地": "新潟県五泉市石曽根７９９１－１", "緯度": 37.696599, "経度": 139.1833, "url": "https://www.iryou.teikyouseido.mhlw.go.jp/znk-web/juminkanja/S2430/initialize?prefCd=15&kikanCd=YANTQ00015&kikanKbn=5", "url2": null, "内容": "いしぞね薬局【5:薬局】新潟県五泉市石曽根７９９１－１" }, "geometry": { "type": "Point", "coordinates": [ 139.1833, 37.696599 ] } },
{ "type": "Feature", "properties": { "ID": "155YANTQ00016", "正式名称": "共創未来　五泉薬局", "機関区分": 5, "都道府県コード": 15, "市区町村コード": 218, "所在地": "新潟県五泉市南本町１－５－２", "緯度": 37.733784, "経度": 139.17644, "url": "https://www.iryou.teikyouseido.mhlw.go.jp/znk-web/juminkanja/S2430/initialize?prefCd=15&kikanCd=YANTQ00016&kikanKbn=5", "url2": "https://phmirai.co.jp", "内容": "共創未来　五泉薬局【5:薬局】新潟県五泉市南本町１－５－２" }, "geometry": { "type": "Point", "coordinates": [ 139.17644, 37.733784 ] } },
{ "type": "Feature", "properties": { "ID": "155YANTQ00017", "正式名称": "共創未来　ぼたん薬局", "機関区分": 5, "都道府県コード": 15, "市区町村コード": 218, "所在地": "新潟県五泉市太田２－６－４４", "緯度": 37.742679, "経度": 139.189337, "url": "https://www.iryou.teikyouseido.mhlw.go.jp/znk-web/juminkanja/S2430/initialize?prefCd=15&kikanCd=YANTQ00017&kikanKbn=5", "url2": "https://phmirai.co.jp/", "内容": "共創未来　ぼたん薬局【5:薬局】新潟県五泉市太田２－６－４４" }, "geometry": { "type": "Point", "coordinates": [ 139.189337, 37.742679 ] } },
{ "type": "Feature", "properties": { "ID": "155YANTQ00018", "正式名称": "ウエルシア薬局五泉店", "機関区分": 5, "都道府県コード": 15, "市区町村コード": 218, "所在地": "新潟県五泉市東本町２－６ー５", "緯度": 37.741864, "経度": 139.181598, "url": "https://www.iryou.teikyouseido.mhlw.go.jp/znk-web/juminkanja/S2430/initialize?prefCd=15&kikanCd=YANTQ00018&kikanKbn=5", "url2": "https://store.welcia.co.jp/welcia/spot/detail?code=89D", "内容": "ウエルシア薬局五泉店【5:薬局】新潟県五泉市東本町２－６ー５" }, "geometry": { "type": "Point", "coordinates": [ 139.181598, 37.741864 ] } },
{ "type": "Feature", "properties": { "ID": "155YANTQ00019", "正式名称": "よつば調剤薬局", "機関区分": 5, "都道府県コード": 15, "市区町村コード": 218, "所在地": "新潟県五泉市東本町２丁目９番３２号", "緯度": 37.742415, "経度": 139.18175, "url": "https://www.iryou.teikyouseido.mhlw.go.jp/znk-web/juminkanja/S2430/initialize?prefCd=15&kikanCd=YANTQ00019&kikanKbn=5", "url2": null, "内容": "よつば調剤薬局【5:薬局】新潟県五泉市東本町２丁目９番３２号" }, "geometry": { "type": "Point", "coordinates": [ 139.18175, 37.742415 ] } },
{ "type": "Feature", "properties": { "ID": "155YANTQ00020", "正式名称": "アサヒ調剤薬局五泉店", "機関区分": 5, "都道府県コード": 15, "市区町村コード": 218, "所在地": "新潟県五泉市本町６丁目１番７号", "緯度": 37.744818, "経度": 139.176165, "url": "https://www.iryou.teikyouseido.mhlw.go.jp/znk-web/juminkanja/S2430/initialize?prefCd=15&kikanCd=YANTQ00020&kikanKbn=5", "url2": null, "内容": "アサヒ調剤薬局五泉店【5:薬局】新潟県五泉市本町６丁目１番７号" }, "geometry": { "type": "Point", "coordinates": [ 139.176165, 37.744818 ] } },
{ "type": "Feature", "properties": { "ID": "155YANTQ00021", "正式名称": "ウエルシア薬局　五泉村松店", "機関区分": 5, "都道府県コード": 15, "市区町村コード": 218, "所在地": "新潟県五泉市村松", "緯度": 37.698252, "経度": 139.177825, "url": "https://www.iryou.teikyouseido.mhlw.go.jp/znk-web/juminkanja/S2430/initialize?prefCd=15&kikanCd=YANTQ00021&kikanKbn=5", "url2": "https://store.welcia.co.jp/welcia/spot/detail?code=166D", "内容": "ウエルシア薬局　五泉村松店【5:薬局】新潟県五泉市村松" }, "geometry": { "type": "Point", "coordinates": [ 139.177825, 37.698252 ] } },
{ "type": "Feature", "properties": { "ID": "155YANTQ00022", "正式名称": "みなみ調剤薬局　五泉店", "機関区分": 5, "都道府県コード": 15, "市区町村コード": 218, "所在地": "新潟県五泉市本町１丁目１０番３－４号", "緯度": 37.735394, "経度": 139.176943, "url": "https://www.iryou.teikyouseido.mhlw.go.jp/znk-web/juminkanja/S2430/initialize?prefCd=15&kikanCd=YANTQ00022&kikanKbn=5", "url2": "http://minami-pharmacy.net/", "内容": "みなみ調剤薬局　五泉店【5:薬局】新潟県五泉市本町１丁目１０番３－４号" }, "geometry": { "type": "Point", "coordinates": [ 139.176943, 37.735394 ] } },
{ "type": "Feature", "properties": { "ID": "155YANTQ00023", "正式名称": "すまいる薬局", "機関区分": 5, "都道府県コード": 15, "市区町村コード": 218, "所在地": "新潟県五泉市太田９７６－１", "緯度": 37.744028, "経度": 139.185794, "url": "https://www.iryou.teikyouseido.mhlw.go.jp/znk-web/juminkanja/S2430/initialize?prefCd=15&kikanCd=YANTQ00023&kikanKbn=5", "url2": null, "内容": "すまいる薬局【5:薬局】新潟県五泉市太田９７６－１" }, "geometry": { "type": "Point", "coordinates": [ 139.185794, 37.744028 ] } },
{ "type": "Feature", "properties": { "ID": "155YANTQ00024", "正式名称": "ごせん薬局", "機関区分": 5, "都道府県コード": 15, "市区町村コード": 218, "所在地": "新潟県五泉市太田４５９－３", "緯度": 37.745089, "経度": 139.184105, "url": "https://www.iryou.teikyouseido.mhlw.go.jp/znk-web/juminkanja/S2430/initialize?prefCd=15&kikanCd=YANTQ00024&kikanKbn=5", "url2": null, "内容": "ごせん薬局【5:薬局】新潟県五泉市太田４５９－３" }, "geometry": { "type": "Point", "coordinates": [ 139.184105, 37.745089 ] } },
{ "type": "Feature", "properties": { "ID": "155YANTQ00025", "正式名称": "コスモス調剤薬局", "機関区分": 5, "都道府県コード": 15, "市区町村コード": 218, "所在地": "新潟県五泉市太田４６０－１", "緯度": 37.745136, "経度": 139.184302, "url": "https://www.iryou.teikyouseido.mhlw.go.jp/znk-web/juminkanja/S2430/initialize?prefCd=15&kikanCd=YANTQ00025&kikanKbn=5", "url2": null, "内容": "コスモス調剤薬局【5:薬局】新潟県五泉市太田４６０－１" }, "geometry": { "type": "Point", "coordinates": [ 139.184302, 37.745136 ] } },
{ "type": "Feature", "properties": { "ID": "155YANTQ00028", "正式名称": "あい薬局　五泉店", "機関区分": 5, "都道府県コード": 15, "市区町村コード": 218, "所在地": "新潟県五泉市南本町３丁目１番４７号", "緯度": 37.730434, "経度": 139.177262, "url": "https://www.iryou.teikyouseido.mhlw.go.jp/znk-web/juminkanja/S2430/initialize?prefCd=15&kikanCd=YANTQ00028&kikanKbn=5", "url2": "https://www.qol-net.co.jp/", "内容": "あい薬局　五泉店【5:薬局】新潟県五泉市南本町３丁目１番４７号" }, "geometry": { "type": "Point", "coordinates": [ 139.177262, 37.730434 ] } },
{ "type": "Feature", "properties": { "ID": "155YANTX00001", "正式名称": "ウエルシア薬局五泉三本木店", "機関区分": 5, "都道府県コード": 15, "市区町村コード": 218, "所在地": "新潟県五泉市三本木３－３－４０", "緯度": 37.759099, "経度": 139.174804, "url": "https://www.iryou.teikyouseido.mhlw.go.jp/znk-web/juminkanja/S2430/initialize?prefCd=15&kikanCd=YANTX00001&kikanKbn=5", "url2": "https://store.welcia.co.jp/welcia/spot/detail?code=226D", "内容": "ウエルシア薬局五泉三本木店【5:薬局】新潟県五泉市三本木３－３－４０" }, "geometry": { "type": "Point", "coordinates": [ 139.174804, 37.759099 ] } },
{ "type": "Feature", "properties": { "ID": "155YANTX00002", "正式名称": "クスリのアオキ三本木薬局", "機関区分": 5, "都道府県コード": 15, "市区町村コード": 218, "所在地": "新潟県五泉市三本木字早出３０２６番地", "緯度": 37.750805, "経度": 139.17873, "url": "https://www.iryou.teikyouseido.mhlw.go.jp/znk-web/juminkanja/S2430/initialize?prefCd=15&kikanCd=YANTX00002&kikanKbn=5", "url2": "https://www.kusuri-aoki.co.jp/", "内容": "クスリのアオキ三本木薬局【5:薬局】新潟県五泉市三本木字早出３０２６番地" }, "geometry": { "type": "Point", "coordinates": [ 139.17873, 37.750805 ] } },
{ "type": "Feature", "properties": { "ID": "155YANTX00003", "正式名称": "こみち薬局", "機関区分": 5, "都道府県コード": 15, "市区町村コード": 218, "所在地": "新潟県五泉市東本町２丁目７番３号", "緯度": 37.741697, "経度": 139.182688, "url": "https://www.iryou.teikyouseido.mhlw.go.jp/znk-web/juminkanja/S2430/initialize?prefCd=15&kikanCd=YANTX00003&kikanKbn=5", "url2": null, "内容": "こみち薬局【5:薬局】新潟県五泉市東本町２丁目７番３号" }, "geometry": { "type": "Point", "coordinates": [ 139.182688, 37.741697 ] } },
{ "type": "Feature", "properties": { "ID": "155YASDQ00002", "正式名称": "奥田薬局", "機関区分": 5, "都道府県コード": 15, "市区町村コード": 224, "所在地": "新潟県佐渡市両津夷１７６", "緯度": 38.086871, "経度": 138.432456, "url": "https://www.iryou.teikyouseido.mhlw.go.jp/znk-web/juminkanja/S2430/initialize?prefCd=15&kikanCd=YASDQ00002&kikanKbn=5", "url2": null, "内容": "奥田薬局【5:薬局】新潟県佐渡市両津夷１７６" }, "geometry": { "type": "Point", "coordinates": [ 138.432456, 38.086871 ] } },
{ "type": "Feature", "properties": { "ID": "155YASDQ00003", "正式名称": "有限会社斎藤薬局", "機関区分": 5, "都道府県コード": 15, "市区町村コード": 224, "所在地": "新潟県佐渡市両津夷２０９－１", "緯度": 38.083729, "経度": 138.43391, "url": "https://www.iryou.teikyouseido.mhlw.go.jp/znk-web/juminkanja/S2430/initialize?prefCd=15&kikanCd=YASDQ00003&kikanKbn=5", "url2": null, "内容": "有限会社斎藤薬局【5:薬局】新潟県佐渡市両津夷２０９－１" }, "geometry": { "type": "Point", "coordinates": [ 138.43391, 38.083729 ] } },
{ "type": "Feature", "properties": { "ID": "155YASDQ00005", "正式名称": "水落薬局", "機関区分": 5, "都道府県コード": 15, "市区町村コード": 224, "所在地": "新潟県佐渡市河原田本町２３", "緯度": 38.001332, "経度": 138.32088, "url": "https://www.iryou.teikyouseido.mhlw.go.jp/znk-web/juminkanja/S2430/initialize?prefCd=15&kikanCd=YASDQ00005&kikanKbn=5", "url2": null, "内容": "水落薬局【5:薬局】新潟県佐渡市河原田本町２３" }, "geometry": { "type": "Point", "coordinates": [ 138.32088, 38.001332 ] } },
{ "type": "Feature", "properties": { "ID": "155YASDQ00007", "正式名称": "有限会社みうら薬局", "機関区分": 5, "都道府県コード": 15, "市区町村コード": 224, "所在地": "新潟県佐渡市真野新町３２６－２", "緯度": 37.964352, "経度": 138.344686, "url": "https://www.iryou.teikyouseido.mhlw.go.jp/znk-web/juminkanja/S2430/initialize?prefCd=15&kikanCd=YASDQ00007&kikanKbn=5", "url2": null, "内容": "有限会社みうら薬局【5:薬局】新潟県佐渡市真野新町３２６－２" }, "geometry": { "type": "Point", "coordinates": [ 138.344686, 37.964352 ] } },
{ "type": "Feature", "properties": { "ID": "155YASDQ00008", "正式名称": "有限会社みなと調剤薬局", "機関区分": 5, "都道府県コード": 15, "市区町村コード": 224, "所在地": "新潟県佐渡市両津湊３２７－７", "緯度": 38.075237, "経度": 138.442221, "url": "https://www.iryou.teikyouseido.mhlw.go.jp/znk-web/juminkanja/S2430/initialize?prefCd=15&kikanCd=YASDQ00008&kikanKbn=5", "url2": null, "内容": "有限会社みなと調剤薬局【5:薬局】新潟県佐渡市両津湊３２７－７" }, "geometry": { "type": "Point", "coordinates": [ 138.442221, 38.075237 ] } },
{ "type": "Feature", "properties": { "ID": "155YASDQ00009", "正式名称": "グリーン薬局", "機関区分": 5, "都道府県コード": 15, "市区町村コード": 224, "所在地": "新潟県佐渡市泉１３４８", "緯度": 38.00979, "経度": 138.341528, "url": "https://www.iryou.teikyouseido.mhlw.go.jp/znk-web/juminkanja/S2430/initialize?prefCd=15&kikanCd=YASDQ00009&kikanKbn=5", "url2": null, "内容": "グリーン薬局【5:薬局】新潟県佐渡市泉１３４８" }, "geometry": { "type": "Point", "coordinates": [ 138.341528, 38.00979 ] } },
{ "type": "Feature", "properties": { "ID": "155YASDQ00010", "正式名称": "みなみ調剤薬局", "機関区分": 5, "都道府県コード": 15, "市区町村コード": 224, "所在地": "新潟県佐渡市東大通１２３２－２", "緯度": 38.003311, "経度": 138.330124, "url": "https://www.iryou.teikyouseido.mhlw.go.jp/znk-web/juminkanja/S2430/initialize?prefCd=15&kikanCd=YASDQ00010&kikanKbn=5", "url2": "http://minami-pharmacy.net/", "内容": "みなみ調剤薬局【5:薬局】新潟県佐渡市東大通１２３２－２" }, "geometry": { "type": "Point", "coordinates": [ 138.330124, 38.003311 ] } },
{ "type": "Feature", "properties": { "ID": "155YASDQ00011", "正式名称": "桐の花調剤薬局", "機関区分": 5, "都道府県コード": 15, "市区町村コード": 224, "所在地": "新潟県佐渡市窪田１９－１", "緯度": 38.005809, "経度": 138.311766, "url": "https://www.iryou.teikyouseido.mhlw.go.jp/znk-web/juminkanja/S2430/initialize?prefCd=15&kikanCd=YASDQ00011&kikanKbn=5", "url2": null, "内容": "桐の花調剤薬局【5:薬局】新潟県佐渡市窪田１９－１" }, "geometry": { "type": "Point", "coordinates": [ 138.311766, 38.005809 ] } },
{ "type": "Feature", "properties": { "ID": "155YASDQ00012", "正式名称": "有限会社佐渡薬品", "機関区分": 5, "都道府県コード": 15, "市区町村コード": 224, "所在地": "新潟県佐渡市下新穂９４－２", "緯度": 38.014807, "経度": 138.415185, "url": "https://www.iryou.teikyouseido.mhlw.go.jp/znk-web/juminkanja/S2430/initialize?prefCd=15&kikanCd=YASDQ00012&kikanKbn=5", "url2": "http://www.sado-yakuhin.com", "内容": "有限会社佐渡薬品【5:薬局】新潟県佐渡市下新穂９４－２" }, "geometry": { "type": "Point", "coordinates": [ 138.415185, 38.014807 ] } },
{ "type": "Feature", "properties": { "ID": "155YASDQ00013", "正式名称": "吉田杏林堂薬局", "機関区分": 5, "都道府県コード": 15, "市区町村コード": 224, "所在地": "新潟県佐渡市東大通２２４３番地の１", "緯度": 38.003395, "経度": 138.327475, "url": "https://www.iryou.teikyouseido.mhlw.go.jp/znk-web/juminkanja/S2430/initialize?prefCd=15&kikanCd=YASDQ00013&kikanKbn=5", "url2": null, "内容": "吉田杏林堂薬局【5:薬局】新潟県佐渡市東大通２２４３番地の１" }, "geometry": { "type": "Point", "coordinates": [ 138.327475, 38.003395 ] } },
{ "type": "Feature", "properties": { "ID": "155YASDQ00014", "正式名称": "さくら薬局　千種", "機関区分": 5, "都道府県コード": 15, "市区町村コード": 224, "所在地": "新潟県佐渡市千種丙２１８－１", "緯度": 38.022559, "経度": 138.36478, "url": "https://www.iryou.teikyouseido.mhlw.go.jp/znk-web/juminkanja/S2430/initialize?prefCd=15&kikanCd=YASDQ00014&kikanKbn=5", "url2": "https://www.sado-yakuhin.com/", "内容": "さくら薬局　千種【5:薬局】新潟県佐渡市千種丙２１８－１" }, "geometry": { "type": "Point", "coordinates": [ 138.36478, 38.022559 ] } },
{ "type": "Feature", "properties": { "ID": "155YASDQ00015", "正式名称": "ウエルシア薬局　佐渡佐和田店", "機関区分": 5, "都道府県コード": 15, "市区町村コード": 224, "所在地": "新潟県佐渡市泉１３１０", "緯度": 38.010648, "経度": 138.343222, "url": "https://www.iryou.teikyouseido.mhlw.go.jp/znk-web/juminkanja/S2430/initialize?prefCd=15&kikanCd=YASDQ00015&kikanKbn=5", "url2": null, "内容": "ウエルシア薬局　佐渡佐和田店【5:薬局】新潟県佐渡市泉１３１０" }, "geometry": { "type": "Point", "coordinates": [ 138.343222, 38.010648 ] } },
{ "type": "Feature", "properties": { "ID": "155YASDQ00016", "正式名称": "ウエルシア薬局　佐渡両津店", "機関区分": 5, "都道府県コード": 15, "市区町村コード": 224, "所在地": "新潟県佐渡市加茂歌代字境４０８", "緯度": 38.080635, "経度": 138.419044, "url": "https://www.iryou.teikyouseido.mhlw.go.jp/znk-web/juminkanja/S2430/initialize?prefCd=15&kikanCd=YASDQ00016&kikanKbn=5", "url2": "https://store.welcia.co.jp/welcia/spot/detail?code=115D", "内容": "ウエルシア薬局　佐渡両津店【5:薬局】新潟県佐渡市加茂歌代字境４０８" }, "geometry": { "type": "Point", "coordinates": [ 138.419044, 38.080635 ] } },
{ "type": "Feature", "properties": { "ID": "155YASDQ00017", "正式名称": "アクア薬局", "機関区分": 5, "都道府県コード": 15, "市区町村コード": 224, "所在地": "新潟県佐渡市相川四十物町３３番地３", "緯度": 38.035509, "経度": 138.241764, "url": "https://www.iryou.teikyouseido.mhlw.go.jp/znk-web/juminkanja/S2430/initialize?prefCd=15&kikanCd=YASDQ00017&kikanKbn=5", "url2": null, "内容": "アクア薬局【5:薬局】新潟県佐渡市相川四十物町３３番地３" }, "geometry": { "type": "Point", "coordinates": [ 138.241764, 38.035509 ] } },
{ "type": "Feature", "properties": { "ID": "155YASDQ00018", "正式名称": "とき薬局", "機関区分": 5, "都道府県コード": 15, "市区町村コード": 224, "所在地": "新潟県佐渡市羽茂本郷５５５－１", "緯度": 37.848478, "経度": 138.317358, "url": "https://www.iryou.teikyouseido.mhlw.go.jp/znk-web/juminkanja/S2430/initialize?prefCd=15&kikanCd=YASDQ00018&kikanKbn=5", "url2": null, "内容": "とき薬局【5:薬局】新潟県佐渡市羽茂本郷５５５－１" }, "geometry": { "type": "Point", "coordinates": [ 138.317358, 37.848478 ] } },
{ "type": "Feature", "properties": { "ID": "155YASDQ00020", "正式名称": "まの薬局", "機関区分": 5, "都道府県コード": 15, "市区町村コード": 224, "所在地": "新潟県佐渡市長石３９６番地１９", "緯度": 37.971766, "経度": 138.347402, "url": "https://www.iryou.teikyouseido.mhlw.go.jp/znk-web/juminkanja/S2430/initialize?prefCd=15&kikanCd=YASDQ00020&kikanKbn=5", "url2": null, "内容": "まの薬局【5:薬局】新潟県佐渡市長石３９６番地１９" }, "geometry": { "type": "Point", "coordinates": [ 138.347402, 37.971766 ] } },
{ "type": "Feature", "properties": { "ID": "155YASDQ00021", "正式名称": "さくら薬局　赤泊", "機関区分": 5, "都道府県コード": 15, "市区町村コード": 224, "所在地": "新潟県佐渡市赤泊６１", "緯度": 37.866218, "経度": 138.409477, "url": "https://www.iryou.teikyouseido.mhlw.go.jp/znk-web/juminkanja/S2430/initialize?prefCd=15&kikanCd=YASDQ00021&kikanKbn=5", "url2": "https://www.sado-yakuhin.com/", "内容": "さくら薬局　赤泊【5:薬局】新潟県佐渡市赤泊６１" }, "geometry": { "type": "Point", "coordinates": [ 138.409477, 37.866218 ] } },
{ "type": "Feature", "properties": { "ID": "155YASDQ00022", "正式名称": "ウエルシア薬局佐渡羽茂店", "機関区分": 5, "都道府県コード": 15, "市区町村コード": 224, "所在地": "新潟県佐渡市羽茂本郷４０５ー１", "緯度": 37.843351, "経度": 138.313948, "url": "https://www.iryou.teikyouseido.mhlw.go.jp/znk-web/juminkanja/S2430/initialize?prefCd=15&kikanCd=YASDQ00022&kikanKbn=5", "url2": "http://www.welcia-yakkyaku.co.jp/", "内容": "ウエルシア薬局佐渡羽茂店【5:薬局】新潟県佐渡市羽茂本郷４０５ー１" }, "geometry": { "type": "Point", "coordinates": [ 138.313948, 37.843351 ] } },
{ "type": "Feature", "properties": { "ID": "155YASDQ00023", "正式名称": "共栄堂薬局さど店", "機関区分": 5, "都道府県コード": 15, "市区町村コード": 224, "所在地": "新潟県佐渡市千種１１３－１４", "緯度": 38.020211, "経度": 138.365007, "url": "https://www.iryou.teikyouseido.mhlw.go.jp/znk-web/juminkanja/S2430/initialize?prefCd=15&kikanCd=YASDQ00023&kikanKbn=5", "url2": "https://kyoueido.net/shop/3504/", "内容": "共栄堂薬局さど店【5:薬局】新潟県佐渡市千種１１３－１４" }, "geometry": { "type": "Point", "coordinates": [ 138.365007, 38.020211 ] } },
{ "type": "Feature", "properties": { "ID": "155YASDQ00024", "正式名称": "とき薬局さわた", "機関区分": 5, "都道府県コード": 15, "市区町村コード": 224, "所在地": "新潟県佐渡市長木８９４－１", "緯度": 38.006128, "経度": 138.331938, "url": "https://www.iryou.teikyouseido.mhlw.go.jp/znk-web/juminkanja/S2430/initialize?prefCd=15&kikanCd=YASDQ00024&kikanKbn=5", "url2": null, "内容": "とき薬局さわた【5:薬局】新潟県佐渡市長木８９４－１" }, "geometry": { "type": "Point", "coordinates": [ 138.331938, 38.006128 ] } },
{ "type": "Feature", "properties": { "ID": "155YASDQ00025", "正式名称": "小木調剤薬局", "機関区分": 5, "都道府県コード": 15, "市区町村コード": 224, "所在地": "新潟県佐渡市小木町４０１－１３番地", "緯度": 37.816536, "経度": 138.275238, "url": "https://www.iryou.teikyouseido.mhlw.go.jp/znk-web/juminkanja/S2430/initialize?prefCd=15&kikanCd=YASDQ00025&kikanKbn=5", "url2": null, "内容": "小木調剤薬局【5:薬局】新潟県佐渡市小木町４０１－１３番地" }, "geometry": { "type": "Point", "coordinates": [ 138.275238, 37.816536 ] } },
{ "type": "Feature", "properties": { "ID": "155YASDQ00026", "正式名称": "さくら薬局畑野", "機関区分": 5, "都道府県コード": 15, "市区町村コード": 224, "所在地": "新潟県佐渡市畑野７６６－５", "緯度": 37.989387, "経度": 138.397743, "url": "https://www.iryou.teikyouseido.mhlw.go.jp/znk-web/juminkanja/S2430/initialize?prefCd=15&kikanCd=YASDQ00026&kikanKbn=5", "url2": "https://www.sado-yakuhin.com/", "内容": "さくら薬局畑野【5:薬局】新潟県佐渡市畑野７６６－５" }, "geometry": { "type": "Point", "coordinates": [ 138.397743, 37.989387 ] } },
{ "type": "Feature", "properties": { "ID": "155YASDQ00027", "正式名称": "さくら薬局羽茂", "機関区分": 5, "都道府県コード": 15, "市区町村コード": 224, "所在地": "新潟県佐渡市羽茂本郷２０番地", "緯度": 37.843797, "経度": 138.313345, "url": "https://www.iryou.teikyouseido.mhlw.go.jp/znk-web/juminkanja/S2430/initialize?prefCd=15&kikanCd=YASDQ00027&kikanKbn=5", "url2": "https://www.sado-yakuhin.com", "内容": "さくら薬局羽茂【5:薬局】新潟県佐渡市羽茂本郷２０番地" }, "geometry": { "type": "Point", "coordinates": [ 138.313345, 37.843797 ] } },
{ "type": "Feature", "properties": { "ID": "155YASDQ00028", "正式名称": "アイン薬局　佐渡店", "機関区分": 5, "都道府県コード": 15, "市区町村コード": 224, "所在地": "新潟県佐渡市千種１４５－１", "緯度": 38.020052, "経度": 138.365555, "url": "https://www.iryou.teikyouseido.mhlw.go.jp/znk-web/juminkanja/S2430/initialize?prefCd=15&kikanCd=YASDQ00028&kikanKbn=5", "url2": "http://ainj.co.jp", "内容": "アイン薬局　佐渡店【5:薬局】新潟県佐渡市千種１４５－１" }, "geometry": { "type": "Point", "coordinates": [ 138.365555, 38.020052 ] } },
{ "type": "Feature", "properties": { "ID": "155YASDQ00029", "正式名称": "株式会社共栄堂　共栄堂薬局かない店", "機関区分": 5, "都道府県コード": 15, "市区町村コード": 224, "所在地": "新潟県佐渡市千種１４５－１　佐渡調剤薬局ビル１階", "緯度": 38.019932, "経度": 138.365701, "url": "https://www.iryou.teikyouseido.mhlw.go.jp/znk-web/juminkanja/S2430/initialize?prefCd=15&kikanCd=YASDQ00029&kikanKbn=5", "url2": "https://kyoueido.net/shop/5578/", "内容": "株式会社共栄堂　共栄堂薬局かない店【5:薬局】新潟県佐渡市千種１４５－１　佐渡調剤薬局ビル１階" }, "geometry": { "type": "Point", "coordinates": [ 138.365701, 38.019932 ] } },
{ "type": "Feature", "properties": { "ID": "155YASDQ00030", "正式名称": "さくら薬局　両津", "機関区分": 5, "都道府県コード": 15, "市区町村コード": 224, "所在地": "新潟県佐渡市梅津２３１４－１", "緯度": 38.095195, "経度": 138.429466, "url": "https://www.iryou.teikyouseido.mhlw.go.jp/znk-web/juminkanja/S2430/initialize?prefCd=15&kikanCd=YASDQ00030&kikanKbn=5", "url2": "https://www.sado-yakuhin.com/", "内容": "さくら薬局　両津【5:薬局】新潟県佐渡市梅津２３１４－１" }, "geometry": { "type": "Point", "coordinates": [ 138.429466, 38.095195 ] } },
{ "type": "Feature", "properties": { "ID": "155YASHQ00001", "正式名称": "かなづか薬局", "機関区分": 5, "都道府県コード": 15, "市区町村コード": 206, "所在地": "新潟県新発田市下小中山３９２－１３", "緯度": 38.019742, "経度": 139.380306, "url": "https://www.iryou.teikyouseido.mhlw.go.jp/znk-web/juminkanja/S2430/initialize?prefCd=15&kikanCd=YASHQ00001&kikanKbn=5", "url2": null, "内容": "かなづか薬局【5:薬局】新潟県新発田市下小中山３９２－１３" }, "geometry": { "type": "Point", "coordinates": [ 139.380306, 38.019742 ] } },
{ "type": "Feature", "properties": { "ID": "155YASHQ00002", "正式名称": "中条調剤薬局", "機関区分": 5, "都道府県コード": 15, "市区町村コード": 227, "所在地": "新潟県胎内市新栄町２－２６", "緯度": 38.047738, "経度": 139.401458, "url": "https://www.iryou.teikyouseido.mhlw.go.jp/znk-web/juminkanja/S2430/initialize?prefCd=15&kikanCd=YASHQ00002&kikanKbn=5", "url2": "https://www.phstr.co.jp/shoplist", "内容": "中条調剤薬局【5:薬局】新潟県胎内市新栄町２－２６" }, "geometry": { "type": "Point", "coordinates": [ 139.401458, 38.047738 ] } },
{ "type": "Feature", "properties": { "ID": "155YASHQ00003", "正式名称": "中央町調剤薬局", "機関区分": 5, "都道府県コード": 15, "市区町村コード": 206, "所在地": "新潟県新発田市中央町３丁目９番６号", "緯度": 37.949841, "経度": 139.325013, "url": "https://www.iryou.teikyouseido.mhlw.go.jp/znk-web/juminkanja/S2430/initialize?prefCd=15&kikanCd=YASHQ00003&kikanKbn=5", "url2": "https://www.sasakiku.co.jp/", "内容": "中央町調剤薬局【5:薬局】新潟県新発田市中央町３丁目９番６号" }, "geometry": { "type": "Point", "coordinates": [ 139.325013, 37.949841 ] } },
{ "type": "Feature", "properties": { "ID": "155YASHQ00005", "正式名称": "岡山調剤薬局", "機関区分": 5, "都道府県コード": 15, "市区町村コード": 223, "所在地": "新潟県阿賀野市岡山町４－４", "緯度": 37.834821, "経度": 139.223485, "url": "https://www.iryou.teikyouseido.mhlw.go.jp/znk-web/juminkanja/S2430/initialize?prefCd=15&kikanCd=YASHQ00005&kikanKbn=5", "url2": "http://www.honcho-pharmacy.co.jp", "内容": "岡山調剤薬局【5:薬局】新潟県阿賀野市岡山町４－４" }, "geometry": { "type": "Point", "coordinates": [ 139.223485, 37.834821 ] } },
{ "type": "Feature", "properties": { "ID": "155YASHQ00006", "正式名称": "有限会社さとう薬局", "機関区分": 5, "都道府県コード": 15, "市区町村コード": 206, "所在地": "新潟県新発田市大手町５－２－９", "緯度": 37.954289, "経度": 139.327619, "url": "https://www.iryou.teikyouseido.mhlw.go.jp/znk-web/juminkanja/S2430/initialize?prefCd=15&kikanCd=YASHQ00006&kikanKbn=5", "url2": "http://www.e-classa.net/sato", "内容": "有限会社さとう薬局【5:薬局】新潟県新発田市大手町５－２－９" }, "geometry": { "type": "Point", "coordinates": [ 139.327619, 37.954289 ] } },
{ "type": "Feature", "properties": { "ID": "155YASHQ00007", "正式名称": "笹神調剤薬局", "機関区分": 5, "都道府県コード": 15, "市区町村コード": 223, "所在地": "新潟県阿賀野市山崎３４１", "緯度": 37.839343, "経度": 139.26815, "url": "https://www.iryou.teikyouseido.mhlw.go.jp/znk-web/juminkanja/S2430/initialize?prefCd=15&kikanCd=YASHQ00007&kikanKbn=5", "url2": "https://meron-net.shop/ds/sasagami", "内容": "笹神調剤薬局【5:薬局】新潟県阿賀野市山崎３４１" }, "geometry": { "type": "Point", "coordinates": [ 139.26815, 37.839343 ] } },
{ "type": "Feature", "properties": { "ID": "155YASHQ00008", "正式名称": "有限会社菅原薬局", "機関区分": 5, "都道府県コード": 15, "市区町村コード": 206, "所在地": "新潟県新発田市中央町３－７－５", "緯度": 37.949041, "経度": 139.324431, "url": "https://www.iryou.teikyouseido.mhlw.go.jp/znk-web/juminkanja/S2430/initialize?prefCd=15&kikanCd=YASHQ00008&kikanKbn=5", "url2": null, "内容": "有限会社菅原薬局【5:薬局】新潟県新発田市中央町３－７－５" }, "geometry": { "type": "Point", "coordinates": [ 139.324431, 37.949041 ] } },
{ "type": "Feature", "properties": { "ID": "155YASHQ00009", "正式名称": "しなの薬局新発田店", "機関区分": 5, "都道府県コード": 15, "市区町村コード": 206, "所在地": "新潟県新発田市新栄町２ー１１ー６０", "緯度": 37.954491, "経度": 139.299663, "url": "https://www.iryou.teikyouseido.mhlw.go.jp/znk-web/juminkanja/S2430/initialize?prefCd=15&kikanCd=YASHQ00009&kikanKbn=5", "url2": "http://www.shinano-pharmacy.com", "内容": "しなの薬局新発田店【5:薬局】新潟県新発田市新栄町２ー１１ー６０" }, "geometry": { "type": "Point", "coordinates": [ 139.299663, 37.954491 ] } },
{ "type": "Feature", "properties": { "ID": "155YASHQ00010", "正式名称": "壮快調剤薬局", "機関区分": 5, "都道府県コード": 15, "市区町村コード": 227, "所在地": "新潟県胎内市平木田字岩山１５００番地２", "緯度": 38.091292, "経度": 139.425942, "url": "https://www.iryou.teikyouseido.mhlw.go.jp/znk-web/juminkanja/S2430/initialize?prefCd=15&kikanCd=YASHQ00010&kikanKbn=5", "url2": null, "内容": "壮快調剤薬局【5:薬局】新潟県胎内市平木田字岩山１５００番地２" }, "geometry": { "type": "Point", "coordinates": [ 139.425942, 38.091292 ] } },
{ "type": "Feature", "properties": { "ID": "155YASHQ00011", "正式名称": "有限会社湯浅薬局", "機関区分": 5, "都道府県コード": 15, "市区町村コード": 206, "所在地": "新潟県新発田市大栄町７－１－４", "緯度": 37.945516, "経度": 139.326957, "url": "https://www.iryou.teikyouseido.mhlw.go.jp/znk-web/juminkanja/S2430/initialize?prefCd=15&kikanCd=YASHQ00011&kikanKbn=5", "url2": null, "内容": "有限会社湯浅薬局【5:薬局】新潟県新発田市大栄町７－１－４" }, "geometry": { "type": "Point", "coordinates": [ 139.326957, 37.945516 ] } },
{ "type": "Feature", "properties": { "ID": "155YASHQ00012", "正式名称": "阿部薬局", "機関区分": 5, "都道府県コード": 15, "市区町村コード": 223, "所在地": "新潟県阿賀野市中央町１－９－４", "緯度": 37.839252, "経度": 139.227913, "url": "https://www.iryou.teikyouseido.mhlw.go.jp/znk-web/juminkanja/S2430/initialize?prefCd=15&kikanCd=YASHQ00012&kikanKbn=5", "url2": null, "内容": "阿部薬局【5:薬局】新潟県阿賀野市中央町１－９－４" }, "geometry": { "type": "Point", "coordinates": [ 139.227913, 37.839252 ] } },
{ "type": "Feature", "properties": { "ID": "155YASHQ00013", "正式名称": "ファーマライズ薬局紫雲寺店", "機関区分": 5, "都道府県コード": 15, "市区町村コード": 206, "所在地": "新潟県新発田市稲荷岡２２５２－２", "緯度": 38.017803, "経度": 139.322558, "url": "https://www.iryou.teikyouseido.mhlw.go.jp/znk-web/juminkanja/S2430/initialize?prefCd=15&kikanCd=YASHQ00013&kikanKbn=5", "url2": null, "内容": "ファーマライズ薬局紫雲寺店【5:薬局】新潟県新発田市稲荷岡２２５２－２" }, "geometry": { "type": "Point", "coordinates": [ 139.322558, 38.017803 ] } },
{ "type": "Feature", "properties": { "ID": "155YASHQ00014", "正式名称": "かえで調剤薬局", "機関区分": 5, "都道府県コード": 15, "市区町村コード": 206, "所在地": "新潟県新発田市中央町３ー１２ー１１", "緯度": 37.95022, "経度": 139.32501, "url": "https://www.iryou.teikyouseido.mhlw.go.jp/znk-web/juminkanja/S2430/initialize?prefCd=15&kikanCd=YASHQ00014&kikanKbn=5", "url2": null, "内容": "かえで調剤薬局【5:薬局】新潟県新発田市中央町３ー１２ー１１" }, "geometry": { "type": "Point", "coordinates": [ 139.32501, 37.95022 ] } },
{ "type": "Feature", "properties": { "ID": "155YASHQ00016", "正式名称": "アンサー薬局水原若葉町店", "機関区分": 5, "都道府県コード": 15, "市区町村コード": 223, "所在地": "新潟県阿賀野市若葉町１４０１－４", "緯度": 37.833364, "経度": 139.217209, "url": "https://www.iryou.teikyouseido.mhlw.go.jp/znk-web/juminkanja/S2430/initialize?prefCd=15&kikanCd=YASHQ00016&kikanKbn=5", "url2": null, "内容": "アンサー薬局水原若葉町店【5:薬局】新潟県阿賀野市若葉町１４０１－４" }, "geometry": { "type": "Point", "coordinates": [ 139.217209, 37.833364 ] } },
{ "type": "Feature", "properties": { "ID": "155YASHQ00017", "正式名称": "東新薬局", "機関区分": 5, "都道府県コード": 15, "市区町村コード": 206, "所在地": "新潟県新発田市東新町２－１５３－３", "緯度": 37.948615, "経度": 139.341589, "url": "https://www.iryou.teikyouseido.mhlw.go.jp/znk-web/juminkanja/S2430/initialize?prefCd=15&kikanCd=YASHQ00017&kikanKbn=5", "url2": "https://kyoueido.net/shop/209/", "内容": "東新薬局【5:薬局】新潟県新発田市東新町２－１５３－３" }, "geometry": { "type": "Point", "coordinates": [ 139.341589, 37.948615 ] } },
{ "type": "Feature", "properties": { "ID": "155YASHQ00018", "正式名称": "あおい調剤薬局", "機関区分": 5, "都道府県コード": 15, "市区町村コード": 206, "所在地": "新潟県新発田市新栄町２－１１－５２", "緯度": 37.954963, "経度": 139.299477, "url": "https://www.iryou.teikyouseido.mhlw.go.jp/znk-web/juminkanja/S2430/initialize?prefCd=15&kikanCd=YASHQ00018&kikanKbn=5", "url2": null, "内容": "あおい調剤薬局【5:薬局】新潟県新発田市新栄町２－１１－５２" }, "geometry": { "type": "Point", "coordinates": [ 139.299477, 37.954963 ] } },
{ "type": "Feature", "properties": { "ID": "155YASHQ00019", "正式名称": "京ヶ瀬薬局", "機関区分": 5, "都道府県コード": 15, "市区町村コード": 223, "所在地": "新潟県阿賀野市緑岡１４４－７", "緯度": 37.842593, "経度": 139.186524, "url": "https://www.iryou.teikyouseido.mhlw.go.jp/znk-web/juminkanja/S2430/initialize?prefCd=15&kikanCd=YASHQ00019&kikanKbn=5", "url2": null, "内容": "京ヶ瀬薬局【5:薬局】新潟県阿賀野市緑岡１４４－７" }, "geometry": { "type": "Point", "coordinates": [ 139.186524, 37.842593 ] } },
{ "type": "Feature", "properties": { "ID": "155YASHQ00020", "正式名称": "鈴木調剤薬局", "機関区分": 5, "都道府県コード": 15, "市区町村コード": 307, "所在地": "新潟県北蒲原郡聖籠町諏訪山１６０５－１４", "緯度": 37.975523, "経度": 139.278732, "url": "https://www.iryou.teikyouseido.mhlw.go.jp/znk-web/juminkanja/S2430/initialize?prefCd=15&kikanCd=YASHQ00020&kikanKbn=5", "url2": null, "内容": "鈴木調剤薬局【5:薬局】新潟県北蒲原郡聖籠町諏訪山１６０５－１４" }, "geometry": { "type": "Point", "coordinates": [ 139.278732, 37.975523 ] } },
{ "type": "Feature", "properties": { "ID": "155YASHQ00021", "正式名称": "越中屋薬局ドラッグホクト", "機関区分": 5, "都道府県コード": 15, "市区町村コード": 223, "所在地": "新潟県阿賀野市保田字中道３０９５", "緯度": 37.773388, "経度": 139.23357, "url": "https://www.iryou.teikyouseido.mhlw.go.jp/znk-web/juminkanja/S2430/initialize?prefCd=15&kikanCd=YASHQ00021&kikanKbn=5", "url2": "https://meron-net.shop/ds/satou1", "内容": "越中屋薬局ドラッグホクト【5:薬局】新潟県阿賀野市保田字中道３０９５" }, "geometry": { "type": "Point", "coordinates": [ 139.23357, 37.773388 ] } },
{ "type": "Feature", "properties": { "ID": "155YASHQ00022", "正式名称": "水吉調剤薬局", "機関区分": 5, "都道府県コード": 15, "市区町村コード": 223, "所在地": "新潟県阿賀野市岡山町１ー２７", "緯度": 37.834406, "経度": 139.221998, "url": "https://www.iryou.teikyouseido.mhlw.go.jp/znk-web/juminkanja/S2430/initialize?prefCd=15&kikanCd=YASHQ00022&kikanKbn=5", "url2": null, "内容": "水吉調剤薬局【5:薬局】新潟県阿賀野市岡山町１ー２７" }, "geometry": { "type": "Point", "coordinates": [ 139.221998, 37.834406 ] } },
{ "type": "Feature", "properties": { "ID": "155YASHQ00023", "正式名称": "ゆたか薬局", "機関区分": 5, "都道府県コード": 15, "市区町村コード": 206, "所在地": "新潟県新発田市豊町２－６－１７", "緯度": 37.940076, "経度": 139.339753, "url": "https://www.iryou.teikyouseido.mhlw.go.jp/znk-web/juminkanja/S2430/initialize?prefCd=15&kikanCd=YASHQ00023&kikanKbn=5", "url2": null, "内容": "ゆたか薬局【5:薬局】新潟県新発田市豊町２－６－１７" }, "geometry": { "type": "Point", "coordinates": [ 139.339753, 37.940076 ] } },
{ "type": "Feature", "properties": { "ID": "155YASHQ00025", "正式名称": "みなみ調剤薬局大手町店", "機関区分": 5, "都道府県コード": 15, "市区町村コード": 206, "所在地": "新潟県新発田市大手町２丁目１－９", "緯度": 37.95128, "経度": 139.322621, "url": "https://www.iryou.teikyouseido.mhlw.go.jp/znk-web/juminkanja/S2430/initialize?prefCd=15&kikanCd=YASHQ00025&kikanKbn=5", "url2": null, "内容": "みなみ調剤薬局大手町店【5:薬局】新潟県新発田市大手町２丁目１－９" }, "geometry": { "type": "Point", "coordinates": [ 139.322621, 37.95128 ] } },
{ "type": "Feature", "properties": { "ID": "155YASHQ00026", "正式名称": "せきぐち薬局", "機関区分": 5, "都道府県コード": 15, "市区町村コード": 223, "所在地": "新潟県阿賀野市山口町２－５－１５", "緯度": 37.84085, "経度": 139.203662, "url": "https://www.iryou.teikyouseido.mhlw.go.jp/znk-web/juminkanja/S2430/initialize?prefCd=15&kikanCd=YASHQ00026&kikanKbn=5", "url2": null, "内容": "せきぐち薬局【5:薬局】新潟県阿賀野市山口町２－５－１５" }, "geometry": { "type": "Point", "coordinates": [ 139.203662, 37.84085 ] } },
{ "type": "Feature", "properties": { "ID": "155YASHQ00027", "正式名称": "新発田ひかり調剤薬局", "機関区分": 5, "都道府県コード": 15, "市区町村コード": 206, "所在地": "新潟県新発田市舟入町１－２－３８", "緯度": 37.954892, "経度": 139.307673, "url": "https://www.iryou.teikyouseido.mhlw.go.jp/znk-web/juminkanja/S2430/initialize?prefCd=15&kikanCd=YASHQ00027&kikanKbn=5", "url2": null, "内容": "新発田ひかり調剤薬局【5:薬局】新潟県新発田市舟入町１－２－３８" }, "geometry": { "type": "Point", "coordinates": [ 139.307673, 37.954892 ] } },
{ "type": "Feature", "properties": { "ID": "155YASHQ00028", "正式名称": "どんぐり調剤薬局", "機関区分": 5, "都道府県コード": 15, "市区町村コード": 223, "所在地": "新潟県阿賀野市岡山町１２５４－２６", "緯度": 37.834199, "経度": 139.224699, "url": "https://www.iryou.teikyouseido.mhlw.go.jp/znk-web/juminkanja/S2430/initialize?prefCd=15&kikanCd=YASHQ00028&kikanKbn=5", "url2": null, "内容": "どんぐり調剤薬局【5:薬局】新潟県阿賀野市岡山町１２５４－２６" }, "geometry": { "type": "Point", "coordinates": [ 139.224699, 37.834199 ] } },
{ "type": "Feature", "properties": { "ID": "155YASHQ00029", "正式名称": "有限会社桂薬局西新発田店", "機関区分": 5, "都道府県コード": 15, "市区町村コード": 206, "所在地": "新潟県新発田市富塚町１－１５－５", "緯度": 37.944072, "経度": 139.307035, "url": "https://www.iryou.teikyouseido.mhlw.go.jp/znk-web/juminkanja/S2430/initialize?prefCd=15&kikanCd=YASHQ00029&kikanKbn=5", "url2": null, "内容": "有限会社桂薬局西新発田店【5:薬局】新潟県新発田市富塚町１－１５－５" }, "geometry": { "type": "Point", "coordinates": [ 139.307035, 37.944072 ] } },
{ "type": "Feature", "properties": { "ID": "155YASHQ00030", "正式名称": "ついじ調剤薬局", "機関区分": 5, "都道府県コード": 15, "市区町村コード": 227, "所在地": "新潟県胎内市築地１８５３", "緯度": 38.061491, "経度": 139.359671, "url": "https://www.iryou.teikyouseido.mhlw.go.jp/znk-web/juminkanja/S2430/initialize?prefCd=15&kikanCd=YASHQ00030&kikanKbn=5", "url2": "https://www.pharmarise.com/company/store/store.php?store_id=535", "内容": "ついじ調剤薬局【5:薬局】新潟県胎内市築地１８５３" }, "geometry": { "type": "Point", "coordinates": [ 139.359671, 38.061491 ] } },
{ "type": "Feature", "properties": { "ID": "155YASHQ00031", "正式名称": "ようめい調剤薬局", "機関区分": 5, "都道府県コード": 15, "市区町村コード": 206, "所在地": "新潟県新発田市新富町１－１－２８", "緯度": 37.951713, "経度": 139.338004, "url": "https://www.iryou.teikyouseido.mhlw.go.jp/znk-web/juminkanja/S2430/initialize?prefCd=15&kikanCd=YASHQ00031&kikanKbn=5", "url2": null, "内容": "ようめい調剤薬局【5:薬局】新潟県新発田市新富町１－１－２８" }, "geometry": { "type": "Point", "coordinates": [ 139.338004, 37.951713 ] } },
{ "type": "Feature", "properties": { "ID": "155YASHQ00032", "正式名称": "ふたば薬局", "機関区分": 5, "都道府県コード": 15, "市区町村コード": 206, "所在地": "新潟県新発田市豊町", "緯度": 37.938763, "経度": 139.336297, "url": "https://www.iryou.teikyouseido.mhlw.go.jp/znk-web/juminkanja/S2430/initialize?prefCd=15&kikanCd=YASHQ00032&kikanKbn=5", "url2": null, "内容": "ふたば薬局【5:薬局】新潟県新発田市豊町" }, "geometry": { "type": "Point", "coordinates": [ 139.336297, 37.938763 ] } },
{ "type": "Feature", "properties": { "ID": "155YASHQ00033", "正式名称": "リリオ薬局", "機関区分": 5, "都道府県コード": 15, "市区町村コード": 206, "所在地": "新潟県新発田市住吉町４丁目２０番２３号", "緯度": 37.941897, "経度": 139.311281, "url": "https://www.iryou.teikyouseido.mhlw.go.jp/znk-web/juminkanja/S2430/initialize?prefCd=15&kikanCd=YASHQ00033&kikanKbn=5", "url2": "https://kyoueido.net/shop/211/", "内容": "リリオ薬局【5:薬局】新潟県新発田市住吉町４丁目２０番２３号" }, "geometry": { "type": "Point", "coordinates": [ 139.311281, 37.941897 ] } },
{ "type": "Feature", "properties": { "ID": "155YASHQ00034", "正式名称": "佐久間薬局", "機関区分": 5, "都道府県コード": 15, "市区町村コード": 206, "所在地": "新潟県新発田市西園町１－１－３", "緯度": 37.950733, "経度": 139.3206, "url": "https://www.iryou.teikyouseido.mhlw.go.jp/znk-web/juminkanja/S2430/initialize?prefCd=15&kikanCd=YASHQ00034&kikanKbn=5", "url2": "http:www.sakumayakkyoku.jp", "内容": "佐久間薬局【5:薬局】新潟県新発田市西園町１－１－３" }, "geometry": { "type": "Point", "coordinates": [ 139.3206, 37.950733 ] } },
{ "type": "Feature", "properties": { "ID": "155YASHQ00035", "正式名称": "しなの薬局あがの店", "機関区分": 5, "都道府県コード": 15, "市区町村コード": 223, "所在地": "新潟県阿賀野市市野山１９１－３", "緯度": 37.82171, "経度": 139.225654, "url": "https://www.iryou.teikyouseido.mhlw.go.jp/znk-web/juminkanja/S2430/initialize?prefCd=15&kikanCd=YASHQ00035&kikanKbn=5", "url2": "http://www.shinano-pharmacy.com", "内容": "しなの薬局あがの店【5:薬局】新潟県阿賀野市市野山１９１－３" }, "geometry": { "type": "Point", "coordinates": [ 139.225654, 37.82171 ] } },
{ "type": "Feature", "properties": { "ID": "155YASHQ00036", "正式名称": "よつば薬局新発田店", "機関区分": 5, "都道府県コード": 15, "市区町村コード": 206, "所在地": "新潟県新発田市新富町２－６－１８", "緯度": 37.957211, "経度": 139.341481, "url": "https://www.iryou.teikyouseido.mhlw.go.jp/znk-web/juminkanja/S2430/initialize?prefCd=15&kikanCd=YASHQ00036&kikanKbn=5", "url2": null, "内容": "よつば薬局新発田店【5:薬局】新潟県新発田市新富町２－６－１８" }, "geometry": { "type": "Point", "coordinates": [ 139.341481, 37.957211 ] } },
{ "type": "Feature", "properties": { "ID": "155YASHQ00037", "正式名称": "アゲイシ薬局緑町店", "機関区分": 5, "都道府県コード": 15, "市区町村コード": 206, "所在地": "新潟県新発田市緑町３－３－３", "緯度": 37.955477, "経度": 139.335475, "url": "https://www.iryou.teikyouseido.mhlw.go.jp/znk-web/juminkanja/S2430/initialize?prefCd=15&kikanCd=YASHQ00037&kikanKbn=5", "url2": null, "内容": "アゲイシ薬局緑町店【5:薬局】新潟県新発田市緑町３－３－３" }, "geometry": { "type": "Point", "coordinates": [ 139.335475, 37.955477 ] } },
{ "type": "Feature", "properties": { "ID": "155YASHQ00038", "正式名称": "しばたセンター薬局", "機関区分": 5, "都道府県コード": 15, "市区町村コード": 206, "所在地": "新潟県新発田市本町１－３－３", "緯度": 37.94645, "経度": 139.332651, "url": "https://www.iryou.teikyouseido.mhlw.go.jp/znk-web/juminkanja/S2430/initialize?prefCd=15&kikanCd=YASHQ00038&kikanKbn=5", "url2": "https://kyoueido.net/shop/206/", "内容": "しばたセンター薬局【5:薬局】新潟県新発田市本町１－３－３" }, "geometry": { "type": "Point", "coordinates": [ 139.332651, 37.94645 ] } },
{ "type": "Feature", "properties": { "ID": "155YASHQ00039", "正式名称": "下越薬剤師会支援センター薬局", "機関区分": 5, "都道府県コード": 15, "市区町村コード": 206, "所在地": "新潟県新発田市本町１丁目１４番８号", "緯度": 37.947031, "経度": 139.335889, "url": "https://www.iryou.teikyouseido.mhlw.go.jp/znk-web/juminkanja/S2430/initialize?prefCd=15&kikanCd=YASHQ00039&kikanKbn=5", "url2": "http://www.meron-net.jp/kaetu/", "内容": "下越薬剤師会支援センター薬局【5:薬局】新潟県新発田市本町１丁目１４番８号" }, "geometry": { "type": "Point", "coordinates": [ 139.335889, 37.947031 ] } },
{ "type": "Feature", "properties": { "ID": "155YASHQ00040", "正式名称": "株式会社梅田調剤薬局", "機関区分": 5, "都道府県コード": 15, "市区町村コード": 227, "所在地": "新潟県胎内市東本町２２－１０", "緯度": 38.058436, "経度": 139.411493, "url": "https://www.iryou.teikyouseido.mhlw.go.jp/znk-web/juminkanja/S2430/initialize?prefCd=15&kikanCd=YASHQ00040&kikanKbn=5", "url2": null, "内容": "株式会社梅田調剤薬局【5:薬局】新潟県胎内市東本町２２－１０" }, "geometry": { "type": "Point", "coordinates": [ 139.411493, 38.058436 ] } },
{ "type": "Feature", "properties": { "ID": "155YASHQ00041", "正式名称": "すいばら調剤薬局", "機関区分": 5, "都道府県コード": 15, "市区町村コード": 223, "所在地": "新潟県阿賀野市下条町１３ー１３", "緯度": 37.835282, "経度": 139.219439, "url": "https://www.iryou.teikyouseido.mhlw.go.jp/znk-web/juminkanja/S2430/initialize?prefCd=15&kikanCd=YASHQ00041&kikanKbn=5", "url2": "https://kyoueido.net/shop/217/", "内容": "すいばら調剤薬局【5:薬局】新潟県阿賀野市下条町１３ー１３" }, "geometry": { "type": "Point", "coordinates": [ 139.219439, 37.835282 ] } },
{ "type": "Feature", "properties": { "ID": "155YASHQ00042", "正式名称": "すわ調剤薬局", "機関区分": 5, "都道府県コード": 15, "市区町村コード": 206, "所在地": "新潟県新発田市諏訪町１－３－６", "緯度": 37.945064, "経度": 139.332723, "url": "https://www.iryou.teikyouseido.mhlw.go.jp/znk-web/juminkanja/S2430/initialize?prefCd=15&kikanCd=YASHQ00042&kikanKbn=5", "url2": "https://www.pharmarise.com/company/store/store.php?store_id=531", "内容": "すわ調剤薬局【5:薬局】新潟県新発田市諏訪町１－３－６" }, "geometry": { "type": "Point", "coordinates": [ 139.332723, 37.945064 ] } },
{ "type": "Feature", "properties": { "ID": "155YASHQ00043", "正式名称": "まのはら薬局", "機関区分": 5, "都道府県コード": 15, "市区町村コード": 206, "所在地": "新潟県新発田市真野原１７１９ー２７", "緯度": 37.998019, "経度": 139.300985, "url": "https://www.iryou.teikyouseido.mhlw.go.jp/znk-web/juminkanja/S2430/initialize?prefCd=15&kikanCd=YASHQ00043&kikanKbn=5", "url2": "http://kyoueido.net/shop/214/", "内容": "まのはら薬局【5:薬局】新潟県新発田市真野原１７１９ー２７" }, "geometry": { "type": "Point", "coordinates": [ 139.300985, 37.998019 ] } },
{ "type": "Feature", "properties": { "ID": "155YASHQ00044", "正式名称": "五十嵐薬品　諏訪山薬局", "機関区分": 5, "都道府県コード": 15, "市区町村コード": 307, "所在地": "新潟県北蒲原郡聖籠町大字諏訪山７６３ー２", "緯度": 37.972488, "経度": 139.284416, "url": "https://www.iryou.teikyouseido.mhlw.go.jp/znk-web/juminkanja/S2430/initialize?prefCd=15&kikanCd=YASHQ00044&kikanKbn=5", "url2": null, "内容": "五十嵐薬品　諏訪山薬局【5:薬局】新潟県北蒲原郡聖籠町大字諏訪山７６３ー２" }, "geometry": { "type": "Point", "coordinates": [ 139.284416, 37.972488 ] } },
{ "type": "Feature", "properties": { "ID": "155YASHQ00045", "正式名称": "イオン薬局新発田店", "機関区分": 5, "都道府県コード": 15, "市区町村コード": 206, "所在地": "新潟県新発田市住吉町５－１１－５", "緯度": 37.942319, "経度": 139.310031, "url": "https://www.iryou.teikyouseido.mhlw.go.jp/znk-web/juminkanja/S2430/initialize?prefCd=15&kikanCd=YASHQ00045&kikanKbn=5", "url2": null, "内容": "イオン薬局新発田店【5:薬局】新潟県新発田市住吉町５－１１－５" }, "geometry": { "type": "Point", "coordinates": [ 139.310031, 37.942319 ] } },
{ "type": "Feature", "properties": { "ID": "155YASHQ00046", "正式名称": "アイン薬局　黒川店", "機関区分": 5, "都道府県コード": 15, "市区町村コード": 227, "所在地": "新潟県胎内市下館１４６９－２", "緯度": 38.080986, "経度": 139.444775, "url": "https://www.iryou.teikyouseido.mhlw.go.jp/znk-web/juminkanja/S2430/initialize?prefCd=15&kikanCd=YASHQ00046&kikanKbn=5", "url2": "http://www.ainj.co.jp/", "内容": "アイン薬局　黒川店【5:薬局】新潟県胎内市下館１４６９－２" }, "geometry": { "type": "Point", "coordinates": [ 139.444775, 38.080986 ] } },
{ "type": "Feature", "properties": { "ID": "155YASHQ00047", "正式名称": "城北調剤薬局", "機関区分": 5, "都道府県コード": 15, "市区町村コード": 206, "所在地": "新潟県新発田市中曽根町１－３－２５", "緯度": 37.96001, "経度": 139.317619, "url": "https://www.iryou.teikyouseido.mhlw.go.jp/znk-web/juminkanja/S2430/initialize?prefCd=15&kikanCd=YASHQ00047&kikanKbn=5", "url2": null, "内容": "城北調剤薬局【5:薬局】新潟県新発田市中曽根町１－３－２５" }, "geometry": { "type": "Point", "coordinates": [ 139.317619, 37.96001 ] } },
{ "type": "Feature", "properties": { "ID": "155YASHQ00048", "正式名称": "西本町調剤薬局", "機関区分": 5, "都道府県コード": 15, "市区町村コード": 227, "所在地": "新潟県胎内市西本町１２－２", "緯度": 38.051751, "経度": 139.395654, "url": "https://www.iryou.teikyouseido.mhlw.go.jp/znk-web/juminkanja/S2430/initialize?prefCd=15&kikanCd=YASHQ00048&kikanKbn=5", "url2": "https://kyoueido.net/shop/204/", "内容": "西本町調剤薬局【5:薬局】新潟県胎内市西本町１２－２" }, "geometry": { "type": "Point", "coordinates": [ 139.395654, 38.051751 ] } },
{ "type": "Feature", "properties": { "ID": "155YASHQ00049", "正式名称": "アイン薬局　阿賀野店", "機関区分": 5, "都道府県コード": 15, "市区町村コード": 223, "所在地": "新潟県阿賀野市市野山１９２番地４", "緯度": 37.821428, "経度": 139.225666, "url": "https://www.iryou.teikyouseido.mhlw.go.jp/znk-web/juminkanja/S2430/initialize?prefCd=15&kikanCd=YASHQ00049&kikanKbn=5", "url2": "https://www.ainj.co.jp/", "内容": "アイン薬局　阿賀野店【5:薬局】新潟県阿賀野市市野山１９２番地４" }, "geometry": { "type": "Point", "coordinates": [ 139.225666, 37.821428 ] } },
{ "type": "Feature", "properties": { "ID": "155YASHQ00050", "正式名称": "桑野薬局", "機関区分": 5, "都道府県コード": 15, "市区町村コード": 227, "所在地": "新潟県胎内市本町７－２５", "緯度": 38.049606, "経度": 139.402849, "url": "https://www.iryou.teikyouseido.mhlw.go.jp/znk-web/juminkanja/S2430/initialize?prefCd=15&kikanCd=YASHQ00050&kikanKbn=5", "url2": null, "内容": "桑野薬局【5:薬局】新潟県胎内市本町７－２５" }, "geometry": { "type": "Point", "coordinates": [ 139.402849, 38.049606 ] } },
{ "type": "Feature", "properties": { "ID": "155YASHQ00051", "正式名称": "本間薬局", "機関区分": 5, "都道府県コード": 15, "市区町村コード": 206, "所在地": "新潟県新発田市本町２丁目８－１５", "緯度": 37.950531, "経度": 139.332241, "url": "https://www.iryou.teikyouseido.mhlw.go.jp/znk-web/juminkanja/S2430/initialize?prefCd=15&kikanCd=YASHQ00051&kikanKbn=5", "url2": "honmayakkyoku.meron-net.jp/", "内容": "本間薬局【5:薬局】新潟県新発田市本町２丁目８－１５" }, "geometry": { "type": "Point", "coordinates": [ 139.332241, 37.950531 ] } },
{ "type": "Feature", "properties": { "ID": "155YASHQ00052", "正式名称": "ウエルシア薬局新発田本町店", "機関区分": 5, "都道府県コード": 15, "市区町村コード": 206, "所在地": "新潟県新発田市本町３－２－６", "緯度": 37.9512, "経度": 139.332402, "url": "https://www.iryou.teikyouseido.mhlw.go.jp/znk-web/juminkanja/S2430/initialize?prefCd=15&kikanCd=YASHQ00052&kikanKbn=5", "url2": "https://www.welcia-yakkyoku.co.jp/", "内容": "ウエルシア薬局新発田本町店【5:薬局】新潟県新発田市本町３－２－６" }, "geometry": { "type": "Point", "coordinates": [ 139.332402, 37.9512 ] } },
{ "type": "Feature", "properties": { "ID": "155YASHQ00053", "正式名称": "クスリのアオキ新発田豊町薬局", "機関区分": 5, "都道府県コード": 15, "市区町村コード": 206, "所在地": "新潟県新発田市豊町４丁目９番５号", "緯度": 37.944494, "経度": 139.339185, "url": "https://www.iryou.teikyouseido.mhlw.go.jp/znk-web/juminkanja/S2430/initialize?prefCd=15&kikanCd=YASHQ00053&kikanKbn=5", "url2": "https://www.kusuri-aoki.co.jp/", "内容": "クスリのアオキ新発田豊町薬局【5:薬局】新潟県新発田市豊町４丁目９番５号" }, "geometry": { "type": "Point", "coordinates": [ 139.339185, 37.944494 ] } },
{ "type": "Feature", "properties": { "ID": "155YASHQ00054", "正式名称": "ひいらぎ調剤薬局", "機関区分": 5, "都道府県コード": 15, "市区町村コード": 227, "所在地": "新潟県胎内市大川町１５－１１", "緯度": 38.051415, "経度": 139.407373, "url": "https://www.iryou.teikyouseido.mhlw.go.jp/znk-web/juminkanja/S2430/initialize?prefCd=15&kikanCd=YASHQ00054&kikanKbn=5", "url2": null, "内容": "ひいらぎ調剤薬局【5:薬局】新潟県胎内市大川町１５－１１" }, "geometry": { "type": "Point", "coordinates": [ 139.407373, 38.051415 ] } },
{ "type": "Feature", "properties": { "ID": "155YASHQ00055", "正式名称": "くしがた調剤薬局", "機関区分": 5, "都道府県コード": 15, "市区町村コード": 227, "所在地": "新潟県胎内市表町６番１７－６", "緯度": 38.04913, "経度": 139.398652, "url": "https://www.iryou.teikyouseido.mhlw.go.jp/znk-web/juminkanja/S2430/initialize?prefCd=15&kikanCd=YASHQ00055&kikanKbn=5", "url2": "http://kk-pharmacy.com", "内容": "くしがた調剤薬局【5:薬局】新潟県胎内市表町６番１７－６" }, "geometry": { "type": "Point", "coordinates": [ 139.398652, 38.04913 ] } },
{ "type": "Feature", "properties": { "ID": "155YASHQ00056", "正式名称": "共創未来　新栄薬局", "機関区分": 5, "都道府県コード": 15, "市区町村コード": 206, "所在地": "新潟県新発田市新栄町１－２－２２", "緯度": 37.953682, "経度": 139.302853, "url": "https://www.iryou.teikyouseido.mhlw.go.jp/znk-web/juminkanja/S2430/initialize?prefCd=15&kikanCd=YASHQ00056&kikanKbn=5", "url2": "https://phmirai.co.jp/", "内容": "共創未来　新栄薬局【5:薬局】新潟県新発田市新栄町１－２－２２" }, "geometry": { "type": "Point", "coordinates": [ 139.302853, 37.953682 ] } },
{ "type": "Feature", "properties": { "ID": "155YASHQ00057", "正式名称": "共創未来三日市薬局", "機関区分": 5, "都道府県コード": 15, "市区町村コード": 206, "所在地": "新潟県新発田市三日市６０５―４", "緯度": 37.964815, "経度": 139.361072, "url": "https://www.iryou.teikyouseido.mhlw.go.jp/znk-web/juminkanja/S2430/initialize?prefCd=15&kikanCd=YASHQ00057&kikanKbn=5", "url2": "http://phmirai.co.jp/", "内容": "共創未来三日市薬局【5:薬局】新潟県新発田市三日市６０５―４" }, "geometry": { "type": "Point", "coordinates": [ 139.361072, 37.964815 ] } },
{ "type": "Feature", "properties": { "ID": "155YASHQ00058", "正式名称": "共創未来五十公野薬局", "機関区分": 5, "都道府県コード": 15, "市区町村コード": 206, "所在地": "新潟県新発田市五十公野６８０４", "緯度": 37.929855, "経度": 139.347133, "url": "https://www.iryou.teikyouseido.mhlw.go.jp/znk-web/juminkanja/S2430/initialize?prefCd=15&kikanCd=YASHQ00058&kikanKbn=5", "url2": "https://www.phmirai.co.jp/shops/detail.php?id=318", "内容": "共創未来五十公野薬局【5:薬局】新潟県新発田市五十公野６８０４" }, "geometry": { "type": "Point", "coordinates": [ 139.347133, 37.929855 ] } },
{ "type": "Feature", "properties": { "ID": "155YASHQ00059", "正式名称": "共創未来新発田薬局", "機関区分": 5, "都道府県コード": 15, "市区町村コード": 206, "所在地": "新潟県新発田市本町１－１６－８", "緯度": 37.945296, "経度": 139.335976, "url": "https://www.iryou.teikyouseido.mhlw.go.jp/znk-web/juminkanja/S2430/initialize?prefCd=15&kikanCd=YASHQ00059&kikanKbn=5", "url2": null, "内容": "共創未来新発田薬局【5:薬局】新潟県新発田市本町１－１６－８" }, "geometry": { "type": "Point", "coordinates": [ 139.335976, 37.945296 ] } },
{ "type": "Feature", "properties": { "ID": "155YASHQ00060", "正式名称": "共創未来新富町薬局", "機関区分": 5, "都道府県コード": 15, "市区町村コード": 206, "所在地": "新潟県新発田市新富町１－１－４", "緯度": 37.951946, "経度": 139.337226, "url": "https://www.iryou.teikyouseido.mhlw.go.jp/znk-web/juminkanja/S2430/initialize?prefCd=15&kikanCd=YASHQ00060&kikanKbn=5", "url2": "https://phmirai.co.jp/", "内容": "共創未来新富町薬局【5:薬局】新潟県新発田市新富町１－１－４" }, "geometry": { "type": "Point", "coordinates": [ 139.337226, 37.951946 ] } },
{ "type": "Feature", "properties": { "ID": "155YASHQ00061", "正式名称": "共創未来　おくやま薬局", "機関区分": 5, "都道府県コード": 15, "市区町村コード": 206, "所在地": "新潟県新発田市新栄町１－６－１６", "緯度": 37.952692, "経度": 139.301997, "url": "https://www.iryou.teikyouseido.mhlw.go.jp/znk-web/juminkanja/S2430/initialize?prefCd=15&kikanCd=YASHQ00061&kikanKbn=5", "url2": "https://phmirai.co.jp/store/226/", "内容": "共創未来　おくやま薬局【5:薬局】新潟県新発田市新栄町１－６－１６" }, "geometry": { "type": "Point", "coordinates": [ 139.301997, 37.952692 ] } },
{ "type": "Feature", "properties": { "ID": "155YASHQ00062", "正式名称": "共創未来新発田中央薬局", "機関区分": 5, "都道府県コード": 15, "市区町村コード": 206, "所在地": "新潟県新発田市本町１丁目１６番７号", "緯度": 37.945167, "経度": 139.335725, "url": "https://www.iryou.teikyouseido.mhlw.go.jp/znk-web/juminkanja/S2430/initialize?prefCd=15&kikanCd=YASHQ00062&kikanKbn=5", "url2": "http://www.phmirai.co.jp", "内容": "共創未来新発田中央薬局【5:薬局】新潟県新発田市本町１丁目１６番７号" }, "geometry": { "type": "Point", "coordinates": [ 139.335725, 37.945167 ] } },
{ "type": "Feature", "properties": { "ID": "155YASHQ00063", "正式名称": "アイン薬局新発田住吉店", "機関区分": 5, "都道府県コード": 15, "市区町村コード": 206, "所在地": "新潟県新発田市住吉町", "緯度": 37.94732, "経度": 139.309908, "url": "https://www.iryou.teikyouseido.mhlw.go.jp/znk-web/juminkanja/S2430/initialize?prefCd=15&kikanCd=YASHQ00063&kikanKbn=5", "url2": "ainj.co.jp", "内容": "アイン薬局新発田住吉店【5:薬局】新潟県新発田市住吉町" }, "geometry": { "type": "Point", "coordinates": [ 139.309908, 37.94732 ] } },
{ "type": "Feature", "properties": { "ID": "155YASHQ00064", "正式名称": "みどり町調剤薬局", "機関区分": 5, "都道府県コード": 15, "市区町村コード": 206, "所在地": "新潟県新発田市緑町２丁目１６－９", "緯度": 37.960733, "経度": 139.332706, "url": "https://www.iryou.teikyouseido.mhlw.go.jp/znk-web/juminkanja/S2430/initialize?prefCd=15&kikanCd=YASHQ00064&kikanKbn=5", "url2": "https://phstr.co.jp/", "内容": "みどり町調剤薬局【5:薬局】新潟県新発田市緑町２丁目１６－９" }, "geometry": { "type": "Point", "coordinates": [ 139.332706, 37.960733 ] } },
{ "type": "Feature", "properties": { "ID": "155YASHQ00065", "正式名称": "アイン薬局　水原店", "機関区分": 5, "都道府県コード": 15, "市区町村コード": 223, "所在地": "新潟県阿賀野市緑町１６番２７号", "緯度": 37.832234, "経度": 139.222052, "url": "https://www.iryou.teikyouseido.mhlw.go.jp/znk-web/juminkanja/S2430/initialize?prefCd=15&kikanCd=YASHQ00065&kikanKbn=5", "url2": "http://www.ainj.co.jp", "内容": "アイン薬局　水原店【5:薬局】新潟県阿賀野市緑町１６番２７号" }, "geometry": { "type": "Point", "coordinates": [ 139.222052, 37.832234 ] } },
{ "type": "Feature", "properties": { "ID": "155YASHQ00066", "正式名称": "みなみ調剤薬局御幸町店", "機関区分": 5, "都道府県コード": 15, "市区町村コード": 206, "所在地": "新潟県新発田市御幸町４－６－２", "緯度": 37.94285, "経度": 139.316031, "url": "https://www.iryou.teikyouseido.mhlw.go.jp/znk-web/juminkanja/S2430/initialize?prefCd=15&kikanCd=YASHQ00066&kikanKbn=5", "url2": null, "内容": "みなみ調剤薬局御幸町店【5:薬局】新潟県新発田市御幸町４－６－２" }, "geometry": { "type": "Point", "coordinates": [ 139.316031, 37.94285 ] } },
{ "type": "Feature", "properties": { "ID": "155YASHQ00067", "正式名称": "ＡＬＰＨＡＳ薬局　新発田駅前店", "機関区分": 5, "都道府県コード": 15, "市区町村コード": 206, "所在地": "新潟県新発田市諏訪町１丁目２ー１１イクネスしばたＭＩＮＴＯ館１階", "緯度": 37.944542, "経度": 139.333644, "url": "https://www.iryou.teikyouseido.mhlw.go.jp/znk-web/juminkanja/S2430/initialize?prefCd=15&kikanCd=YASHQ00067&kikanKbn=5", "url2": "http://www.nmi-net.com", "内容": "ＡＬＰＨＡＳ薬局　新発田駅前店【5:薬局】新潟県新発田市諏訪町１丁目２ー１１イクネスしばたＭＩＮＴＯ館１階" }, "geometry": { "type": "Point", "coordinates": [ 139.333644, 37.944542 ] } },
{ "type": "Feature", "properties": { "ID": "155YASHQ00068", "正式名称": "クスリのアオキ水原薬局", "機関区分": 5, "都道府県コード": 15, "市区町村コード": 223, "所在地": "新潟県阿賀野市学校町１０番１７号", "緯度": 37.831442, "経度": 139.222735, "url": "https://www.iryou.teikyouseido.mhlw.go.jp/znk-web/juminkanja/S2430/initialize?prefCd=15&kikanCd=YASHQ00068&kikanKbn=5", "url2": "https://www.kusuri-aoki.co.jp/", "内容": "クスリのアオキ水原薬局【5:薬局】新潟県阿賀野市学校町１０番１７号" }, "geometry": { "type": "Point", "coordinates": [ 139.222735, 37.831442 ] } },
{ "type": "Feature", "properties": { "ID": "155YASHQ00069", "正式名称": "クスリのアオキ住吉薬局", "機関区分": 5, "都道府県コード": 15, "市区町村コード": 206, "所在地": "新潟県新発田市住吉町５丁目４番９号", "緯度": 37.944172, "経度": 139.308051, "url": "https://www.iryou.teikyouseido.mhlw.go.jp/znk-web/juminkanja/S2430/initialize?prefCd=15&kikanCd=YASHQ00069&kikanKbn=5", "url2": "https://www.kusuri-aoki.co.jp/", "内容": "クスリのアオキ住吉薬局【5:薬局】新潟県新発田市住吉町５丁目４番９号" }, "geometry": { "type": "Point", "coordinates": [ 139.308051, 37.944172 ] } },
{ "type": "Feature", "properties": { "ID": "155YASHQ00070", "正式名称": "トリム薬局新発田店", "機関区分": 5, "都道府県コード": 15, "市区町村コード": 206, "所在地": "新潟県新発田市本町１－１４－２", "緯度": 37.946531, "経度": 139.336524, "url": "https://www.iryou.teikyouseido.mhlw.go.jp/znk-web/juminkanja/S2430/initialize?prefCd=15&kikanCd=YASHQ00070&kikanKbn=5", "url2": "https://www.pharmarise.com/", "内容": "トリム薬局新発田店【5:薬局】新潟県新発田市本町１－１４－２" }, "geometry": { "type": "Point", "coordinates": [ 139.336524, 37.946531 ] } },
{ "type": "Feature", "properties": { "ID": "155YASHQ00071", "正式名称": "トリム薬局　新発田西店", "機関区分": 5, "都道府県コード": 15, "市区町村コード": 206, "所在地": "新潟県新発田市佐々木１７５", "緯度": 37.952901, "経度": 139.264373, "url": "https://www.iryou.teikyouseido.mhlw.go.jp/znk-web/juminkanja/S2430/initialize?prefCd=15&kikanCd=YASHQ00071&kikanKbn=5", "url2": "https://www.pharmarise.com/company/store/store.php?store_id=524", "内容": "トリム薬局　新発田西店【5:薬局】新潟県新発田市佐々木１７５" }, "geometry": { "type": "Point", "coordinates": [ 139.264373, 37.952901 ] } },
{ "type": "Feature", "properties": { "ID": "155YASHQ00072", "正式名称": "メッツ西新発田薬局", "機関区分": 5, "都道府県コード": 15, "市区町村コード": 206, "所在地": "新潟県新発田市住吉町４−８−２５", "緯度": 37.94153, "経度": 139.30896, "url": "https://www.iryou.teikyouseido.mhlw.go.jp/znk-web/juminkanja/S2430/initialize?prefCd=15&kikanCd=YASHQ00072&kikanKbn=5", "url2": "https://medic-taiyo.co.jp/pharmacy/mets-nishishibata/", "内容": "メッツ西新発田薬局【5:薬局】新潟県新発田市住吉町４−８−２５" }, "geometry": { "type": "Point", "coordinates": [ 139.30896, 37.94153 ] } },
{ "type": "Feature", "properties": { "ID": "155YASHQ00073", "正式名称": "メッツ胎内薬局", "機関区分": 5, "都道府県コード": 15, "市区町村コード": 227, "所在地": "新潟県胎内市あかね町２６番２７号", "緯度": 38.056078, "経度": 139.394601, "url": "https://www.iryou.teikyouseido.mhlw.go.jp/znk-web/juminkanja/S2430/initialize?prefCd=15&kikanCd=YASHQ00073&kikanKbn=5", "url2": "https://medic-taiyo.co.jp/pharmacy/mets-tainai/", "内容": "メッツ胎内薬局【5:薬局】新潟県胎内市あかね町２６番２７号" }, "geometry": { "type": "Point", "coordinates": [ 139.394601, 38.056078 ] } },
{ "type": "Feature", "properties": { "ID": "155YASHQ00074", "正式名称": "いずみ薬局新発田店", "機関区分": 5, "都道府県コード": 15, "市区町村コード": 206, "所在地": "新潟県新発田市舟入町３ー１１ー２０", "緯度": 37.957524, "経度": 139.300471, "url": "https://www.iryou.teikyouseido.mhlw.go.jp/znk-web/juminkanja/S2430/initialize?prefCd=15&kikanCd=YASHQ00074&kikanKbn=5", "url2": null, "内容": "いずみ薬局新発田店【5:薬局】新潟県新発田市舟入町３ー１１ー２０" }, "geometry": { "type": "Point", "coordinates": [ 139.300471, 37.957524 ] } },
{ "type": "Feature", "properties": { "ID": "155YASHQ00075", "正式名称": "有限会社コダジマ薬局", "機関区分": 5, "都道府県コード": 15, "市区町村コード": 206, "所在地": "新潟県新発田市御幸町２−４−６", "緯度": 37.94827, "経度": 139.32169, "url": "https://www.iryou.teikyouseido.mhlw.go.jp/znk-web/juminkanja/S2430/initialize?prefCd=15&kikanCd=YASHQ00075&kikanKbn=5", "url2": null, "内容": "有限会社コダジマ薬局【5:薬局】新潟県新発田市御幸町２−４−６" }, "geometry": { "type": "Point", "coordinates": [ 139.32169, 37.94827 ] } },
{ "type": "Feature", "properties": { "ID": "155YASHQ00077", "正式名称": "はまなす薬局", "機関区分": 5, "都道府県コード": 15, "市区町村コード": 307, "所在地": "新潟県北蒲原郡聖籠町大字諏訪山字聖籠山９３５－３", "緯度": 37.97126, "経度": 139.279806, "url": "https://www.iryou.teikyouseido.mhlw.go.jp/znk-web/juminkanja/S2430/initialize?prefCd=15&kikanCd=YASHQ00077&kikanKbn=5", "url2": "https://unismile.co.jp", "内容": "はまなす薬局【5:薬局】新潟県北蒲原郡聖籠町大字諏訪山字聖籠山９３５－３" }, "geometry": { "type": "Point", "coordinates": [ 139.279806, 37.97126 ] } },
{ "type": "Feature", "properties": { "ID": "155YASHQ00078", "正式名称": "ケンユウ金塚薬局", "機関区分": 5, "都道府県コード": 15, "市区町村コード": 206, "所在地": "新潟県新発田市下小中山３９２－２０", "緯度": 38.019917, "経度": 139.379668, "url": "https://www.iryou.teikyouseido.mhlw.go.jp/znk-web/juminkanja/S2430/initialize?prefCd=15&kikanCd=YASHQ00078&kikanKbn=5", "url2": "https://www.kennyuu.co.jp", "内容": "ケンユウ金塚薬局【5:薬局】新潟県新発田市下小中山３９２－２０" }, "geometry": { "type": "Point", "coordinates": [ 139.379668, 38.019917 ] } },
{ "type": "Feature", "properties": { "ID": "155YASHQ00079", "正式名称": "あかり調剤薬局", "機関区分": 5, "都道府県コード": 15, "市区町村コード": 206, "所在地": "新潟県新発田市中央町４丁目１１－２３－２", "緯度": 37.95161, "経度": 139.328244, "url": "https://www.iryou.teikyouseido.mhlw.go.jp/znk-web/juminkanja/S2430/initialize?prefCd=15&kikanCd=YASHQ00079&kikanKbn=5", "url2": null, "内容": "あかり調剤薬局【5:薬局】新潟県新発田市中央町４丁目１１－２３－２" }, "geometry": { "type": "Point", "coordinates": [ 139.328244, 37.95161 ] } },
{ "type": "Feature", "properties": { "ID": "155YASHQ00080", "正式名称": "やすだ調剤薬局", "機関区分": 5, "都道府県コード": 15, "市区町村コード": 223, "所在地": "新潟県阿賀野市保田１７５５－６", "緯度": 37.774396, "経度": 139.234392, "url": "https://www.iryou.teikyouseido.mhlw.go.jp/znk-web/juminkanja/S2430/initialize?prefCd=15&kikanCd=YASHQ00080&kikanKbn=5", "url2": "https://www.kraft-net.co.jp/sakura/store/4321/", "内容": "やすだ調剤薬局【5:薬局】新潟県阿賀野市保田１７５５－６" }, "geometry": { "type": "Point", "coordinates": [ 139.234392, 37.774396 ] } },
{ "type": "Feature", "properties": { "ID": "155YASHQ00082", "正式名称": "クスリのアオキ富塚薬局", "機関区分": 5, "都道府県コード": 15, "市区町村コード": 206, "所在地": "新潟県新発田市富塚町２丁目４番３１号", "緯度": 37.950816, "経度": 139.299468, "url": "https://www.iryou.teikyouseido.mhlw.go.jp/znk-web/juminkanja/S2430/initialize?prefCd=15&kikanCd=YASHQ00082&kikanKbn=5", "url2": "https://www.kusuri-aoki.co.jp/", "内容": "クスリのアオキ富塚薬局【5:薬局】新潟県新発田市富塚町２丁目４番３１号" }, "geometry": { "type": "Point", "coordinates": [ 139.299468, 37.950816 ] } },
{ "type": "Feature", "properties": { "ID": "155YASHQ00083", "正式名称": "すわ調剤薬局豊町店", "機関区分": 5, "都道府県コード": 15, "市区町村コード": 206, "所在地": "新潟県新発田市豊町２ー３ー１２", "緯度": 37.941138, "経度": 139.336403, "url": "https://www.iryou.teikyouseido.mhlw.go.jp/znk-web/juminkanja/S2430/initialize?prefCd=15&kikanCd=YASHQ00083&kikanKbn=5", "url2": "https://www.pharmarise.com/company/store/store.php?store_id=532", "内容": "すわ調剤薬局豊町店【5:薬局】新潟県新発田市豊町２ー３ー１２" }, "geometry": { "type": "Point", "coordinates": [ 139.336403, 37.941138 ] } },
{ "type": "Feature", "properties": { "ID": "155YASHQ00084", "正式名称": "本町調剤薬局水原店", "機関区分": 5, "都道府県コード": 15, "市区町村コード": 223, "所在地": "新潟県阿賀野市中央町２丁目１２－１８", "緯度": 37.838736, "経度": 139.22367, "url": "https://www.iryou.teikyouseido.mhlw.go.jp/znk-web/juminkanja/S2430/initialize?prefCd=15&kikanCd=YASHQ00084&kikanKbn=5", "url2": "www.honcho-pharmacy.co.jp", "内容": "本町調剤薬局水原店【5:薬局】新潟県阿賀野市中央町２丁目１２－１８" }, "geometry": { "type": "Point", "coordinates": [ 139.22367, 37.838736 ] } },
{ "type": "Feature", "properties": { "ID": "155YASHQ00085", "正式名称": "あい薬局住吉町店", "機関区分": 5, "都道府県コード": 15, "市区町村コード": 206, "所在地": "新潟県新発田市住吉町２－３－１６", "緯度": 37.948198, "経度": 139.313437, "url": "https://www.iryou.teikyouseido.mhlw.go.jp/znk-web/juminkanja/S2430/initialize?prefCd=15&kikanCd=YASHQ00085&kikanKbn=5", "url2": "http://www.qol-net.co.jp", "内容": "あい薬局住吉町店【5:薬局】新潟県新発田市住吉町２－３－１６" }, "geometry": { "type": "Point", "coordinates": [ 139.313437, 37.948198 ] } },
{ "type": "Feature", "properties": { "ID": "155YASHQ00088", "正式名称": "ウエルシア薬局新潟水原店", "機関区分": 5, "都道府県コード": 15, "市区町村コード": 223, "所在地": "新潟県阿賀野市中島町１－１３", "緯度": 37.836537, "経度": 139.227941, "url": "https://www.iryou.teikyouseido.mhlw.go.jp/znk-web/juminkanja/S2430/initialize?prefCd=15&kikanCd=YASHQ00088&kikanKbn=5", "url2": "https://store.welcia.co.jp/welcia/spot/detail?code=78D", "内容": "ウエルシア薬局新潟水原店【5:薬局】新潟県阿賀野市中島町１－１３" }, "geometry": { "type": "Point", "coordinates": [ 139.227941, 37.836537 ] } },
{ "type": "Feature", "properties": { "ID": "155YASHQ00089", "正式名称": "クスリのアオキあかね薬局", "機関区分": 5, "都道府県コード": 15, "市区町村コード": 227, "所在地": "新潟県胎内市あかね町２６番３９号", "緯度": 38.056625, "経度": 139.395139, "url": "https://www.iryou.teikyouseido.mhlw.go.jp/znk-web/juminkanja/S2430/initialize?prefCd=15&kikanCd=YASHQ00089&kikanKbn=5", "url2": "https://www.kusuri-aoki.co.jp/", "内容": "クスリのアオキあかね薬局【5:薬局】新潟県胎内市あかね町２６番３９号" }, "geometry": { "type": "Point", "coordinates": [ 139.395139, 38.056625 ] } },
{ "type": "Feature", "properties": { "ID": "155YASHQ00090", "正式名称": "れんげ薬局", "機関区分": 5, "都道府県コード": 15, "市区町村コード": 206, "所在地": "新潟県新発田市本町１－１４－５", "緯度": 37.946693, "経度": 139.336289, "url": "https://www.iryou.teikyouseido.mhlw.go.jp/znk-web/juminkanja/S2430/initialize?prefCd=15&kikanCd=YASHQ00090&kikanKbn=5", "url2": null, "内容": "れんげ薬局【5:薬局】新潟県新発田市本町１－１４－５" }, "geometry": { "type": "Point", "coordinates": [ 139.336289, 37.946693 ] } },
{ "type": "Feature", "properties": { "ID": "155YASHX00204", "正式名称": "ドラッグトップス富塚町薬局", "機関区分": 5, "都道府県コード": 15, "市区町村コード": 206, "所在地": "新潟県新発田市富塚町２丁目１番２８号２", "緯度": 37.950684, "経度": 139.302766, "url": "https://www.iryou.teikyouseido.mhlw.go.jp/znk-web/juminkanja/S2430/initialize?prefCd=15&kikanCd=YASHX00204&kikanKbn=5", "url2": null, "内容": "ドラッグトップス富塚町薬局【5:薬局】新潟県新発田市富塚町２丁目１番２８号２" }, "geometry": { "type": "Point", "coordinates": [ 139.302766, 37.950684 ] } },
{ "type": "Feature", "properties": { "ID": "155YASHX00205", "正式名称": "阿賀野薬局", "機関区分": 5, "都道府県コード": 15, "市区町村コード": 223, "所在地": "新潟県阿賀野市南安野町５－１４", "緯度": 37.837251, "経度": 139.215787, "url": "https://www.iryou.teikyouseido.mhlw.go.jp/znk-web/juminkanja/S2430/initialize?prefCd=15&kikanCd=YASHX00205&kikanKbn=5", "url2": "https://phstr.co.jp/", "内容": "阿賀野薬局【5:薬局】新潟県阿賀野市南安野町５－１４" }, "geometry": { "type": "Point", "coordinates": [ 139.215787, 37.837251 ] } },
{ "type": "Feature", "properties": { "ID": "155YASHX00206", "正式名称": "すがいやっきょく諏訪町店", "機関区分": 5, "都道府県コード": 15, "市区町村コード": 206, "所在地": "新潟県新発田市諏訪町３－４－６", "緯度": 37.942424, "経度": 139.329076, "url": "https://www.iryou.teikyouseido.mhlw.go.jp/znk-web/juminkanja/S2430/initialize?prefCd=15&kikanCd=YASHX00206&kikanKbn=5", "url2": "https://www.yu-sugaiyakuhin293chozai.com/home", "内容": "すがいやっきょく諏訪町店【5:薬局】新潟県新発田市諏訪町３－４－６" }, "geometry": { "type": "Point", "coordinates": [ 139.329076, 37.942424 ] } },
{ "type": "Feature", "properties": { "ID": "155YASNQ00001", "正式名称": "石川調剤薬局", "機関区分": 5, "都道府県コード": 15, "市区町村コード": 209, "所在地": "新潟県加茂市石川２丁目１番３７号", "緯度": 37.66677, "経度": 139.044603, "url": "https://www.iryou.teikyouseido.mhlw.go.jp/znk-web/juminkanja/S2430/initialize?prefCd=15&kikanCd=YASNQ00001&kikanKbn=5", "url2": "https://www.sasakiku.co.jp/", "内容": "石川調剤薬局【5:薬局】新潟県加茂市石川２丁目１番３７号" }, "geometry": { "type": "Point", "coordinates": [ 139.044603, 37.66677 ] } },
{ "type": "Feature", "properties": { "ID": "155YASNQ00002", "正式名称": "株式会社田口薬局", "機関区分": 5, "都道府県コード": 15, "市区町村コード": 204, "所在地": "新潟県三条市本町２丁目８番１４号", "緯度": 37.628866, "経度": 138.956416, "url": "https://www.iryou.teikyouseido.mhlw.go.jp/znk-web/juminkanja/S2430/initialize?prefCd=15&kikanCd=YASNQ00002&kikanKbn=5", "url2": null, "内容": "株式会社田口薬局【5:薬局】新潟県三条市本町２丁目８番１４号" }, "geometry": { "type": "Point", "coordinates": [ 138.956416, 37.628866 ] } },
{ "type": "Feature", "properties": { "ID": "155YASNQ00003", "正式名称": "泉秋薬局", "機関区分": 5, "都道府県コード": 15, "市区町村コード": 204, "所在地": "新潟県三条市横町２－８－４３", "緯度": 37.633095, "経度": 138.962965, "url": "https://www.iryou.teikyouseido.mhlw.go.jp/znk-web/juminkanja/S2430/initialize?prefCd=15&kikanCd=YASNQ00003&kikanKbn=5", "url2": null, "内容": "泉秋薬局【5:薬局】新潟県三条市横町２－８－４３" }, "geometry": { "type": "Point", "coordinates": [ 138.962965, 37.633095 ] } },
{ "type": "Feature", "properties": { "ID": "155YASNQ00004", "正式名称": "三恵薬局", "機関区分": 5, "都道府県コード": 15, "市区町村コード": 204, "所在地": "新潟県三条市元町１５－１６", "緯度": 37.631512, "経度": 138.952821, "url": "https://www.iryou.teikyouseido.mhlw.go.jp/znk-web/juminkanja/S2430/initialize?prefCd=15&kikanCd=YASNQ00004&kikanKbn=5", "url2": null, "内容": "三恵薬局【5:薬局】新潟県三条市元町１５－１６" }, "geometry": { "type": "Point", "coordinates": [ 138.952821, 37.631512 ] } },
{ "type": "Feature", "properties": { "ID": "155YASNQ00005", "正式名称": "加茂調剤薬局", "機関区分": 5, "都道府県コード": 15, "市区町村コード": 209, "所在地": "新潟県加茂市番田１１番３２号", "緯度": 37.66171, "経度": 139.048966, "url": "https://www.iryou.teikyouseido.mhlw.go.jp/znk-web/juminkanja/S2430/initialize?prefCd=15&kikanCd=YASNQ00005&kikanKbn=5", "url2": "https://www.sasakiku.co.jp/", "内容": "加茂調剤薬局【5:薬局】新潟県加茂市番田１１番３２号" }, "geometry": { "type": "Point", "coordinates": [ 139.048966, 37.66171 ] } },
{ "type": "Feature", "properties": { "ID": "155YASNQ00006", "正式名称": "穀町調剤薬局", "機関区分": 5, "都道府県コード": 15, "市区町村コード": 209, "所在地": "新潟県加茂市穀町６番２１号", "緯度": 37.659879, "経度": 139.052462, "url": "https://www.iryou.teikyouseido.mhlw.go.jp/znk-web/juminkanja/S2430/initialize?prefCd=15&kikanCd=YASNQ00006&kikanKbn=5", "url2": "https://www.sasakiku.co.jp/", "内容": "穀町調剤薬局【5:薬局】新潟県加茂市穀町６番２１号" }, "geometry": { "type": "Point", "coordinates": [ 139.052462, 37.659879 ] } },
{ "type": "Feature", "properties": { "ID": "155YASNQ00007", "正式名称": "諏訪ノ木調剤薬局", "機関区分": 5, "都道府県コード": 15, "市区町村コード": 209, "所在地": "新潟県加茂市加茂新田８３６８番４", "緯度": 37.685386, "経度": 139.037593, "url": "https://www.iryou.teikyouseido.mhlw.go.jp/znk-web/juminkanja/S2430/initialize?prefCd=15&kikanCd=YASNQ00007&kikanKbn=5", "url2": "https://www.sasakiku.co.jp/", "内容": "諏訪ノ木調剤薬局【5:薬局】新潟県加茂市加茂新田８３６８番４" }, "geometry": { "type": "Point", "coordinates": [ 139.037593, 37.685386 ] } },
{ "type": "Feature", "properties": { "ID": "155YASNQ00008", "正式名称": "荻堀調剤薬局", "機関区分": 5, "都道府県コード": 15, "市区町村コード": 204, "所在地": "新潟県三条市荻堀１２８９番地１７", "緯度": 37.576309, "経度": 139.028845, "url": "https://www.iryou.teikyouseido.mhlw.go.jp/znk-web/juminkanja/S2430/initialize?prefCd=15&kikanCd=YASNQ00008&kikanKbn=5", "url2": "https://www.sasakiku.co.jp/", "内容": "荻堀調剤薬局【5:薬局】新潟県三条市荻堀１２８９番地１７" }, "geometry": { "type": "Point", "coordinates": [ 139.028845, 37.576309 ] } },
{ "type": "Feature", "properties": { "ID": "155YASNQ00010", "正式名称": "長沢薬局", "機関区分": 5, "都道府県コード": 15, "市区町村コード": 209, "所在地": "新潟県加茂市本町２－１８", "緯度": 37.658896, "経度": 139.055311, "url": "https://www.iryou.teikyouseido.mhlw.go.jp/znk-web/juminkanja/S2430/initialize?prefCd=15&kikanCd=YASNQ00010&kikanKbn=5", "url2": null, "内容": "長沢薬局【5:薬局】新潟県加茂市本町２－１８" }, "geometry": { "type": "Point", "coordinates": [ 139.055311, 37.658896 ] } },
{ "type": "Feature", "properties": { "ID": "155YASNQ00011", "正式名称": "さくら調剤薬局", "機関区分": 5, "都道府県コード": 15, "市区町村コード": 204, "所在地": "新潟県三条市島田２－８－１１", "緯度": 37.625973, "経度": 138.947511, "url": "https://www.iryou.teikyouseido.mhlw.go.jp/znk-web/juminkanja/S2430/initialize?prefCd=15&kikanCd=YASNQ00011&kikanKbn=5", "url2": "http://www.add-vantage.jp", "内容": "さくら調剤薬局【5:薬局】新潟県三条市島田２－８－１１" }, "geometry": { "type": "Point", "coordinates": [ 138.947511, 37.625973 ] } },
{ "type": "Feature", "properties": { "ID": "155YASNQ00012", "正式名称": "コウヤ調剤薬局", "機関区分": 5, "都道府県コード": 15, "市区町村コード": 204, "所在地": "新潟県三条市興野２丁目１１番３０号", "緯度": 37.633077, "経度": 138.971492, "url": "https://www.iryou.teikyouseido.mhlw.go.jp/znk-web/juminkanja/S2430/initialize?prefCd=15&kikanCd=YASNQ00012&kikanKbn=5", "url2": "https://www.sasakiku.co.jp/", "内容": "コウヤ調剤薬局【5:薬局】新潟県三条市興野２丁目１１番３０号" }, "geometry": { "type": "Point", "coordinates": [ 138.971492, 37.633077 ] } },
{ "type": "Feature", "properties": { "ID": "155YASNQ00014", "正式名称": "ＡＬＰＨＡＳ薬局　林町店", "機関区分": 5, "都道府県コード": 15, "市区町村コード": 204, "所在地": "新潟県三条市林町１丁目１９－２５", "緯度": 37.631901, "経度": 138.964201, "url": "https://www.iryou.teikyouseido.mhlw.go.jp/znk-web/juminkanja/S2430/initialize?prefCd=15&kikanCd=YASNQ00014&kikanKbn=5", "url2": "http://www.nmi-net.com", "内容": "ＡＬＰＨＡＳ薬局　林町店【5:薬局】新潟県三条市林町１丁目１９－２５" }, "geometry": { "type": "Point", "coordinates": [ 138.964201, 37.631901 ] } },
{ "type": "Feature", "properties": { "ID": "155YASNQ00015", "正式名称": "わかば調剤薬局", "機関区分": 5, "都道府県コード": 15, "市区町村コード": 204, "所在地": "新潟県三条市東裏館２－１６－１５", "緯度": 37.637872, "経度": 138.959258, "url": "https://www.iryou.teikyouseido.mhlw.go.jp/znk-web/juminkanja/S2430/initialize?prefCd=15&kikanCd=YASNQ00015&kikanKbn=5", "url2": "http://www.add-vantage.jp", "内容": "わかば調剤薬局【5:薬局】新潟県三条市東裏館２－１６－１５" }, "geometry": { "type": "Point", "coordinates": [ 138.959258, 37.637872 ] } },
{ "type": "Feature", "properties": { "ID": "155YASNQ00016", "正式名称": "薬局すずらん", "機関区分": 5, "都道府県コード": 15, "市区町村コード": 204, "所在地": "新潟県三条市一ノ門２－１－１３", "緯度": 37.629667, "経度": 138.967802, "url": "https://www.iryou.teikyouseido.mhlw.go.jp/znk-web/juminkanja/S2430/initialize?prefCd=15&kikanCd=YASNQ00016&kikanKbn=5", "url2": null, "内容": "薬局すずらん【5:薬局】新潟県三条市一ノ門２－１－１３" }, "geometry": { "type": "Point", "coordinates": [ 138.967802, 37.629667 ] } },
{ "type": "Feature", "properties": { "ID": "155YASNQ00017", "正式名称": "ファーコス薬局かもやま", "機関区分": 5, "都道府県コード": 15, "市区町村コード": 209, "所在地": "新潟県加茂市高須町１－６－１４", "緯度": 37.659034, "経度": 139.038882, "url": "https://www.iryou.teikyouseido.mhlw.go.jp/znk-web/juminkanja/S2430/initialize?prefCd=15&kikanCd=YASNQ00017&kikanKbn=5", "url2": "https://unismile.co.jp/", "内容": "ファーコス薬局かもやま【5:薬局】新潟県加茂市高須町１－６－１４" }, "geometry": { "type": "Point", "coordinates": [ 139.038882, 37.659034 ] } },
{ "type": "Feature", "properties": { "ID": "155YASNQ00018", "正式名称": "あおば薬局", "機関区分": 5, "都道府県コード": 15, "市区町村コード": 204, "所在地": "新潟県三条市西大崎１－１０－５", "緯度": 37.622333, "経度": 138.988224, "url": "https://www.iryou.teikyouseido.mhlw.go.jp/znk-web/juminkanja/S2430/initialize?prefCd=15&kikanCd=YASNQ00018&kikanKbn=5", "url2": "https://www.add-vantage.jp/", "内容": "あおば薬局【5:薬局】新潟県三条市西大崎１－１０－５" }, "geometry": { "type": "Point", "coordinates": [ 138.988224, 37.622333 ] } },
{ "type": "Feature", "properties": { "ID": "155YASNQ00019", "正式名称": "けんおう調剤薬局", "機関区分": 5, "都道府県コード": 15, "市区町村コード": 204, "所在地": "新潟県三条市興野２丁目１１番２９号", "緯度": 37.633146, "経度": 138.971526, "url": "https://www.iryou.teikyouseido.mhlw.go.jp/znk-web/juminkanja/S2430/initialize?prefCd=15&kikanCd=YASNQ00019&kikanKbn=5", "url2": "https://kyoueido.net/shop/231/", "内容": "けんおう調剤薬局【5:薬局】新潟県三条市興野２丁目１１番２９号" }, "geometry": { "type": "Point", "coordinates": [ 138.971526, 37.633146 ] } },
{ "type": "Feature", "properties": { "ID": "155YASNQ00020", "正式名称": "有限会社　ひまわり薬局", "機関区分": 5, "都道府県コード": 15, "市区町村コード": 204, "所在地": "新潟県三条市一ノ門２－１－３０", "緯度": 37.62985, "経度": 138.967473, "url": "https://www.iryou.teikyouseido.mhlw.go.jp/znk-web/juminkanja/S2430/initialize?prefCd=15&kikanCd=YASNQ00020&kikanKbn=5", "url2": null, "内容": "有限会社　ひまわり薬局【5:薬局】新潟県三条市一ノ門２－１－３０" }, "geometry": { "type": "Point", "coordinates": [ 138.967473, 37.62985 ] } },
{ "type": "Feature", "properties": { "ID": "155YASNQ00021", "正式名称": "ファーコス薬局　ひだまり", "機関区分": 5, "都道府県コード": 15, "市区町村コード": 204, "所在地": "新潟県三条市本町５丁目３－２５", "緯度": 37.629907, "経度": 138.951573, "url": "https://www.iryou.teikyouseido.mhlw.go.jp/znk-web/juminkanja/S2430/initialize?prefCd=15&kikanCd=YASNQ00021&kikanKbn=5", "url2": "https://unismile.co.jp/shop/hidamari/", "内容": "ファーコス薬局　ひだまり【5:薬局】新潟県三条市本町５丁目３－２５" }, "geometry": { "type": "Point", "coordinates": [ 138.951573, 37.629907 ] } },
{ "type": "Feature", "properties": { "ID": "155YASNQ00022", "正式名称": "ウエルシア新潟三条薬局", "機関区分": 5, "都道府県コード": 15, "市区町村コード": 204, "所在地": "新潟県三条市西裏館２－１１－１９", "緯度": 37.639742, "経度": 138.955459, "url": "https://www.iryou.teikyouseido.mhlw.go.jp/znk-web/juminkanja/S2430/initialize?prefCd=15&kikanCd=YASNQ00022&kikanKbn=5", "url2": "https://store.welcia.co.jp/welcia/spot/detail?code=35D", "内容": "ウエルシア新潟三条薬局【5:薬局】新潟県三条市西裏館２－１１－１９" }, "geometry": { "type": "Point", "coordinates": [ 138.955459, 37.639742 ] } },
{ "type": "Feature", "properties": { "ID": "155YASNQ00023", "正式名称": "羽生田調剤薬局", "機関区分": 5, "都道府県コード": 15, "市区町村コード": 361, "所在地": "新潟県南蒲原郡田上町大字羽生田丙１５１－５", "緯度": 37.692948, "経度": 139.059564, "url": "https://www.iryou.teikyouseido.mhlw.go.jp/znk-web/juminkanja/S2430/initialize?prefCd=15&kikanCd=YASNQ00023&kikanKbn=5", "url2": null, "内容": "羽生田調剤薬局【5:薬局】新潟県南蒲原郡田上町大字羽生田丙１５１－５" }, "geometry": { "type": "Point", "coordinates": [ 139.059564, 37.692948 ] } },
{ "type": "Feature", "properties": { "ID": "155YASNQ00024", "正式名称": "エム・ケイ薬局よっかまち店", "機関区分": 5, "都道府県コード": 15, "市区町村コード": 204, "所在地": "新潟県三条市西四日町１丁目３番１５号", "緯度": 37.62502, "経度": 138.952457, "url": "https://www.iryou.teikyouseido.mhlw.go.jp/znk-web/juminkanja/S2430/initialize?prefCd=15&kikanCd=YASNQ00024&kikanKbn=5", "url2": null, "内容": "エム・ケイ薬局よっかまち店【5:薬局】新潟県三条市西四日町１丁目３番１５号" }, "geometry": { "type": "Point", "coordinates": [ 138.952457, 37.62502 ] } },
{ "type": "Feature", "properties": { "ID": "155YASNQ00025", "正式名称": "みどり台調剤薬局", "機関区分": 5, "都道府県コード": 15, "市区町村コード": 361, "所在地": "新潟県南蒲原郡田上町川船河１３００－６", "緯度": 37.681634, "経度": 139.059669, "url": "https://www.iryou.teikyouseido.mhlw.go.jp/znk-web/juminkanja/S2430/initialize?prefCd=15&kikanCd=YASNQ00025&kikanKbn=5", "url2": "https://www.sasakiku.co.jp/", "内容": "みどり台調剤薬局【5:薬局】新潟県南蒲原郡田上町川船河１３００－６" }, "geometry": { "type": "Point", "coordinates": [ 139.059669, 37.681634 ] } },
{ "type": "Feature", "properties": { "ID": "155YASNQ00026", "正式名称": "仲町調剤薬局", "機関区分": 5, "都道府県コード": 15, "市区町村コード": 209, "所在地": "新潟県加茂市仲町１番３５号", "緯度": 37.658655, "経度": 139.056077, "url": "https://www.iryou.teikyouseido.mhlw.go.jp/znk-web/juminkanja/S2430/initialize?prefCd=15&kikanCd=YASNQ00026&kikanKbn=5", "url2": "https://www.sasakiku.co.jp/", "内容": "仲町調剤薬局【5:薬局】新潟県加茂市仲町１番３５号" }, "geometry": { "type": "Point", "coordinates": [ 139.056077, 37.658655 ] } },
{ "type": "Feature", "properties": { "ID": "155YASNQ00027", "正式名称": "新光町調剤薬局", "機関区分": 5, "都道府県コード": 15, "市区町村コード": 204, "所在地": "新潟県三条市新光町１番２７号", "緯度": 37.642889, "経度": 138.962776, "url": "https://www.iryou.teikyouseido.mhlw.go.jp/znk-web/juminkanja/S2430/initialize?prefCd=15&kikanCd=YASNQ00027&kikanKbn=5", "url2": "https://www.sasakiku.co.jp/", "内容": "新光町調剤薬局【5:薬局】新潟県三条市新光町１番２７号" }, "geometry": { "type": "Point", "coordinates": [ 138.962776, 37.642889 ] } },
{ "type": "Feature", "properties": { "ID": "155YASNQ00029", "正式名称": "アイン薬局加茂店", "機関区分": 5, "都道府県コード": 15, "市区町村コード": 209, "所在地": "新潟県加茂市青海町１－８－２８", "緯度": 37.664587, "経度": 139.055127, "url": "https://www.iryou.teikyouseido.mhlw.go.jp/znk-web/juminkanja/S2430/initialize?prefCd=15&kikanCd=YASNQ00029&kikanKbn=5", "url2": "ainj.co.jp", "内容": "アイン薬局加茂店【5:薬局】新潟県加茂市青海町１－８－２８" }, "geometry": { "type": "Point", "coordinates": [ 139.055127, 37.664587 ] } },
{ "type": "Feature", "properties": { "ID": "155YASNQ00030", "正式名称": "ポラリス調剤薬局", "機関区分": 5, "都道府県コード": 15, "市区町村コード": 204, "所在地": "新潟県三条市南四日町４丁目３番１１号", "緯度": 37.615272, "経度": 138.954956, "url": "https://www.iryou.teikyouseido.mhlw.go.jp/znk-web/juminkanja/S2430/initialize?prefCd=15&kikanCd=YASNQ00030&kikanKbn=5", "url2": "http://www.kyoueido.net/shop/237/", "内容": "ポラリス調剤薬局【5:薬局】新潟県三条市南四日町４丁目３番１１号" }, "geometry": { "type": "Point", "coordinates": [ 138.954956, 37.615272 ] } },
{ "type": "Feature", "properties": { "ID": "155YASNQ00031", "正式名称": "ハロー調剤薬局", "機関区分": 5, "都道府県コード": 15, "市区町村コード": 204, "所在地": "新潟県三条市興野１丁目１６番８号", "緯度": 37.636304, "経度": 138.969825, "url": "https://www.iryou.teikyouseido.mhlw.go.jp/znk-web/juminkanja/S2430/initialize?prefCd=15&kikanCd=YASNQ00031&kikanKbn=5", "url2": null, "内容": "ハロー調剤薬局【5:薬局】新潟県三条市興野１丁目１６番８号" }, "geometry": { "type": "Point", "coordinates": [ 138.969825, 37.636304 ] } },
{ "type": "Feature", "properties": { "ID": "155YASNQ00032", "正式名称": "三浦薬局", "機関区分": 5, "都道府県コード": 15, "市区町村コード": 209, "所在地": "新潟県加茂市五番町３－２８", "緯度": 37.657134, "経度": 139.060645, "url": "https://www.iryou.teikyouseido.mhlw.go.jp/znk-web/juminkanja/S2430/initialize?prefCd=15&kikanCd=YASNQ00032&kikanKbn=5", "url2": null, "内容": "三浦薬局【5:薬局】新潟県加茂市五番町３－２８" }, "geometry": { "type": "Point", "coordinates": [ 139.060645, 37.657134 ] } },
{ "type": "Feature", "properties": { "ID": "155YASNQ00033", "正式名称": "西本成寺調剤薬局", "機関区分": 5, "都道府県コード": 15, "市区町村コード": 204, "所在地": "新潟県三条市西本成寺１丁目３８番４６号", "緯度": 37.622823, "経度": 138.942214, "url": "https://www.iryou.teikyouseido.mhlw.go.jp/znk-web/juminkanja/S2430/initialize?prefCd=15&kikanCd=YASNQ00033&kikanKbn=5", "url2": "https://www.sasakiku.co.jp/", "内容": "西本成寺調剤薬局【5:薬局】新潟県三条市西本成寺１丁目３８番４６号" }, "geometry": { "type": "Point", "coordinates": [ 138.942214, 37.622823 ] } },
{ "type": "Feature", "properties": { "ID": "155YASNQ00034", "正式名称": "ＡＬＰＨＡＳ薬局　塚野目店", "機関区分": 5, "都道府県コード": 15, "市区町村コード": 204, "所在地": "新潟県三条市鶴田２丁目１番７号", "緯度": 37.641244, "経度": 138.983958, "url": "https://www.iryou.teikyouseido.mhlw.go.jp/znk-web/juminkanja/S2430/initialize?prefCd=15&kikanCd=YASNQ00034&kikanKbn=5", "url2": "http://www.nmi-net.com", "内容": "ＡＬＰＨＡＳ薬局　塚野目店【5:薬局】新潟県三条市鶴田２丁目１番７号" }, "geometry": { "type": "Point", "coordinates": [ 138.983958, 37.641244 ] } },
{ "type": "Feature", "properties": { "ID": "155YASNQ00035", "正式名称": "アイン薬局　三条大島店", "機関区分": 5, "都道府県コード": 15, "市区町村コード": 204, "所在地": "新潟県三条市大島５１２６－１", "緯度": 37.652798, "経度": 138.951373, "url": "https://www.iryou.teikyouseido.mhlw.go.jp/znk-web/juminkanja/S2430/initialize?prefCd=15&kikanCd=YASNQ00035&kikanKbn=5", "url2": "https://www.ainj.co.jp", "内容": "アイン薬局　三条大島店【5:薬局】新潟県三条市大島５１２６－１" }, "geometry": { "type": "Point", "coordinates": [ 138.951373, 37.652798 ] } },
{ "type": "Feature", "properties": { "ID": "155YASNQ00036", "正式名称": "しなの薬局吉田店", "機関区分": 5, "都道府県コード": 15, "市区町村コード": 213, "所在地": "新潟県燕市吉田２７５７－３", "緯度": 37.692165, "経度": 138.886776, "url": "https://www.iryou.teikyouseido.mhlw.go.jp/znk-web/juminkanja/S2430/initialize?prefCd=15&kikanCd=YASNQ00036&kikanKbn=5", "url2": "http://www.shinano-pharmacy.com/", "内容": "しなの薬局吉田店【5:薬局】新潟県燕市吉田２７５７－３" }, "geometry": { "type": "Point", "coordinates": [ 138.886776, 37.692165 ] } },
{ "type": "Feature", "properties": { "ID": "155YASNQ00037", "正式名称": "エース薬局パコ店", "機関区分": 5, "都道府県コード": 15, "市区町村コード": 213, "所在地": "新潟県燕市分水新町１丁目６番５号", "緯度": 37.621079, "経度": 138.841921, "url": "https://www.iryou.teikyouseido.mhlw.go.jp/znk-web/juminkanja/S2430/initialize?prefCd=15&kikanCd=YASNQ00037&kikanKbn=5", "url2": null, "内容": "エース薬局パコ店【5:薬局】新潟県燕市分水新町１丁目６番５号" }, "geometry": { "type": "Point", "coordinates": [ 138.841921, 37.621079 ] } },
{ "type": "Feature", "properties": { "ID": "155YASNQ00038", "正式名称": "ステップ薬局", "機関区分": 5, "都道府県コード": 15, "市区町村コード": 213, "所在地": "新潟県燕市吉田大保町２３番１０号", "緯度": 37.688224, "経度": 138.883444, "url": "https://www.iryou.teikyouseido.mhlw.go.jp/znk-web/juminkanja/S2430/initialize?prefCd=15&kikanCd=YASNQ00038&kikanKbn=5", "url2": null, "内容": "ステップ薬局【5:薬局】新潟県燕市吉田大保町２３番１０号" }, "geometry": { "type": "Point", "coordinates": [ 138.883444, 37.688224 ] } },
{ "type": "Feature", "properties": { "ID": "155YASNQ00039", "正式名称": "有限会社誠和調剤薬局吉田店", "機関区分": 5, "都道府県コード": 15, "市区町村コード": 213, "所在地": "新潟県燕市吉田本所７４－１", "緯度": 37.697029, "経度": 138.879531, "url": "https://www.iryou.teikyouseido.mhlw.go.jp/znk-web/juminkanja/S2430/initialize?prefCd=15&kikanCd=YASNQ00039&kikanKbn=5", "url2": null, "内容": "有限会社誠和調剤薬局吉田店【5:薬局】新潟県燕市吉田本所７４－１" }, "geometry": { "type": "Point", "coordinates": [ 138.879531, 37.697029 ] } },
{ "type": "Feature", "properties": { "ID": "155YASNQ00040", "正式名称": "はいがた調剤薬局", "機関区分": 5, "都道府県コード": 15, "市区町村コード": 213, "所在地": "新潟県燕市三王渕１０５番地１", "緯度": 37.685754, "経度": 138.935963, "url": "https://www.iryou.teikyouseido.mhlw.go.jp/znk-web/juminkanja/S2430/initialize?prefCd=15&kikanCd=YASNQ00040&kikanKbn=5", "url2": "http://www.e-classa.net/haigata-pharm/", "内容": "はいがた調剤薬局【5:薬局】新潟県燕市三王渕１０５番地１" }, "geometry": { "type": "Point", "coordinates": [ 138.935963, 37.685754 ] } },
{ "type": "Feature", "properties": { "ID": "155YASNQ00041", "正式名称": "さくら町調剤薬局", "機関区分": 5, "都道府県コード": 15, "市区町村コード": 213, "所在地": "新潟県燕市分水桜町二丁目５番１１号", "緯度": 37.628058, "経度": 138.838769, "url": "https://www.iryou.teikyouseido.mhlw.go.jp/znk-web/juminkanja/S2430/initialize?prefCd=15&kikanCd=YASNQ00041&kikanKbn=5", "url2": null, "内容": "さくら町調剤薬局【5:薬局】新潟県燕市分水桜町二丁目５番１１号" }, "geometry": { "type": "Point", "coordinates": [ 138.838769, 37.628058 ] } },
{ "type": "Feature", "properties": { "ID": "155YASNQ00042", "正式名称": "わかば燕薬局", "機関区分": 5, "都道府県コード": 15, "市区町村コード": 213, "所在地": "新潟県燕市杣木８１２", "緯度": 37.673781, "経度": 138.926234, "url": "https://www.iryou.teikyouseido.mhlw.go.jp/znk-web/juminkanja/S2430/initialize?prefCd=15&kikanCd=YASNQ00042&kikanKbn=5", "url2": null, "内容": "わかば燕薬局【5:薬局】新潟県燕市杣木８１２" }, "geometry": { "type": "Point", "coordinates": [ 138.926234, 37.673781 ] } },
{ "type": "Feature", "properties": { "ID": "155YASNQ00043", "正式名称": "しなの薬局　三条店", "機関区分": 5, "都道府県コード": 15, "市区町村コード": 204, "所在地": "新潟県三条市大野畑６－１８－６", "緯度": 37.626791, "経度": 138.940475, "url": "https://www.iryou.teikyouseido.mhlw.go.jp/znk-web/juminkanja/S2430/initialize?prefCd=15&kikanCd=YASNQ00043&kikanKbn=5", "url2": "http://www.shinano-pharmacy.com", "内容": "しなの薬局　三条店【5:薬局】新潟県三条市大野畑６－１８－６" }, "geometry": { "type": "Point", "coordinates": [ 138.940475, 37.626791 ] } },
{ "type": "Feature", "properties": { "ID": "155YASNQ00044", "正式名称": "ミント調剤薬局", "機関区分": 5, "都道府県コード": 15, "市区町村コード": 204, "所在地": "新潟県三条市南四日町４－７－７", "緯度": 37.614178, "経度": 138.952803, "url": "https://www.iryou.teikyouseido.mhlw.go.jp/znk-web/juminkanja/S2430/initialize?prefCd=15&kikanCd=YASNQ00044&kikanKbn=5", "url2": "https://kyoueido.net/shop/233/", "内容": "ミント調剤薬局【5:薬局】新潟県三条市南四日町４－７－７" }, "geometry": { "type": "Point", "coordinates": [ 138.952803, 37.614178 ] } },
{ "type": "Feature", "properties": { "ID": "155YASNQ00045", "正式名称": "あらまち調剤薬局", "機関区分": 5, "都道府県コード": 15, "市区町村コード": 204, "所在地": "新潟県三条市荒町２ー１ー４０", "緯度": 37.638524, "経度": 138.953543, "url": "https://www.iryou.teikyouseido.mhlw.go.jp/znk-web/juminkanja/S2430/initialize?prefCd=15&kikanCd=YASNQ00045&kikanKbn=5", "url2": "http://www.kyoueidou.net", "内容": "あらまち調剤薬局【5:薬局】新潟県三条市荒町２ー１ー４０" }, "geometry": { "type": "Point", "coordinates": [ 138.953543, 37.638524 ] } },
{ "type": "Feature", "properties": { "ID": "155YASNQ00046", "正式名称": "エフ調剤薬局", "機関区分": 5, "都道府県コード": 15, "市区町村コード": 204, "所在地": "新潟県三条市西本成寺１丁目３５番８－２号", "緯度": 37.618563, "経度": 138.939297, "url": "https://www.iryou.teikyouseido.mhlw.go.jp/znk-web/juminkanja/S2430/initialize?prefCd=15&kikanCd=YASNQ00046&kikanKbn=5", "url2": null, "内容": "エフ調剤薬局【5:薬局】新潟県三条市西本成寺１丁目３５番８－２号" }, "geometry": { "type": "Point", "coordinates": [ 138.939297, 37.618563 ] } },
{ "type": "Feature", "properties": { "ID": "155YASNQ00047", "正式名称": "大手薬局　本成寺店", "機関区分": 5, "都道府県コード": 15, "市区町村コード": 204, "所在地": "新潟県三条市東本成寺２１－１４", "緯度": 37.615545, "経度": 138.947742, "url": "https://www.iryou.teikyouseido.mhlw.go.jp/znk-web/juminkanja/S2430/initialize?prefCd=15&kikanCd=YASNQ00047&kikanKbn=5", "url2": null, "内容": "大手薬局　本成寺店【5:薬局】新潟県三条市東本成寺２１－１４" }, "geometry": { "type": "Point", "coordinates": [ 138.947742, 37.615545 ] } },
{ "type": "Feature", "properties": { "ID": "155YASNQ00048", "正式名称": "みなみ調剤薬局三条店", "機関区分": 5, "都道府県コード": 15, "市区町村コード": 204, "所在地": "新潟県三条市本町２丁目８－１９", "緯度": 37.629086, "経度": 138.956493, "url": "https://www.iryou.teikyouseido.mhlw.go.jp/znk-web/juminkanja/S2430/initialize?prefCd=15&kikanCd=YASNQ00048&kikanKbn=5", "url2": null, "内容": "みなみ調剤薬局三条店【5:薬局】新潟県三条市本町２丁目８－１９" }, "geometry": { "type": "Point", "coordinates": [ 138.956493, 37.629086 ] } },
{ "type": "Feature", "properties": { "ID": "155YASNQ00049", "正式名称": "リーフ薬局", "機関区分": 5, "都道府県コード": 15, "市区町村コード": 213, "所在地": "新潟県燕市杣木字枯木１８２４番４号", "緯度": 37.672957, "経度": 138.909125, "url": "https://www.iryou.teikyouseido.mhlw.go.jp/znk-web/juminkanja/S2430/initialize?prefCd=15&kikanCd=YASNQ00049&kikanKbn=5", "url2": "https://kyoueido.net/shop/45/", "内容": "リーフ薬局【5:薬局】新潟県燕市杣木字枯木１８２４番４号" }, "geometry": { "type": "Point", "coordinates": [ 138.909125, 37.672957 ] } },
{ "type": "Feature", "properties": { "ID": "155YASNQ00051", "正式名称": "こたか調剤薬局", "機関区分": 5, "都道府県コード": 15, "市区町村コード": 213, "所在地": "新潟県燕市小高８３１－２", "緯度": 37.665082, "経度": 138.94141, "url": "https://www.iryou.teikyouseido.mhlw.go.jp/znk-web/juminkanja/S2430/initialize?prefCd=15&kikanCd=YASNQ00051&kikanKbn=5", "url2": "http://www.kyoueido.net/shop/222/", "内容": "こたか調剤薬局【5:薬局】新潟県燕市小高８３１－２" }, "geometry": { "type": "Point", "coordinates": [ 138.94141, 37.665082 ] } },
{ "type": "Feature", "properties": { "ID": "155YASNQ00052", "正式名称": "アイン薬局吉田店", "機関区分": 5, "都道府県コード": 15, "市区町村コード": 213, "所在地": "新潟県燕市吉田大保町２８－１１", "緯度": 37.687622, "経度": 138.884391, "url": "https://www.iryou.teikyouseido.mhlw.go.jp/znk-web/juminkanja/S2430/initialize?prefCd=15&kikanCd=YASNQ00052&kikanKbn=5", "url2": "https://store.ainj.co.jp/detail/1100529/", "内容": "アイン薬局吉田店【5:薬局】新潟県燕市吉田大保町２８－１１" }, "geometry": { "type": "Point", "coordinates": [ 138.884391, 37.687622 ] } },
{ "type": "Feature", "properties": { "ID": "155YASNQ00053", "正式名称": "やぎはな薬局", "機関区分": 5, "都道府県コード": 15, "市区町村コード": 204, "所在地": "新潟県三条市南五百川５３―１", "緯度": 37.538672, "経度": 139.127228, "url": "https://www.iryou.teikyouseido.mhlw.go.jp/znk-web/juminkanja/S2430/initialize?prefCd=15&kikanCd=YASNQ00053&kikanKbn=5", "url2": "https://phstr.co.jp/store/572/", "内容": "やぎはな薬局【5:薬局】新潟県三条市南五百川５３―１" }, "geometry": { "type": "Point", "coordinates": [ 139.127228, 37.538672 ] } },
{ "type": "Feature", "properties": { "ID": "155YASNQ00054", "正式名称": "星薬局", "機関区分": 5, "都道府県コード": 15, "市区町村コード": 213, "所在地": "新潟県燕市杉名３６－１", "緯度": 37.63749, "経度": 138.906995, "url": "https://www.iryou.teikyouseido.mhlw.go.jp/znk-web/juminkanja/S2430/initialize?prefCd=15&kikanCd=YASNQ00054&kikanKbn=5", "url2": "https://hoshipharmacy.web.fc2.com", "内容": "星薬局【5:薬局】新潟県燕市杉名３６－１" }, "geometry": { "type": "Point", "coordinates": [ 138.906995, 37.63749 ] } },
{ "type": "Feature", "properties": { "ID": "155YASNQ00055", "正式名称": "ソマギ調剤薬局", "機関区分": 5, "都道府県コード": 15, "市区町村コード": 213, "所在地": "新潟県燕市杣木１４７０番地２", "緯度": 37.666284, "経度": 138.919506, "url": "https://www.iryou.teikyouseido.mhlw.go.jp/znk-web/juminkanja/S2430/initialize?prefCd=15&kikanCd=YASNQ00055&kikanKbn=5", "url2": "https://www.sasakiku.co.jp/", "内容": "ソマギ調剤薬局【5:薬局】新潟県燕市杣木１４７０番地２" }, "geometry": { "type": "Point", "coordinates": [ 138.919506, 37.666284 ] } },
{ "type": "Feature", "properties": { "ID": "155YASNQ00056", "正式名称": "株式会社　日野庄商店", "機関区分": 5, "都道府県コード": 15, "市区町村コード": 213, "所在地": "新潟県燕市仲町２番３４号", "緯度": 37.663905, "経度": 138.925346, "url": "https://www.iryou.teikyouseido.mhlw.go.jp/znk-web/juminkanja/S2430/initialize?prefCd=15&kikanCd=YASNQ00056&kikanKbn=5", "url2": "https://www.hinosho.com/", "内容": "株式会社　日野庄商店【5:薬局】新潟県燕市仲町２番３４号" }, "geometry": { "type": "Point", "coordinates": [ 138.925346, 37.663905 ] } },
{ "type": "Feature", "properties": { "ID": "155YASNQ00057", "正式名称": "たんぽぽ調剤薬局", "機関区分": 5, "都道府県コード": 15, "市区町村コード": 213, "所在地": "新潟県燕市南４丁目２－１１", "緯度": 37.661207, "経度": 138.928566, "url": "https://www.iryou.teikyouseido.mhlw.go.jp/znk-web/juminkanja/S2430/initialize?prefCd=15&kikanCd=YASNQ00057&kikanKbn=5", "url2": null, "内容": "たんぽぽ調剤薬局【5:薬局】新潟県燕市南４丁目２－１１" }, "geometry": { "type": "Point", "coordinates": [ 138.928566, 37.661207 ] } },
{ "type": "Feature", "properties": { "ID": "155YASNQ00058", "正式名称": "東町調剤薬局", "機関区分": 5, "都道府県コード": 15, "市区町村コード": 213, "所在地": "新潟県燕市吉田３５０５番地１", "緯度": 37.695907, "経度": 138.884126, "url": "https://www.iryou.teikyouseido.mhlw.go.jp/znk-web/juminkanja/S2430/initialize?prefCd=15&kikanCd=YASNQ00058&kikanKbn=5", "url2": "https://www.sasakiku.co.jp/", "内容": "東町調剤薬局【5:薬局】新潟県燕市吉田３５０５番地１" }, "geometry": { "type": "Point", "coordinates": [ 138.884126, 37.695907 ] } },
{ "type": "Feature", "properties": { "ID": "155YASNQ00059", "正式名称": "オレンジ調剤薬局", "機関区分": 5, "都道府県コード": 15, "市区町村コード": 213, "所在地": "新潟県燕市白山町２丁目３６４２番地４４", "緯度": 37.66628, "経度": 138.924946, "url": "https://www.iryou.teikyouseido.mhlw.go.jp/znk-web/juminkanja/S2430/initialize?prefCd=15&kikanCd=YASNQ00059&kikanKbn=5", "url2": null, "内容": "オレンジ調剤薬局【5:薬局】新潟県燕市白山町２丁目３６４２番地４４" }, "geometry": { "type": "Point", "coordinates": [ 138.924946, 37.66628 ] } },
{ "type": "Feature", "properties": { "ID": "155YASNQ00061", "正式名称": "クスリのアオキ興野薬局", "機関区分": 5, "都道府県コード": 15, "市区町村コード": 204, "所在地": "新潟県三条市興野二丁目８番２２号", "緯度": 37.633818, "経度": 138.973211, "url": "https://www.iryou.teikyouseido.mhlw.go.jp/znk-web/juminkanja/S2430/initialize?prefCd=15&kikanCd=YASNQ00061&kikanKbn=5", "url2": "https://www.kusuri-aoki.co.jp/", "内容": "クスリのアオキ興野薬局【5:薬局】新潟県三条市興野二丁目８番２２号" }, "geometry": { "type": "Point", "coordinates": [ 138.973211, 37.633818 ] } },
{ "type": "Feature", "properties": { "ID": "155YASNQ00062", "正式名称": "ファルマ吉田", "機関区分": 5, "都道府県コード": 15, "市区町村コード": 213, "所在地": "新潟県燕市吉田３４７９－１", "緯度": 37.695212, "経度": 138.884218, "url": "https://www.iryou.teikyouseido.mhlw.go.jp/znk-web/juminkanja/S2430/initialize?prefCd=15&kikanCd=YASNQ00062&kikanKbn=5", "url2": null, "内容": "ファルマ吉田【5:薬局】新潟県燕市吉田３４７９－１" }, "geometry": { "type": "Point", "coordinates": [ 138.884218, 37.695212 ] } },
{ "type": "Feature", "properties": { "ID": "155YASNQ00063", "正式名称": "みなみ調剤薬局", "機関区分": 5, "都道府県コード": 15, "市区町村コード": 213, "所在地": "新潟県燕市宮町２－３０", "緯度": 37.664607, "経度": 138.926449, "url": "https://www.iryou.teikyouseido.mhlw.go.jp/znk-web/juminkanja/S2430/initialize?prefCd=15&kikanCd=YASNQ00063&kikanKbn=5", "url2": "http://minami-pharmacy.net/", "内容": "みなみ調剤薬局【5:薬局】新潟県燕市宮町２－３０" }, "geometry": { "type": "Point", "coordinates": [ 138.926449, 37.664607 ] } },
{ "type": "Feature", "properties": { "ID": "155YASNQ00064", "正式名称": "大平薬局", "機関区分": 5, "都道府県コード": 15, "市区町村コード": 213, "所在地": "新潟県燕市地蔵堂本町１－２－６", "緯度": 37.62593, "経度": 138.841639, "url": "https://www.iryou.teikyouseido.mhlw.go.jp/znk-web/juminkanja/S2430/initialize?prefCd=15&kikanCd=YASNQ00064&kikanKbn=5", "url2": null, "内容": "大平薬局【5:薬局】新潟県燕市地蔵堂本町１－２－６" }, "geometry": { "type": "Point", "coordinates": [ 138.841639, 37.62593 ] } },
{ "type": "Feature", "properties": { "ID": "155YASNQ00065", "正式名称": "りんりん薬局", "機関区分": 5, "都道府県コード": 15, "市区町村コード": 204, "所在地": "新潟県三条市東本成寺２１ー３２", "緯度": 37.615856, "経度": 138.947463, "url": "https://www.iryou.teikyouseido.mhlw.go.jp/znk-web/juminkanja/S2430/initialize?prefCd=15&kikanCd=YASNQ00065&kikanKbn=5", "url2": "https://ohte.info", "内容": "りんりん薬局【5:薬局】新潟県三条市東本成寺２１ー３２" }, "geometry": { "type": "Point", "coordinates": [ 138.947463, 37.615856 ] } },
{ "type": "Feature", "properties": { "ID": "155YASNQ00066", "正式名称": "クローバー調剤薬局", "機関区分": 5, "都道府県コード": 15, "市区町村コード": 213, "所在地": "新潟県燕市富永１００８", "緯度": 37.696082, "経度": 138.890413, "url": "https://www.iryou.teikyouseido.mhlw.go.jp/znk-web/juminkanja/S2430/initialize?prefCd=15&kikanCd=YASNQ00066&kikanKbn=5", "url2": null, "内容": "クローバー調剤薬局【5:薬局】新潟県燕市富永１００８" }, "geometry": { "type": "Point", "coordinates": [ 138.890413, 37.696082 ] } },
{ "type": "Feature", "properties": { "ID": "155YASNQ00067", "正式名称": "にじいろ薬局", "機関区分": 5, "都道府県コード": 15, "市区町村コード": 204, "所在地": "新潟県三条市西本成寺２丁目４番１１号", "緯度": 37.616594, "経度": 138.943958, "url": "https://www.iryou.teikyouseido.mhlw.go.jp/znk-web/juminkanja/S2430/initialize?prefCd=15&kikanCd=YASNQ00067&kikanKbn=5", "url2": "https://kyoueido.net/shop/239/", "内容": "にじいろ薬局【5:薬局】新潟県三条市西本成寺２丁目４番１１号" }, "geometry": { "type": "Point", "coordinates": [ 138.943958, 37.616594 ] } },
{ "type": "Feature", "properties": { "ID": "155YASNQ00069", "正式名称": "三条ひかり調剤薬局", "機関区分": 5, "都道府県コード": 15, "市区町村コード": 204, "所在地": "新潟県三条市東三条１－１５－２９", "緯度": 37.62955, "経度": 138.970557, "url": "https://www.iryou.teikyouseido.mhlw.go.jp/znk-web/juminkanja/S2430/initialize?prefCd=15&kikanCd=YASNQ00069&kikanKbn=5", "url2": null, "内容": "三条ひかり調剤薬局【5:薬局】新潟県三条市東三条１－１５－２９" }, "geometry": { "type": "Point", "coordinates": [ 138.970557, 37.62955 ] } },
{ "type": "Feature", "properties": { "ID": "155YASNQ00071", "正式名称": "ＡＬＰＨＡＳ薬局　吉田東店", "機関区分": 5, "都道府県コード": 15, "市区町村コード": 213, "所在地": "新潟県燕市吉田法花堂１６９６ー５", "緯度": 37.680405, "経度": 138.884597, "url": "https://www.iryou.teikyouseido.mhlw.go.jp/znk-web/juminkanja/S2430/initialize?prefCd=15&kikanCd=YASNQ00071&kikanKbn=5", "url2": "http://www.nmi-net.com", "内容": "ＡＬＰＨＡＳ薬局　吉田東店【5:薬局】新潟県燕市吉田法花堂１６９６ー５" }, "geometry": { "type": "Point", "coordinates": [ 138.884597, 37.680405 ] } },
{ "type": "Feature", "properties": { "ID": "155YASNQ00072", "正式名称": "共創未来　番田薬局", "機関区分": 5, "都道府県コード": 15, "市区町村コード": 209, "所在地": "新潟県加茂市番田１４６７", "緯度": 37.66138, "経度": 139.048912, "url": "https://www.iryou.teikyouseido.mhlw.go.jp/znk-web/juminkanja/S2430/initialize?prefCd=15&kikanCd=YASNQ00072&kikanKbn=5", "url2": "https://www.phmirai.co.jp", "内容": "共創未来　番田薬局【5:薬局】新潟県加茂市番田１４６７" }, "geometry": { "type": "Point", "coordinates": [ 139.048912, 37.66138 ] } },
{ "type": "Feature", "properties": { "ID": "155YASNQ00073", "正式名称": "共創未来　柳町薬局", "機関区分": 5, "都道府県コード": 15, "市区町村コード": 209, "所在地": "新潟県加茂市柳町２丁目５番地８号", "緯度": 37.656235, "経度": 139.037633, "url": "https://www.iryou.teikyouseido.mhlw.go.jp/znk-web/juminkanja/S2430/initialize?prefCd=15&kikanCd=YASNQ00073&kikanKbn=5", "url2": "https://phmirai.co.jp/store/228/", "内容": "共創未来　柳町薬局【5:薬局】新潟県加茂市柳町２丁目５番地８号" }, "geometry": { "type": "Point", "coordinates": [ 139.037633, 37.656235 ] } },
{ "type": "Feature", "properties": { "ID": "155YASNQ00074", "正式名称": "共創未来さかえ薬局", "機関区分": 5, "都道府県コード": 15, "市区町村コード": 204, "所在地": "新潟県三条市新堀１３０５－５", "緯度": 37.586638, "経度": 138.921224, "url": "https://www.iryou.teikyouseido.mhlw.go.jp/znk-web/juminkanja/S2430/initialize?prefCd=15&kikanCd=YASNQ00074&kikanKbn=5", "url2": "http://www.phmirai.co.jp/", "内容": "共創未来さかえ薬局【5:薬局】新潟県三条市新堀１３０５－５" }, "geometry": { "type": "Point", "coordinates": [ 138.921224, 37.586638 ] } },
{ "type": "Feature", "properties": { "ID": "155YASNQ00075", "正式名称": "共創未来加茂薬局", "機関区分": 5, "都道府県コード": 15, "市区町村コード": 209, "所在地": "新潟県加茂市青海町２丁目１１番８号", "緯度": 37.664832, "経度": 139.054881, "url": "https://www.iryou.teikyouseido.mhlw.go.jp/znk-web/juminkanja/S2430/initialize?prefCd=15&kikanCd=YASNQ00075&kikanKbn=5", "url2": "https://www.phmirai.co.jp/", "内容": "共創未来加茂薬局【5:薬局】新潟県加茂市青海町２丁目１１番８号" }, "geometry": { "type": "Point", "coordinates": [ 139.054881, 37.664832 ] } },
{ "type": "Feature", "properties": { "ID": "155YASNQ00078", "正式名称": "共創未来吉田南薬局", "機関区分": 5, "都道府県コード": 15, "市区町村コード": 213, "所在地": "新潟県燕市吉田大保町２８－１５", "緯度": 37.687839, "経度": 138.884538, "url": "https://www.iryou.teikyouseido.mhlw.go.jp/znk-web/juminkanja/S2430/initialize?prefCd=15&kikanCd=YASNQ00078&kikanKbn=5", "url2": "http://phmirai.co.jp", "内容": "共創未来吉田南薬局【5:薬局】新潟県燕市吉田大保町２８－１５" }, "geometry": { "type": "Point", "coordinates": [ 138.884538, 37.687839 ] } },
{ "type": "Feature", "properties": { "ID": "155YASNQ00079", "正式名称": "おひさま薬局", "機関区分": 5, "都道府県コード": 15, "市区町村コード": 213, "所在地": "新潟県燕市五千石３２６８番地１", "緯度": 37.623222, "経度": 138.839981, "url": "https://www.iryou.teikyouseido.mhlw.go.jp/znk-web/juminkanja/S2430/initialize?prefCd=15&kikanCd=YASNQ00079&kikanKbn=5", "url2": null, "内容": "おひさま薬局【5:薬局】新潟県燕市五千石３２６８番地１" }, "geometry": { "type": "Point", "coordinates": [ 138.839981, 37.623222 ] } },
{ "type": "Feature", "properties": { "ID": "155YASNQ00080", "正式名称": "ファーマライズ薬局　燕店", "機関区分": 5, "都道府県コード": 15, "市区町村コード": 213, "所在地": "新潟県燕市杣木１４２７番", "緯度": 37.664907, "経度": 138.91819, "url": "https://www.iryou.teikyouseido.mhlw.go.jp/znk-web/juminkanja/S2430/initialize?prefCd=15&kikanCd=YASNQ00080&kikanKbn=5", "url2": "http://www.pharmarise.com", "内容": "ファーマライズ薬局　燕店【5:薬局】新潟県燕市杣木１４２７番" }, "geometry": { "type": "Point", "coordinates": [ 138.91819, 37.664907 ] } },
{ "type": "Feature", "properties": { "ID": "155YASNQ00081", "正式名称": "ウエルシア薬局三条新保店", "機関区分": 5, "都道府県コード": 15, "市区町村コード": 204, "所在地": "新潟県三条市新保三百刈１４７ー１", "緯度": 37.613192, "経度": 138.963247, "url": "https://www.iryou.teikyouseido.mhlw.go.jp/znk-web/juminkanja/S2430/initialize?prefCd=15&kikanCd=YASNQ00081&kikanKbn=5", "url2": "https://store.welcia.co.jp/welcia/spot/detail?code=134D", "内容": "ウエルシア薬局三条新保店【5:薬局】新潟県三条市新保三百刈１４７ー１" }, "geometry": { "type": "Point", "coordinates": [ 138.963247, 37.613192 ] } },
{ "type": "Feature", "properties": { "ID": "155YASNQ00082", "正式名称": "にしむら薬局つばめ店", "機関区分": 5, "都道府県コード": 15, "市区町村コード": 213, "所在地": "新潟県燕市柳山７７４−１", "緯度": 37.636535, "経度": 138.903375, "url": "https://www.iryou.teikyouseido.mhlw.go.jp/znk-web/juminkanja/S2430/initialize?prefCd=15&kikanCd=YASNQ00082&kikanKbn=5", "url2": null, "内容": "にしむら薬局つばめ店【5:薬局】新潟県燕市柳山７７４−１" }, "geometry": { "type": "Point", "coordinates": [ 138.903375, 37.636535 ] } },
{ "type": "Feature", "properties": { "ID": "155YASNQ00083", "正式名称": "クスリのアオキ弥彦薬局", "機関区分": 5, "都道府県コード": 15, "市区町村コード": 342, "所在地": "新潟県西蒲原郡弥彦村美山３６０番１号", "緯度": 37.687168, "経度": 138.869117, "url": "https://www.iryou.teikyouseido.mhlw.go.jp/znk-web/juminkanja/S2430/initialize?prefCd=15&kikanCd=YASNQ00083&kikanKbn=5", "url2": "https://www.kusuri-aoki.co.jp/", "内容": "クスリのアオキ弥彦薬局【5:薬局】新潟県西蒲原郡弥彦村美山３６０番１号" }, "geometry": { "type": "Point", "coordinates": [ 138.869117, 37.687168 ] } },
{ "type": "Feature", "properties": { "ID": "155YASNQ00084", "正式名称": "クスリのアオキ西本成寺薬局", "機関区分": 5, "都道府県コード": 15, "市区町村コード": 204, "所在地": "新潟県三条市西本成寺一丁目３４番１９号", "緯度": 37.618323, "経度": 138.939543, "url": "https://www.iryou.teikyouseido.mhlw.go.jp/znk-web/juminkanja/S2430/initialize?prefCd=15&kikanCd=YASNQ00084&kikanKbn=5", "url2": "https://www.kusuri-aoki.co.jp/", "内容": "クスリのアオキ西本成寺薬局【5:薬局】新潟県三条市西本成寺一丁目３４番１９号" }, "geometry": { "type": "Point", "coordinates": [ 138.939543, 37.618323 ] } },
{ "type": "Feature", "properties": { "ID": "155YASNQ00085", "正式名称": "小林薬局", "機関区分": 5, "都道府県コード": 15, "市区町村コード": 209, "所在地": "新潟県加茂市本町３番１４号", "緯度": 37.658648, "経度": 139.055038, "url": "https://www.iryou.teikyouseido.mhlw.go.jp/znk-web/juminkanja/S2430/initialize?prefCd=15&kikanCd=YASNQ00085&kikanKbn=5", "url2": null, "内容": "小林薬局【5:薬局】新潟県加茂市本町３番１４号" }, "geometry": { "type": "Point", "coordinates": [ 139.055038, 37.658648 ] } },
{ "type": "Feature", "properties": { "ID": "155YASNQ00086", "正式名称": "ウエルシア薬局燕店", "機関区分": 5, "都道府県コード": 15, "市区町村コード": 213, "所在地": "新潟県燕市井土巻２丁目６２ー１", "緯度": 37.654131, "経度": 138.930314, "url": "https://www.iryou.teikyouseido.mhlw.go.jp/znk-web/juminkanja/S2430/initialize?prefCd=15&kikanCd=YASNQ00086&kikanKbn=5", "url2": null, "内容": "ウエルシア薬局燕店【5:薬局】新潟県燕市井土巻２丁目６２ー１" }, "geometry": { "type": "Point", "coordinates": [ 138.930314, 37.654131 ] } },
{ "type": "Feature", "properties": { "ID": "155YASNQ00088", "正式名称": "たがみ調剤薬局", "機関区分": 5, "都道府県コード": 15, "市区町村コード": 361, "所在地": "新潟県南蒲原郡田上町田上丙１２２５－３", "緯度": 37.712953, "経度": 139.073547, "url": "https://www.iryou.teikyouseido.mhlw.go.jp/znk-web/juminkanja/S2430/initialize?prefCd=15&kikanCd=YASNQ00088&kikanKbn=5", "url2": "https://www.sasakiku.co.jp/", "内容": "たがみ調剤薬局【5:薬局】新潟県南蒲原郡田上町田上丙１２２５－３" }, "geometry": { "type": "Point", "coordinates": [ 139.073547, 37.712953 ] } },
{ "type": "Feature", "properties": { "ID": "155YASNQ00089", "正式名称": "しなの薬局　塚野目店", "機関区分": 5, "都道府県コード": 15, "市区町村コード": 204, "所在地": "新潟県三条市塚野目４－１９－１７", "緯度": 37.638832, "経度": 138.976702, "url": "https://www.iryou.teikyouseido.mhlw.go.jp/znk-web/juminkanja/S2430/initialize?prefCd=15&kikanCd=YASNQ00089&kikanKbn=5", "url2": null, "内容": "しなの薬局　塚野目店【5:薬局】新潟県三条市塚野目４－１９－１７" }, "geometry": { "type": "Point", "coordinates": [ 138.976702, 37.638832 ] } },
{ "type": "Feature", "properties": { "ID": "155YASNQ00090", "正式名称": "ＡＬＰＨＡＳ薬局　三条興野店", "機関区分": 5, "都道府県コード": 15, "市区町村コード": 204, "所在地": "新潟県三条市興野１丁目１４－３４", "緯度": 37.636021, "経度": 138.967879, "url": "https://www.iryou.teikyouseido.mhlw.go.jp/znk-web/juminkanja/S2430/initialize?prefCd=15&kikanCd=YASNQ00090&kikanKbn=5", "url2": "http://www.nmi-net.com", "内容": "ＡＬＰＨＡＳ薬局　三条興野店【5:薬局】新潟県三条市興野１丁目１４－３４" }, "geometry": { "type": "Point", "coordinates": [ 138.967879, 37.636021 ] } },
{ "type": "Feature", "properties": { "ID": "155YASNQ00091", "正式名称": "中央調剤薬局", "機関区分": 5, "都道府県コード": 15, "市区町村コード": 213, "所在地": "新潟県燕市水道町４丁目３番４４号", "緯度": 37.659816, "経度": 138.915185, "url": "https://www.iryou.teikyouseido.mhlw.go.jp/znk-web/juminkanja/S2430/initialize?prefCd=15&kikanCd=YASNQ00091&kikanKbn=5", "url2": "http://daikyopm.net", "内容": "中央調剤薬局【5:薬局】新潟県燕市水道町４丁目３番４４号" }, "geometry": { "type": "Point", "coordinates": [ 138.915185, 37.659816 ] } },
{ "type": "Feature", "properties": { "ID": "155YASNQ00093", "正式名称": "燕三条調剤薬局", "機関区分": 5, "都道府県コード": 15, "市区町村コード": 213, "所在地": "新潟県燕市井土巻４丁目２８０番", "緯度": 37.655428, "経度": 138.939934, "url": "https://www.iryou.teikyouseido.mhlw.go.jp/znk-web/juminkanja/S2430/initialize?prefCd=15&kikanCd=YASNQ00093&kikanKbn=5", "url2": "http://daikyopm.net", "内容": "燕三条調剤薬局【5:薬局】新潟県燕市井土巻４丁目２８０番" }, "geometry": { "type": "Point", "coordinates": [ 138.939934, 37.655428 ] } },
{ "type": "Feature", "properties": { "ID": "155YASNQ00094", "正式名称": "あきば調剤薬局", "機関区分": 5, "都道府県コード": 15, "市区町村コード": 213, "所在地": "新潟県燕市秋葉町１−２−２５", "緯度": 37.662289, "経度": 138.922501, "url": "https://www.iryou.teikyouseido.mhlw.go.jp/znk-web/juminkanja/S2430/initialize?prefCd=15&kikanCd=YASNQ00094&kikanKbn=5", "url2": "http://daikyopm.net", "内容": "あきば調剤薬局【5:薬局】新潟県燕市秋葉町１−２−２５" }, "geometry": { "type": "Point", "coordinates": [ 138.922501, 37.662289 ] } },
{ "type": "Feature", "properties": { "ID": "155YASNQ00095", "正式名称": "あきつ調剤薬局", "機関区分": 5, "都道府県コード": 15, "市区町村コード": 213, "所在地": "新潟県燕市秋葉町４−１０−１４", "緯度": 37.660674, "経度": 138.916529, "url": "https://www.iryou.teikyouseido.mhlw.go.jp/znk-web/juminkanja/S2430/initialize?prefCd=15&kikanCd=YASNQ00095&kikanKbn=5", "url2": null, "内容": "あきつ調剤薬局【5:薬局】新潟県燕市秋葉町４−１０−１４" }, "geometry": { "type": "Point", "coordinates": [ 138.916529, 37.660674 ] } },
{ "type": "Feature", "properties": { "ID": "155YASNQ00096", "正式名称": "ツルマキ薬局", "機関区分": 5, "都道府県コード": 15, "市区町村コード": 204, "所在地": "新潟県三条市荻堀１６１６番地１", "緯度": 37.573951, "経度": 139.030878, "url": "https://www.iryou.teikyouseido.mhlw.go.jp/znk-web/juminkanja/S2430/initialize?prefCd=15&kikanCd=YASNQ00096&kikanKbn=5", "url2": null, "内容": "ツルマキ薬局【5:薬局】新潟県三条市荻堀１６１６番地１" }, "geometry": { "type": "Point", "coordinates": [ 139.030878, 37.573951 ] } },
{ "type": "Feature", "properties": { "ID": "155YASNQ00097", "正式名称": "ウラダテ調剤薬局", "機関区分": 5, "都道府県コード": 15, "市区町村コード": 204, "所在地": "新潟県三条市西裏館１－１０－４４", "緯度": 37.634601, "経度": 138.953304, "url": "https://www.iryou.teikyouseido.mhlw.go.jp/znk-web/juminkanja/S2430/initialize?prefCd=15&kikanCd=YASNQ00097&kikanKbn=5", "url2": "https://meron-net.shop/ds/uradate", "内容": "ウラダテ調剤薬局【5:薬局】新潟県三条市西裏館１－１０－４４" }, "geometry": { "type": "Point", "coordinates": [ 138.953304, 37.634601 ] } },
{ "type": "Feature", "properties": { "ID": "155YASNQ00098", "正式名称": "市役所前薬局", "機関区分": 5, "都道府県コード": 15, "市区町村コード": 209, "所在地": "新潟県加茂市新栄町４－５", "緯度": 37.664973, "経度": 139.040323, "url": "https://www.iryou.teikyouseido.mhlw.go.jp/znk-web/juminkanja/S2430/initialize?prefCd=15&kikanCd=YASNQ00098&kikanKbn=5", "url2": "https://www.sasakiku.co.jp/", "内容": "市役所前薬局【5:薬局】新潟県加茂市新栄町４－５" }, "geometry": { "type": "Point", "coordinates": [ 139.040323, 37.664973 ] } },
{ "type": "Feature", "properties": { "ID": "155YASNQ00099", "正式名称": "ウエルシア薬局新潟田上店", "機関区分": 5, "都道府県コード": 15, "市区町村コード": 361, "所在地": "新潟県南蒲原郡田上町羽生田１３４－１", "緯度": 37.690502, "経度": 139.060145, "url": "https://www.iryou.teikyouseido.mhlw.go.jp/znk-web/juminkanja/S2430/initialize?prefCd=15&kikanCd=YASNQ00099&kikanKbn=5", "url2": "https://store.welcia.co.jp/welcia/spot/detail?code=148D", "内容": "ウエルシア薬局新潟田上店【5:薬局】新潟県南蒲原郡田上町羽生田１３４－１" }, "geometry": { "type": "Point", "coordinates": [ 139.060145, 37.690502 ] } },
{ "type": "Feature", "properties": { "ID": "155YASNQ00100", "正式名称": "共栄堂薬局つばめ店", "機関区分": 5, "都道府県コード": 15, "市区町村コード": 213, "所在地": "新潟県燕市吉田３４５４ー１", "緯度": 37.694231, "経度": 138.884439, "url": "https://www.iryou.teikyouseido.mhlw.go.jp/znk-web/juminkanja/S2430/initialize?prefCd=15&kikanCd=YASNQ00100&kikanKbn=5", "url2": "http://www.kyoueido.net/shop/1789/", "内容": "共栄堂薬局つばめ店【5:薬局】新潟県燕市吉田３４５４ー１" }, "geometry": { "type": "Point", "coordinates": [ 138.884439, 37.694231 ] } },
{ "type": "Feature", "properties": { "ID": "155YASNQ00101", "正式名称": "小川薬局", "機関区分": 5, "都道府県コード": 15, "市区町村コード": 213, "所在地": "新潟県燕市地蔵堂本町２－６－２３", "緯度": 37.626551, "経度": 138.841634, "url": "https://www.iryou.teikyouseido.mhlw.go.jp/znk-web/juminkanja/S2430/initialize?prefCd=15&kikanCd=YASNQ00101&kikanKbn=5", "url2": null, "内容": "小川薬局【5:薬局】新潟県燕市地蔵堂本町２－６－２３" }, "geometry": { "type": "Point", "coordinates": [ 138.841634, 37.626551 ] } },
{ "type": "Feature", "properties": { "ID": "155YASNQ00102", "正式名称": "みなみ調剤薬局　コアラ店", "機関区分": 5, "都道府県コード": 15, "市区町村コード": 213, "所在地": "新潟県燕市佐渡字浦田２４３－１", "緯度": 37.663351, "経度": 138.949904, "url": "https://www.iryou.teikyouseido.mhlw.go.jp/znk-web/juminkanja/S2430/initialize?prefCd=15&kikanCd=YASNQ00102&kikanKbn=5", "url2": "https://minami-pharmacy.net/", "内容": "みなみ調剤薬局　コアラ店【5:薬局】新潟県燕市佐渡字浦田２４３－１" }, "geometry": { "type": "Point", "coordinates": [ 138.949904, 37.663351 ] } },
{ "type": "Feature", "properties": { "ID": "155YASNQ00104", "正式名称": "大手薬局吉田店", "機関区分": 5, "都道府県コード": 15, "市区町村コード": 213, "所在地": "新潟県燕市吉田堤町３番２０号", "緯度": 37.688491, "経度": 138.878355, "url": "https://www.iryou.teikyouseido.mhlw.go.jp/znk-web/juminkanja/S2430/initialize?prefCd=15&kikanCd=YASNQ00104&kikanKbn=5", "url2": null, "内容": "大手薬局吉田店【5:薬局】新潟県燕市吉田堤町３番２０号" }, "geometry": { "type": "Point", "coordinates": [ 138.878355, 37.688491 ] } },
{ "type": "Feature", "properties": { "ID": "155YASNQ00105", "正式名称": "調剤薬局ツルハドラッグ燕吉田店", "機関区分": 5, "都道府県コード": 15, "市区町村コード": 213, "所在地": "新潟県燕市吉田東栄町１２番１０号", "緯度": 37.683667, "経度": 138.879383, "url": "https://www.iryou.teikyouseido.mhlw.go.jp/znk-web/juminkanja/S2430/initialize?prefCd=15&kikanCd=YASNQ00105&kikanKbn=5", "url2": "https://www.tsuruha.co.jp", "内容": "調剤薬局ツルハドラッグ燕吉田店【5:薬局】新潟県燕市吉田東栄町１２番１０号" }, "geometry": { "type": "Point", "coordinates": [ 138.879383, 37.683667 ] } },
{ "type": "Feature", "properties": { "ID": "155YASNQ00106", "正式名称": "大手薬局三条月岡店", "機関区分": 5, "都道府県コード": 15, "市区町村コード": 204, "所在地": "新潟県三条市月岡１丁目２３番４５号", "緯度": 37.613635, "経度": 138.96992, "url": "https://www.iryou.teikyouseido.mhlw.go.jp/znk-web/juminkanja/S2430/initialize?prefCd=15&kikanCd=YASNQ00106&kikanKbn=5", "url2": "http://www.ohte.info", "内容": "大手薬局三条月岡店【5:薬局】新潟県三条市月岡１丁目２３番４５号" }, "geometry": { "type": "Point", "coordinates": [ 138.96992, 37.613635 ] } },
{ "type": "Feature", "properties": { "ID": "155YASNQ00107", "正式名称": "ウエルシア薬局吉田店", "機関区分": 5, "都道府県コード": 15, "市区町村コード": 213, "所在地": "新潟県燕市吉田３７１９番地１", "緯度": 37.698247, "経度": 138.886104, "url": "https://www.iryou.teikyouseido.mhlw.go.jp/znk-web/juminkanja/S2430/initialize?prefCd=15&kikanCd=YASNQ00107&kikanKbn=5", "url2": null, "内容": "ウエルシア薬局吉田店【5:薬局】新潟県燕市吉田３７１９番地１" }, "geometry": { "type": "Point", "coordinates": [ 138.886104, 37.698247 ] } },
{ "type": "Feature", "properties": { "ID": "155YASNQ00109", "正式名称": "さくら薬局　燕吉田店", "機関区分": 5, "都道府県コード": 15, "市区町村コード": 213, "所在地": "新潟県燕市吉田３７４９", "緯度": 37.698669, "経度": 138.883563, "url": "https://www.iryou.teikyouseido.mhlw.go.jp/znk-web/juminkanja/S2430/initialize?prefCd=15&kikanCd=YASNQ00109&kikanKbn=5", "url2": "https://www.kraft-net.co.jp/sakura/store/4228/", "内容": "さくら薬局　燕吉田店【5:薬局】新潟県燕市吉田３７４９" }, "geometry": { "type": "Point", "coordinates": [ 138.883563, 37.698669 ] } },
{ "type": "Feature", "properties": { "ID": "155YASNQ00110", "正式名称": "ファーマライズ薬局三条店", "機関区分": 5, "都道府県コード": 15, "市区町村コード": 204, "所在地": "新潟県三条市大野畑６－１８－５", "緯度": 37.626788, "経度": 138.940689, "url": "https://www.iryou.teikyouseido.mhlw.go.jp/znk-web/juminkanja/S2430/initialize?prefCd=15&kikanCd=YASNQ00110&kikanKbn=5", "url2": "http://www.pharmarise.com/", "内容": "ファーマライズ薬局三条店【5:薬局】新潟県三条市大野畑６－１８－５" }, "geometry": { "type": "Point", "coordinates": [ 138.940689, 37.626788 ] } },
{ "type": "Feature", "properties": { "ID": "155YASNQ00111", "正式名称": "千刈薬局", "機関区分": 5, "都道府県コード": 15, "市区町村コード": 209, "所在地": "新潟県加茂市千刈１丁目５０－２１", "緯度": 37.664883, "経度": 139.050792, "url": "https://www.iryou.teikyouseido.mhlw.go.jp/znk-web/juminkanja/S2430/initialize?prefCd=15&kikanCd=YASNQ00111&kikanKbn=5", "url2": "https://www.pharmarise.com/", "内容": "千刈薬局【5:薬局】新潟県加茂市千刈１丁目５０－２１" }, "geometry": { "type": "Point", "coordinates": [ 139.050792, 37.664883 ] } },
{ "type": "Feature", "properties": { "ID": "155YASNQ00112", "正式名称": "えはら薬局", "機関区分": 5, "都道府県コード": 15, "市区町村コード": 213, "所在地": "新潟県燕市分水桜町３ー２ー４", "緯度": 37.626833, "経度": 138.840333, "url": "https://www.iryou.teikyouseido.mhlw.go.jp/znk-web/juminkanja/S2430/initialize?prefCd=15&kikanCd=YASNQ00112&kikanKbn=5", "url2": "https://ehara-ph.com", "内容": "えはら薬局【5:薬局】新潟県燕市分水桜町３ー２ー４" }, "geometry": { "type": "Point", "coordinates": [ 138.840333, 37.626833 ] } },
{ "type": "Feature", "properties": { "ID": "155YASNQ00113", "正式名称": "大手薬局神田町店", "機関区分": 5, "都道府県コード": 15, "市区町村コード": 213, "所在地": "新潟県燕市吉田神田町８番２２号", "緯度": 37.690933, "経度": 138.88176, "url": "https://www.iryou.teikyouseido.mhlw.go.jp/znk-web/juminkanja/S2430/initialize?prefCd=15&kikanCd=YASNQ00113&kikanKbn=5", "url2": "http://www.ohte.info", "内容": "大手薬局神田町店【5:薬局】新潟県燕市吉田神田町８番２２号" }, "geometry": { "type": "Point", "coordinates": [ 138.88176, 37.690933 ] } },
{ "type": "Feature", "properties": { "ID": "155YASNQ00114", "正式名称": "メッツ嵐南薬局", "機関区分": 5, "都道府県コード": 15, "市区町村コード": 204, "所在地": "新潟県三条市東本成寺２０−１８", "緯度": 37.616413, "経度": 138.947513, "url": "https://www.iryou.teikyouseido.mhlw.go.jp/znk-web/juminkanja/S2430/initialize?prefCd=15&kikanCd=YASNQ00114&kikanKbn=5", "url2": "https://medic-taiyo.co.jp/pharmacy/mets-rannan/", "内容": "メッツ嵐南薬局【5:薬局】新潟県三条市東本成寺２０−１８" }, "geometry": { "type": "Point", "coordinates": [ 138.947513, 37.616413 ] } },
{ "type": "Feature", "properties": { "ID": "155YASNQ00115", "正式名称": "メッツ県央薬局", "機関区分": 5, "都道府県コード": 15, "市区町村コード": 204, "所在地": "新潟県三条市須頃２丁目１０１番２", "緯度": 37.644627, "経度": 138.940375, "url": "https://www.iryou.teikyouseido.mhlw.go.jp/znk-web/juminkanja/S2430/initialize?prefCd=15&kikanCd=YASNQ00115&kikanKbn=5", "url2": "https://medic-taiyo.co.jp/pharmacy/mets-kenou/", "内容": "メッツ県央薬局【5:薬局】新潟県三条市須頃２丁目１０１番２" }, "geometry": { "type": "Point", "coordinates": [ 138.940375, 37.644627 ] } },
{ "type": "Feature", "properties": { "ID": "155YASNQ00116", "正式名称": "ツルマキ調剤薬局", "機関区分": 5, "都道府県コード": 15, "市区町村コード": 204, "所在地": "新潟県三条市荻堀１１８１－１", "緯度": 37.57507, "経度": 139.027887, "url": "https://www.iryou.teikyouseido.mhlw.go.jp/znk-web/juminkanja/S2430/initialize?prefCd=15&kikanCd=YASNQ00116&kikanKbn=5", "url2": null, "内容": "ツルマキ調剤薬局【5:薬局】新潟県三条市荻堀１１８１－１" }, "geometry": { "type": "Point", "coordinates": [ 139.027887, 37.57507 ] } },
{ "type": "Feature", "properties": { "ID": "155YASNQ00117", "正式名称": "メッツ薬局", "機関区分": 5, "都道府県コード": 15, "市区町村コード": 204, "所在地": "新潟県三条市東本成寺１２−４１", "緯度": 37.615147, "経度": 138.949933, "url": "https://www.iryou.teikyouseido.mhlw.go.jp/znk-web/juminkanja/S2430/initialize?prefCd=15&kikanCd=YASNQ00117&kikanKbn=5", "url2": "https://medic-taiyo.co.jp/pharmacy/mets-yakkyoku/", "内容": "メッツ薬局【5:薬局】新潟県三条市東本成寺１２−４１" }, "geometry": { "type": "Point", "coordinates": [ 138.949933, 37.615147 ] } },
{ "type": "Feature", "properties": { "ID": "155YASNQ00118", "正式名称": "ＡＬＰＨＡＳ薬局　分水店", "機関区分": 5, "都道府県コード": 15, "市区町村コード": 213, "所在地": "新潟県燕市地蔵堂本町３丁目４番１４号", "緯度": 37.628181, "経度": 138.842406, "url": "https://www.iryou.teikyouseido.mhlw.go.jp/znk-web/juminkanja/S2430/initialize?prefCd=15&kikanCd=YASNQ00118&kikanKbn=5", "url2": "http://www.nmi-net.com", "内容": "ＡＬＰＨＡＳ薬局　分水店【5:薬局】新潟県燕市地蔵堂本町３丁目４番１４号" }, "geometry": { "type": "Point", "coordinates": [ 138.842406, 37.628181 ] } },
{ "type": "Feature", "properties": { "ID": "155YASNQ00119", "正式名称": "エム・ケイ薬局　さんじょう店", "機関区分": 5, "都道府県コード": 15, "市区町村コード": 204, "所在地": "新潟県三条市興野１丁目４番２１号", "緯度": 37.632941, "経度": 138.968977, "url": "https://www.iryou.teikyouseido.mhlw.go.jp/znk-web/juminkanja/S2430/initialize?prefCd=15&kikanCd=YASNQ00119&kikanKbn=5", "url2": null, "内容": "エム・ケイ薬局　さんじょう店【5:薬局】新潟県三条市興野１丁目４番２１号" }, "geometry": { "type": "Point", "coordinates": [ 138.968977, 37.632941 ] } },
{ "type": "Feature", "properties": { "ID": "155YASNQ00120", "正式名称": "クスリのアオキ三条北薬局", "機関区分": 5, "都道府県コード": 15, "市区町村コード": 204, "所在地": "新潟県三条市東裏館三丁目１番３号", "緯度": 37.639617, "経度": 138.962277, "url": "https://www.iryou.teikyouseido.mhlw.go.jp/znk-web/juminkanja/S2430/initialize?prefCd=15&kikanCd=YASNQ00120&kikanKbn=5", "url2": "https://www.kusuri-aoki.co.jp/", "内容": "クスリのアオキ三条北薬局【5:薬局】新潟県三条市東裏館三丁目１番３号" }, "geometry": { "type": "Point", "coordinates": [ 138.962277, 37.639617 ] } },
{ "type": "Feature", "properties": { "ID": "155YASNQ00121", "正式名称": "クスリのアオキ小高薬局", "機関区分": 5, "都道府県コード": 15, "市区町村コード": 213, "所在地": "新潟県燕市小高１１６８番地", "緯度": 37.66578, "経度": 138.939204, "url": "https://www.iryou.teikyouseido.mhlw.go.jp/znk-web/juminkanja/S2430/initialize?prefCd=15&kikanCd=YASNQ00121&kikanKbn=5", "url2": "https://www.kusuri-aoki.co.jp/", "内容": "クスリのアオキ小高薬局【5:薬局】新潟県燕市小高１１６８番地" }, "geometry": { "type": "Point", "coordinates": [ 138.939204, 37.66578 ] } },
{ "type": "Feature", "properties": { "ID": "155YASNQ00122", "正式名称": "モトイ調剤薬局", "機関区分": 5, "都道府県コード": 15, "市区町村コード": 204, "所在地": "新潟県三条市東裏館１丁目１１番１号", "緯度": 37.633725, "経度": 138.956548, "url": "https://www.iryou.teikyouseido.mhlw.go.jp/znk-web/juminkanja/S2430/initialize?prefCd=15&kikanCd=YASNQ00122&kikanKbn=5", "url2": null, "内容": "モトイ調剤薬局【5:薬局】新潟県三条市東裏館１丁目１１番１号" }, "geometry": { "type": "Point", "coordinates": [ 138.956548, 37.633725 ] } },
{ "type": "Feature", "properties": { "ID": "155YASNQ00123", "正式名称": "ウエルシア薬局三条東本成寺店", "機関区分": 5, "都道府県コード": 15, "市区町村コード": 204, "所在地": "新潟県三条市東本成寺２１ー２８", "緯度": 37.615815, "経度": 138.947152, "url": "https://www.iryou.teikyouseido.mhlw.go.jp/znk-web/juminkanja/S2430/initialize?prefCd=15&kikanCd=YASNQ00123&kikanKbn=5", "url2": null, "内容": "ウエルシア薬局三条東本成寺店【5:薬局】新潟県三条市東本成寺２１ー２８" }, "geometry": { "type": "Point", "coordinates": [ 138.947152, 37.615815 ] } },
{ "type": "Feature", "properties": { "ID": "155YASNQ00124", "正式名称": "クスリのアオキつばめ白山町薬局", "機関区分": 5, "都道府県コード": 15, "市区町村コード": 213, "所在地": "新潟県燕市白山町３丁目２２番９号", "緯度": 37.670891, "経度": 138.918746, "url": "https://www.iryou.teikyouseido.mhlw.go.jp/znk-web/juminkanja/S2430/initialize?prefCd=15&kikanCd=YASNQ00124&kikanKbn=5", "url2": "https://www.kusuri-aoki.co.jp/", "内容": "クスリのアオキつばめ白山町薬局【5:薬局】新潟県燕市白山町３丁目２２番９号" }, "geometry": { "type": "Point", "coordinates": [ 138.918746, 37.670891 ] } },
{ "type": "Feature", "properties": { "ID": "155YASNQ00126", "正式名称": "アリア調剤薬局", "機関区分": 5, "都道府県コード": 15, "市区町村コード": 204, "所在地": "新潟県三条市東三条２丁目３番４号", "緯度": 37.631344, "経度": 138.975162, "url": "https://www.iryou.teikyouseido.mhlw.go.jp/znk-web/juminkanja/S2430/initialize?prefCd=15&kikanCd=YASNQ00126&kikanKbn=5", "url2": null, "内容": "アリア調剤薬局【5:薬局】新潟県三条市東三条２丁目３番４号" }, "geometry": { "type": "Point", "coordinates": [ 138.975162, 37.631344 ] } },
{ "type": "Feature", "properties": { "ID": "155YASNQ00128", "正式名称": "クスリのアオキ三条保内薬局", "機関区分": 5, "都道府県コード": 15, "市区町村コード": 204, "所在地": "新潟県三条市下保内３１７番地１", "緯度": 37.642994, "経度": 139.020004, "url": "https://www.iryou.teikyouseido.mhlw.go.jp/znk-web/juminkanja/S2430/initialize?prefCd=15&kikanCd=YASNQ00128&kikanKbn=5", "url2": "https://www.kusuri-aoki.co.jp/", "内容": "クスリのアオキ三条保内薬局【5:薬局】新潟県三条市下保内３１７番地１" }, "geometry": { "type": "Point", "coordinates": [ 139.020004, 37.642994 ] } },
{ "type": "Feature", "properties": { "ID": "155YASNQ00129", "正式名称": "クスリのアオキ吉田薬局", "機関区分": 5, "都道府県コード": 15, "市区町村コード": 213, "所在地": "新潟県燕市吉田３５２３番地", "緯度": 37.69662, "経度": 138.884757, "url": "https://www.iryou.teikyouseido.mhlw.go.jp/znk-web/juminkanja/S2430/initialize?prefCd=15&kikanCd=YASNQ00129&kikanKbn=5", "url2": "https://www.kusuri-aoki.co.jp/", "内容": "クスリのアオキ吉田薬局【5:薬局】新潟県燕市吉田３５２３番地" }, "geometry": { "type": "Point", "coordinates": [ 138.884757, 37.69662 ] } },
{ "type": "Feature", "properties": { "ID": "155YASNQ00130", "正式名称": "一位三薬局", "機関区分": 5, "都道府県コード": 15, "市区町村コード": 204, "所在地": "新潟県三条市南新保１－１４", "緯度": 37.624085, "経度": 138.958653, "url": "https://www.iryou.teikyouseido.mhlw.go.jp/znk-web/juminkanja/S2430/initialize?prefCd=15&kikanCd=YASNQ00130&kikanKbn=5", "url2": "https://medirevo.co.jp/", "内容": "一位三薬局【5:薬局】新潟県三条市南新保１－１４" }, "geometry": { "type": "Point", "coordinates": [ 138.958653, 37.624085 ] } },
{ "type": "Feature", "properties": { "ID": "155YASNQ00131", "正式名称": "笹菊あさひ薬局", "機関区分": 5, "都道府県コード": 15, "市区町村コード": 209, "所在地": "新潟県加茂市旭町６－１４", "緯度": 37.662149, "経度": 139.043638, "url": "https://www.iryou.teikyouseido.mhlw.go.jp/znk-web/juminkanja/S2430/initialize?prefCd=15&kikanCd=YASNQ00131&kikanKbn=5", "url2": "https://www.sasakiku.co.jp/", "内容": "笹菊あさひ薬局【5:薬局】新潟県加茂市旭町６－１４" }, "geometry": { "type": "Point", "coordinates": [ 139.043638, 37.662149 ] } },
{ "type": "Feature", "properties": { "ID": "155YASNX00001", "正式名称": "株式会社エーアンドエムしなの薬局県央基幹病院前店", "機関区分": 5, "都道府県コード": 15, "市区町村コード": 204, "所在地": "新潟県三条市上須頃５００１番地５", "緯度": 37.644869, "経度": 138.9322, "url": "https://www.iryou.teikyouseido.mhlw.go.jp/znk-web/juminkanja/S2430/initialize?prefCd=15&kikanCd=YASNX00001&kikanKbn=5", "url2": "https://www.shinano-pharmacy.com/", "内容": "株式会社エーアンドエムしなの薬局県央基幹病院前店【5:薬局】新潟県三条市上須頃５００１番地５" }, "geometry": { "type": "Point", "coordinates": [ 138.9322, 37.644869 ] } },
{ "type": "Feature", "properties": { "ID": "155YASNX00002", "正式名称": "上須頃薬局", "機関区分": 5, "都道府県コード": 15, "市区町村コード": 204, "所在地": "新潟県三条市上須頃１５２０ー８", "緯度": 37.648004, "経度": 138.933538, "url": "https://www.iryou.teikyouseido.mhlw.go.jp/znk-web/juminkanja/S2430/initialize?prefCd=15&kikanCd=YASNX00002&kikanKbn=5", "url2": "https://www.phstr.co.jp/Kamisugoro", "内容": "上須頃薬局【5:薬局】新潟県三条市上須頃１５２０ー８" }, "geometry": { "type": "Point", "coordinates": [ 138.933538, 37.648004 ] } },
{ "type": "Feature", "properties": { "ID": "155YASNX00003", "正式名称": "アイン薬局燕三条店", "機関区分": 5, "都道府県コード": 15, "市区町村コード": 204, "所在地": "新潟県三条市上須頃１１５６", "緯度": 37.638522, "経度": 138.935378, "url": "https://www.iryou.teikyouseido.mhlw.go.jp/znk-web/juminkanja/S2430/initialize?prefCd=15&kikanCd=YASNX00003&kikanKbn=5", "url2": null, "内容": "アイン薬局燕三条店【5:薬局】新潟県三条市上須頃１１５６" }, "geometry": { "type": "Point", "coordinates": [ 138.935378, 37.638522 ] } },
{ "type": "Feature", "properties": { "ID": "155YASNX00004", "正式名称": "笹菊つかのめ薬局", "機関区分": 5, "都道府県コード": 15, "市区町村コード": 204, "所在地": "新潟県三条市塚野目二丁目１１番１号", "緯度": 37.63708, "経度": 138.978906, "url": "https://www.iryou.teikyouseido.mhlw.go.jp/znk-web/juminkanja/S2430/initialize?prefCd=15&kikanCd=YASNX00004&kikanKbn=5", "url2": "https://www.sasakiku.co.jp/", "内容": "笹菊つかのめ薬局【5:薬局】新潟県三条市塚野目二丁目１１番１号" }, "geometry": { "type": "Point", "coordinates": [ 138.978906, 37.63708 ] } },
{ "type": "Feature", "properties": { "ID": "155YASNX00005", "正式名称": "東おおた薬局", "機関区分": 5, "都道府県コード": 15, "市区町村コード": 213, "所在地": "新潟県燕市東太田７０１７ー１", "緯度": 37.672454, "経度": 138.910313, "url": "https://www.iryou.teikyouseido.mhlw.go.jp/znk-web/juminkanja/S2430/initialize?prefCd=15&kikanCd=YASNX00005&kikanKbn=5", "url2": "https://nmt-com.info/?page_id=119", "内容": "東おおた薬局【5:薬局】新潟県燕市東太田７０１７ー１" }, "geometry": { "type": "Point", "coordinates": [ 138.910313, 37.672454 ] } },
{ "type": "Feature", "properties": { "ID": "155YASNX00006", "正式名称": "みなみ調剤薬局　荒町店", "機関区分": 5, "都道府県コード": 15, "市区町村コード": 204, "所在地": "新潟県三条市荒町２丁目１－２２", "緯度": 37.637972, "経度": 138.952469, "url": "https://www.iryou.teikyouseido.mhlw.go.jp/znk-web/juminkanja/S2430/initialize?prefCd=15&kikanCd=YASNX00006&kikanKbn=5", "url2": null, "内容": "みなみ調剤薬局　荒町店【5:薬局】新潟県三条市荒町２丁目１－２２" }, "geometry": { "type": "Point", "coordinates": [ 138.952469, 37.637972 ] } },
{ "type": "Feature", "properties": { "ID": "155YASNX00008", "正式名称": "共栄堂薬局つばめ南店", "機関区分": 5, "都道府県コード": 15, "市区町村コード": 213, "所在地": "新潟県燕市南６－１１－２０", "緯度": 37.660972, "経度": 138.932056, "url": "https://www.iryou.teikyouseido.mhlw.go.jp/znk-web/juminkanja/S2430/initialize?prefCd=15&kikanCd=YASNX00008&kikanKbn=5", "url2": null, "内容": "共栄堂薬局つばめ南店【5:薬局】新潟県燕市南６－１１－２０" }, "geometry": { "type": "Point", "coordinates": [ 138.932056, 37.660972 ] } },
{ "type": "Feature", "properties": { "ID": "155YASNX00011", "正式名称": "イオン薬局三条須頃店", "機関区分": 5, "都道府県コード": 15, "市区町村コード": 204, "所在地": "新潟県三条市上須頃５００９－４", "緯度": 37.64143, "経度": 138.93317, "url": "https://www.iryou.teikyouseido.mhlw.go.jp/znk-web/juminkanja/S2430/initialize?prefCd=15&kikanCd=YASNX00011&kikanKbn=5", "url2": null, "内容": "イオン薬局三条須頃店【5:薬局】新潟県三条市上須頃５００９－４" }, "geometry": { "type": "Point", "coordinates": [ 138.93317, 37.64143 ] } },
{ "type": "Feature", "properties": { "ID": "155YASNX00012", "正式名称": "アリア調剤薬局　こうや店", "機関区分": 5, "都道府県コード": 15, "市区町村コード": 204, "所在地": "新潟県三条市興野一丁目４番１９号", "緯度": 37.632951, "経度": 138.96877, "url": "https://www.iryou.teikyouseido.mhlw.go.jp/znk-web/juminkanja/S2430/initialize?prefCd=15&kikanCd=YASNX00012&kikanKbn=5", "url2": null, "内容": "アリア調剤薬局　こうや店【5:薬局】新潟県三条市興野一丁目４番１９号" }, "geometry": { "type": "Point", "coordinates": [ 138.96877, 37.632951 ] } },
{ "type": "Feature", "properties": { "ID": "155YATGQ00001", "正式名称": "ヒスイ調剤薬局", "機関区分": 5, "都道府県コード": 15, "市区町村コード": 216, "所在地": "新潟県糸魚川市東寺町１丁目４－９", "緯度": 37.044195, "経度": 137.871889, "url": "https://www.iryou.teikyouseido.mhlw.go.jp/znk-web/juminkanja/S2430/initialize?prefCd=15&kikanCd=YATGQ00001&kikanKbn=5", "url2": "https://ho-rai.co.jp/company/", "内容": "ヒスイ調剤薬局【5:薬局】新潟県糸魚川市東寺町１丁目４－９" }, "geometry": { "type": "Point", "coordinates": [ 137.871889, 37.044195 ] } },
{ "type": "Feature", "properties": { "ID": "155YATGQ00002", "正式名称": "八川屋薬局　横町店", "機関区分": 5, "都道府県コード": 15, "市区町村コード": 216, "所在地": "新潟県糸魚川市横町５－６－５４", "緯度": 37.042473, "経度": 137.847883, "url": "https://www.iryou.teikyouseido.mhlw.go.jp/znk-web/juminkanja/S2430/initialize?prefCd=15&kikanCd=YATGQ00002&kikanKbn=5", "url2": "https://meron-net.shop/ds/hatikawaya", "内容": "八川屋薬局　横町店【5:薬局】新潟県糸魚川市横町５－６－５４" }, "geometry": { "type": "Point", "coordinates": [ 137.847883, 37.042473 ] } },
{ "type": "Feature", "properties": { "ID": "155YATGQ00003", "正式名称": "のぞみ薬局", "機関区分": 5, "都道府県コード": 15, "市区町村コード": 216, "所在地": "新潟県糸魚川市大字能生７１７２番地３", "緯度": 37.104457, "経度": 137.989561, "url": "https://www.iryou.teikyouseido.mhlw.go.jp/znk-web/juminkanja/S2430/initialize?prefCd=15&kikanCd=YATGQ00003&kikanKbn=5", "url2": "https://meron-net.shop/ds/nozomi-pharmacy-1999", "内容": "のぞみ薬局【5:薬局】新潟県糸魚川市大字能生７１７２番地３" }, "geometry": { "type": "Point", "coordinates": [ 137.989561, 37.104457 ] } },
{ "type": "Feature", "properties": { "ID": "155YATGQ00004", "正式名称": "アイン薬局竹ヶ花店", "機関区分": 5, "都道府県コード": 15, "市区町村コード": 216, "所在地": "新潟県糸魚川市竹ケ花　５２６－１", "緯度": 37.047907, "経度": 137.888367, "url": "https://www.iryou.teikyouseido.mhlw.go.jp/znk-web/juminkanja/S2430/initialize?prefCd=15&kikanCd=YATGQ00004&kikanKbn=5", "url2": "https://store.ainj.co.jp/detail/1100525/", "内容": "アイン薬局竹ヶ花店【5:薬局】新潟県糸魚川市竹ケ花　５２６－１" }, "geometry": { "type": "Point", "coordinates": [ 137.888367, 37.047907 ] } },
{ "type": "Feature", "properties": { "ID": "155YATGQ00005", "正式名称": "一の宮調剤薬局", "機関区分": 5, "都道府県コード": 15, "市区町村コード": 216, "所在地": "新潟県糸魚川市一の宮１丁目１番４３号", "緯度": 37.04035, "経度": 137.863312, "url": "https://www.iryou.teikyouseido.mhlw.go.jp/znk-web/juminkanja/S2430/initialize?prefCd=15&kikanCd=YATGQ00005&kikanKbn=5", "url2": null, "内容": "一の宮調剤薬局【5:薬局】新潟県糸魚川市一の宮１丁目１番４３号" }, "geometry": { "type": "Point", "coordinates": [ 137.863312, 37.04035 ] } },
{ "type": "Feature", "properties": { "ID": "155YATGQ00006", "正式名称": "押上調剤薬局", "機関区分": 5, "都道府県コード": 15, "市区町村コード": 216, "所在地": "新潟県糸魚川市南押上３丁目４番３７号", "緯度": 37.044677, "経度": 137.880268, "url": "https://www.iryou.teikyouseido.mhlw.go.jp/znk-web/juminkanja/S2430/initialize?prefCd=15&kikanCd=YATGQ00006&kikanKbn=5", "url2": null, "内容": "押上調剤薬局【5:薬局】新潟県糸魚川市南押上３丁目４番３７号" }, "geometry": { "type": "Point", "coordinates": [ 137.880268, 37.044677 ] } },
{ "type": "Feature", "properties": { "ID": "155YATGQ00007", "正式名称": "あい竹ヶ花調剤薬局", "機関区分": 5, "都道府県コード": 15, "市区町村コード": 216, "所在地": "新潟県糸魚川市竹ケ花４８０－１", "緯度": 37.048748, "経度": 137.889489, "url": "https://www.iryou.teikyouseido.mhlw.go.jp/znk-web/juminkanja/S2430/initialize?prefCd=15&kikanCd=YATGQ00007&kikanKbn=5", "url2": null, "内容": "あい竹ヶ花調剤薬局【5:薬局】新潟県糸魚川市竹ケ花４８０－１" }, "geometry": { "type": "Point", "coordinates": [ 137.889489, 37.048748 ] } },
{ "type": "Feature", "properties": { "ID": "155YATGQ00008", "正式名称": "アイランド薬局糸魚川店", "機関区分": 5, "都道府県コード": 15, "市区町村コード": 216, "所在地": "新潟県糸魚川市南寺町１－１－８", "緯度": 37.043812, "経度": 137.865796, "url": "https://www.iryou.teikyouseido.mhlw.go.jp/znk-web/juminkanja/S2430/initialize?prefCd=15&kikanCd=YATGQ00008&kikanKbn=5", "url2": "https://www.apocreat.co.jp/", "内容": "アイランド薬局糸魚川店【5:薬局】新潟県糸魚川市南寺町１－１－８" }, "geometry": { "type": "Point", "coordinates": [ 137.865796, 37.043812 ] } },
{ "type": "Feature", "properties": { "ID": "155YATGQ00009", "正式名称": "青海薬局", "機関区分": 5, "都道府県コード": 15, "市区町村コード": 216, "所在地": "新潟県糸魚川市寺地２３３", "緯度": 37.024846, "経度": 137.79976, "url": "https://www.iryou.teikyouseido.mhlw.go.jp/znk-web/juminkanja/S2430/initialize?prefCd=15&kikanCd=YATGQ00009&kikanKbn=5", "url2": "https://ho-rai.co.jp/shop/ohmi/", "内容": "青海薬局【5:薬局】新潟県糸魚川市寺地２３３" }, "geometry": { "type": "Point", "coordinates": [ 137.79976, 37.024846 ] } },
{ "type": "Feature", "properties": { "ID": "155YATGQ00010", "正式名称": "アイン薬局糸魚川南寺町店", "機関区分": 5, "都道府県コード": 15, "市区町村コード": 216, "所在地": "新潟県　糸魚川市　南寺町２－１０－２９", "緯度": 37.042018, "経度": 137.868015, "url": "https://www.iryou.teikyouseido.mhlw.go.jp/znk-web/juminkanja/S2430/initialize?prefCd=15&kikanCd=YATGQ00010&kikanKbn=5", "url2": "https://store.ainj.co.jp/detail/1101221/", "内容": "アイン薬局糸魚川南寺町店【5:薬局】新潟県　糸魚川市　南寺町２－１０－２９" }, "geometry": { "type": "Point", "coordinates": [ 137.868015, 37.042018 ] } },
{ "type": "Feature", "properties": { "ID": "155YATGQ00011", "正式名称": "あい横町調剤薬局", "機関区分": 5, "都道府県コード": 15, "市区町村コード": 216, "所在地": "新潟県糸魚川市横町２－３－５", "緯度": 37.043665, "経度": 137.852777, "url": "https://www.iryou.teikyouseido.mhlw.go.jp/znk-web/juminkanja/S2430/initialize?prefCd=15&kikanCd=YATGQ00011&kikanKbn=5", "url2": null, "内容": "あい横町調剤薬局【5:薬局】新潟県糸魚川市横町２－３－５" }, "geometry": { "type": "Point", "coordinates": [ 137.852777, 37.043665 ] } },
{ "type": "Feature", "properties": { "ID": "155YATGQ00012", "正式名称": "宮野薬局", "機関区分": 5, "都道府県コード": 15, "市区町村コード": 216, "所在地": "新潟県糸魚川市新鉄１－２－６", "緯度": 37.043161, "経度": 137.857276, "url": "https://www.iryou.teikyouseido.mhlw.go.jp/znk-web/juminkanja/S2430/initialize?prefCd=15&kikanCd=YATGQ00012&kikanKbn=5", "url2": null, "内容": "宮野薬局【5:薬局】新潟県糸魚川市新鉄１－２－６" }, "geometry": { "type": "Point", "coordinates": [ 137.857276, 37.043161 ] } },
{ "type": "Feature", "properties": { "ID": "155YATGQ00013", "正式名称": "共創未来　糸魚川薬局", "機関区分": 5, "都道府県コード": 15, "市区町村コード": 216, "所在地": "新潟県糸魚川市竹ケ花５２７－１", "緯度": 37.047966, "経度": 137.888648, "url": "https://www.iryou.teikyouseido.mhlw.go.jp/znk-web/juminkanja/S2430/initialize?prefCd=15&kikanCd=YATGQ00013&kikanKbn=5", "url2": null, "内容": "共創未来　糸魚川薬局【5:薬局】新潟県糸魚川市竹ケ花５２７－１" }, "geometry": { "type": "Point", "coordinates": [ 137.888648, 37.047966 ] } },
{ "type": "Feature", "properties": { "ID": "155YATGQ00014", "正式名称": "てらまち調剤薬局", "機関区分": 5, "都道府県コード": 15, "市区町村コード": 216, "所在地": "新潟県糸魚川市寺町１－６－１２", "緯度": 37.045973, "経度": 137.863984, "url": "https://www.iryou.teikyouseido.mhlw.go.jp/znk-web/juminkanja/S2430/initialize?prefCd=15&kikanCd=YATGQ00014&kikanKbn=5", "url2": "https://www.teramachi-ph.com/", "内容": "てらまち調剤薬局【5:薬局】新潟県糸魚川市寺町１－６－１２" }, "geometry": { "type": "Point", "coordinates": [ 137.863984, 37.045973 ] } },
{ "type": "Feature", "properties": { "ID": "155YATGQ00015", "正式名称": "くしはし薬局", "機関区分": 5, "都道府県コード": 15, "市区町村コード": 216, "所在地": "新潟県糸魚川市田海５３９２", "緯度": 37.027959, "経度": 137.818409, "url": "https://www.iryou.teikyouseido.mhlw.go.jp/znk-web/juminkanja/S2430/initialize?prefCd=15&kikanCd=YATGQ00015&kikanKbn=5", "url2": "https://meron-net.shop/ds/kusuri-kushihashi", "内容": "くしはし薬局【5:薬局】新潟県糸魚川市田海５３９２" }, "geometry": { "type": "Point", "coordinates": [ 137.818409, 37.027959 ] } },
{ "type": "Feature", "properties": { "ID": "155YATGQ00016", "正式名称": "クローバー薬局", "機関区分": 5, "都道府県コード": 15, "市区町村コード": 216, "所在地": "新潟県糸魚川市平牛２１２４番地", "緯度": 37.046524, "経度": 137.88457, "url": "https://www.iryou.teikyouseido.mhlw.go.jp/znk-web/juminkanja/S2430/initialize?prefCd=15&kikanCd=YATGQ00016&kikanKbn=5", "url2": "https://www.e-classa.net/corazon_clover-pharmacy/index.html", "内容": "クローバー薬局【5:薬局】新潟県糸魚川市平牛２１２４番地" }, "geometry": { "type": "Point", "coordinates": [ 137.88457, 37.046524 ] } },
{ "type": "Feature", "properties": { "ID": "155YATGQ00017", "正式名称": "うえかり薬局", "機関区分": 5, "都道府県コード": 15, "市区町村コード": 216, "所在地": "新潟県糸魚川市上刈２－５－２５", "緯度": 37.034542, "経度": 137.857094, "url": "https://www.iryou.teikyouseido.mhlw.go.jp/znk-web/juminkanja/S2430/initialize?prefCd=15&kikanCd=YATGQ00017&kikanKbn=5", "url2": null, "内容": "うえかり薬局【5:薬局】新潟県糸魚川市上刈２－５－２５" }, "geometry": { "type": "Point", "coordinates": [ 137.857094, 37.034542 ] } },
{ "type": "Feature", "properties": { "ID": "155YATGQ00018", "正式名称": "カワセミ薬局", "機関区分": 5, "都道府県コード": 15, "市区町村コード": 216, "所在地": "新潟県糸魚川市南押上１丁目１６番３５号", "緯度": 37.044447, "経度": 137.877684, "url": "https://www.iryou.teikyouseido.mhlw.go.jp/znk-web/juminkanja/S2430/initialize?prefCd=15&kikanCd=YATGQ00018&kikanKbn=5", "url2": "http://www.ho-rai.co.jp/", "内容": "カワセミ薬局【5:薬局】新潟県糸魚川市南押上１丁目１６番３５号" }, "geometry": { "type": "Point", "coordinates": [ 137.877684, 37.044447 ] } },
{ "type": "Feature", "properties": { "ID": "155YATGQ00019", "正式名称": "ハヤカワ調剤薬局", "機関区分": 5, "都道府県コード": 15, "市区町村コード": 216, "所在地": "新潟県糸魚川市西谷内７４－８", "緯度": 37.042055, "経度": 137.921158, "url": "https://www.iryou.teikyouseido.mhlw.go.jp/znk-web/juminkanja/S2430/initialize?prefCd=15&kikanCd=YATGQ00019&kikanKbn=5", "url2": "http://www.ho-rai.co.jp", "内容": "ハヤカワ調剤薬局【5:薬局】新潟県糸魚川市西谷内７４－８" }, "geometry": { "type": "Point", "coordinates": [ 137.921158, 37.042055 ] } },
{ "type": "Feature", "properties": { "ID": "155YATGQ00020", "正式名称": "うえかり薬局　駅前店", "機関区分": 5, "都道府県コード": 15, "市区町村コード": 216, "所在地": "新潟県糸魚川市大町２－５－２３", "緯度": 37.045597, "経度": 137.861513, "url": "https://www.iryou.teikyouseido.mhlw.go.jp/znk-web/juminkanja/S2430/initialize?prefCd=15&kikanCd=YATGQ00020&kikanKbn=5", "url2": null, "内容": "うえかり薬局　駅前店【5:薬局】新潟県糸魚川市大町２－５－２３" }, "geometry": { "type": "Point", "coordinates": [ 137.861513, 37.045597 ] } },
{ "type": "Feature", "properties": { "ID": "155YATGQ00021", "正式名称": "クスリのアオキ厚田薬局", "機関区分": 5, "都道府県コード": 15, "市区町村コード": 216, "所在地": "新潟県糸魚川市大和川１２６８番地３", "緯度": 37.04869, "経度": 137.890674, "url": "https://www.iryou.teikyouseido.mhlw.go.jp/znk-web/juminkanja/S2430/initialize?prefCd=15&kikanCd=YATGQ00021&kikanKbn=5", "url2": "https://www.kusuri-aoki.co.jp/", "内容": "クスリのアオキ厚田薬局【5:薬局】新潟県糸魚川市大和川１２６８番地３" }, "geometry": { "type": "Point", "coordinates": [ 137.890674, 37.04869 ] } },
{ "type": "Feature", "properties": { "ID": "155YATKQ00001", "正式名称": "株式会社島田薬局", "機関区分": 5, "都道府県コード": 15, "市区町村コード": 210, "所在地": "新潟県十日町市駅通り２４－２", "緯度": 37.133526, "経度": 138.760563, "url": "https://www.iryou.teikyouseido.mhlw.go.jp/znk-web/juminkanja/S2430/initialize?prefCd=15&kikanCd=YATKQ00001&kikanKbn=5", "url2": "https://www.shimada-yakkyoku.com", "内容": "株式会社島田薬局【5:薬局】新潟県十日町市駅通り２４－２" }, "geometry": { "type": "Point", "coordinates": [ 138.760563, 37.133526 ] } },
{ "type": "Feature", "properties": { "ID": "155YATKQ00003", "正式名称": "プラザ調剤薬局", "機関区分": 5, "都道府県コード": 15, "市区町村コード": 210, "所在地": "新潟県十日町市本町３丁目３６２番地４プラザコア１階", "緯度": 37.132957, "経度": 138.761198, "url": "https://www.iryou.teikyouseido.mhlw.go.jp/znk-web/juminkanja/S2430/initialize?prefCd=15&kikanCd=YATKQ00003&kikanKbn=5", "url2": "http://keirin-net.co.jp/", "内容": "プラザ調剤薬局【5:薬局】新潟県十日町市本町３丁目３６２番地４プラザコア１階" }, "geometry": { "type": "Point", "coordinates": [ 138.761198, 37.132957 ] } },
{ "type": "Feature", "properties": { "ID": "155YATKQ00004", "正式名称": "保健堂薬局宮野原店", "機関区分": 5, "都道府県コード": 15, "市区町村コード": 482, "所在地": "新潟県中魚沼郡津南町上郷宮野原１３７－３", "緯度": 36.992057, "経度": 138.589652, "url": "https://www.iryou.teikyouseido.mhlw.go.jp/znk-web/juminkanja/S2430/initialize?prefCd=15&kikanCd=YATKQ00004&kikanKbn=5", "url2": null, "内容": "保健堂薬局宮野原店【5:薬局】新潟県中魚沼郡津南町上郷宮野原１３７－３" }, "geometry": { "type": "Point", "coordinates": [ 138.589652, 36.992057 ] } },
{ "type": "Feature", "properties": { "ID": "155YATKQ00005", "正式名称": "エム・ケイ薬局　とおかまち店", "機関区分": 5, "都道府県コード": 15, "市区町村コード": 210, "所在地": "新潟県十日町市春日町３－１８９", "緯度": 37.130133, "経度": 138.751459, "url": "https://www.iryou.teikyouseido.mhlw.go.jp/znk-web/juminkanja/S2430/initialize?prefCd=15&kikanCd=YATKQ00005&kikanKbn=5", "url2": "http://www.mk-m.co.jp/", "内容": "エム・ケイ薬局　とおかまち店【5:薬局】新潟県十日町市春日町３－１８９" }, "geometry": { "type": "Point", "coordinates": [ 138.751459, 37.130133 ] } },
{ "type": "Feature", "properties": { "ID": "155YATKQ00006", "正式名称": "たかやま調剤薬局", "機関区分": 5, "都道府県コード": 15, "市区町村コード": 210, "所在地": "新潟県十日町市春日町３丁目１１４", "緯度": 37.130475, "経度": 138.751184, "url": "https://www.iryou.teikyouseido.mhlw.go.jp/znk-web/juminkanja/S2430/initialize?prefCd=15&kikanCd=YATKQ00006&kikanKbn=5", "url2": null, "内容": "たかやま調剤薬局【5:薬局】新潟県十日町市春日町３丁目１１４" }, "geometry": { "type": "Point", "coordinates": [ 138.751184, 37.130475 ] } },
{ "type": "Feature", "properties": { "ID": "155YATKQ00007", "正式名称": "中条調剤薬局", "機関区分": 5, "都道府県コード": 15, "市区町村コード": 210, "所在地": "新潟県十日町市中条己２９７７－１", "緯度": 37.176486, "経度": 138.776564, "url": "https://www.iryou.teikyouseido.mhlw.go.jp/znk-web/juminkanja/S2430/initialize?prefCd=15&kikanCd=YATKQ00007&kikanKbn=5", "url2": null, "内容": "中条調剤薬局【5:薬局】新潟県十日町市中条己２９７７－１" }, "geometry": { "type": "Point", "coordinates": [ 138.776564, 37.176486 ] } },
{ "type": "Feature", "properties": { "ID": "155YATKQ00008", "正式名称": "いなり調剤薬局", "機関区分": 5, "都道府県コード": 15, "市区町村コード": 210, "所在地": "新潟県十日町市稲荷町三丁目５番地２", "緯度": 37.137898, "経度": 138.75631, "url": "https://www.iryou.teikyouseido.mhlw.go.jp/znk-web/juminkanja/S2430/initialize?prefCd=15&kikanCd=YATKQ00008&kikanKbn=5", "url2": null, "内容": "いなり調剤薬局【5:薬局】新潟県十日町市稲荷町三丁目５番地２" }, "geometry": { "type": "Point", "coordinates": [ 138.75631, 37.137898 ] } },
{ "type": "Feature", "properties": { "ID": "155YATKQ00009", "正式名称": "西区薬局", "機関区分": 5, "都道府県コード": 15, "市区町村コード": 210, "所在地": "新潟県十日町市本町西１丁目３０８番地２", "緯度": 37.129041, "経度": 138.759305, "url": "https://www.iryou.teikyouseido.mhlw.go.jp/znk-web/juminkanja/S2430/initialize?prefCd=15&kikanCd=YATKQ00009&kikanKbn=5", "url2": "https://www.phstr.co.jp/nishiku", "内容": "西区薬局【5:薬局】新潟県十日町市本町西１丁目３０８番地２" }, "geometry": { "type": "Point", "coordinates": [ 138.759305, 37.129041 ] } },
{ "type": "Feature", "properties": { "ID": "155YATKQ00010", "正式名称": "エム・ケイ薬局　まつだい店", "機関区分": 5, "都道府県コード": 15, "市区町村コード": 210, "所在地": "新潟県十日町市松代３６４９－１", "緯度": 37.134415, "経度": 138.61488, "url": "https://www.iryou.teikyouseido.mhlw.go.jp/znk-web/juminkanja/S2430/initialize?prefCd=15&kikanCd=YATKQ00010&kikanKbn=5", "url2": "http://www.mk-m.co.jp/", "内容": "エム・ケイ薬局　まつだい店【5:薬局】新潟県十日町市松代３６４９－１" }, "geometry": { "type": "Point", "coordinates": [ 138.61488, 37.134415 ] } },
{ "type": "Feature", "properties": { "ID": "155YATKQ00011", "正式名称": "松代調剤薬局", "機関区分": 5, "都道府県コード": 15, "市区町村コード": 210, "所在地": "新潟県十日町市松代３６２０－１", "緯度": 37.134569, "経度": 138.614585, "url": "https://www.iryou.teikyouseido.mhlw.go.jp/znk-web/juminkanja/S2430/initialize?prefCd=15&kikanCd=YATKQ00011&kikanKbn=5", "url2": "http://keirin-net.co.jp/", "内容": "松代調剤薬局【5:薬局】新潟県十日町市松代３６２０－１" }, "geometry": { "type": "Point", "coordinates": [ 138.614585, 37.134569 ] } },
{ "type": "Feature", "properties": { "ID": "155YATKQ00012", "正式名称": "わかば薬局　袋町店", "機関区分": 5, "都道府県コード": 15, "市区町村コード": 210, "所在地": "新潟県十日町市高田町一丁目２１２", "緯度": 37.131185, "経度": 138.759475, "url": "https://www.iryou.teikyouseido.mhlw.go.jp/znk-web/juminkanja/S2430/initialize?prefCd=15&kikanCd=YATKQ00012&kikanKbn=5", "url2": null, "内容": "わかば薬局　袋町店【5:薬局】新潟県十日町市高田町一丁目２１２" }, "geometry": { "type": "Point", "coordinates": [ 138.759475, 37.131185 ] } },
{ "type": "Feature", "properties": { "ID": "155YATKQ00013", "正式名称": "川西調剤薬局", "機関区分": 5, "都道府県コード": 15, "市区町村コード": 210, "所在地": "新潟県十日町市高原田２０１－８", "緯度": 37.170578, "経度": 138.742084, "url": "https://www.iryou.teikyouseido.mhlw.go.jp/znk-web/juminkanja/S2430/initialize?prefCd=15&kikanCd=YATKQ00013&kikanKbn=5", "url2": "http://keirin-net.co.jp", "内容": "川西調剤薬局【5:薬局】新潟県十日町市高原田２０１－８" }, "geometry": { "type": "Point", "coordinates": [ 138.742084, 37.170578 ] } },
{ "type": "Feature", "properties": { "ID": "155YATKQ00014", "正式名称": "勝又薬局", "機関区分": 5, "都道府県コード": 15, "市区町村コード": 210, "所在地": "新潟県十日町市昭和町２丁目７１番地１", "緯度": 37.132535, "経度": 138.757401, "url": "https://www.iryou.teikyouseido.mhlw.go.jp/znk-web/juminkanja/S2430/initialize?prefCd=15&kikanCd=YATKQ00014&kikanKbn=5", "url2": null, "内容": "勝又薬局【5:薬局】新潟県十日町市昭和町２丁目７１番地１" }, "geometry": { "type": "Point", "coordinates": [ 138.757401, 37.132535 ] } },
{ "type": "Feature", "properties": { "ID": "155YATKQ00015", "正式名称": "日本調剤　十日町薬局", "機関区分": 5, "都道府県コード": 15, "市区町村コード": 210, "所在地": "新潟県十日町市春日町２－１１１", "緯度": 37.13089, "経度": 138.751334, "url": "https://www.iryou.teikyouseido.mhlw.go.jp/znk-web/juminkanja/S2430/initialize?prefCd=15&kikanCd=YATKQ00015&kikanKbn=5", "url2": "https://www.nicho.co.jp/tenpo/toukamati/", "内容": "日本調剤　十日町薬局【5:薬局】新潟県十日町市春日町２－１１１" }, "geometry": { "type": "Point", "coordinates": [ 138.751334, 37.13089 ] } },
{ "type": "Feature", "properties": { "ID": "155YATKQ00016", "正式名称": "笹山調剤薬局", "機関区分": 5, "都道府県コード": 15, "市区町村コード": 210, "所在地": "新潟県十日町市中条甲１０８３ー２", "緯度": 37.164384, "経度": 138.772991, "url": "https://www.iryou.teikyouseido.mhlw.go.jp/znk-web/juminkanja/S2430/initialize?prefCd=15&kikanCd=YATKQ00016&kikanKbn=5", "url2": null, "内容": "笹山調剤薬局【5:薬局】新潟県十日町市中条甲１０８３ー２" }, "geometry": { "type": "Point", "coordinates": [ 138.772991, 37.164384 ] } },
{ "type": "Feature", "properties": { "ID": "155YATKQ00017", "正式名称": "もりの調剤薬局", "機関区分": 5, "都道府県コード": 15, "市区町村コード": 210, "所在地": "新潟県十日町市馬場丙１５２１番地１２", "緯度": 37.094624, "経度": 138.723626, "url": "https://www.iryou.teikyouseido.mhlw.go.jp/znk-web/juminkanja/S2430/initialize?prefCd=15&kikanCd=YATKQ00017&kikanKbn=5", "url2": null, "内容": "もりの調剤薬局【5:薬局】新潟県十日町市馬場丙１５２１番地１２" }, "geometry": { "type": "Point", "coordinates": [ 138.723626, 37.094624 ] } },
{ "type": "Feature", "properties": { "ID": "155YATKQ00019", "正式名称": "四日町薬局", "機関区分": 5, "都道府県コード": 15, "市区町村コード": 210, "所在地": "新潟県十日町市新座甲６２０番地５", "緯度": 37.146204, "経度": 138.765663, "url": "https://www.iryou.teikyouseido.mhlw.go.jp/znk-web/juminkanja/S2430/initialize?prefCd=15&kikanCd=YATKQ00019&kikanKbn=5", "url2": "https://lino2016.jp/pharmacy/", "内容": "四日町薬局【5:薬局】新潟県十日町市新座甲６２０番地５" }, "geometry": { "type": "Point", "coordinates": [ 138.765663, 37.146204 ] } },
{ "type": "Feature", "properties": { "ID": "155YATKQ00020", "正式名称": "アイン薬局十日町店", "機関区分": 5, "都道府県コード": 15, "市区町村コード": 210, "所在地": "新潟県十日町市稲荷町三丁目南１－１８", "緯度": 37.135142, "経度": 138.754769, "url": "https://www.iryou.teikyouseido.mhlw.go.jp/znk-web/juminkanja/S2430/initialize?prefCd=15&kikanCd=YATKQ00020&kikanKbn=5", "url2": "https://store.ainj.co.jp/detail/1101207/", "内容": "アイン薬局十日町店【5:薬局】新潟県十日町市稲荷町三丁目南１－１８" }, "geometry": { "type": "Point", "coordinates": [ 138.754769, 37.135142 ] } },
{ "type": "Feature", "properties": { "ID": "155YATKQ00021", "正式名称": "エム・ケイ薬局　つなん店", "機関区分": 5, "都道府県コード": 15, "市区町村コード": 482, "所在地": "新潟県中魚沼郡津南町大字下船渡戊７２３－１", "緯度": 37.015039, "経度": 138.648551, "url": "https://www.iryou.teikyouseido.mhlw.go.jp/znk-web/juminkanja/S2430/initialize?prefCd=15&kikanCd=YATKQ00021&kikanKbn=5", "url2": "https://www.mk-m.co.jp", "内容": "エム・ケイ薬局　つなん店【5:薬局】新潟県中魚沼郡津南町大字下船渡戊７２３－１" }, "geometry": { "type": "Point", "coordinates": [ 138.648551, 37.015039 ] } },
{ "type": "Feature", "properties": { "ID": "155YATKQ00022", "正式名称": "保健堂薬局", "機関区分": 5, "都道府県コード": 15, "市区町村コード": 482, "所在地": "新潟県中魚沼郡津南町下船渡戊７２３ー４", "緯度": 37.015092, "経度": 138.648419, "url": "https://www.iryou.teikyouseido.mhlw.go.jp/znk-web/juminkanja/S2430/initialize?prefCd=15&kikanCd=YATKQ00022&kikanKbn=5", "url2": null, "内容": "保健堂薬局【5:薬局】新潟県中魚沼郡津南町下船渡戊７２３ー４" }, "geometry": { "type": "Point", "coordinates": [ 138.648419, 37.015092 ] } },
{ "type": "Feature", "properties": { "ID": "155YATKQ00023", "正式名称": "ファーマライズ薬局十日町店", "機関区分": 5, "都道府県コード": 15, "市区町村コード": 210, "所在地": "新潟県十日町市春日町二丁目１０８番地", "緯度": 37.131093, "経度": 138.751313, "url": "https://www.iryou.teikyouseido.mhlw.go.jp/znk-web/juminkanja/S2430/initialize?prefCd=15&kikanCd=YATKQ00023&kikanKbn=5", "url2": "https://www.pharmarise.com/", "内容": "ファーマライズ薬局十日町店【5:薬局】新潟県十日町市春日町二丁目１０８番地" }, "geometry": { "type": "Point", "coordinates": [ 138.751313, 37.131093 ] } },
{ "type": "Feature", "properties": { "ID": "155YATKQ00025", "正式名称": "ウエルシア薬局十日町住吉店", "機関区分": 5, "都道府県コード": 15, "市区町村コード": 210, "所在地": "新潟県十日町市高田町四丁目１５６－２", "緯度": 37.13293, "経度": 138.749603, "url": "https://www.iryou.teikyouseido.mhlw.go.jp/znk-web/juminkanja/S2430/initialize?prefCd=15&kikanCd=YATKQ00025&kikanKbn=5", "url2": "https://www.welcia-yakkyoku.co.jp/", "内容": "ウエルシア薬局十日町住吉店【5:薬局】新潟県十日町市高田町四丁目１５６－２" }, "geometry": { "type": "Point", "coordinates": [ 138.749603, 37.13293 ] } },
{ "type": "Feature", "properties": { "ID": "155YATKQ00026", "正式名称": "駅西調剤薬局", "機関区分": 5, "都道府県コード": 15, "市区町村コード": 210, "所在地": "新潟県十日町市稲荷町三丁目南７番地２６", "緯度": 37.13612, "経度": 138.755823, "url": "https://www.iryou.teikyouseido.mhlw.go.jp/znk-web/juminkanja/S2430/initialize?prefCd=15&kikanCd=YATKQ00026&kikanKbn=5", "url2": null, "内容": "駅西調剤薬局【5:薬局】新潟県十日町市稲荷町三丁目南７番地２６" }, "geometry": { "type": "Point", "coordinates": [ 138.755823, 37.13612 ] } },
{ "type": "Feature", "properties": { "ID": "155YATKQ00027", "正式名称": "ＡＬＰＨＡＳ薬局　十日町高田店", "機関区分": 5, "都道府県コード": 15, "市区町村コード": 210, "所在地": "新潟県十日町市高田町三丁目西１０７", "緯度": 37.134723, "経度": 138.751601, "url": "https://www.iryou.teikyouseido.mhlw.go.jp/znk-web/juminkanja/S2430/initialize?prefCd=15&kikanCd=YATKQ00027&kikanKbn=5", "url2": "https://nmi-net.com", "内容": "ＡＬＰＨＡＳ薬局　十日町高田店【5:薬局】新潟県十日町市高田町三丁目西１０７" }, "geometry": { "type": "Point", "coordinates": [ 138.751601, 37.134723 ] } },
{ "type": "Feature", "properties": { "ID": "155YATKQ00028", "正式名称": "ウエルシア薬局十日町下川原町店", "機関区分": 5, "都道府県コード": 15, "市区町村コード": 210, "所在地": "新潟県十日町市西本町３－２３５－２", "緯度": 37.145477, "経度": 138.753709, "url": "https://www.iryou.teikyouseido.mhlw.go.jp/znk-web/juminkanja/S2430/initialize?prefCd=15&kikanCd=YATKQ00028&kikanKbn=5", "url2": "https://store.welcia.co.jp/welcia/spot/detail?code=153D", "内容": "ウエルシア薬局十日町下川原町店【5:薬局】新潟県十日町市西本町３－２３５－２" }, "geometry": { "type": "Point", "coordinates": [ 138.753709, 37.145477 ] } },
{ "type": "Feature", "properties": { "ID": "155YATKQ00029", "正式名称": "十日町調剤薬局", "機関区分": 5, "都道府県コード": 15, "市区町村コード": 210, "所在地": "新潟県十日町市山本町１丁目８０１番地５", "緯度": 37.123334, "経度": 138.754095, "url": "https://www.iryou.teikyouseido.mhlw.go.jp/znk-web/juminkanja/S2430/initialize?prefCd=15&kikanCd=YATKQ00029&kikanKbn=5", "url2": "http://keirin-net.co.jp/", "内容": "十日町調剤薬局【5:薬局】新潟県十日町市山本町１丁目８０１番地５" }, "geometry": { "type": "Point", "coordinates": [ 138.754095, 37.123334 ] } },
{ "type": "Feature", "properties": { "ID": "155YATKQ00030", "正式名称": "千手薬局", "機関区分": 5, "都道府県コード": 15, "市区町村コード": 210, "所在地": "新潟県十日町市上新井１１４５－５", "緯度": 37.158861, "経度": 138.738794, "url": "https://www.iryou.teikyouseido.mhlw.go.jp/znk-web/juminkanja/S2430/initialize?prefCd=15&kikanCd=YATKQ00030&kikanKbn=5", "url2": null, "内容": "千手薬局【5:薬局】新潟県十日町市上新井１１４５－５" }, "geometry": { "type": "Point", "coordinates": [ 138.738794, 37.158861 ] } },
{ "type": "Feature", "properties": { "ID": "155YAUNQ00001", "正式名称": "合資会社　タナカ薬局", "機関区分": 5, "都道府県コード": 15, "市区町村コード": 225, "所在地": "新潟県魚沼市堀之内４０８７番地１", "緯度": 37.241537, "経度": 138.929804, "url": "https://www.iryou.teikyouseido.mhlw.go.jp/znk-web/juminkanja/S2430/initialize?prefCd=15&kikanCd=YAUNQ00001&kikanKbn=5", "url2": null, "内容": "合資会社　タナカ薬局【5:薬局】新潟県魚沼市堀之内４０８７番地１" }, "geometry": { "type": "Point", "coordinates": [ 138.929804, 37.241537 ] } },
{ "type": "Feature", "properties": { "ID": "155YAUNQ00002", "正式名称": "ヤマトヤ薬局", "機関区分": 5, "都道府県コード": 15, "市区町村コード": 225, "所在地": "新潟県魚沼市堀之内３２１", "緯度": 37.242273, "経度": 138.928538, "url": "https://www.iryou.teikyouseido.mhlw.go.jp/znk-web/juminkanja/S2430/initialize?prefCd=15&kikanCd=YAUNQ00002&kikanKbn=5", "url2": null, "内容": "ヤマトヤ薬局【5:薬局】新潟県魚沼市堀之内３２１" }, "geometry": { "type": "Point", "coordinates": [ 138.928538, 37.242273 ] } },
{ "type": "Feature", "properties": { "ID": "155YAUNQ00003", "正式名称": "東町調剤薬局", "機関区分": 5, "都道府県コード": 15, "市区町村コード": 225, "所在地": "新潟県魚沼市小出島１２０９－３１", "緯度": 37.229521, "経度": 138.965758, "url": "https://www.iryou.teikyouseido.mhlw.go.jp/znk-web/juminkanja/S2430/initialize?prefCd=15&kikanCd=YAUNQ00003&kikanKbn=5", "url2": null, "内容": "東町調剤薬局【5:薬局】新潟県魚沼市小出島１２０９－３１" }, "geometry": { "type": "Point", "coordinates": [ 138.965758, 37.229521 ] } },
{ "type": "Feature", "properties": { "ID": "155YAUNQ00004", "正式名称": "合資会社　マル井薬局", "機関区分": 5, "都道府県コード": 15, "市区町村コード": 225, "所在地": "新潟県魚沼市横町１丁目１５", "緯度": 37.23302, "経度": 138.9574, "url": "https://www.iryou.teikyouseido.mhlw.go.jp/znk-web/juminkanja/S2430/initialize?prefCd=15&kikanCd=YAUNQ00004&kikanKbn=5", "url2": null, "内容": "合資会社　マル井薬局【5:薬局】新潟県魚沼市横町１丁目１５" }, "geometry": { "type": "Point", "coordinates": [ 138.9574, 37.23302 ] } },
{ "type": "Feature", "properties": { "ID": "155YAUNQ00005", "正式名称": "有限会社　藤岡薬局", "機関区分": 5, "都道府県コード": 15, "市区町村コード": 225, "所在地": "新潟県魚沼市本町１－３５", "緯度": 37.232392, "経度": 138.957844, "url": "https://www.iryou.teikyouseido.mhlw.go.jp/znk-web/juminkanja/S2430/initialize?prefCd=15&kikanCd=YAUNQ00005&kikanKbn=5", "url2": null, "内容": "有限会社　藤岡薬局【5:薬局】新潟県魚沼市本町１－３５" }, "geometry": { "type": "Point", "coordinates": [ 138.957844, 37.232392 ] } },
{ "type": "Feature", "properties": { "ID": "155YAUNQ00006", "正式名称": "道元調剤薬局", "機関区分": 5, "都道府県コード": 15, "市区町村コード": 225, "所在地": "新潟県魚沼市田尻１６６番地１", "緯度": 37.262021, "経度": 138.972656, "url": "https://www.iryou.teikyouseido.mhlw.go.jp/znk-web/juminkanja/S2430/initialize?prefCd=15&kikanCd=YAUNQ00006&kikanKbn=5", "url2": null, "内容": "道元調剤薬局【5:薬局】新潟県魚沼市田尻１６６番地１" }, "geometry": { "type": "Point", "coordinates": [ 138.972656, 37.262021 ] } },
{ "type": "Feature", "properties": { "ID": "155YAUNQ00007", "正式名称": "こいで調剤薬局", "機関区分": 5, "都道府県コード": 15, "市区町村コード": 225, "所在地": "新潟県魚沼市小出島９４８－３", "緯度": 37.233434, "経度": 138.958199, "url": "https://www.iryou.teikyouseido.mhlw.go.jp/znk-web/juminkanja/S2430/initialize?prefCd=15&kikanCd=YAUNQ00007&kikanKbn=5", "url2": null, "内容": "こいで調剤薬局【5:薬局】新潟県魚沼市小出島９４８－３" }, "geometry": { "type": "Point", "coordinates": [ 138.958199, 37.233434 ] } },
{ "type": "Feature", "properties": { "ID": "155YAUNQ00008", "正式名称": "有限会社　ゆのたに薬局", "機関区分": 5, "都道府県コード": 15, "市区町村コード": 225, "所在地": "新潟県魚沼市井口新田４３９番地１６", "緯度": 37.232739, "経度": 138.965559, "url": "https://www.iryou.teikyouseido.mhlw.go.jp/znk-web/juminkanja/S2430/initialize?prefCd=15&kikanCd=YAUNQ00008&kikanKbn=5", "url2": null, "内容": "有限会社　ゆのたに薬局【5:薬局】新潟県魚沼市井口新田４３９番地１６" }, "geometry": { "type": "Point", "coordinates": [ 138.965559, 37.232739 ] } },
{ "type": "Feature", "properties": { "ID": "155YAUNQ00010", "正式名称": "ＡＬＰＨＡＳ薬局　堀之内駅前店", "機関区分": 5, "都道府県コード": 15, "市区町村コード": 225, "所在地": "新潟県魚沼市堀之内４０３６－２", "緯度": 37.239477, "経度": 138.928685, "url": "https://www.iryou.teikyouseido.mhlw.go.jp/znk-web/juminkanja/S2430/initialize?prefCd=15&kikanCd=YAUNQ00010&kikanKbn=5", "url2": "http://www.nmi-net.com", "内容": "ＡＬＰＨＡＳ薬局　堀之内駅前店【5:薬局】新潟県魚沼市堀之内４０３６－２" }, "geometry": { "type": "Point", "coordinates": [ 138.928685, 37.239477 ] } },
{ "type": "Feature", "properties": { "ID": "155YAUNQ00011", "正式名称": "共創未来　小出薬局", "機関区分": 5, "都道府県コード": 15, "市区町村コード": 225, "所在地": "新潟県魚沼市小出島１２５２－１", "緯度": 37.230719, "経度": 138.965871, "url": "https://www.iryou.teikyouseido.mhlw.go.jp/znk-web/juminkanja/S2430/initialize?prefCd=15&kikanCd=YAUNQ00011&kikanKbn=5", "url2": "http://www.phmirai.co.jp/", "内容": "共創未来　小出薬局【5:薬局】新潟県魚沼市小出島１２５２－１" }, "geometry": { "type": "Point", "coordinates": [ 138.965871, 37.230719 ] } },
{ "type": "Feature", "properties": { "ID": "155YAUNQ00013", "正式名称": "ウエルシア薬局新潟小出店", "機関区分": 5, "都道府県コード": 15, "市区町村コード": 225, "所在地": "新潟県魚沼市井口新田１００３ー６", "緯度": 37.229818, "経度": 138.967045, "url": "https://www.iryou.teikyouseido.mhlw.go.jp/znk-web/juminkanja/S2430/initialize?prefCd=15&kikanCd=YAUNQ00013&kikanKbn=5", "url2": "https://store.welcia.co.jp/welcia/spot/detail?code=95D", "内容": "ウエルシア薬局新潟小出店【5:薬局】新潟県魚沼市井口新田１００３ー６" }, "geometry": { "type": "Point", "coordinates": [ 138.967045, 37.229818 ] } },
{ "type": "Feature", "properties": { "ID": "155YAUNQ00014", "正式名称": "ファーマライズ薬局諏訪町店", "機関区分": 5, "都道府県コード": 15, "市区町村コード": 225, "所在地": "新潟県魚沼市諏訪町１－９", "緯度": 37.232765, "経度": 138.960156, "url": "https://www.iryou.teikyouseido.mhlw.go.jp/znk-web/juminkanja/S2430/initialize?prefCd=15&kikanCd=YAUNQ00014&kikanKbn=5", "url2": null, "内容": "ファーマライズ薬局諏訪町店【5:薬局】新潟県魚沼市諏訪町１－９" }, "geometry": { "type": "Point", "coordinates": [ 138.960156, 37.232765 ] } },
{ "type": "Feature", "properties": { "ID": "155YAUNQ00015", "正式名称": "いなほ調剤薬局", "機関区分": 5, "都道府県コード": 15, "市区町村コード": 225, "所在地": "新潟県魚沼市四日町５０番地１", "緯度": 37.236543, "経度": 138.960479, "url": "https://www.iryou.teikyouseido.mhlw.go.jp/znk-web/juminkanja/S2430/initialize?prefCd=15&kikanCd=YAUNQ00015&kikanKbn=5", "url2": "https://kyoueido.net/shop/3166/", "内容": "いなほ調剤薬局【5:薬局】新潟県魚沼市四日町５０番地１" }, "geometry": { "type": "Point", "coordinates": [ 138.960479, 37.236543 ] } },
{ "type": "Feature", "properties": { "ID": "155YAUNQ00016", "正式名称": "いなほ調剤薬局東店", "機関区分": 5, "都道府県コード": 15, "市区町村コード": 225, "所在地": "新潟県魚沼市四日町２１番地１", "緯度": 37.23768, "経度": 138.960944, "url": "https://www.iryou.teikyouseido.mhlw.go.jp/znk-web/juminkanja/S2430/initialize?prefCd=15&kikanCd=YAUNQ00016&kikanKbn=5", "url2": "https://kyoueido.net/shop/3170/", "内容": "いなほ調剤薬局東店【5:薬局】新潟県魚沼市四日町２１番地１" }, "geometry": { "type": "Point", "coordinates": [ 138.960944, 37.23768 ] } },
{ "type": "Feature", "properties": { "ID": "155YAUNQ00017", "正式名称": "守門薬局", "機関区分": 5, "都道府県コード": 15, "市区町村コード": 225, "所在地": "新潟県魚沼市須原９７６番地８", "緯度": 37.318151, "経度": 139.016991, "url": "https://www.iryou.teikyouseido.mhlw.go.jp/znk-web/juminkanja/S2430/initialize?prefCd=15&kikanCd=YAUNQ00017&kikanKbn=5", "url2": "http://www.kyoueido.net", "内容": "守門薬局【5:薬局】新潟県魚沼市須原９７６番地８" }, "geometry": { "type": "Point", "coordinates": [ 139.016991, 37.318151 ] } },
{ "type": "Feature", "properties": { "ID": "155YAUNQ00018", "正式名称": "共栄堂薬局うおぬま店", "機関区分": 5, "都道府県コード": 15, "市区町村コード": 225, "所在地": "新潟県魚沼市原虫野４３３番地７", "緯度": 37.213582, "経度": 138.963258, "url": "https://www.iryou.teikyouseido.mhlw.go.jp/znk-web/juminkanja/S2430/initialize?prefCd=15&kikanCd=YAUNQ00018&kikanKbn=5", "url2": "https://kyoueido.net/shop/4303/", "内容": "共栄堂薬局うおぬま店【5:薬局】新潟県魚沼市原虫野４３３番地７" }, "geometry": { "type": "Point", "coordinates": [ 138.963258, 37.213582 ] } },
{ "type": "Feature", "properties": { "ID": "155YAUNQ00019", "正式名称": "ウエルシア薬局新潟小出東店", "機関区分": 5, "都道府県コード": 15, "市区町村コード": 225, "所在地": "新潟県魚沼市井口新田８４０－１", "緯度": 37.228788, "経度": 138.972661, "url": "https://www.iryou.teikyouseido.mhlw.go.jp/znk-web/juminkanja/S2430/initialize?prefCd=15&kikanCd=YAUNQ00019&kikanKbn=5", "url2": "https://store.welcia.co.jp/welcia/spot/detail?code=175D", "内容": "ウエルシア薬局新潟小出東店【5:薬局】新潟県魚沼市井口新田８４０－１" }, "geometry": { "type": "Point", "coordinates": [ 138.972661, 37.228788 ] } },
{ "type": "Feature", "properties": { "ID": "155YAUNQ00020", "正式名称": "あんず調剤薬局", "機関区分": 5, "都道府県コード": 15, "市区町村コード": 225, "所在地": "新潟県魚沼市井口新田３２１番地６", "緯度": 37.233233, "経度": 138.963206, "url": "https://www.iryou.teikyouseido.mhlw.go.jp/znk-web/juminkanja/S2430/initialize?prefCd=15&kikanCd=YAUNQ00020&kikanKbn=5", "url2": "https://kyoueido.net/shop/3163/", "内容": "あんず調剤薬局【5:薬局】新潟県魚沼市井口新田３２１番地６" }, "geometry": { "type": "Point", "coordinates": [ 138.963206, 37.233233 ] } },
{ "type": "Feature", "properties": { "ID": "155YAUNQ00021", "正式名称": "エム・ケイ薬局うおぬま店", "機関区分": 5, "都道府県コード": 15, "市区町村コード": 225, "所在地": "新潟県魚沼市中原・８０－２", "緯度": 37.221537, "経度": 138.968055, "url": "https://www.iryou.teikyouseido.mhlw.go.jp/znk-web/juminkanja/S2430/initialize?prefCd=15&kikanCd=YAUNQ00021&kikanKbn=5", "url2": "https://www.mk-m.co.jp/uonuma.h", "内容": "エム・ケイ薬局うおぬま店【5:薬局】新潟県魚沼市中原・８０－２" }, "geometry": { "type": "Point", "coordinates": [ 138.968055, 37.221537 ] } }
]
}
